query_id,query_text,query_type,item_id,best_rank,engines,engine_ranks,run_ranks,file_path,file_name,relative_path,folder_path,thumbnail_url,format,width,height,mc_caption,ai_tags,image_type,scene_type,time_of_day,weather,caption_model,processing_status,processing_error,metadata_status,metadata_issue,suggested_relevance,suggested_label_source,suggested_label_version,reviewer_relevance,reviewer_id,review_notes,source_group,visual_group,diversity_note,caption_alignment,caption_alignment_reviewer_id
bg-complex-q0001,기절용사와 암살공주 #08/bg에서 밤하늘과 달이 함께 보이고 성이나 마을 조명이 있는 배경,complex,58570,1,mv,"{""mv"": 1}","{""background_complex_v2_20260506:mv"": 1}",webdav://13730b09/예비/작품2/대마도학원35시험 소대/BG/TM#05_146.psd,58570_TM#05_146.psd,예비/작품2/대마도학원35시험 소대/BG/TM#05_146.psd,BG,/Users/saintiron/Projects/Imagine/thumbnails/58570_TM#05_146_thumb.png,psd,1979,1392,"Night scene with brick wall, trees, power lines, and streetlight under cloudy sky.","[""night"", ""brick wall"", ""trees"", ""power lines"", ""streetlight"", ""clouds"", ""sky""]",background,,,,Qwen/Qwen3.5-9B,,,ok,,,,,1,manual_review,,BG,visual:bg-complex-q0001:58570,diverse_rank=1; source_count=3; visual_group=visual:bg-complex-q0001:58570,2,manual_review
bg-complex-q0001,기절용사와 암살공주 #08/bg에서 밤하늘과 달이 함께 보이고 성이나 마을 조명이 있는 배경,complex,58067,2,mv,"{""mv"": 2}","{""background_complex_v2_20260506:mv"": 2}",webdav://13730b09/예비/작품2/대마도학원35시험 소대/제작회사BG/#2/TM#02_334.psd,58067_TM#02_334.psd,예비/작품2/대마도학원35시험 소대/제작회사BG/#2/TM#02_334.psd,#2,/Users/saintiron/Projects/Imagine/thumbnails/58067_TM#02_334_thumb.png,psd,1674,1182,"Night scene with water, trees, and street lamps under a dark sky.","[""water"", ""trees"", ""street lamps"", ""night"", ""dark sky""]",background,,,,Qwen/Qwen3.5-9B,,,ok,,,,,1,manual_review,,#2,visual:bg-complex-q0001:58067,diverse_rank=5; source_count=3; visual_group=visual:bg-complex-q0001:58067,2,manual_review
bg-complex-q0001,기절용사와 암살공주 #08/bg에서 밤하늘과 달이 함께 보이고 성이나 마을 조명이 있는 배경,complex,58105,9,mv,"{""mv"": 9}","{""background_complex_v2_20260506:mv"": 9}",webdav://13730b09/예비/작품2/대마도학원35시험 소대/제작회사BG/#1/TM#01_013.psd,58105_TM#01_013.psd,예비/작품2/대마도학원35시험 소대/제작회사BG/#1/TM#01_013.psd,#1,/Users/saintiron/Projects/Imagine/thumbnails/58105_TM#01_013_thumb.png,psd,2325,1647,Night sky with clouds and stars above a building corner.,"[""night sky"", ""clouds"", ""stars"", ""building"", ""window"", ""balcony"", ""dark blue""]",background,,,,Qwen/Qwen3.5-9B,,,ok,,,,,1,manual_review,,#1,visual:bg-complex-q0001:58105,diverse_rank=2; source_count=1; visual_group=visual:bg-complex-q0001:58105,2,manual_review
bg-complex-q0001,기절용사와 암살공주 #08/bg에서 밤하늘과 달이 함께 보이고 성이나 마을 조명이 있는 배경,complex,57435,10,mv,"{""mv"": 10}","{""background_complex_v2_20260506:mv"": 10}",webdav://13730b09/예비/작품2/대마도학원35시험 소대/제작회사BG/건물/TM#02_354.psd,57435_TM#02_354.psd,예비/작품2/대마도학원35시험 소대/제작회사BG/건물/TM#02_354.psd,건물,/Users/saintiron/Projects/Imagine/thumbnails/57435_TM#02_354_thumb.png,psd,2325,1642,Nighttime cityscape with illuminated buildings and dark sky,"[""cityscape"", ""night"", ""buildings"", ""lights"", ""sky"", ""urban"", ""darkness"", ""windows""]",background,,,,Qwen/Qwen3.5-9B,,,ok,,,,,1,manual_review,,건물,visual:bg-complex-q0001:57435,diverse_rank=6; source_count=3; visual_group=visual:bg-complex-q0001:57435,2,manual_review
bg-complex-q0001,기절용사와 암살공주 #08/bg에서 밤하늘과 달이 함께 보이고 성이나 마을 조명이 있는 배경,complex,58077,11,mv,"{""mv"": 11}","{""background_complex_v2_20260506:mv"": 11}",webdav://13730b09/예비/작품2/대마도학원35시험 소대/제작회사BG/#2/TM#02_345.psd,58077_TM#02_345.psd,예비/작품2/대마도학원35시험 소대/제작회사BG/#2/TM#02_345.psd,#2,/Users/saintiron/Projects/Imagine/thumbnails/58077_TM#02_345_thumb.png,psd,1681,1186,"A dark, moody night scene with trees, streetlamps, and a fence under a cloudy sky.","[""night"", ""streetlamps"", ""trees"", ""fence"", ""clouds"", ""pavement"", ""dark"", ""moody""]",background,,,,Qwen/Qwen3.5-9B,,,ok,,,,,1,manual_review,,#2,visual:bg-complex-q0001:58077,diverse_rank=3; source_count=3; visual_group=visual:bg-complex-q0001:58077,2,manual_review
bg-complex-q0001,기절용사와 암살공주 #08/bg에서 밤하늘과 달이 함께 보이고 성이나 마을 조명이 있는 배경,complex,60043,12,mv,"{""mv"": 12}","{""background_complex_v2_20260506:mv"": 12}",webdav://13730b09/예비/마법과고교의 우등생/#13/BG/mky13_083.psd,60043_mky13_083.psd,예비/마법과고교의 우등생/#13/BG/mky13_083.psd,BG,/Users/saintiron/Projects/Imagine/thumbnails/60043_mky13_083_thumb.png,psd,1854,1292,"Night sky with stars, clouds, and a shooting star over blue buildings.","[""night sky"", ""stars"", ""clouds"", ""shooting star"", ""blue buildings"", ""architecture"", ""nighttime"", ""space""]",background,,,,Qwen/Qwen3.5-9B,,,ok,,,,,1,manual_review,,BG,visual:bg-complex-q0001:60043,diverse_rank=7; source_count=3; visual_group=visual:bg-complex-q0001:60043,2,manual_review
bg-complex-q0001,기절용사와 암살공주 #08/bg에서 밤하늘과 달이 함께 보이고 성이나 마을 조명이 있는 배경,complex,57384,15,vv,"{""vv"": 15}","{""background_complex_v2_20260506:vv"": 15}",webdav://13730b09/예비/작품2/대마도학원35시험 소대/제작회사BG/건물/TM#01_101_235.psd,57384_TM#01_101_235.psd,예비/작품2/대마도학원35시험 소대/제작회사BG/건물/TM#01_101_235.psd,건물,/Users/saintiron/Projects/Imagine/thumbnails/57384_TM#01_101_235_thumb.png,psd,2838,2131,A moonlit urban alleyway under an overpass with buildings and railings.,"[""moon"", ""overpass"", ""building"", ""streetlight"", ""railings"", ""night"", ""concrete""]",illustration,,,,Qwen/Qwen3.5-9B,,,ok,,,,,2,manual_review,,건물,visual:bg-complex-q0001:57384,diverse_rank=10; source_count=3; visual_group=visual:bg-complex-q0001:57384,,
bg-complex-q0001,기절용사와 암살공주 #08/bg에서 밤하늘과 달이 함께 보이고 성이나 마을 조명이 있는 배경,complex,60009,32,mv,"{""mv"": 32}","{""background_complex_v2_20260506:mv"": 32}",webdav://13730b09/예비/마법과고교의 우등생/#13/BG/mky13_162.psd,60009_mky13_162.psd,예비/마법과고교의 우등생/#13/BG/mky13_162.psd,BG,/Users/saintiron/Projects/Imagine/thumbnails/60009_mky13_162_thumb.png,psd,1846,1286,"Night sky with clouds, stars, moon, and two distant objects.","[""night sky"", ""clouds"", ""stars"", ""moon"", ""spacecraft""]",background,,,,Qwen/Qwen3.5-9B,,,ok,,,,,2,manual_review,,BG,visual:bg-complex-q0001:60009,diverse_rank=4; source_count=3; visual_group=visual:bg-complex-q0001:60009,2,manual_review
bg-complex-q0001,기절용사와 암살공주 #08/bg에서 밤하늘과 달이 함께 보이고 성이나 마을 조명이 있는 배경,complex,57387,33,vv,"{""vv"": 33}","{""background_complex_v2_20260506:vv"": 33}",webdav://13730b09/예비/작품2/대마도학원35시험 소대/제작회사BG/건물/TM#01_104.psd,57387_TM#01_104.psd,예비/작품2/대마도학원35시험 소대/제작회사BG/건물/TM#01_104.psd,건물,/Users/saintiron/Projects/Imagine/thumbnails/57387_TM#01_104_thumb.png,psd,1668,1468,Nighttime cityscape with illuminated buildings and streetlamp under cloudy sky,"[""cityscape"", ""night"", ""buildings"", ""streetlamp"", ""clouds"", ""urban"", ""windows"", ""sky""]",illustration,,,,Qwen/Qwen3.5-9B,,,ok,,,,,1,manual_review,,건물,visual:bg-complex-q0001:57387,diverse_rank=8; source_count=3; visual_group=visual:bg-complex-q0001:57387,,
bg-complex-q0001,기절용사와 암살공주 #08/bg에서 밤하늘과 달이 함께 보이고 성이나 마을 조명이 있는 배경,complex,58101,33,mv,"{""mv"": 33}","{""background_complex_v2_20260506:mv"": 33}",webdav://13730b09/예비/작품2/대마도학원35시험 소대/제작회사BG/#2/TM#02_370.psd,58101_TM#02_370.psd,예비/작품2/대마도학원35시험 소대/제작회사BG/#2/TM#02_370.psd,#2,/Users/saintiron/Projects/Imagine/thumbnails/58101_TM#02_370_thumb.png,psd,1668,1190,Dark cityscape with illuminated skyscrapers under a cloudy night sky.,"[""cityscape"", ""skyscrapers"", ""night"", ""lights"", ""clouds""]",background,,,,Qwen/Qwen3.5-9B,,,ok,,,,,,,,#2,visual:bg-complex-q0001:58101,diverse_rank=9; source_count=3; visual_group=visual:bg-complex-q0001:58101,,
bg-complex-q0002,로네느의집 거실에서 창문과 책장이 함께 보이고 생활감 있는 실내 가구가 배치된 배경,complex,57352,1,fts,"{""fts"": 1}","{""background_complex_v2_20260506:fts"": 1}",webdav://13730b09/예비/작품2/대마도학원35시험 소대/택처/창문.psd,57352_창문.psd,예비/작품2/대마도학원35시험 소대/택처/창문.psd,택처,/Users/saintiron/Projects/Imagine/thumbnails/57352_창문_thumb.png,psd,1701,1701,A four-pane window frame with a modern design.,"[""window"", ""frame"", ""pane"", ""modern"", ""gray"", ""rectangular"", ""interior""]",item,,,,Qwen/Qwen3.5-9B,,,ok,,,,,,,,택처,visual:bg-complex-q0002:57352,diverse_rank=1; source_count=1; visual_group=visual:bg-complex-q0002:57352,,
bg-complex-q0002,로네느의집 거실에서 창문과 책장이 함께 보이고 생활감 있는 실내 가구가 배치된 배경,complex,58180,1,mv,"{""mv"": 1}","{""background_complex_v2_20260506:mv"": 1}",webdav://13730b09/예비/작품2/대마도학원35시험 소대/제작회사BG/#1/TM#01_088.psd,58180_TM#01_088.psd,예비/작품2/대마도학원35시험 소대/제작회사BG/#1/TM#01_088.psd,#1,/Users/saintiron/Projects/Imagine/thumbnails/58180_TM#01_088_thumb.png,psd,1667,1194,"A room corner with a bookshelf, window, and wooden furniture.","[""bookshelf"", ""window"", ""wall"", ""furniture"", ""plant"", ""bed"", ""shelves"", ""indoor""]",background,,,,Qwen/Qwen3.5-9B,,,ok,,,,,,,,#1,visual:bg-complex-q0002:58180,diverse_rank=5; source_count=3; visual_group=visual:bg-complex-q0002:58180,,
bg-complex-q0002,로네느의집 거실에서 창문과 책장이 함께 보이고 생활감 있는 실내 가구가 배치된 배경,complex,58409,2,fts,"{""fts"": 2}","{""background_complex_v2_20260506:fts"": 2}",webdav://13730b09/예비/작품2/대마도학원35시험 소대/설정/사이온지 집 실내.jpg,58409_사이온지 집 실내.jpg,예비/작품2/대마도학원35시험 소대/설정/사이온지 집 실내.jpg,설정,/Users/saintiron/Projects/Imagine/thumbnails/58409_사이온지 집 실내_thumb.png,jpg,2866,2024,"Line art of a formal office interior with desk, fireplace, and windows","[""desk"", ""fireplace"", ""windows"", ""curtains"", ""character"", ""plant""]",illustration,,,,Qwen/Qwen3.5-9B,,,ok,,,,,,,,설정,visual:bg-complex-q0002:58409,diverse_rank=8; source_count=1; visual_group=visual:bg-complex-q0002:58409,,
bg-complex-q0002,로네느의집 거실에서 창문과 책장이 함께 보이고 생활감 있는 실내 가구가 배치된 배경,complex,31472,6,"mv,vv","{""mv"": 12, ""vv"": 6}","{""background_complex_v2_20260506:mv"": 12, ""background_complex_v2_20260506:vv"": 6}",/Users/saintiron/imageDB/마캬베리즈무/실내소품/MM15_007.psd,MM15_007.psd,MM15_007.psd,실내소품,/Users/saintiron/Projects/Imagine/thumbnails/MM15_007_thumb.png,psd,2254,2059,"A cozy corner with wooden shelves, plants, and framed photos near a bright window.","[""shelves"", ""plants"", ""framed photos"", ""window"", ""wooden wall"", ""natural light"", ""indoor scene"", ""decor""]",background,,,,Qwen/Qwen3.5-9B,vision_done,,ok,,,,,,,,실내소품,visual:bg-complex-q0002:31472,diverse_rank=2; source_count=3; visual_group=visual:bg-complex-q0002:31472,,
bg-complex-q0002,로네느의집 거실에서 창문과 책장이 함께 보이고 생활감 있는 실내 가구가 배치된 배경,complex,58294,7,"mv,vv","{""mv"": 7, ""vv"": 39}","{""background_complex_v2_20260506:mv"": 7, ""background_complex_v2_20260506:vv"": 39}",webdav://13730b09/예비/작품2/대마도학원35시험 소대/제작회사BG/#1/TM#01_240.psd,58294_TM#01_240.psd,예비/작품2/대마도학원35시험 소대/제작회사BG/#1/TM#01_240.psd,#1,/Users/saintiron/Projects/Imagine/thumbnails/58294_TM#01_240_thumb.png,psd,1678,1187,"Interior scene with windows, walls, and furniture in soft tones.","[""windows"", ""walls"", ""furniture"", ""plant"", ""books"", ""curtain"", ""pillow"", ""indoor""]",illustration,,,,Qwen/Qwen3.5-9B,,,ok,,,,,,,,#1,visual:bg-complex-q0002:58294,diverse_rank=6; source_count=3; visual_group=visual:bg-complex-q0002:58294,,
bg-complex-q0002,로네느의집 거실에서 창문과 책장이 함께 보이고 생활감 있는 실내 가구가 배치된 배경,complex,31516,11,mv,"{""mv"": 11}","{""background_complex_v2_20260506:mv"": 11}",/Users/saintiron/imageDB/마캬베리즈무/실내소품/pf46_011.psd,pf46_011.psd,pf46_011.psd,실내소품,/Users/saintiron/Projects/Imagine/thumbnails/pf46_011_thumb.png,psd,1654,1145,"A dimly lit room with a green sofa, open door, and staircase.","[""sofa"", ""door"", ""staircase"", ""window"", ""rug"", ""table"", ""books"", ""wall""]",background,,,,Qwen/Qwen3.5-9B,vision_done,,ok,,,,,,,,실내소품,visual:bg-complex-q0002:31516,diverse_rank=3; source_count=3; visual_group=visual:bg-complex-q0002:31516,,
bg-complex-q0002,로네느의집 거실에서 창문과 책장이 함께 보이고 생활감 있는 실내 가구가 배치된 배경,complex,58106,13,"mv,vv","{""mv"": 13, ""vv"": 37}","{""background_complex_v2_20260506:mv"": 13, ""background_complex_v2_20260506:vv"": 37}",webdav://13730b09/예비/작품2/대마도학원35시험 소대/제작회사BG/#1/TM#01_015.psd,58106_TM#01_015.psd,예비/작품2/대마도학원35시험 소대/제작회사BG/#1/TM#01_015.psd,#1,/Users/saintiron/Projects/Imagine/thumbnails/58106_TM#01_015_thumb.png,psd,1678,1182,"Interior scene with staircase, bookshelf, and plain wall.","[""staircase"", ""bookshelf"", ""books"", ""wall"", ""interior"", ""railing"", ""baluster""]",background,,,,Qwen/Qwen3.5-9B,,,ok,,,,,,,,#1,visual:bg-complex-q0002:58106,diverse_rank=7; source_count=3; visual_group=visual:bg-complex-q0002:58106,,
bg-complex-q0002,로네느의집 거실에서 창문과 책장이 함께 보이고 생활감 있는 실내 가구가 배치된 배경,complex,58475,16,mv,"{""mv"": 16}","{""background_complex_v2_20260506:mv"": 16}",webdav://13730b09/예비/작품2/대마도학원35시험 소대/보도/사이온지 집 실내.psd,58475_사이온지 집 실내.psd,예비/작품2/대마도학원35시험 소대/보도/사이온지 집 실내.psd,보도,/Users/saintiron/Projects/Imagine/thumbnails/58475_사이온지 집 실내_thumb.png,psd,2778,2024,"A detailed anime-style interior of a formal room with wooden furniture, windows, and decorative elements.","[""office"", ""desk"", ""bookshelf"", ""windows"", ""painting"", ""plant"", ""fireplace"", ""door""]",background,,,,Qwen/Qwen3.5-9B,,,ok,,,,,,,,보도,visual:bg-complex-q0002:58475,diverse_rank=9; source_count=1; visual_group=visual:bg-complex-q0002:58475,,
bg-complex-q0002,로네느의집 거실에서 창문과 책장이 함께 보이고 생활감 있는 실내 가구가 배치된 배경,complex,31440,21,mv,"{""mv"": 21}","{""background_complex_v2_20260506:mv"": 21}",/Users/saintiron/imageDB/마캬베리즈무/실내소품/living.psd,living.psd,living.psd,실내소품,/Users/saintiron/Projects/Imagine/thumbnails/living_thumb.png,psd,4133,2952,"A cozy living room with wooden walls, black sofa, and TV.","[""living room"", ""sofa"", ""coffee table"", ""TV"", ""wooden floor"", ""window"", ""curtains"", ""wall art""]",background,,,,Qwen/Qwen3.5-9B,vision_done,,ok,,,,,,,,실내소품,visual:bg-complex-q0002:31440,diverse_rank=4; source_count=3; visual_group=visual:bg-complex-q0002:31440,,
bg-complex-q0002,로네느의집 거실에서 창문과 책장이 함께 보이고 생활감 있는 실내 가구가 배치된 배경,complex,57696,42,mv,"{""mv"": 42}","{""background_complex_v2_20260506:mv"": 42}",webdav://13730b09/예비/작품2/대마도학원35시험 소대/제작회사BG/#3/AT03_144.psd,57696_AT03_144.psd,예비/작품2/대마도학원35시험 소대/제작회사BG/#3/AT03_144.psd,#3,/Users/saintiron/Projects/Imagine/thumbnails/57696_AT03_144_thumb.png,psd,1683,1162,"A room with shelves, drawers, and a draped fabric on the wall.","[""shelves"", ""drawers"", ""fabric"", ""wall"", ""interior"", ""storage"", ""animation"", ""background""]",background,,,,Qwen/Qwen3.5-9B,,,ok,,,,,,,,#3,visual:bg-complex-q0002:57696,diverse_rank=10; source_count=1; visual_group=visual:bg-complex-q0002:57696,,
bg-complex-q0003,홍콩사무실에서 큰 창문 너머 도시 전망이 보이고 소파나 라운지 좌석이 있는 실내 배경,complex,31237,1,"mv,triaxis,vv","{""mv"": 12, ""triaxis"": 3, ""vv"": 1}","{""background_complex_v2_20260506:mv"": 12, ""background_complex_v2_20260506:triaxis"": 3, ""background_complex_v2_20260506:vv"": 1}",/Users/saintiron/imageDB/마캬베리즈무/실내소품/apart-inside-2.psd,apart-inside-2.psd,apart-inside-2.psd,실내소품,/Users/saintiron/Projects/Imagine/thumbnails/apart-inside-2_thumb.png,psd,1578,1142,"A living room with a sectional sofa, coffee table, and large window.","[""sofa"", ""coffee table"", ""window"", ""curtains"", ""plant"", ""floor"", ""building"", ""wall""]",background,,,,Qwen/Qwen3.5-9B,vision_done,,ok,,,,,,,,실내소품,visual:bg-complex-q0003:31237,diverse_rank=1; source_count=3; visual_group=visual:bg-complex-q0003:31237,,
bg-complex-q0003,홍콩사무실에서 큰 창문 너머 도시 전망이 보이고 소파나 라운지 좌석이 있는 실내 배경,complex,31433,1,"mv,triaxis,vv","{""mv"": 8, ""triaxis"": 1, ""vv"": 45}","{""background_complex_v2_20260506:mv"": 8, ""background_complex_v2_20260506:triaxis"": 1, ""background_complex_v2_20260506:vv"": 45}",/Users/saintiron/imageDB/마캬베리즈무/실내소품/LCCBG005AA_R - 복사본.psd,LCCBG005AA_R - 복사본.psd,LCCBG005AA_R - 복사본.psd,실내소품,/Users/saintiron/Projects/Imagine/thumbnails/LCCBG005AA_R - 복사본_thumb.png,psd,2338,1653,"Modern living room with city view, sofa, TV, and armchairs","[""living room"", ""sofa"", ""armchairs"", ""coffee table"", ""TV"", ""windows"", ""curtains"", ""cityscape""]",background,,,,Qwen/Qwen3.5-9B,vision_done,,ok,,,,,,,,실내소품,visual:bg-complex-q0003:31433,diverse_rank=5; source_count=3; visual_group=visual:bg-complex-q0003:31433,,
bg-complex-q0003,홍콩사무실에서 큰 창문 너머 도시 전망이 보이고 소파나 라운지 좌석이 있는 실내 배경,complex,57352,1,fts,"{""fts"": 1}","{""background_complex_v2_20260506:fts"": 1}",webdav://13730b09/예비/작품2/대마도학원35시험 소대/택처/창문.psd,57352_창문.psd,예비/작품2/대마도학원35시험 소대/택처/창문.psd,택처,/Users/saintiron/Projects/Imagine/thumbnails/57352_창문_thumb.png,psd,1701,1701,A four-pane window frame with a modern design.,"[""window"", ""frame"", ""pane"", ""modern"", ""gray"", ""rectangular"", ""interior""]",item,,,,Qwen/Qwen3.5-9B,,,ok,,,,,,,,택처,visual:bg-complex-q0003:57352,diverse_rank=8; source_count=1; visual_group=visual:bg-complex-q0003:57352,,
bg-complex-q0003,홍콩사무실에서 큰 창문 너머 도시 전망이 보이고 소파나 라운지 좌석이 있는 실내 배경,complex,58479,6,"mv,triaxis","{""mv"": 7, ""triaxis"": 6}","{""background_complex_v2_20260506:mv"": 7, ""background_complex_v2_20260506:triaxis"": 6}",webdav://13730b09/예비/작품2/대마도학원35시험 소대/보도/아르케미스트 본사 사장실 어두운석양.psd,58479_아르케미스트 본사 사장실 어두운석양.psd,예비/작품2/대마도학원35시험 소대/보도/아르케미스트 본사 사장실 어두운석양.psd,보도,/Users/saintiron/Projects/Imagine/thumbnails/58479_아르케미스트 본사 사장실 어두운석양_thumb.png,psd,2674,1994,Sunset view of a modern office with large windows and leather furniture,"[""office"", ""leather sofa"", ""windows"", ""sunset"", ""plants"", ""modern interior"", ""desk"", ""wall shelves""]",background,,,,Qwen/Qwen3.5-9B,,,ok,,,,,,,,보도,visual:bg-complex-q0003:58479,diverse_rank=2; source_count=2; visual_group=visual:bg-complex-q0003:58479,,
bg-complex-q0003,홍콩사무실에서 큰 창문 너머 도시 전망이 보이고 소파나 라운지 좌석이 있는 실내 배경,complex,57824,7,"mv,vv","{""mv"": 18, ""vv"": 7}","{""background_complex_v2_20260506:mv"": 18, ""background_complex_v2_20260506:vv"": 7}",webdav://13730b09/예비/작품2/대마도학원35시험 소대/제작회사BG/#2/TM#02_028.psd,57824_TM#02_028.psd,예비/작품2/대마도학원35시험 소대/제작회사BG/#2/TM#02_028.psd,#2,/Users/saintiron/Projects/Imagine/thumbnails/57824_TM#02_028_thumb.png,psd,1979,1176,Dark office interior seen through vertical window bars at night.,"[""office"", ""window"", ""night"", ""bars"", ""interior"", ""darkness"", ""building""]",illustration,,,,Qwen/Qwen3.5-9B,,,ok,,,,,,,,#2,visual:bg-complex-q0003:57824,diverse_rank=6; source_count=2; visual_group=visual:bg-complex-q0003:57824,,
bg-complex-q0003,홍콩사무실에서 큰 창문 너머 도시 전망이 보이고 소파나 라운지 좌석이 있는 실내 배경,complex,56777,8,vv,"{""vv"": 8}","{""background_complex_v2_20260506:vv"": 8}",webdav://13730b09/발송/외주 회사/빔 studio/메탈#07/bg/MR07_056_BG_수정.psd,56777_MR07_056_BG_수정.psd,발송/외주 회사/빔 studio/메탈#07/bg/MR07_056_BG_수정.psd,bg,/Users/saintiron/Projects/Imagine/thumbnails/56777_MR07_056_BG_수정_thumb.png,psd,1847,1315,A translucent figure sits on a dark tufted sofa in a modern room.,"[""sofa"", ""figure"", ""translucent"", ""modern interior"", ""blue tones""]",illustration,,,,Qwen/Qwen3.5-9B,,,ok,,,,,,,,bg,visual:bg-complex-q0003:56777,diverse_rank=10; source_count=2; visual_group=visual:bg-complex-q0003:56777,,
bg-complex-q0003,홍콩사무실에서 큰 창문 너머 도시 전망이 보이고 소파나 라운지 좌석이 있는 실내 배경,complex,31126,11,"mv,triaxis","{""mv"": 42, ""triaxis"": 11}","{""background_complex_v2_20260506:mv"": 42, ""background_complex_v2_20260506:triaxis"": 11}",/Users/saintiron/imageDB/마캬베리즈무/실내소품/081_R.psd,081_R.psd,081_R.psd,실내소품,/Users/saintiron/Projects/Imagine/thumbnails/081_R_thumb.png,psd,2870,2027,Modern observation room with large windows and city view,"[""observation room"", ""windows"", ""cityscape"", ""bench"", ""curved architecture"", ""sky"", ""indoor"", ""modern""]",background,,,,Qwen/Qwen3.5-9B,vision_done,,ok,,,,,,,,실내소품,visual:bg-complex-q0003:28709,diverse_rank=3; source_count=3; visual_group=visual:bg-complex-q0003:28709,,
bg-complex-q0003,홍콩사무실에서 큰 창문 너머 도시 전망이 보이고 소파나 라운지 좌석이 있는 실내 배경,complex,58143,11,"mv,triaxis","{""mv"": 11, ""triaxis"": 17}","{""background_complex_v2_20260506:mv"": 11, ""background_complex_v2_20260506:triaxis"": 17}",webdav://13730b09/예비/작품2/대마도학원35시험 소대/제작회사BG/#1/TM#01_062.psd,58143_TM#01_062.psd,예비/작품2/대마도학원35시험 소대/제작회사BG/#1/TM#01_062.psd,#1,/Users/saintiron/Projects/Imagine/thumbnails/58143_TM#01_062_thumb.png,psd,2682,1648,"A grand room with large windows, blue curtains, and a desk.","[""windows"", ""curtains"", ""desk"", ""columns"", ""sofa"", ""lamp"", ""rug"", ""wall""]",background,,,,Qwen/Qwen3.5-9B,,,ok,,,,,,,,#1,visual:bg-complex-q0003:58143,diverse_rank=7; source_count=3; visual_group=visual:bg-complex-q0003:58143,,
bg-complex-q0003,홍콩사무실에서 큰 창문 너머 도시 전망이 보이고 소파나 라운지 좌석이 있는 실내 배경,complex,58206,13,"mv,triaxis,vv","{""mv"": 13, ""triaxis"": 18, ""vv"": 40}","{""background_complex_v2_20260506:mv"": 13, ""background_complex_v2_20260506:triaxis"": 18, ""background_complex_v2_20260506:vv"": 40}",webdav://13730b09/예비/작품2/대마도학원35시험 소대/제작회사BG/#1/TM#01_137.psd,58206_TM#01_137.psd,예비/작품2/대마도학원35시험 소대/제작회사BG/#1/TM#01_137.psd,#1,/Users/saintiron/Projects/Imagine/thumbnails/58206_TM#01_137_thumb.png,psd,1682,1179,Dark room with patterned wallpaper and glowing blue city lights through window,"[""wallpaper"", ""window"", ""city lights"", ""interior"", ""night"", ""urban"", ""dark""]",background,,,,Qwen/Qwen3.5-9B,,,ok,,,,,,,,#1,visual:bg-complex-q0003:58206,diverse_rank=12; source_count=3; visual_group=visual:bg-complex-q0003:58206,,
bg-complex-q0003,홍콩사무실에서 큰 창문 너머 도시 전망이 보이고 소파나 라운지 좌석이 있는 실내 배경,complex,58487,14,"mv,triaxis","{""mv"": 14, ""triaxis"": 42}","{""background_complex_v2_20260506:mv"": 14, ""background_complex_v2_20260506:triaxis"": 42}",webdav://13730b09/예비/작품2/대마도학원35시험 소대/보도/아르케미스트 제5연구소 타워내 레벨6최상층 낮.psd,58487_아르케미스트 제5연구소 타워내 레벨6최상층 낮.psd,예비/작품2/대마도학원35시험 소대/보도/아르케미스트 제5연구소 타워내 레벨6최상층 낮.psd,보도,/Users/saintiron/Projects/Imagine/thumbnails/58487_아르케미스트 제5연구소 타워내 레벨6최상층 낮_thumb.png,psd,2609,1980,Modern laboratory interior with large windows showing a bright sky and red energy column.,"[""laboratory"", ""tower"", ""windows"", ""energy"", ""futuristic"", ""interior""]",background,,,,Qwen/Qwen3.5-9B,,,ok,,,,,,,,보도,visual:bg-complex-q0003:58487,diverse_rank=14; source_count=2; visual_group=visual:bg-complex-q0003:58487,,
bg-complex-q0003,홍콩사무실에서 큰 창문 너머 도시 전망이 보이고 소파나 라운지 좌석이 있는 실내 배경,complex,58099,21,"mv,triaxis","{""mv"": 34, ""triaxis"": 21}","{""background_complex_v2_20260506:mv"": 34, ""background_complex_v2_20260506:triaxis"": 21}",webdav://13730b09/예비/작품2/대마도학원35시험 소대/제작회사BG/#2/TM#02_368.psd,58099_TM#02_368.psd,예비/작품2/대마도학원35시험 소대/제작회사BG/#2/TM#02_368.psd,#2,/Users/saintiron/Projects/Imagine/thumbnails/58099_TM#02_368_thumb.png,psd,1678,1190,Nighttime cityscape with illuminated skyscrapers viewed through a window frame.,"[""cityscape"", ""night"", ""skyscrapers"", ""windows"", ""urban"", ""darkness"", ""lights""]",background,,,,Qwen/Qwen3.5-9B,,,ok,,,,,,,,#2,visual:bg-complex-q0003:58099,diverse_rank=4; source_count=2; visual_group=visual:bg-complex-q0003:58099,,
bg-complex-q0003,홍콩사무실에서 큰 창문 너머 도시 전망이 보이고 소파나 라운지 좌석이 있는 실내 배경,complex,56869,22,fts,"{""fts"": 22}","{""background_complex_v2_20260506:fts"": 22}",webdav://13730b09/발송/외주 회사/빔 studio/귀인환등초/0313-re/KGS_01_352_R.psd,56869_KGS_01_352_R.psd,발송/외주 회사/빔 studio/귀인환등초/0313-re/KGS_01_352_R.psd,0313-re,/Users/saintiron/Projects/Imagine/thumbnails/56869_KGS_01_352_R_thumb.png,psd,2339,1653,A dimly lit room with traditional Japanese architecture and furniture.,"[""Japanese architecture"", ""Sliding doors"", ""Lantern"", ""Cabinet"", ""Sword"", ""Wall"", ""Light fixture""]",background,,,,Qwen/Qwen3.5-9B,,,ok,,,,,,,,0313-re,visual:bg-complex-q0003:57438,diverse_rank=9; source_count=1; visual_group=visual:bg-complex-q0003:57438,,
bg-complex-q0003,홍콩사무실에서 큰 창문 너머 도시 전망이 보이고 소파나 라운지 좌석이 있는 실내 배경,complex,58171,22,mv,"{""mv"": 22}","{""background_complex_v2_20260506:mv"": 22}",webdav://13730b09/예비/작품2/대마도학원35시험 소대/제작회사BG/#1/TM#01_144.psd,58171_TM#01_144.psd,예비/작품2/대마도학원35시험 소대/제작회사BG/#1/TM#01_144.psd,#1,/Users/saintiron/Projects/Imagine/thumbnails/58171_TM#01_144_thumb.png,psd,1668,1187,"Dark bar interior with wooden floor, broken glass, and city view through blinds.","[""bar"", ""wooden floor"", ""broken glass"", ""cityscape"", ""blinds"", ""shelves"", ""night"", ""empty room""]",background,,,,Qwen/Qwen3.5-9B,,,ok,,,,,,,,#1,visual:bg-complex-q0003:58171,diverse_rank=11; source_count=3; visual_group=visual:bg-complex-q0003:58171,,
bg-complex-q0003,홍콩사무실에서 큰 창문 너머 도시 전망이 보이고 소파나 라운지 좌석이 있는 실내 배경,complex,56699,23,fts,"{""fts"": 23}","{""background_complex_v2_20260506:fts"": 23}",webdav://13730b09/발송/외주 회사/빔 studio/산다/bg/SAN_09_022_BG.psd,56699_SAN_09_022_BG.psd,발송/외주 회사/빔 studio/산다/bg/SAN_09_022_BG.psd,bg,/Users/saintiron/Projects/Imagine/thumbnails/56699_SAN_09_022_BG_thumb.png,psd,2105,1488,Sunlit Japanese room with tatami mats and translucent ghostly figures.,"[""tatami"", ""shoji"", ""bonsai"", ""ghosts"", ""folded screen"", ""wooden beams"", ""anime"", ""warm light""]",illustration,,,,Qwen/Qwen3.5-9B,,,ok,,,,,,,,bg,visual:bg-complex-q0003:56699,diverse_rank=13; source_count=2; visual_group=visual:bg-complex-q0003:56699,,
bg-complex-q0004,종말투어링 #07/bg에서 교량 구조와 넓은 하늘이 함께 보이고 강이나 도로가 이어지는 야외 배경,complex,58498,15,mv,"{""mv"": 15}","{""background_complex_v2_20260506:mv"": 15}",webdav://13730b09/예비/작품2/대마도학원35시험 소대/보도/타케루의 집 외관 어두운석양.psd,58498_타케루의 집 외관 어두운석양.psd,예비/작품2/대마도학원35시험 소대/보도/타케루의 집 외관 어두운석양.psd,보도,/Users/saintiron/Projects/Imagine/thumbnails/58498_타케루의 집 외관 어두운석양_thumb.png,psd,2770,1955,Sunset view of a traditional Japanese house with modern buildings in the background.,"[""Japanese house"", ""modern buildings"", ""sunset"", ""street"", ""power lines"", ""trees"", ""fences"", ""road""]",illustration,,,,Qwen/Qwen3.5-9B,,,ok,,,,,,,,보도,visual:bg-complex-q0004:58498,diverse_rank=1; source_count=3; visual_group=visual:bg-complex-q0004:58498,,
bg-complex-q0004,종말투어링 #07/bg에서 교량 구조와 넓은 하늘이 함께 보이고 강이나 도로가 이어지는 야외 배경,complex,58497,20,mv,"{""mv"": 20}","{""background_complex_v2_20260506:mv"": 20}",webdav://13730b09/예비/작품2/대마도학원35시험 소대/보도/타케루의 집 외관 낮.psd,58497_타케루의 집 외관 낮.psd,예비/작품2/대마도학원35시험 소대/보도/타케루의 집 외관 낮.psd,보도,/Users/saintiron/Projects/Imagine/thumbnails/58497_타케루의 집 외관 낮_thumb.png,psd,2768,1951,A street scene with a weathered two-story building and modern high-rises in the background.,"[""street"", ""building"", ""sky"", ""power lines"", ""road"", ""trees"", ""fence"", ""signboard""]",illustration,,,,Qwen/Qwen3.5-9B,,,ok,,,,,,,,보도,visual:bg-complex-q0004:58497,diverse_rank=3; source_count=3; visual_group=visual:bg-complex-q0004:58497,,
bg-complex-q0004,종말투어링 #07/bg에서 교량 구조와 넓은 하늘이 함께 보이고 강이나 도로가 이어지는 야외 배경,complex,56804,23,vv,"{""vv"": 23}","{""background_complex_v2_20260506:vv"": 23}",webdav://13730b09/발송/외주 회사/빔 studio/메탈#07/bg/MR07_269_BG.psd,56804_MR07_269_BG.psd,발송/외주 회사/빔 studio/메탈#07/bg/MR07_269_BG.psd,bg,/Users/saintiron/Projects/Imagine/thumbnails/56804_MR07_269_BG_thumb.png,psd,1757,1243,Futuristic cityscape with elevated walkways and modern skyscrapers under a bright sky.,"[""skyscrapers"", ""elevated walkway"", ""futuristic city"", ""modern architecture"", ""blue tones"", ""urban scene"", ""concept art""]",illustration,,,,Qwen/Qwen3.5-9B,,,ok,,,,,,,,bg,visual:bg-complex-q0004:56804,diverse_rank=2; source_count=3; visual_group=visual:bg-complex-q0004:56804,,
bg-complex-q0004,종말투어링 #07/bg에서 교량 구조와 넓은 하늘이 함께 보이고 강이나 도로가 이어지는 야외 배경,complex,57393,23,"mv,vv","{""mv"": 23, ""vv"": 49}","{""background_complex_v2_20260506:mv"": 23, ""background_complex_v2_20260506:vv"": 49}",webdav://13730b09/예비/작품2/대마도학원35시험 소대/제작회사BG/건물/TM#01_110.psd,57393_TM#01_110.psd,예비/작품2/대마도학원35시험 소대/제작회사BG/건물/TM#01_110.psd,건물,/Users/saintiron/Projects/Imagine/thumbnails/57393_TM#01_110_thumb.png,psd,2325,1633,"Dark rooftop scene with metal railings, concrete pillars, and distant buildings under a starry night sky.","[""rooftop"", ""metal railings"", ""concrete pillars"", ""night sky"", ""urban buildings"", ""dark atmosphere"", ""industrial structure""]",background,,,,Qwen/Qwen3.5-9B,,,ok,,,,,,,,건물,visual:bg-complex-q0004:57393,diverse_rank=4; source_count=3; visual_group=visual:bg-complex-q0004:57393,,
bg-complex-q0004,종말투어링 #07/bg에서 교량 구조와 넓은 하늘이 함께 보이고 강이나 도로가 이어지는 야외 배경,complex,58466,25,mv,"{""mv"": 25}","{""background_complex_v2_20260506:mv"": 25}",webdav://13730b09/예비/작품2/대마도학원35시험 소대/보도/대마도학원 전경 밝은석양.psd,58466_대마도학원 전경 밝은석양.psd,예비/작품2/대마도학원35시험 소대/보도/대마도학원 전경 밝은석양.psd,보도,/Users/saintiron/Projects/Imagine/thumbnails/58466_대마도학원 전경 밝은석양_thumb.png,psd,2777,1729,A grand magical academy building with Gothic architecture under a bright sunset sky.,"[""magical academy"", ""Gothic architecture"", ""sunset sky"", ""tall tower"", ""symmetrical building"", ""lawn"", ""trees""]",illustration,,,,Qwen/Qwen3.5-9B,,,ok,,,,,,,,보도,visual:bg-complex-q0004:58466,diverse_rank=5; source_count=3; visual_group=visual:bg-complex-q0004:58466,,
bg-complex-q0004,종말투어링 #07/bg에서 교량 구조와 넓은 하늘이 함께 보이고 강이나 도로가 이어지는 야외 배경,complex,57500,26,mv,"{""mv"": 26}","{""background_complex_v2_20260506:mv"": 26}",webdav://13730b09/예비/작품2/대마도학원35시험 소대/제작회사BG/_4/#4/TM#04_096.psd,57500_TM#04_096.psd,예비/작품2/대마도학원35시험 소대/제작회사BG/_4/#4/TM#04_096.psd,#4,/Users/saintiron/Projects/Imagine/thumbnails/57500_TM#04_096_thumb.png,psd,1681,1189,A grand castle with multiple towers under a bright blue sky with clouds.,"[""castle"", ""towers"", ""sky"", ""clouds"", ""architecture"", ""stone"", ""daytime"", ""landscape""]",background,,,,Qwen/Qwen3.5-9B,,,ok,,,,,,,,#4,visual:bg-complex-q0004:57500,diverse_rank=6; source_count=1; visual_group=visual:bg-complex-q0004:57500,,
bg-complex-q0004,종말투어링 #07/bg에서 교량 구조와 넓은 하늘이 함께 보이고 강이나 도로가 이어지는 야외 배경,complex,58046,32,vv,"{""vv"": 32}","{""background_complex_v2_20260506:vv"": 32}",webdav://13730b09/예비/작품2/대마도학원35시험 소대/제작회사BG/#2/TM#02_310.psd,58046_TM#02_310.psd,예비/작품2/대마도학원35시험 소대/제작회사BG/#2/TM#02_310.psd,#2,/Users/saintiron/Projects/Imagine/thumbnails/58046_TM#02_310_thumb.png,psd,1681,1937,"Night scene with archway, trees, and cloudy sky in dark tones.","[""archway"", ""trees"", ""night sky"", ""clouds"", ""dark tones"", ""concrete structure"", ""silhouette""]",illustration,,,,Qwen/Qwen3.5-9B,,,ok,,,,,,,,#2,visual:bg-complex-q0004:58046,diverse_rank=7; source_count=3; visual_group=visual:bg-complex-q0004:58046,,
bg-complex-q0004,종말투어링 #07/bg에서 교량 구조와 넓은 하늘이 함께 보이고 강이나 도로가 이어지는 야외 배경,complex,57388,35,mv,"{""mv"": 35}","{""background_complex_v2_20260506:mv"": 35}",webdav://13730b09/예비/작품2/대마도학원35시험 소대/제작회사BG/건물/TM#01_105.psd,57388_TM#01_105.psd,예비/작품2/대마도학원35시험 소대/제작회사BG/건물/TM#01_105.psd,건물,/Users/saintiron/Projects/Imagine/thumbnails/57388_TM#01_105_thumb.png,psd,1681,1173,Nighttime rooftop view of city buildings under cloudy sky,"[""rooftop"", ""cityscape"", ""night"", ""buildings"", ""clouds"", ""railings"", ""ladder""]",background,,,,Qwen/Qwen3.5-9B,,,ok,,,,,,,,건물,visual:bg-complex-q0004:57388,diverse_rank=8; source_count=3; visual_group=visual:bg-complex-q0004:57388,,
bg-complex-q0004,종말투어링 #07/bg에서 교량 구조와 넓은 하늘이 함께 보이고 강이나 도로가 이어지는 야외 배경,complex,56813,36,mv,"{""mv"": 36}","{""background_complex_v2_20260506:mv"": 36}",webdav://13730b09/발송/외주 회사/빔 studio/메탈#07/bg/MR07_044_BG.psd,56813_MR07_044_BG.psd,발송/외주 회사/빔 studio/메탈#07/bg/MR07_044_BG.psd,bg,/Users/saintiron/Projects/Imagine/thumbnails/56813_MR07_044_BG_thumb.png,psd,1752,1304,Futuristic cityscape with tall buildings and a railing in the foreground.,"[""cityscape"", ""skyscrapers"", ""railing"", ""futuristic"", ""architecture""]",background,,,,Qwen/Qwen3.5-9B,,,ok,,,,,,,,bg,visual:bg-complex-q0004:56813,diverse_rank=9; source_count=3; visual_group=visual:bg-complex-q0004:56813,,
bg-complex-q0004,종말투어링 #07/bg에서 교량 구조와 넓은 하늘이 함께 보이고 강이나 도로가 이어지는 야외 배경,complex,31508,39,vv,"{""vv"": 39}","{""background_complex_v2_20260506:vv"": 39}",/Users/saintiron/imageDB/마캬베리즈무/실내소품/pf45_214_216.psd,pf45_214_216.psd,pf45_214_216.psd,실내소품,/Users/saintiron/Projects/Imagine/thumbnails/pf45_214_216_thumb.png,psd,1612,1102,"A stone bridge with arches spans a river, with buildings and trees in the background.","[""bridge"", ""arches"", ""river"", ""buildings"", ""trees"", ""sky"", ""streetlights"", ""roofs""]",background,,,,Qwen/Qwen3.5-9B,vision_done,,ok,,,,,,,,실내소품,visual:bg-complex-q0004:31508,diverse_rank=10; source_count=1; visual_group=visual:bg-complex-q0004:31508,,
bg-complex-q0004,종말투어링 #07/bg에서 교량 구조와 넓은 하늘이 함께 보이고 강이나 도로가 이어지는 야외 배경,complex,56748,43,mv,"{""mv"": 43}","{""background_complex_v2_20260506:mv"": 43}",webdav://13730b09/발송/외주 회사/빔 studio/메탈#07/bg/MR07_221_BG.psd,56748_MR07_221_BG.psd,발송/외주 회사/빔 studio/메탈#07/bg/MR07_221_BG.psd,bg,/Users/saintiron/Projects/Imagine/thumbnails/56748_MR07_221_BG_thumb.png,psd,3507,1304,A window view of a bright sky with faint cloud outlines.,"[""window"", ""sky"", ""clouds"", ""frame"", ""architecture""]",background,,,,Qwen/Qwen3.5-9B,,,ok,,,,,,,,bg,visual:bg-complex-q0004:56748,diverse_rank=11; source_count=3; visual_group=visual:bg-complex-q0004:56748,,
bg-complex-q0004,종말투어링 #07/bg에서 교량 구조와 넓은 하늘이 함께 보이고 강이나 도로가 이어지는 야외 배경,complex,57384,43,vv,"{""vv"": 43}","{""background_complex_v2_20260506:vv"": 43}",webdav://13730b09/예비/작품2/대마도학원35시험 소대/제작회사BG/건물/TM#01_101_235.psd,57384_TM#01_101_235.psd,예비/작품2/대마도학원35시험 소대/제작회사BG/건물/TM#01_101_235.psd,건물,/Users/saintiron/Projects/Imagine/thumbnails/57384_TM#01_101_235_thumb.png,psd,2838,2131,A moonlit urban alleyway under an overpass with buildings and railings.,"[""moon"", ""overpass"", ""building"", ""streetlight"", ""railings"", ""night"", ""concrete""]",illustration,,,,Qwen/Qwen3.5-9B,,,ok,,,,,,,,건물,visual:bg-complex-q0004:57384,diverse_rank=12; source_count=3; visual_group=visual:bg-complex-q0004:57384,,
bg-complex-q0004,종말투어링 #07/bg에서 교량 구조와 넓은 하늘이 함께 보이고 강이나 도로가 이어지는 야외 배경,complex,58054,44,mv,"{""mv"": 44}","{""background_complex_v2_20260506:mv"": 44}",webdav://13730b09/예비/작품2/대마도학원35시험 소대/제작회사BG/#2/TM#02_320.psd,58054_TM#02_320.psd,예비/작품2/대마도학원35시험 소대/제작회사BG/#2/TM#02_320.psd,#2,/Users/saintiron/Projects/Imagine/thumbnails/58054_TM#02_320_thumb.png,psd,1674,1182,Nighttime view of a grand building with trees and streetlights.,"[""building"", ""trees"", ""streetlights"", ""fence"", ""night"", ""architecture"", ""pathway"", ""lamp""]",background,,,,Qwen/Qwen3.5-9B,,,ok,,,,,,,,#2,visual:bg-complex-q0004:58054,diverse_rank=13; source_count=3; visual_group=visual:bg-complex-q0004:58054,,
bg-complex-q0004,종말투어링 #07/bg에서 교량 구조와 넓은 하늘이 함께 보이고 강이나 도로가 이어지는 야외 배경,complex,57919,45,mv,"{""mv"": 45}","{""background_complex_v2_20260506:mv"": 45}",webdav://13730b09/예비/작품2/대마도학원35시험 소대/제작회사BG/#2/TM#02_161.psd,57919_TM#02_161.psd,예비/작품2/대마도학원35시험 소대/제작회사BG/#2/TM#02_161.psd,#2,/Users/saintiron/Projects/Imagine/thumbnails/57919_TM#02_161_thumb.png,psd,5103,1313,"Dark night scene with trees, street lamps, and building facade","[""trees"", ""street lamps"", ""building"", ""night"", ""darkness""]",background,,,,Qwen/Qwen3.5-9B,,,ok,,,,,,,,#2,visual:bg-complex-q0004:57919,diverse_rank=14; source_count=3; visual_group=visual:bg-complex-q0004:57919,,
bg-complex-q0005,크랑베르무 마을에서 밤하늘과 거리 조명이 함께 보이는 조용한 마을 배경,complex,31669,1,fts,"{""fts"": 1}","{""background_complex_v2_20260506:fts"": 1}",/Users/saintiron/imageDB/마캬베리즈무/실내소품/조명.psd,조명.psd,조명.psd,실내소품,/Users/saintiron/Projects/Imagine/thumbnails/조명_thumb.png,psd,1910,1205,A cozy cafe interior with hanging lights and a red chair.,"[""cafe"", ""interior"", ""hanging lights"", ""red chair"", ""shelves"", ""glass display"", ""signage"", ""modern""]",background,,,,Qwen/Qwen3.5-9B,vision_done,,ok,,,,,,,,실내소품,visual:bg-complex-q0005:31669,diverse_rank=1; source_count=1; visual_group=visual:bg-complex-q0005:31669,,
bg-complex-q0005,크랑베르무 마을에서 밤하늘과 거리 조명이 함께 보이는 조용한 마을 배경,complex,58514,2,fts,"{""fts"": 2}","{""background_complex_v2_20260506:fts"": 2}",webdav://13730b09/예비/작품2/대마도학원35시험 소대/보도/학교 밤 조명.psd,58514_학교 밤 조명.psd,예비/작품2/대마도학원35시험 소대/보도/학교 밤 조명.psd,보도,/Users/saintiron/Projects/Imagine/thumbnails/58514_학교 밤 조명_thumb.png,psd,2827,1784,"A grand, illuminated school building at night with surrounding trees and a dark sky.","[""school building"", ""night scene"", ""illuminated windows"", ""trees"", ""dark sky"", ""architectural details"", ""landscape""]",illustration,,,,Qwen/Qwen3.5-9B,,,ok,,,,,,,,보도,visual:bg-complex-q0005:58514,diverse_rank=4; source_count=1; visual_group=visual:bg-complex-q0005:58514,,
bg-complex-q0005,크랑베르무 마을에서 밤하늘과 거리 조명이 함께 보이는 조용한 마을 배경,complex,60273,3,fts,"{""fts"": 3}","{""background_complex_v2_20260506:fts"": 3}",webdav://13730b09/예비/마법과고교의 우등생/#11/bg/MKY11_245.psd,60273_MKY11_245.psd,예비/마법과고교의 우등생/#11/bg/MKY11_245.psd,bg,/Users/saintiron/Projects/Imagine/thumbnails/60273_MKY11_245_thumb.png,psd,1863,1293,Grassy field with a faint overlay of a character's face.,"[""grass"", ""field"", ""overlay"", ""face"", ""nature""]",background,,,,Qwen/Qwen3.5-9B,,,ok,,,,,,,,bg,visual:bg-complex-q0005:60273,diverse_rank=7; source_count=3; visual_group=visual:bg-complex-q0005:60273,,
bg-complex-q0005,크랑베르무 마을에서 밤하늘과 거리 조명이 함께 보이는 조용한 마을 배경,complex,60365,4,fts,"{""fts"": 4}","{""background_complex_v2_20260506:fts"": 4}",webdav://13730b09/예비/마법과고교의 우등생/#11/bg/MKY11_246.psd,60365_MKY11_246.psd,예비/마법과고교의 우등생/#11/bg/MKY11_246.psd,bg,/Users/saintiron/Projects/Imagine/thumbnails/60365_MKY11_246_thumb.png,psd,1879,1303,Three translucent figures stand in a grassy field with mountains and sky.,"[""translucent figures"", ""mountains"", ""sky"", ""grass"", ""trees"", ""anime style"", ""blue sky"", ""green landscape""]",illustration,,,,Qwen/Qwen3.5-9B,,,ok,,,,,,,,bg,visual:bg-complex-q0005:60365,diverse_rank=8; source_count=3; visual_group=visual:bg-complex-q0005:60365,,
bg-complex-q0005,크랑베르무 마을에서 밤하늘과 거리 조명이 함께 보이는 조용한 마을 배경,complex,56706,5,fts,"{""fts"": 5}","{""background_complex_v2_20260506:fts"": 5}",webdav://13730b09/발송/외주 회사/빔 studio/산다/bg/SAN_09_057_BG.psd,56706_SAN_09_057_BG.psd,발송/외주 회사/빔 studio/산다/bg/SAN_09_057_BG.psd,bg,/Users/saintiron/Projects/Imagine/thumbnails/56706_SAN_09_057_BG_thumb.png,psd,2339,1654,A hooded figure in a suit stands in a sunlit Japanese room.,"[""hooded figure"", ""suit"", ""shoji screen"", ""bonsai tree"", ""paper lanterns"", ""anime style"", ""sketch overlay""]",illustration,,,,Qwen/Qwen3.5-9B,,,ok,,,,,,,,bg,visual:bg-complex-q0005:56706,diverse_rank=10; source_count=3; visual_group=visual:bg-complex-q0005:56706,,
bg-complex-q0005,크랑베르무 마을에서 밤하늘과 거리 조명이 함께 보이는 조용한 마을 배경,complex,58077,16,mv,"{""mv"": 16}","{""background_complex_v2_20260506:mv"": 16}",webdav://13730b09/예비/작품2/대마도학원35시험 소대/제작회사BG/#2/TM#02_345.psd,58077_TM#02_345.psd,예비/작품2/대마도학원35시험 소대/제작회사BG/#2/TM#02_345.psd,#2,/Users/saintiron/Projects/Imagine/thumbnails/58077_TM#02_345_thumb.png,psd,1681,1186,"A dark, moody night scene with trees, streetlamps, and a fence under a cloudy sky.","[""night"", ""streetlamps"", ""trees"", ""fence"", ""clouds"", ""pavement"", ""dark"", ""moody""]",background,,,,Qwen/Qwen3.5-9B,,,ok,,,,,,,,#2,visual:bg-complex-q0005:58077,diverse_rank=2; source_count=3; visual_group=visual:bg-complex-q0005:58077,,
bg-complex-q0005,크랑베르무 마을에서 밤하늘과 거리 조명이 함께 보이는 조용한 마을 배경,complex,58570,19,mv,"{""mv"": 19}","{""background_complex_v2_20260506:mv"": 19}",webdav://13730b09/예비/작품2/대마도학원35시험 소대/BG/TM#05_146.psd,58570_TM#05_146.psd,예비/작품2/대마도학원35시험 소대/BG/TM#05_146.psd,BG,/Users/saintiron/Projects/Imagine/thumbnails/58570_TM#05_146_thumb.png,psd,1979,1392,"Night scene with brick wall, trees, power lines, and streetlight under cloudy sky.","[""night"", ""brick wall"", ""trees"", ""power lines"", ""streetlight"", ""clouds"", ""sky""]",background,,,,Qwen/Qwen3.5-9B,,,ok,,,,,,,,BG,visual:bg-complex-q0005:58570,diverse_rank=5; source_count=3; visual_group=visual:bg-complex-q0005:58570,,
bg-complex-q0005,크랑베르무 마을에서 밤하늘과 거리 조명이 함께 보이는 조용한 마을 배경,complex,58055,25,mv,"{""mv"": 25}","{""background_complex_v2_20260506:mv"": 25}",webdav://13730b09/예비/작품2/대마도학원35시험 소대/제작회사BG/#2/TM#02_321.psd,58055_TM#02_321.psd,예비/작품2/대마도학원35시험 소대/제작회사BG/#2/TM#02_321.psd,#2,/Users/saintiron/Projects/Imagine/thumbnails/58055_TM#02_321_thumb.png,psd,6803,1252,"Dark, moody night scene with trees and a distant building under blue lighting.","[""night"", ""trees"", ""building"", ""blue"", ""dark"", ""landscape"", ""atmospheric"", ""silhouette""]",background,,,,Qwen/Qwen3.5-9B,,,ok,,,,,,,,#2,visual:bg-complex-q0005:58055,diverse_rank=3; source_count=3; visual_group=visual:bg-complex-q0005:58055,,
bg-complex-q0005,크랑베르무 마을에서 밤하늘과 거리 조명이 함께 보이는 조용한 마을 배경,complex,58063,28,mv,"{""mv"": 28}","{""background_complex_v2_20260506:mv"": 28}",webdav://13730b09/예비/작품2/대마도학원35시험 소대/제작회사BG/#2/TM#02_329.psd,58063_TM#02_329.psd,예비/작품2/대마도학원35시험 소대/제작회사BG/#2/TM#02_329.psd,#2,/Users/saintiron/Projects/Imagine/thumbnails/58063_TM#02_329_thumb.png,psd,1681,1186,"Night scene with trees, street lamps, and a building under a cloudy sky.","[""night"", ""trees"", ""street lamps"", ""building"", ""clouds"", ""sky"", ""silhouette""]",background,,,,Qwen/Qwen3.5-9B,,,ok,,,,,,,,#2,visual:bg-complex-q0005:58063,diverse_rank=6; source_count=3; visual_group=visual:bg-complex-q0005:58063,,
bg-complex-q0005,크랑베르무 마을에서 밤하늘과 거리 조명이 함께 보이는 조용한 마을 배경,complex,58576,33,mv,"{""mv"": 33}","{""background_complex_v2_20260506:mv"": 33}",webdav://13730b09/예비/작품2/대마도학원35시험 소대/BG/TM#05_153.psd,58576_TM#05_153.psd,예비/작품2/대마도학원35시험 소대/BG/TM#05_153.psd,BG,/Users/saintiron/Projects/Imagine/thumbnails/58576_TM#05_153_thumb.png,psd,1678,1187,A quiet residential street at night with streetlights and trees.,"[""street"", ""night"", ""streetlights"", ""trees"", ""houses"", ""power lines"", ""fence"", ""sky""]",background,,,,Qwen/Qwen3.5-9B,,,ok,,,,,,,,BG,visual:bg-complex-q0005:58576,diverse_rank=9; source_count=3; visual_group=visual:bg-complex-q0005:58576,,
bg-complex-q0005,크랑베르무 마을에서 밤하늘과 거리 조명이 함께 보이는 조용한 마을 배경,complex,57331,38,mv,"{""mv"": 38}","{""background_complex_v2_20260506:mv"": 38}",webdav://13730b09/예비/작품2/대마도학원35시험 소대/택처/TM#01_098.psd,57331_TM#01_098.psd,예비/작품2/대마도학원35시험 소대/택처/TM#01_098.psd,택처,/Users/saintiron/Projects/Imagine/thumbnails/57331_TM#01_098_thumb.png,psd,2871,1170,Dark night sky with clouds and faint stars over a silhouette of a building.,"[""night sky"", ""clouds"", ""stars"", ""building silhouette"", ""dark tones""]",background,,,,Qwen/Qwen3.5-9B,,,ok,,,,,,,,택처,visual:bg-complex-q0005:57331,diverse_rank=11; source_count=1; visual_group=visual:bg-complex-q0005:57331,,
bg-complex-q0005,크랑베르무 마을에서 밤하늘과 거리 조명이 함께 보이는 조용한 마을 배경,complex,58545,39,vv,"{""vv"": 39}","{""background_complex_v2_20260506:vv"": 39}",webdav://13730b09/예비/작품2/대마도학원35시험 소대/BG/TM#05_156A.psd,58545_TM#05_156A.psd,예비/작품2/대마도학원35시험 소대/BG/TM#05_156A.psd,BG,/Users/saintiron/Projects/Imagine/thumbnails/58545_TM#05_156A_thumb.png,psd,1680,1188,Night street scene with glowing streetlights and starry sky,"[""streetlights"", ""power lines"", ""trees"", ""buildings"", ""night sky"", ""stars"", ""clouds""]",illustration,,,,Qwen/Qwen3.5-9B,,,ok,,,,,,,,BG,visual:bg-complex-q0005:58545,diverse_rank=12; source_count=3; visual_group=visual:bg-complex-q0005:58545,,
bg-complex-q0005,크랑베르무 마을에서 밤하늘과 거리 조명이 함께 보이는 조용한 마을 배경,complex,57395,43,mv,"{""mv"": 43}","{""background_complex_v2_20260506:mv"": 43}",webdav://13730b09/예비/작품2/대마도학원35시험 소대/제작회사BG/건물/TM#01_120_128.psd,57395_TM#01_120_128.psd,예비/작품2/대마도학원35시험 소대/제작회사BG/건물/TM#01_120_128.psd,건물,/Users/saintiron/Projects/Imagine/thumbnails/57395_TM#01_120_128_thumb.png,psd,1814,1183,Nighttime urban scene with buildings and railings under a starry sky,"[""buildings"", ""railings"", ""night"", ""sky"", ""windows"", ""urban"", ""darkness"", ""stars""]",background,,,,Qwen/Qwen3.5-9B,,,ok,,,,,,,,건물,visual:bg-complex-q0005:57395,diverse_rank=13; source_count=1; visual_group=visual:bg-complex-q0005:57395,,
bg-complex-q0006,후시 늪지대에서 숲과 안개가 함께 보이고 물가나 습지 분위기가 강한 배경,complex,58070,6,vv,"{""vv"": 6}","{""background_complex_v2_20260506:vv"": 6}",webdav://13730b09/예비/작품2/대마도학원35시험 소대/제작회사BG/#2/TM#02_338.psd,58070_TM#02_338.psd,예비/작품2/대마도학원35시험 소대/제작회사BG/#2/TM#02_338.psd,#2,/Users/saintiron/Projects/Imagine/thumbnails/58070_TM#02_338_thumb.png,psd,1681,1186,"Dark, blurry forest scene with indistinct trees and foliage.","[""forest"", ""trees"", ""dark"", ""blurry"", ""night"", ""nature"", ""foliage""]",background,,,,Qwen/Qwen3.5-9B,,,ok,,,,,,,,#2,visual:bg-complex-q0006:58070,diverse_rank=1; source_count=4; visual_group=visual:bg-complex-q0006:58070,,
bg-complex-q0006,후시 늪지대에서 숲과 안개가 함께 보이고 물가나 습지 분위기가 강한 배경,complex,58051,18,vv,"{""vv"": 18}","{""background_complex_v2_20260506:vv"": 18}",webdav://13730b09/예비/작품2/대마도학원35시험 소대/제작회사BG/#2/TM#02_316.psd,58051_TM#02_316.psd,예비/작품2/대마도학원35시험 소대/제작회사BG/#2/TM#02_316.psd,#2,/Users/saintiron/Projects/Imagine/thumbnails/58051_TM#02_316_thumb.png,psd,1668,1186,"Dark, misty forest floor with tree roots and rocky terrain","[""forest"", ""tree roots"", ""rocks"", ""mist"", ""dark"", ""ground"", ""nature""]",background,,,,Qwen/Qwen3.5-9B,,,ok,,,,,,,,#2,visual:bg-complex-q0006:58051,diverse_rank=2; source_count=4; visual_group=visual:bg-complex-q0006:58051,,
bg-complex-q0006,후시 늪지대에서 숲과 안개가 함께 보이고 물가나 습지 분위기가 강한 배경,complex,57962,31,vv,"{""vv"": 31}","{""background_complex_v2_20260506:vv"": 31}",webdav://13730b09/예비/작품2/대마도학원35시험 소대/제작회사BG/#2/TM#02_210.psd,57962_TM#02_210.psd,예비/작품2/대마도학원35시험 소대/제작회사BG/#2/TM#02_210.psd,#2,/Users/saintiron/Projects/Imagine/thumbnails/57962_TM#02_210_thumb.png,psd,1668,7937,Dark forest scene with vertical streaks and a small inset landscape view.,"[""forest"", ""trees"", ""night"", ""dark"", ""vertical streaks"", ""landscape"", ""inset""]",background,,,,Qwen/Qwen3.5-9B,,,ok,,,,,,,,#2,visual:bg-complex-q0006:57962,diverse_rank=3; source_count=4; visual_group=visual:bg-complex-q0006:57962,,
bg-complex-q0006,후시 늪지대에서 숲과 안개가 함께 보이고 물가나 습지 분위기가 강한 배경,complex,58067,48,mv,"{""mv"": 48}","{""background_complex_v2_20260506:mv"": 48}",webdav://13730b09/예비/작품2/대마도학원35시험 소대/제작회사BG/#2/TM#02_334.psd,58067_TM#02_334.psd,예비/작품2/대마도학원35시험 소대/제작회사BG/#2/TM#02_334.psd,#2,/Users/saintiron/Projects/Imagine/thumbnails/58067_TM#02_334_thumb.png,psd,1674,1182,"Night scene with water, trees, and street lamps under a dark sky.","[""water"", ""trees"", ""street lamps"", ""night"", ""dark sky""]",background,,,,Qwen/Qwen3.5-9B,,,ok,,,,,,,,#2,visual:bg-complex-q0006:58067,diverse_rank=4; source_count=4; visual_group=visual:bg-complex-q0006:58067,,
bg-complex-q0007,안나의집에서 커튼과 창문이 함께 보이고 따뜻한 실내 조명이 느껴지는 방 배경,complex,31144,1,"mv,vv","{""mv"": 27, ""vv"": 1}","{""background_complex_v2_20260506:mv"": 27, ""background_complex_v2_20260506:vv"": 1}",/Users/saintiron/imageDB/마캬베리즈무/실내소품/140_hg02.psd,140_hg02.psd,140_hg02.psd,실내소품,/Users/saintiron/Projects/Imagine/thumbnails/140_hg02_thumb.png,psd,2033,1496,"A room with two windows, pink curtains, and a wall-mounted lamp.","[""curtains"", ""windows"", ""lamp"", ""wall"", ""wood paneling""]",background,,,,Qwen/Qwen3.5-9B,vision_done,,ok,,,,,,,,실내소품,visual:bg-complex-q0007:31144,diverse_rank=1; source_count=3; visual_group=visual:bg-complex-q0007:31144,,
bg-complex-q0007,안나의집에서 커튼과 창문이 함께 보이고 따뜻한 실내 조명이 느껴지는 방 배경,complex,58460,3,fts,"{""fts"": 3}","{""background_complex_v2_20260506:fts"": 3}",webdav://13730b09/예비/작품2/대마도학원35시험 소대/설정/혼데드의 방.jpg,58460_혼데드의 방.jpg,예비/작품2/대마도학원35시험 소대/설정/혼데드의 방.jpg,설정,/Users/saintiron/Projects/Imagine/thumbnails/58460_혼데드의 방_thumb.png,jpg,2873,1970,Architectural sketches of a room with labeled sections and character placements,"[""sketch"", ""architecture"", ""room"", ""character"", ""label"", ""line art"", ""design""]",illustration,,,,Qwen/Qwen3.5-9B,,,ok,,,,,,,,설정,visual:bg-complex-q0007:58460,diverse_rank=11; source_count=3; visual_group=visual:bg-complex-q0007:58460,,
bg-complex-q0007,안나의집에서 커튼과 창문이 함께 보이고 따뜻한 실내 조명이 느껴지는 방 배경,complex,58437,4,fts,"{""fts"": 4}","{""background_complex_v2_20260506:fts"": 4}",webdav://13730b09/예비/작품2/대마도학원35시험 소대/설정/타케루의 집 방.jpg,58437_타케루의 집 방.jpg,예비/작품2/대마도학원35시험 소대/설정/타케루의 집 방.jpg,설정,/Users/saintiron/Projects/Imagine/thumbnails/58437_타케루의 집 방_thumb.png,jpg,2866,2032,Architectural sketches of two rooms in Takeo's house with furniture and layout details,"[""architectural sketch"", ""furniture"", ""room layout"", ""Japanese interior"", ""line drawing"", ""perspective view"", ""labelled diagram""]",illustration,,,,Qwen/Qwen3.5-9B,,,ok,,,,,,,,설정,visual:bg-complex-q0007:58437,diverse_rank=12; source_count=3; visual_group=visual:bg-complex-q0007:58437,,
bg-complex-q0007,안나의집에서 커튼과 창문이 함께 보이고 따뜻한 실내 조명이 느껴지는 방 배경,complex,58519,6,fts,"{""fts"": 6}","{""background_complex_v2_20260506:fts"": 6}",webdav://13730b09/예비/작품2/대마도학원35시험 소대/보도/혼데드의 방 밤.psd,58519_혼데드의 방 밤.psd,예비/작품2/대마도학원35시험 소대/보도/혼데드의 방 밤.psd,보도,/Users/saintiron/Projects/Imagine/thumbnails/58519_혼데드의 방 밤_thumb.png,psd,2769,1930,Nighttime office interior with city view and modern furniture,"[""office"", ""night"", ""cityscape"", ""furniture"", ""interior"", ""modern"", ""windows"", ""dark""]",illustration,,,,Qwen/Qwen3.5-9B,,,ok,,,,,,,,보도,visual:bg-complex-q0007:58519,diverse_rank=2; source_count=3; visual_group=visual:bg-complex-q0007:58519,,
bg-complex-q0007,안나의집에서 커튼과 창문이 함께 보이고 따뜻한 실내 조명이 느껴지는 방 배경,complex,58409,7,fts,"{""fts"": 7}","{""background_complex_v2_20260506:fts"": 7}",webdav://13730b09/예비/작품2/대마도학원35시험 소대/설정/사이온지 집 실내.jpg,58409_사이온지 집 실내.jpg,예비/작품2/대마도학원35시험 소대/설정/사이온지 집 실내.jpg,설정,/Users/saintiron/Projects/Imagine/thumbnails/58409_사이온지 집 실내_thumb.png,jpg,2866,2024,"Line art of a formal office interior with desk, fireplace, and windows","[""desk"", ""fireplace"", ""windows"", ""curtains"", ""character"", ""plant""]",illustration,,,,Qwen/Qwen3.5-9B,,,ok,,,,,,,,설정,visual:bg-complex-q0007:58409,diverse_rank=5; source_count=3; visual_group=visual:bg-complex-q0007:58409,,
bg-complex-q0007,안나의집에서 커튼과 창문이 함께 보이고 따뜻한 실내 조명이 느껴지는 방 배경,complex,58496,8,fts,"{""fts"": 8}","{""background_complex_v2_20260506:fts"": 8}",webdav://13730b09/예비/작품2/대마도학원35시험 소대/보도/타케루의 집 방 밝음.psd,58496_타케루의 집 방 밝음.psd,예비/작품2/대마도학원35시험 소대/보도/타케루의 집 방 밝음.psd,보도,/Users/saintiron/Projects/Imagine/thumbnails/58496_타케루의 집 방 밝음_thumb.png,psd,2704,2004,Two views of a traditional Japanese apartment room at night with lights on,"[""Japanese room"", ""tatami mats"", ""low table"", ""sliding doors"", ""desk"", ""night scene"", ""traditional interior""]",illustration,,,,Qwen/Qwen3.5-9B,,,ok,,,,,,,,보도,visual:bg-complex-q0007:58496,diverse_rank=9; source_count=3; visual_group=visual:bg-complex-q0007:58496,,
bg-complex-q0007,안나의집에서 커튼과 창문이 함께 보이고 따뜻한 실내 조명이 느껴지는 방 배경,complex,31479,11,mv,"{""mv"": 11}","{""background_complex_v2_20260506:mv"": 11}",/Users/saintiron/imageDB/마캬베리즈무/실내소품/NM#02_103.psd,NM#02_103.psd,NM#02_103.psd,실내소품,/Users/saintiron/Projects/Imagine/thumbnails/NM#02_103_thumb.png,psd,2592,2916,"A cozy kitchen scene with a door, refrigerator, and floral curtains.","[""kitchen"", ""door"", ""refrigerator"", ""curtains"", ""cabinet"", ""countertop"", ""window"", ""chair""]",background,,,,Qwen/Qwen3.5-9B,vision_done,,ok,,,,,,,,실내소품,visual:bg-complex-q0007:31479,diverse_rank=3; source_count=3; visual_group=visual:bg-complex-q0007:31479,,
bg-complex-q0007,안나의집에서 커튼과 창문이 함께 보이고 따뜻한 실내 조명이 느껴지는 방 배경,complex,58503,11,fts,"{""fts"": 11}","{""background_complex_v2_20260506:fts"": 11}",webdav://13730b09/예비/작품2/대마도학원35시험 소대/보도/팜프루루의 방 카펫트 소재 copy.psd,58503_팜프루루의 방 카펫트 소재 copy.psd,예비/작품2/대마도학원35시험 소대/보도/팜프루루의 방 카펫트 소재 copy.psd,보도,/Users/saintiron/Projects/Imagine/thumbnails/58503_팜프루루의 방 카펫트 소재 copy_thumb.png,psd,4173,4178,Ornate pink floral border with central decorative panel on white background,"[""floral patterns"", ""ornate border"", ""pink color"", ""decorative panel"", ""symmetrical design"", ""white background"", ""vintage style""]",illustration,,,,Qwen/Qwen3.5-9B,,,ok,,,,,,,,보도,visual:bg-complex-q0007:58503,diverse_rank=6; source_count=3; visual_group=visual:bg-complex-q0007:58503,,
bg-complex-q0007,안나의집에서 커튼과 창문이 함께 보이고 따뜻한 실내 조명이 느껴지는 방 배경,complex,56869,13,fts,"{""fts"": 13}","{""background_complex_v2_20260506:fts"": 13}",webdav://13730b09/발송/외주 회사/빔 studio/귀인환등초/0313-re/KGS_01_352_R.psd,56869_KGS_01_352_R.psd,발송/외주 회사/빔 studio/귀인환등초/0313-re/KGS_01_352_R.psd,0313-re,/Users/saintiron/Projects/Imagine/thumbnails/56869_KGS_01_352_R_thumb.png,psd,2339,1653,A dimly lit room with traditional Japanese architecture and furniture.,"[""Japanese architecture"", ""Sliding doors"", ""Lantern"", ""Cabinet"", ""Sword"", ""Wall"", ""Light fixture""]",background,,,,Qwen/Qwen3.5-9B,,,ok,,,,,,,,0313-re,visual:bg-complex-q0007:31505,diverse_rank=10; source_count=1; visual_group=visual:bg-complex-q0007:31505,,
bg-complex-q0007,안나의집에서 커튼과 창문이 함께 보이고 따뜻한 실내 조명이 느껴지는 방 배경,complex,56963,15,fts,"{""fts"": 15}","{""background_complex_v2_20260506:fts"": 15}",webdav://13730b09/발송/외주 회사/빔 studio/귀인환등초/bg/KGS_01_360.psd,56963_KGS_01_360.psd,발송/외주 회사/빔 studio/귀인환등초/bg/KGS_01_360.psd,bg,/Users/saintiron/Projects/Imagine/thumbnails/56963_KGS_01_360_thumb.png,psd,2339,1653,Traditional Japanese room with paper doors and three outlined figures.,"[""Japanese room"", ""shoji screen"", ""tatami mats"", ""wooden floor"", ""outline figures"", ""indoor scene"", ""traditional architecture"", ""furniture""]",background,,,,Qwen/Qwen3.5-9B,,,ok,,,,,,,,bg,visual:bg-complex-q0007:56963,diverse_rank=13; source_count=3; visual_group=visual:bg-complex-q0007:56963,,
bg-complex-q0007,안나의집에서 커튼과 창문이 함께 보이고 따뜻한 실내 조명이 느껴지는 방 배경,complex,56706,16,fts,"{""fts"": 16}","{""background_complex_v2_20260506:fts"": 16}",webdav://13730b09/발송/외주 회사/빔 studio/산다/bg/SAN_09_057_BG.psd,56706_SAN_09_057_BG.psd,발송/외주 회사/빔 studio/산다/bg/SAN_09_057_BG.psd,bg,/Users/saintiron/Projects/Imagine/thumbnails/56706_SAN_09_057_BG_thumb.png,psd,2339,1654,A hooded figure in a suit stands in a sunlit Japanese room.,"[""hooded figure"", ""suit"", ""shoji screen"", ""bonsai tree"", ""paper lanterns"", ""anime style"", ""sketch overlay""]",illustration,,,,Qwen/Qwen3.5-9B,,,ok,,,,,,,,bg,visual:bg-complex-q0007:56706,diverse_rank=14; source_count=3; visual_group=visual:bg-complex-q0007:56706,,
bg-complex-q0007,안나의집에서 커튼과 창문이 함께 보이고 따뜻한 실내 조명이 느껴지는 방 배경,complex,31070,21,mv,"{""mv"": 21}","{""background_complex_v2_20260506:mv"": 21}",/Users/saintiron/imageDB/마캬베리즈무/실내소품/#06_006.psd,#06_006.psd,#06_006.psd,실내소품,/Users/saintiron/Projects/Imagine/thumbnails/#06_006_thumb.png,psd,1872,1479,"A cozy kitchen with wooden floors, shelves, and vintage-style furniture.","[""kitchen"", ""wooden floor"", ""shelves"", ""table"", ""cabinets"", ""window"", ""dishes"", ""utensils""]",background,,,,Qwen/Qwen3.5-9B,vision_done,,ok,,,,,,,,실내소품,visual:bg-complex-q0007:31070,diverse_rank=4; source_count=3; visual_group=visual:bg-complex-q0007:31070,,
bg-complex-q0007,안나의집에서 커튼과 창문이 함께 보이고 따뜻한 실내 조명이 느껴지는 방 배경,complex,56904,21,fts,"{""fts"": 21}","{""background_complex_v2_20260506:fts"": 21}",webdav://13730b09/발송/외주 회사/빔 studio/귀인환등초/bg/KGS_01_150.psd,56904_KGS_01_150.psd,발송/외주 회사/빔 studio/귀인환등초/bg/KGS_01_150.psd,bg,/Users/saintiron/Projects/Imagine/thumbnails/56904_KGS_01_150_thumb.png,psd,2339,1653,Animated scene showing two characters in motion with line art overlay,"[""anime"", ""line art"", ""characters"", ""motion"", ""building"", ""ground"", ""windows""]",illustration,,,,Qwen/Qwen3.5-9B,,,ok,,,,,,,,bg,visual:bg-complex-q0007:56898,diverse_rank=7; source_count=3; visual_group=visual:bg-complex-q0007:56898,,
bg-complex-q0007,안나의집에서 커튼과 창문이 함께 보이고 따뜻한 실내 조명이 느껴지는 방 배경,complex,58140,22,vv,"{""vv"": 22}","{""background_complex_v2_20260506:vv"": 22}",webdav://13730b09/예비/작품2/대마도학원35시험 소대/제작회사BG/#1/TM#01_059.psd,58140_TM#01_059.psd,예비/작품2/대마도학원35시험 소대/제작회사BG/#1/TM#01_059.psd,#1,/Users/saintiron/Projects/Imagine/thumbnails/58140_TM#01_059_thumb.png,psd,1674,1180,"A room interior with a wooden desk, purple curtain, and window.","[""desk"", ""curtain"", ""window"", ""wallpaper"", ""frame"", ""wood"", ""purple"", ""brown""]",background,,,,Qwen/Qwen3.5-9B,,,ok,,,,,,,,#1,visual:bg-complex-q0007:58140,diverse_rank=8; source_count=1; visual_group=visual:bg-complex-q0007:58140,,
bg-complex-q0008,"작품 쫑 후시 장소/숲,자연에서 높은 나무와 밤 분위기가 함께 보이는 숲 배경",complex,58089,1,mv,"{""mv"": 1}","{""background_complex_v2_20260506:mv"": 1}",webdav://13730b09/예비/작품2/대마도학원35시험 소대/제작회사BG/#2/TM#02_358.psd,58089_TM#02_358.psd,예비/작품2/대마도학원35시험 소대/제작회사BG/#2/TM#02_358.psd,#2,/Users/saintiron/Projects/Imagine/thumbnails/58089_TM#02_358_thumb.png,psd,2320,1639,Dark forest scene with tall trees and dim lighting,"[""forest"", ""trees"", ""dark"", ""nature"", ""night"", ""forest floor"", ""foliage"", ""shadows""]",background,,,,Qwen/Qwen3.5-9B,,,ok,,,,,,,,#2,visual:bg-complex-q0008:58089,diverse_rank=1; source_count=4; visual_group=visual:bg-complex-q0008:58089,,
bg-complex-q0008,"작품 쫑 후시 장소/숲,자연에서 높은 나무와 밤 분위기가 함께 보이는 숲 배경",complex,58573,4,vv,"{""vv"": 4}","{""background_complex_v2_20260506:vv"": 4}",webdav://13730b09/예비/작품2/대마도학원35시험 소대/BG/TM#05_149.psd,58573_TM#05_149.psd,예비/작품2/대마도학원35시험 소대/BG/TM#05_149.psd,BG,/Users/saintiron/Projects/Imagine/thumbnails/58573_TM#05_149_thumb.png,psd,1676,1187,Night scene with streetlight illuminating dark trees and a pole.,"[""streetlight"", ""trees"", ""pole"", ""night"", ""forest"", ""darkness"", ""sky""]",background,,,,Qwen/Qwen3.5-9B,,,ok,,,,,,,,BG,visual:bg-complex-q0008:58573,diverse_rank=4; source_count=3; visual_group=visual:bg-complex-q0008:58573,,
bg-complex-q0008,"작품 쫑 후시 장소/숲,자연에서 높은 나무와 밤 분위기가 함께 보이는 숲 배경",complex,58005,6,"mv,vv","{""mv"": 6, ""vv"": 29}","{""background_complex_v2_20260506:mv"": 6, ""background_complex_v2_20260506:vv"": 29}",webdav://13730b09/예비/작품2/대마도학원35시험 소대/제작회사BG/#2/TM#02_258.psd,58005_TM#02_258.psd,예비/작품2/대마도학원35시험 소대/제작회사BG/#2/TM#02_258.psd,#2,/Users/saintiron/Projects/Imagine/thumbnails/58005_TM#02_258_thumb.png,psd,1668,1186,Dark forest scene with dense trees and undergrowth in shadow.,"[""forest"", ""trees"", ""foliage"", ""dark"", ""nature"", ""shadows"", ""green"", ""night""]",background,,,,Qwen/Qwen3.5-9B,,,ok,,,,,,,,#2,visual:bg-complex-q0008:58005,diverse_rank=2; source_count=4; visual_group=visual:bg-complex-q0008:58005,,
bg-complex-q0008,"작품 쫑 후시 장소/숲,자연에서 높은 나무와 밤 분위기가 함께 보이는 숲 배경",complex,58569,8,"mv,vv","{""mv"": 12, ""vv"": 8}","{""background_complex_v2_20260506:mv"": 12, ""background_complex_v2_20260506:vv"": 8}",webdav://13730b09/예비/작품2/대마도학원35시험 소대/BG/TM#05_145.psd,58569_TM#05_145.psd,예비/작품2/대마도학원35시험 소대/BG/TM#05_145.psd,BG,/Users/saintiron/Projects/Imagine/thumbnails/58569_TM#05_145_thumb.png,psd,6236,1560,Night scene with a row of trees under a cloudy sky.,"[""trees"", ""night"", ""clouds"", ""forest"", ""darkness""]",background,,,,Qwen/Qwen3.5-9B,,,ok,,,,,,,,BG,visual:bg-complex-q0008:58569,diverse_rank=5; source_count=3; visual_group=visual:bg-complex-q0008:58569,,
bg-complex-q0008,"작품 쫑 후시 장소/숲,자연에서 높은 나무와 밤 분위기가 함께 보이는 숲 배경",complex,57862,16,mv,"{""mv"": 16}","{""background_complex_v2_20260506:mv"": 16}",webdav://13730b09/예비/작품2/대마도학원35시험 소대/제작회사BG/#2/TM#02_081.psd,57862_TM#02_081.psd,예비/작품2/대마도학원35시험 소대/제작회사BG/#2/TM#02_081.psd,#2,/Users/saintiron/Projects/Imagine/thumbnails/57862_TM#02_081_thumb.png,psd,2316,1634,Sunset forest scene with tall trees and glowing foliage,"[""forest"", ""trees"", ""foliage"", ""sunset"", ""nature"", ""trunks"", ""leaves"", ""sky""]",background,,,,Qwen/Qwen3.5-9B,,,ok,,,,,,,,#2,visual:bg-complex-q0008:57862,diverse_rank=3; source_count=4; visual_group=visual:bg-complex-q0008:57862,,
bg-complex-q0008,"작품 쫑 후시 장소/숲,자연에서 높은 나무와 밤 분위기가 함께 보이는 숲 배경",complex,58567,19,vv,"{""vv"": 19}","{""background_complex_v2_20260506:vv"": 19}",webdav://13730b09/예비/작품2/대마도학원35시험 소대/BG/TM#05_143.psd,58567_TM#05_143.psd,예비/작품2/대마도학원35시험 소대/BG/TM#05_143.psd,BG,/Users/saintiron/Projects/Imagine/thumbnails/58567_TM#05_143_thumb.png,psd,3118,1665,A lone streetlight glows against a starry night sky above a forest.,"[""streetlight"", ""forest"", ""night"", ""stars"", ""trees"", ""sky"", ""darkness""]",illustration,,,,Qwen/Qwen3.5-9B,,,ok,,,,,,,,BG,visual:bg-complex-q0008:58567,diverse_rank=6; source_count=3; visual_group=visual:bg-complex-q0008:58567,,
bg-complex-q0008,"작품 쫑 후시 장소/숲,자연에서 높은 나무와 밤 분위기가 함께 보이는 숲 배경",complex,57914,26,vv,"{""vv"": 26}","{""background_complex_v2_20260506:vv"": 26}",webdav://13730b09/예비/작품2/대마도학원35시험 소대/제작회사BG/#2/TM#02_155.psd,57914_TM#02_155.psd,예비/작품2/대마도학원35시험 소대/제작회사BG/#2/TM#02_155.psd,#2,/Users/saintiron/Projects/Imagine/thumbnails/57914_TM#02_155_thumb.png,psd,2835,1186,Dark forest scene with streetlamp under cloudy night sky,"[""forest"", ""streetlamp"", ""night"", ""trees"", ""clouds"", ""dark"", ""atmospheric""]",background,,,,Qwen/Qwen3.5-9B,,,ok,,,,,,,,#2,visual:bg-complex-q0008:57914,diverse_rank=8; source_count=4; visual_group=visual:bg-complex-q0008:57914,,
bg-complex-q0008,"작품 쫑 후시 장소/숲,자연에서 높은 나무와 밤 분위기가 함께 보이는 숲 배경",complex,58104,39,mv,"{""mv"": 39}","{""background_complex_v2_20260506:mv"": 39}",webdav://13730b09/예비/작품2/대마도학원35시험 소대/제작회사BG/#1/TM#01_011.psd,58104_TM#01_011.psd,예비/작품2/대마도학원35시험 소대/제작회사BG/#1/TM#01_011.psd,#1,/Users/saintiron/Projects/Imagine/thumbnails/58104_TM#01_011_thumb.png,psd,1733,1190,Dark forest scene with large tree trunk and scattered rocks under dim light.,"[""tree"", ""forest"", ""rocks"", ""grass"", ""dark"", ""night"", ""nature""]",background,,,,Qwen/Qwen3.5-9B,,,ok,,,,,,,,#1,visual:bg-complex-q0008:58104,diverse_rank=7; source_count=1; visual_group=visual:bg-complex-q0008:58104,,
bg-complex-q0009,기절용사와 암살공주 #09/bg에서 푸른 하늘과 바다가 함께 보이는 탁 트인 해변 배경,complex,56947,4,fts,"{""fts"": 4}","{""background_complex_v2_20260506:fts"": 4}",webdav://13730b09/발송/외주 회사/빔 studio/귀인환등초/bg/KGS_01_336.psd,56947_KGS_01_336.psd,발송/외주 회사/빔 studio/귀인환등초/bg/KGS_01_336.psd,bg,/Users/saintiron/Projects/Imagine/thumbnails/56947_KGS_01_336_thumb.png,psd,2339,1653,A serene sky with fluffy clouds and a thatched roof corner.,"[""sky"", ""clouds"", ""thatched roof"", ""grass"", ""blue sky"", ""white clouds"", ""rural"", ""peaceful""]",background,,,,Qwen/Qwen3.5-9B,,,ok,,,,,,,,bg,visual:bg-complex-q0009:56947,diverse_rank=1; source_count=4; visual_group=visual:bg-complex-q0009:56947,,
bg-complex-q0009,기절용사와 암살공주 #09/bg에서 푸른 하늘과 바다가 함께 보이는 탁 트인 해변 배경,complex,60216,5,fts,"{""fts"": 5}","{""background_complex_v2_20260506:fts"": 5}",webdav://13730b09/예비/마법과고교의 우등생/#11/bg/MKY11_180.psd,60216_MKY11_180.psd,예비/마법과고교의 우등생/#11/bg/MKY11_180.psd,bg,/Users/saintiron/Projects/Imagine/thumbnails/60216_MKY11_180_thumb.png,psd,1755,1241,Cracked earth texture with scattered rocks and sparse green grass.,"[""dirt"", ""cracks"", ""rocks"", ""grass"", ""texture"", ""ground"", ""natural"", ""earth""]",texture,,,,Qwen/Qwen3.5-9B,,,ok,,,,,,,,bg,visual:bg-complex-q0009:60216,diverse_rank=8; source_count=4; visual_group=visual:bg-complex-q0009:60216,,
bg-complex-q0009,기절용사와 암살공주 #09/bg에서 푸른 하늘과 바다가 함께 보이는 탁 트인 해변 배경,complex,56933,6,fts,"{""fts"": 6}","{""background_complex_v2_20260506:fts"": 6}",webdav://13730b09/발송/외주 회사/빔 studio/귀인환등초/bg/KGS_01_380.psd,56933_KGS_01_380.psd,발송/외주 회사/빔 studio/귀인환등초/bg/KGS_01_380.psd,bg,/Users/saintiron/Projects/Imagine/thumbnails/56933_KGS_01_380_thumb.png,psd,2339,1653,A white spider hangs from a tree branch surrounded by green leaves against a blue sky.,"[""spider"", ""tree branch"", ""leaves"", ""sky"", ""illustration""]",illustration,,,,Qwen/Qwen3.5-9B,,,ok,,,,,,,,bg,visual:bg-complex-q0009:56933,diverse_rank=2; source_count=4; visual_group=visual:bg-complex-q0009:56933,,
bg-complex-q0009,기절용사와 암살공주 #09/bg에서 푸른 하늘과 바다가 함께 보이는 탁 트인 해변 배경,complex,31060,15,mv,"{""mv"": 15}","{""background_complex_v2_20260506:mv"": 15}",/Users/saintiron/imageDB/마캬베리즈무/실내소품/#02_04.psd,#02_04.psd,#02_04.psd,실내소품,/Users/saintiron/Projects/Imagine/thumbnails/#02_04_thumb.png,psd,2475,1714,A lakeside cottage with a wooden dock and small boat under a bright sky.,"[""cottage"", ""dock"", ""boat"", ""lake"", ""trees"", ""sky"", ""porch"", ""chimney""]",background,,,,Qwen/Qwen3.5-9B,vision_done,,ok,,,,,,,,실내소품,visual:bg-complex-q0009:31060,diverse_rank=3; source_count=1; visual_group=visual:bg-complex-q0009:31060,,
bg-complex-q0009,기절용사와 암살공주 #09/bg에서 푸른 하늘과 바다가 함께 보이는 탁 트인 해변 배경,complex,57883,17,mv,"{""mv"": 17}","{""background_complex_v2_20260506:mv"": 17}",webdav://13730b09/예비/작품2/대마도학원35시험 소대/제작회사BG/#2/TM#02_099.psd,57883_TM#02_099.psd,예비/작품2/대마도학원35시험 소대/제작회사BG/#2/TM#02_099.psd,#2,/Users/saintiron/Projects/Imagine/thumbnails/57883_TM#02_099_thumb.png,psd,2320,1639,A serene sky with soft pink and orange clouds at sunset.,"[""sky"", ""clouds"", ""sunset"", ""pink"", ""orange"", ""gradient"", ""horizon"", ""atmosphere""]",photo,,,,Qwen/Qwen3.5-9B,,,ok,,,,,,,,#2,visual:bg-complex-q0009:57883,diverse_rank=5; source_count=2; visual_group=visual:bg-complex-q0009:57883,,
bg-complex-q0009,기절용사와 암살공주 #09/bg에서 푸른 하늘과 바다가 함께 보이는 탁 트인 해변 배경,complex,60222,21,mv,"{""mv"": 21}","{""background_complex_v2_20260506:mv"": 21}",webdav://13730b09/예비/마법과고교의 우등생/#11/bg/MKY11_232.psd,60222_MKY11_232.psd,예비/마법과고교의 우등생/#11/bg/MKY11_232.psd,bg,/Users/saintiron/Projects/Imagine/thumbnails/60222_MKY11_232_thumb.png,psd,1869,1299,Bright blue sky with fluffy clouds over a green forest canopy.,"[""sky"", ""clouds"", ""forest"", ""trees"", ""nature"", ""blue"", ""green"", ""daytime""]",background,,,,Qwen/Qwen3.5-9B,,,ok,,,,,,,,bg,visual:bg-complex-q0009:60222,diverse_rank=4; source_count=4; visual_group=visual:bg-complex-q0009:60222,,
bg-complex-q0009,기절용사와 암살공주 #09/bg에서 푸른 하늘과 바다가 함께 보이는 탁 트인 해변 배경,complex,57889,23,mv,"{""mv"": 23}","{""background_complex_v2_20260506:mv"": 23}",webdav://13730b09/예비/작품2/대마도학원35시험 소대/제작회사BG/#2/TM#02_107.psd,57889_TM#02_107.psd,예비/작품2/대마도학원35시험 소대/제작회사BG/#2/TM#02_107.psd,#2,/Users/saintiron/Projects/Imagine/thumbnails/57889_TM#02_107_thumb.png,psd,2320,1648,Pink and purple sky with scattered clouds at sunset.,"[""sky"", ""clouds"", ""sunset"", ""pink"", ""purple"", ""horizon"", ""atmosphere"", ""gradient""]",photo,,,,Qwen/Qwen3.5-9B,,,ok,,,,,,,,#2,visual:bg-complex-q0009:57889,diverse_rank=6; source_count=2; visual_group=visual:bg-complex-q0009:57889,,
bg-complex-q0009,기절용사와 암살공주 #09/bg에서 푸른 하늘과 바다가 함께 보이는 탁 트인 해변 배경,complex,57516,41,mv,"{""mv"": 41}","{""background_complex_v2_20260506:mv"": 41}",webdav://13730b09/예비/작품2/대마도학원35시험 소대/제작회사BG/_4/#4/TM#04_180.psd,57516_TM#04_180.psd,예비/작품2/대마도학원35시험 소대/제작회사BG/_4/#4/TM#04_180.psd,#4,/Users/saintiron/Projects/Imagine/thumbnails/57516_TM#04_180_thumb.png,psd,2054,1624,Bright blue sky with scattered white clouds,"[""sky"", ""clouds"", ""blue"", ""white"", ""nature""]",background,,,,Qwen/Qwen3.5-9B,,,ok,,,,,,,,#4,visual:bg-complex-q0009:57516,diverse_rank=7; source_count=1; visual_group=visual:bg-complex-q0009:57516,,
bg-complex-q0010,크랑베르무 장소/학교교실에서 칠판이나 책상보다 창문과 교실 구조가 뚜렷한 실내 배경,complex,58392,1,"fts,mv","{""fts"": 1, ""mv"": 16}","{""background_complex_v2_20260506:fts"": 1, ""background_complex_v2_20260506:mv"": 16}",webdav://13730b09/예비/작품2/대마도학원35시험 소대/설정/교실.jpg,58392_교실.jpg,예비/작품2/대마도학원35시험 소대/설정/교실.jpg,설정,/Users/saintiron/Projects/Imagine/thumbnails/58392_교실_thumb.png,jpg,2866,2024,"Classroom layout with desks, lockers, and architectural details in black and white","[""classroom"", ""desks"", ""chairs"", ""lockers"", ""windows"", ""blackboard"", ""architectural sketch""]",illustration,,,,Qwen/Qwen3.5-9B,,,ok,,,,,,,,설정,visual:bg-complex-q0010:58392,diverse_rank=1; source_count=1; visual_group=visual:bg-complex-q0010:58392,,
bg-complex-q0010,크랑베르무 장소/학교교실에서 칠판이나 책상보다 창문과 교실 구조가 뚜렷한 실내 배경,complex,58463,2,"fts,mv","{""fts"": 2, ""mv"": 3}","{""background_complex_v2_20260506:fts"": 2, ""background_complex_v2_20260506:mv"": 3}",webdav://13730b09/예비/작품2/대마도학원35시험 소대/보도/교실 낮2.psd,58463_교실 낮2.psd,예비/작품2/대마도학원35시험 소대/보도/교실 낮2.psd,보도,/Users/saintiron/Projects/Imagine/thumbnails/58463_교실 낮2_thumb.png,psd,2724,2006,"An anime-style classroom interior with desks, whiteboard, and purple curtains.","[""classroom"", ""whiteboard"", ""desks"", ""curtains"", ""ceiling lights"", ""windows""]",background,,,,Qwen/Qwen3.5-9B,,,ok,,,,,,,,보도,visual:bg-complex-q0010:58463,diverse_rank=5; source_count=2; visual_group=visual:bg-complex-q0010:58463,,
bg-complex-q0010,크랑베르무 장소/학교교실에서 칠판이나 책상보다 창문과 교실 구조가 뚜렷한 실내 배경,complex,58530,4,mv,"{""mv"": 4}","{""background_complex_v2_20260506:mv"": 4}",webdav://13730b09/예비/작품2/대마도학원35시험 소대/보도/학교 복도 파티 버젼/FD#08_145.psd,58530_FD#08_145.psd,예비/작품2/대마도학원35시험 소대/보도/학교 복도 파티 버젼/FD#08_145.psd,학교 복도 파티 버젼,/Users/saintiron/Projects/Imagine/thumbnails/58530_FD#08_145_thumb.png,psd,2151,1300,"A decorated classroom with balloons, streamers, and a chalkboard.","[""classroom"", ""balloons"", ""streamers"", ""chalkboard"", ""lockers"", ""books"", ""curtains"", ""floor""]",background,,,,Qwen/Qwen3.5-9B,,,ok,,,,,,,,학교 복도 파티 버젼,visual:bg-complex-q0010:58530,diverse_rank=11; source_count=1; visual_group=visual:bg-complex-q0010:58530,,
bg-complex-q0010,크랑베르무 장소/학교교실에서 칠판이나 책상보다 창문과 교실 구조가 뚜렷한 실내 배경,complex,57896,6,mv,"{""mv"": 6}","{""background_complex_v2_20260506:mv"": 6}",webdav://13730b09/예비/작품2/대마도학원35시험 소대/제작회사BG/#2/TM#02_130.psd,57896_TM#02_130.psd,예비/작품2/대마도학원35시험 소대/제작회사BG/#2/TM#02_130.psd,#2,/Users/saintiron/Projects/Imagine/thumbnails/57896_TM#02_130_thumb.png,psd,2113,1263,"An empty classroom with a whiteboard, bookshelf, and wooden floor.","[""classroom"", ""whiteboard"", ""bookshelf"", ""wooden floor"", ""windows"", ""clock"", ""bulletin board"", ""door""]",background,,,,Qwen/Qwen3.5-9B,,,ok,,,,,,,,#2,visual:bg-complex-q0010:57896,diverse_rank=2; source_count=2; visual_group=visual:bg-complex-q0010:57896,,
bg-complex-q0010,크랑베르무 장소/학교교실에서 칠판이나 책상보다 창문과 교실 구조가 뚜렷한 실내 배경,complex,57895,7,vv,"{""vv"": 7}","{""background_complex_v2_20260506:vv"": 7}",webdav://13730b09/예비/작품2/대마도학원35시험 소대/제작회사BG/#2/TM#02_129.psd,57895_TM#02_129.psd,예비/작품2/대마도학원35시험 소대/제작회사BG/#2/TM#02_129.psd,#2,/Users/saintiron/Projects/Imagine/thumbnails/57895_TM#02_129_thumb.png,psd,1668,1186,Blueprint-style illustration of two windows with grid patterns and faint annotations.,"[""windows"", ""blueprint"", ""grid"", ""architecture"", ""sketch"", ""annotation"", ""dark""]",illustration,,,,Qwen/Qwen3.5-9B,,,ok,,,,,,,,#2,visual:bg-complex-q0010:57895,diverse_rank=6; source_count=2; visual_group=visual:bg-complex-q0010:57895,,
bg-complex-q0010,크랑베르무 장소/학교교실에서 칠판이나 책상보다 창문과 교실 구조가 뚜렷한 실내 배경,complex,31471,9,mv,"{""mv"": 9}","{""background_complex_v2_20260506:mv"": 9}",/Users/saintiron/imageDB/마캬베리즈무/실내소품/MM12_164.psd,MM12_164.psd,MM12_164.psd,실내소품,/Users/saintiron/Projects/Imagine/thumbnails/MM12_164_thumb.png,psd,2773,1729,"An anime-style classroom with desks, a chalkboard, and windows showing a bright sky.","[""classroom"", ""desks"", ""chalkboard"", ""windows"", ""anime"", ""furniture"", ""blue"", ""green""]",background,,,,Qwen/Qwen3.5-9B,vision_done,,ok,,,,,,,,실내소품,visual:bg-complex-q0010:31471,diverse_rank=9; source_count=3; visual_group=visual:bg-complex-q0010:31471,,
bg-complex-q0010,크랑베르무 장소/학교교실에서 칠판이나 책상보다 창문과 교실 구조가 뚜렷한 실내 배경,complex,31430,13,mv,"{""mv"": 13}","{""background_complex_v2_20260506:mv"": 13}",/Users/saintiron/imageDB/마캬베리즈무/실내소품/kyoushituB.psd,kyoushituB.psd,kyoushituB.psd,실내소품,/Users/saintiron/Projects/Imagine/thumbnails/kyoushituB_thumb.png,psd,3370,2382,"An empty anime classroom with wooden floors, desks, and large windows.","[""classroom"", ""wooden floor"", ""blackboard"", ""windows"", ""desks"", ""anime"", ""empty"", ""school""]",background,,,,Qwen/Qwen3.5-9B,vision_done,,ok,,,,,,,,실내소품,visual:bg-complex-q0010:31430,diverse_rank=3; source_count=3; visual_group=visual:bg-complex-q0010:31430,,
bg-complex-q0010,크랑베르무 장소/학교교실에서 칠판이나 책상보다 창문과 교실 구조가 뚜렷한 실내 배경,complex,58294,18,vv,"{""vv"": 18}","{""background_complex_v2_20260506:vv"": 18}",webdav://13730b09/예비/작품2/대마도학원35시험 소대/제작회사BG/#1/TM#01_240.psd,58294_TM#01_240.psd,예비/작품2/대마도학원35시험 소대/제작회사BG/#1/TM#01_240.psd,#1,/Users/saintiron/Projects/Imagine/thumbnails/58294_TM#01_240_thumb.png,psd,1678,1187,"Interior scene with windows, walls, and furniture in soft tones.","[""windows"", ""walls"", ""furniture"", ""plant"", ""books"", ""curtain"", ""pillow"", ""indoor""]",illustration,,,,Qwen/Qwen3.5-9B,,,ok,,,,,,,,#1,visual:bg-complex-q0010:58294,diverse_rank=7; source_count=3; visual_group=visual:bg-complex-q0010:58294,,
bg-complex-q0010,크랑베르무 장소/학교교실에서 칠판이나 책상보다 창문과 교실 구조가 뚜렷한 실내 배경,complex,31372,23,vv,"{""vv"": 23}","{""background_complex_v2_20260506:vv"": 23}",/Users/saintiron/imageDB/마캬베리즈무/실내소품/GEN015.psd,GEN015.psd,GEN015.psd,실내소품,/Users/saintiron/Projects/Imagine/thumbnails/GEN015_thumb.png,psd,1314,895,A dimly lit room with bulletin boards and a doorway leading to a brighter space.,"[""bulletin boards"", ""doorway"", ""furniture"", ""concrete walls"", ""dim lighting"", ""indoor space"", ""graffiti"", ""office""]",background,,,,Qwen/Qwen3.5-9B,vision_done,,ok,,,,,,,,실내소품,visual:bg-complex-q0010:31372,diverse_rank=4; source_count=3; visual_group=visual:bg-complex-q0010:31372,,
bg-complex-q0010,크랑베르무 장소/학교교실에서 칠판이나 책상보다 창문과 교실 구조가 뚜렷한 실내 배경,complex,58317,24,mv,"{""mv"": 24}","{""background_complex_v2_20260506:mv"": 24}",webdav://13730b09/예비/작품2/대마도학원35시험 소대/제작회사BG/#1/TM#01_266_268.psd,58317_TM#01_266_268.psd,예비/작품2/대마도학원35시험 소대/제작회사BG/#1/TM#01_266_268.psd,#1,/Users/saintiron/Projects/Imagine/thumbnails/58317_TM#01_266_268_thumb.png,psd,1690,1187,Classroom bulletin board with paper chains hanging from a wooden railing.,"[""bulletin board"", ""paper chains"", ""wooden railing"", ""window"", ""classroom"", ""blue wall"", ""sky view""]",illustration,,,,Qwen/Qwen3.5-9B,,,ok,,,,,,,,#1,visual:bg-complex-q0010:58317,diverse_rank=8; source_count=3; visual_group=visual:bg-complex-q0010:58317,,
bg-complex-q0010,크랑베르무 장소/학교교실에서 칠판이나 책상보다 창문과 교실 구조가 뚜렷한 실내 배경,complex,58183,29,vv,"{""vv"": 29}","{""background_complex_v2_20260506:vv"": 29}",webdav://13730b09/예비/작품2/대마도학원35시험 소대/제작회사BG/#1/TM#01_093.psd,58183_TM#01_093.psd,예비/작품2/대마도학원35시험 소대/제작회사BG/#1/TM#01_093.psd,#1,/Users/saintiron/Projects/Imagine/thumbnails/58183_TM#01_093_thumb.png,psd,1688,1197,A bulletin board with notices next to a wooden door and window.,"[""bulletin board"", ""door"", ""window"", ""paper notices"", ""wooden panel"", ""office interior"", ""Japanese text""]",illustration,,,,Qwen/Qwen3.5-9B,,,ok,,,,,,,,#1,visual:bg-complex-q0010:58183,diverse_rank=10; source_count=3; visual_group=visual:bg-complex-q0010:58183,,
bg-complex-q0010,크랑베르무 장소/학교교실에서 칠판이나 책상보다 창문과 교실 구조가 뚜렷한 실내 배경,complex,28752,34,mv,"{""mv"": 34}","{""background_complex_v2_20260506:mv"": 34}",/Users/saintiron/imageDB/마캬베리즈무/장소/강다외부/agm03_290.psd,agm03_290.psd,agm03_290.psd,강다외부,/Users/saintiron/Projects/Imagine/thumbnails/agm03_290_thumb.png,psd,2316,1630,An empty concrete corridor with pillars and overhead pipes leading to a bright exit.,"[""concrete"", ""pillars"", ""pipes"", ""corridor"", ""architecture"", ""empty"", ""industrial"", ""overhead""]",background,,,,Qwen/Qwen3.5-9B,vision_done,,ok,,,,,,,,강다외부,visual:bg-complex-q0010:28752,diverse_rank=12; source_count=1; visual_group=visual:bg-complex-q0010:28752,,
bg-complex-q0010,크랑베르무 장소/학교교실에서 칠판이나 책상보다 창문과 교실 구조가 뚜렷한 실내 배경,complex,58477,40,mv,"{""mv"": 40}","{""background_complex_v2_20260506:mv"": 40}",webdav://13730b09/예비/작품2/대마도학원35시험 소대/보도/소대 복도.psd,58477_소대 복도.psd,예비/작품2/대마도학원35시험 소대/보도/소대 복도.psd,보도,/Users/saintiron/Projects/Imagine/thumbnails/58477_소대 복도_thumb.png,psd,1664,1238,"Empty school hallway with doors, windows, and tiled flooring.","[""hallway"", ""school"", ""doors"", ""windows"", ""tiled floor"", ""architectural"", ""empty"", ""interior""]",background,,,,Qwen/Qwen3.5-9B,,,ok,,,,,,,,보도,visual:bg-complex-q0010:58477,diverse_rank=13; source_count=2; visual_group=visual:bg-complex-q0010:58477,,
bg-complex-q0010,크랑베르무 장소/학교교실에서 칠판이나 책상보다 창문과 교실 구조가 뚜렷한 실내 배경,complex,57486,44,mv,"{""mv"": 44}","{""background_complex_v2_20260506:mv"": 44}",webdav://13730b09/예비/작품2/대마도학원35시험 소대/제작회사BG/_4/#4/TM#04_074.psd,57486_TM#04_074.psd,예비/작품2/대마도학원35시험 소대/제작회사BG/_4/#4/TM#04_074.psd,#4,/Users/saintiron/Projects/Imagine/thumbnails/57486_TM#04_074_thumb.png,psd,1698,1183,Industrial interior with concrete blocks and structural beams under bright lighting.,"[""concrete"", ""industrial"", ""architecture"", ""beams"", ""blocks"", ""structural"", ""interior"", ""blue""]",background,,,,Qwen/Qwen3.5-9B,,,ok,,,,,,,,#4,visual:bg-complex-q0010:57486,diverse_rank=14; source_count=1; visual_group=visual:bg-complex-q0010:57486,,
bg-complex-q0011,"뱅가드 24 #01/bg에서 현대적인 사무실 구조와 큰 창문, 도시 풍경이 함께 보이는 배경",complex,56898,1,fts,"{""fts"": 1}","{""background_complex_v2_20260506:fts"": 1}",webdav://13730b09/발송/외주 회사/빔 studio/귀인환등초/bg/KGS_01_092.psd,56898_KGS_01_092.psd,발송/외주 회사/빔 studio/귀인환등초/bg/KGS_01_092.psd,bg,/Users/saintiron/Projects/Imagine/thumbnails/56898_KGS_01_092_thumb.png,psd,2400,1700,A traditional Japanese room with sliding doors and faint character outlines.,"[""sliding doors"", ""shoji screen"", ""traditional architecture"", ""character outlines"", ""wooden frame"", ""paper panels"", ""balcony railing"", ""greenery""]",illustration,,,,Qwen/Qwen3.5-9B,,,ok,,,,,,,,bg,visual:bg-complex-q0011:56898,diverse_rank=1; source_count=3; visual_group=visual:bg-complex-q0011:56898,,
bg-complex-q0011,"뱅가드 24 #01/bg에서 현대적인 사무실 구조와 큰 창문, 도시 풍경이 함께 보이는 배경",complex,57440,1,vv,"{""vv"": 1}","{""background_complex_v2_20260506:vv"": 1}",webdav://13730b09/예비/작품2/대마도학원35시험 소대/제작회사BG/건물/TM#04_158.psd,57440_TM#04_158.psd,예비/작품2/대마도학원35시험 소대/제작회사BG/건물/TM#04_158.psd,건물,/Users/saintiron/Projects/Imagine/thumbnails/57440_TM#04_158_thumb.png,psd,1761,1194,Night cityscape viewed through a window with grid lines overlay.,"[""cityscape"", ""night"", ""skyscrapers"", ""window"", ""grid"", ""lights"", ""urban"", ""dark""]",background,,,,Qwen/Qwen3.5-9B,,,ok,,,,,,,,건물,visual:bg-complex-q0011:57440,diverse_rank=5; source_count=1; visual_group=visual:bg-complex-q0011:57440,,
bg-complex-q0011,"뱅가드 24 #01/bg에서 현대적인 사무실 구조와 큰 창문, 도시 풍경이 함께 보이는 배경",complex,56868,2,fts,"{""fts"": 2}","{""background_complex_v2_20260506:fts"": 2}",webdav://13730b09/발송/외주 회사/빔 studio/귀인환등초/0313-re/KGS_01_346_R.psd,56868_KGS_01_346_R.psd,발송/외주 회사/빔 studio/귀인환등초/0313-re/KGS_01_346_R.psd,0313-re,/Users/saintiron/Projects/Imagine/thumbnails/56868_KGS_01_346_R_thumb.png,psd,2339,1653,A translucent figure sits in a traditional Japanese room with sliding doors and tatami mats.,"[""Japanese room"", ""tatami mats"", ""sliding doors"", ""translucent figure"", ""wooden furniture"", ""lantern"", ""kimono"", ""shoji screen""]",illustration,,,,Qwen/Qwen3.5-9B,,,ok,,,,,,,,0313-re,visual:bg-complex-q0011:56868,diverse_rank=9; source_count=1; visual_group=visual:bg-complex-q0011:56868,,
bg-complex-q0011,"뱅가드 24 #01/bg에서 현대적인 사무실 구조와 큰 창문, 도시 풍경이 함께 보이는 배경",complex,31126,6,"mv,vv","{""mv"": 34, ""vv"": 6}","{""background_complex_v2_20260506:mv"": 34, ""background_complex_v2_20260506:vv"": 6}",/Users/saintiron/imageDB/마캬베리즈무/실내소품/081_R.psd,081_R.psd,081_R.psd,실내소품,/Users/saintiron/Projects/Imagine/thumbnails/081_R_thumb.png,psd,2870,2027,Modern observation room with large windows and city view,"[""observation room"", ""windows"", ""cityscape"", ""bench"", ""curved architecture"", ""sky"", ""indoor"", ""modern""]",background,,,,Qwen/Qwen3.5-9B,vision_done,,ok,,,,,,,,실내소품,visual:bg-complex-q0011:56762,diverse_rank=2; source_count=2; visual_group=visual:bg-complex-q0011:56762,,
bg-complex-q0011,"뱅가드 24 #01/bg에서 현대적인 사무실 구조와 큰 창문, 도시 풍경이 함께 보이는 배경",complex,31371,7,vv,"{""vv"": 7}","{""background_complex_v2_20260506:vv"": 7}",/Users/saintiron/imageDB/마캬베리즈무/실내소품/GEN014.psd,GEN014.psd,GEN014.psd,실내소품,/Users/saintiron/Projects/Imagine/thumbnails/GEN014_thumb.png,psd,1415,877,Modern interior view through six window panes showing ceiling and elevator doors.,"[""windows"", ""ceiling"", ""elevator"", ""interior"", ""architecture"", ""lights"", ""metal frame""]",background,,,,Qwen/Qwen3.5-9B,vision_done,,ok,,,,,,,,실내소품,visual:bg-complex-q0011:31371,diverse_rank=6; source_count=2; visual_group=visual:bg-complex-q0011:31371,,
bg-complex-q0011,"뱅가드 24 #01/bg에서 현대적인 사무실 구조와 큰 창문, 도시 풍경이 함께 보이는 배경",complex,58512,7,mv,"{""mv"": 7}","{""background_complex_v2_20260506:mv"": 7}",webdav://13730b09/예비/작품2/대마도학원35시험 소대/보도/학교 낮.psd,58512_학교 낮.psd,예비/작품2/대마도학원35시험 소대/보도/학교 낮.psd,보도,/Users/saintiron/Projects/Imagine/thumbnails/58512_학교 낮_thumb.png,psd,2906,1774,Grand historic building with gardens and modern skyscrapers in background,"[""building"", ""garden"", ""skyscraper"", ""architectural"", ""landscaped"", ""windows"", ""trees"", ""sky""]",illustration,,,,Qwen/Qwen3.5-9B,,,ok,,,,,,,,보도,visual:bg-complex-q0011:58512,diverse_rank=8; source_count=3; visual_group=visual:bg-complex-q0011:58512,,
bg-complex-q0011,"뱅가드 24 #01/bg에서 현대적인 사무실 구조와 큰 창문, 도시 풍경이 함께 보이는 배경",complex,56746,11,"mv,vv","{""mv"": 11, ""vv"": 45}","{""background_complex_v2_20260506:mv"": 11, ""background_complex_v2_20260506:vv"": 45}",webdav://13730b09/발송/외주 회사/빔 studio/메탈#07/bg/MR07_215_BG.psd,56746_MR07_215_BG.psd,발송/외주 회사/빔 studio/메탈#07/bg/MR07_215_BG.psd,bg,/Users/saintiron/Projects/Imagine/thumbnails/56746_MR07_215_BG_thumb.png,psd,1758,1304,A modern architectural interior with large glass windows and steel beams.,"[""architecture"", ""glass"", ""steel"", ""sky"", ""clouds"", ""indoor"", ""modern"", ""structure""]",background,,,,Qwen/Qwen3.5-9B,,,ok,,,,,,,,bg,visual:bg-complex-q0011:56746,diverse_rank=3; source_count=3; visual_group=visual:bg-complex-q0011:56746,,
bg-complex-q0011,"뱅가드 24 #01/bg에서 현대적인 사무실 구조와 큰 창문, 도시 풍경이 함께 보이는 배경",complex,57824,11,vv,"{""vv"": 11}","{""background_complex_v2_20260506:vv"": 11}",webdav://13730b09/예비/작품2/대마도학원35시험 소대/제작회사BG/#2/TM#02_028.psd,57824_TM#02_028.psd,예비/작품2/대마도학원35시험 소대/제작회사BG/#2/TM#02_028.psd,#2,/Users/saintiron/Projects/Imagine/thumbnails/57824_TM#02_028_thumb.png,psd,1979,1176,Dark office interior seen through vertical window bars at night.,"[""office"", ""window"", ""night"", ""bars"", ""interior"", ""darkness"", ""building""]",illustration,,,,Qwen/Qwen3.5-9B,,,ok,,,,,,,,#2,visual:bg-complex-q0011:57824,diverse_rank=7; source_count=2; visual_group=visual:bg-complex-q0011:57824,,
bg-complex-q0011,"뱅가드 24 #01/bg에서 현대적인 사무실 구조와 큰 창문, 도시 풍경이 함께 보이는 배경",complex,58099,15,vv,"{""vv"": 15}","{""background_complex_v2_20260506:vv"": 15}",webdav://13730b09/예비/작품2/대마도학원35시험 소대/제작회사BG/#2/TM#02_368.psd,58099_TM#02_368.psd,예비/작품2/대마도학원35시험 소대/제작회사BG/#2/TM#02_368.psd,#2,/Users/saintiron/Projects/Imagine/thumbnails/58099_TM#02_368_thumb.png,psd,1678,1190,Nighttime cityscape with illuminated skyscrapers viewed through a window frame.,"[""cityscape"", ""night"", ""skyscrapers"", ""windows"", ""urban"", ""darkness"", ""lights""]",background,,,,Qwen/Qwen3.5-9B,,,ok,,,,,,,,#2,visual:bg-complex-q0011:58099,diverse_rank=10; source_count=2; visual_group=visual:bg-complex-q0011:58099,,
bg-complex-q0011,"뱅가드 24 #01/bg에서 현대적인 사무실 구조와 큰 창문, 도시 풍경이 함께 보이는 배경",complex,58315,16,mv,"{""mv"": 16}","{""background_complex_v2_20260506:mv"": 16}",webdav://13730b09/예비/작품2/대마도학원35시험 소대/제작회사BG/#1/TM#01_264.psd,58315_TM#01_264.psd,예비/작품2/대마도학원35시험 소대/제작회사BG/#1/TM#01_264.psd,#1,/Users/saintiron/Projects/Imagine/thumbnails/58315_TM#01_264_thumb.png,psd,1639,1152,"Decorated wall with garland, window, and fan in a room.","[""wall"", ""window"", ""garland"", ""fan"", ""flowers"", ""indoor"", ""decoration"", ""beige""]",background,,,,Qwen/Qwen3.5-9B,,,ok,,,,,,,,#1,visual:bg-complex-q0011:58315,diverse_rank=11; source_count=2; visual_group=visual:bg-complex-q0011:58315,,
bg-complex-q0011,"뱅가드 24 #01/bg에서 현대적인 사무실 구조와 큰 창문, 도시 풍경이 함께 보이는 배경",complex,58206,18,vv,"{""vv"": 18}","{""background_complex_v2_20260506:vv"": 18}",webdav://13730b09/예비/작품2/대마도학원35시험 소대/제작회사BG/#1/TM#01_137.psd,58206_TM#01_137.psd,예비/작품2/대마도학원35시험 소대/제작회사BG/#1/TM#01_137.psd,#1,/Users/saintiron/Projects/Imagine/thumbnails/58206_TM#01_137_thumb.png,psd,1682,1179,Dark room with patterned wallpaper and glowing blue city lights through window,"[""wallpaper"", ""window"", ""city lights"", ""interior"", ""night"", ""urban"", ""dark""]",background,,,,Qwen/Qwen3.5-9B,,,ok,,,,,,,,#1,visual:bg-complex-q0011:58206,diverse_rank=13; source_count=2; visual_group=visual:bg-complex-q0011:58206,,
bg-complex-q0011,"뱅가드 24 #01/bg에서 현대적인 사무실 구조와 큰 창문, 도시 풍경이 함께 보이는 배경",complex,56737,23,mv,"{""mv"": 23}","{""background_complex_v2_20260506:mv"": 23}",webdav://13730b09/발송/외주 회사/빔 studio/메탈#07/bg/MR07_142_BG.psd,56737_MR07_142_BG.psd,발송/외주 회사/빔 studio/메탈#07/bg/MR07_142_BG.psd,bg,/Users/saintiron/Projects/Imagine/thumbnails/56737_MR07_142_BG_thumb.png,psd,5847,1300,Two trees visible through vertical window panes in a bright indoor space.,"[""trees"", ""windows"", ""interior"", ""nature"", ""daylight"", ""modern"", ""panes""]",background,,,,Qwen/Qwen3.5-9B,,,ok,,,,,,,,bg,visual:bg-complex-q0011:56737,diverse_rank=4; source_count=3; visual_group=visual:bg-complex-q0011:56737,,
bg-complex-q0011,"뱅가드 24 #01/bg에서 현대적인 사무실 구조와 큰 창문, 도시 풍경이 함께 보이는 배경",complex,58519,31,mv,"{""mv"": 31}","{""background_complex_v2_20260506:mv"": 31}",webdav://13730b09/예비/작품2/대마도학원35시험 소대/보도/혼데드의 방 밤.psd,58519_혼데드의 방 밤.psd,예비/작품2/대마도학원35시험 소대/보도/혼데드의 방 밤.psd,보도,/Users/saintiron/Projects/Imagine/thumbnails/58519_혼데드의 방 밤_thumb.png,psd,2769,1930,Nighttime office interior with city view and modern furniture,"[""office"", ""night"", ""cityscape"", ""furniture"", ""interior"", ""modern"", ""windows"", ""dark""]",illustration,,,,Qwen/Qwen3.5-9B,,,ok,,,,,,,,보도,visual:bg-complex-q0011:58519,diverse_rank=12; source_count=3; visual_group=visual:bg-complex-q0011:58519,,
bg-complex-q0011,"뱅가드 24 #01/bg에서 현대적인 사무실 구조와 큰 창문, 도시 풍경이 함께 보이는 배경",complex,58479,32,mv,"{""mv"": 32}","{""background_complex_v2_20260506:mv"": 32}",webdav://13730b09/예비/작품2/대마도학원35시험 소대/보도/아르케미스트 본사 사장실 어두운석양.psd,58479_아르케미스트 본사 사장실 어두운석양.psd,예비/작품2/대마도학원35시험 소대/보도/아르케미스트 본사 사장실 어두운석양.psd,보도,/Users/saintiron/Projects/Imagine/thumbnails/58479_아르케미스트 본사 사장실 어두운석양_thumb.png,psd,2674,1994,Sunset view of a modern office with large windows and leather furniture,"[""office"", ""leather sofa"", ""windows"", ""sunset"", ""plants"", ""modern interior"", ""desk"", ""wall shelves""]",background,,,,Qwen/Qwen3.5-9B,,,ok,,,,,,,,보도,visual:bg-complex-q0011:58479,diverse_rank=14; source_count=3; visual_group=visual:bg-complex-q0011:58479,,
bg-complex-q0012,기절용사와 암살공주 장소/호텔실내에서 침대와 창문 또는 조명이 함께 보이는 호텔 방 배경,complex,31669,1,"fts,triaxis","{""fts"": 1, ""triaxis"": 28}","{""background_complex_v2_20260506:fts"": 1, ""background_complex_v2_20260506:triaxis"": 28}",/Users/saintiron/imageDB/마캬베리즈무/실내소품/조명.psd,조명.psd,조명.psd,실내소품,/Users/saintiron/Projects/Imagine/thumbnails/조명_thumb.png,psd,1910,1205,A cozy cafe interior with hanging lights and a red chair.,"[""cafe"", ""interior"", ""hanging lights"", ""red chair"", ""shelves"", ""glass display"", ""signage"", ""modern""]",background,,,,Qwen/Qwen3.5-9B,vision_done,,ok,,,,,,,,실내소품,visual:bg-complex-q0012:31669,diverse_rank=1; source_count=3; visual_group=visual:bg-complex-q0012:31669,,
bg-complex-q0012,기절용사와 암살공주 장소/호텔실내에서 침대와 창문 또는 조명이 함께 보이는 호텔 방 배경,complex,60195,1,mv,"{""mv"": 1}","{""background_complex_v2_20260506:mv"": 1}",webdav://13730b09/예비/마법과고교의 우등생/#11/bg/MKY11_079.psd,60195_MKY11_079.psd,예비/마법과고교의 우등생/#11/bg/MKY11_079.psd,bg,/Users/saintiron/Projects/Imagine/thumbnails/60195_MKY11_079_thumb.png,psd,1977,1317,Hotel room with ghostly figures and warm lighting,"[""ghosts"", ""bed"", ""desk"", ""lamp"", ""window"", ""pillow"", ""chair"", ""night""]",illustration,,,,Qwen/Qwen3.5-9B,,,ok,,,,,,,,bg,visual:bg-complex-q0012:60195,diverse_rank=5; source_count=3; visual_group=visual:bg-complex-q0012:60195,,
bg-complex-q0012,기절용사와 암살공주 장소/호텔실내에서 침대와 창문 또는 조명이 함께 보이는 호텔 방 배경,complex,31119,6,vv,"{""vv"": 6}","{""background_complex_v2_20260506:vv"": 6}",/Users/saintiron/imageDB/마캬베리즈무/실내소품/070_bg_hg25_r.psd,070_bg_hg25_r.psd,070_bg_hg25_r.psd,실내소품,/Users/saintiron/Projects/Imagine/thumbnails/070_bg_hg25_r_thumb.png,psd,1681,1088,"A bedroom with a bed, window, curtains, and hanging decorations.","[""bed"", ""window"", ""curtains"", ""decorations"", ""wall"", ""furniture"", ""bedroom"", ""ornaments""]",background,,,,Qwen/Qwen3.5-9B,vision_done,,ok,,,,,,,,실내소품,visual:bg-complex-q0012:31119,diverse_rank=2; source_count=3; visual_group=visual:bg-complex-q0012:31119,,
bg-complex-q0012,기절용사와 암살공주 장소/호텔실내에서 침대와 창문 또는 조명이 함께 보이는 호텔 방 배경,complex,58480,6,mv,"{""mv"": 6}","{""background_complex_v2_20260506:mv"": 6}",webdav://13730b09/예비/작품2/대마도학원35시험 소대/보도/아르케미스트 제5연구소 객실 라이트꺼짐.psd,58480_아르케미스트 제5연구소 객실 라이트꺼짐.psd,예비/작품2/대마도학원35시험 소대/보도/아르케미스트 제5연구소 객실 라이트꺼짐.psd,보도,/Users/saintiron/Projects/Imagine/thumbnails/58480_아르케미스트 제5연구소 객실 라이트꺼짐_thumb.png,psd,2727,1848,Two views of a dimly lit room with beds and doors,"[""beds"", ""doors"", ""walls"", ""floor"", ""ceiling""]",background,,,,Qwen/Qwen3.5-9B,,,ok,,,,,,,,보도,visual:bg-complex-q0012:58480,diverse_rank=6; source_count=3; visual_group=visual:bg-complex-q0012:58480,,
bg-complex-q0012,기절용사와 암살공주 장소/호텔실내에서 침대와 창문 또는 조명이 함께 보이는 호텔 방 배경,complex,58506,6,"triaxis,vv","{""triaxis"": 6, ""vv"": 36}","{""background_complex_v2_20260506:triaxis"": 6, ""background_complex_v2_20260506:vv"": 36}",webdav://13730b09/예비/작품2/대마도학원35시험 소대/보도/페허도시 러브호텔실내 밤.psd,58506_페허도시 러브호텔실내 밤.psd,예비/작품2/대마도학원35시험 소대/보도/페허도시 러브호텔실내 밤.psd,보도,/Users/saintiron/Projects/Imagine/thumbnails/58506_페허도시 러브호텔실내 밤_thumb.png,psd,2477,1877,"A retro-style hotel room interior with a round bed, red walls, and vintage decor.","[""hotel room"", ""round bed"", ""red walls"", ""ceiling fan"", ""curtains"", ""lamp"", ""nightstand"", ""vintage decor""]",illustration,,,,Qwen/Qwen3.5-9B,,,ok,,,,,,,,보도,visual:bg-complex-q0012:58506,diverse_rank=9; source_count=3; visual_group=visual:bg-complex-q0012:58506,,
bg-complex-q0012,기절용사와 암살공주 장소/호텔실내에서 침대와 창문 또는 조명이 함께 보이는 호텔 방 배경,complex,60207,6,fts,"{""fts"": 6}","{""background_complex_v2_20260506:fts"": 6}",webdav://13730b09/예비/마법과고교의 우등생/#11/bg/MKY11_103.psd,60207_MKY11_103.psd,예비/마법과고교의 우등생/#11/bg/MKY11_103.psd,bg,/Users/saintiron/Projects/Imagine/thumbnails/60207_MKY11_103_thumb.png,psd,1754,1382,A modern building with glowing windows under a starry night sky.,"[""building"", ""night"", ""sky"", ""stars"", ""windows"", ""architecture"", ""lights"", ""clouds""]",background,,,,Qwen/Qwen3.5-9B,,,ok,,,,,,,,bg,visual:bg-complex-q0012:60207,diverse_rank=11; source_count=3; visual_group=visual:bg-complex-q0012:60207,,
bg-complex-q0012,기절용사와 암살공주 장소/호텔실내에서 침대와 창문 또는 조명이 함께 보이는 호텔 방 배경,complex,58446,7,"mv,triaxis,vv","{""mv"": 7, ""triaxis"": 25, ""vv"": 26}","{""background_complex_v2_20260506:mv"": 7, ""background_complex_v2_20260506:triaxis"": 25, ""background_complex_v2_20260506:vv"": 26}",webdav://13730b09/예비/작품2/대마도학원35시험 소대/설정/페허도시 러브호텔실내.jpg,58446_페허도시 러브호텔실내.jpg,예비/작품2/대마도학원35시험 소대/설정/페허도시 러브호텔실내.jpg,설정,/Users/saintiron/Projects/Imagine/thumbnails/58446_페허도시 러브호텔실내_thumb.png,jpg,2866,2024,Sketch of a love hotel room interior with a character and detailed furniture layout,"[""bed"", ""desk"", ""lamp"", ""curtains"", ""character""]",illustration,,,,Qwen/Qwen3.5-9B,,,ok,,,,,,,,설정,visual:bg-complex-q0012:58446,diverse_rank=12; source_count=1; visual_group=visual:bg-complex-q0012:58446,,
bg-complex-q0012,기절용사와 암살공주 장소/호텔실내에서 침대와 창문 또는 조명이 함께 보이는 호텔 방 배경,complex,58246,8,mv,"{""mv"": 8}","{""background_complex_v2_20260506:mv"": 8}",webdav://13730b09/예비/작품2/대마도학원35시험 소대/제작회사BG/#1/TM#01_181.psd,58246_TM#01_181.psd,예비/작품2/대마도학원35시험 소대/제작회사BG/#1/TM#01_181.psd,#1,/Users/saintiron/Projects/Imagine/thumbnails/58246_TM#01_181_thumb.png,psd,1701,1204,Dark interior view of a room with furniture and architectural details.,"[""interior"", ""furniture"", ""architecture"", ""dark"", ""room""]",background,,,,Qwen/Qwen3.5-9B,,,ok,,,,,,,,#1,visual:bg-complex-q0012:58246,diverse_rank=14; source_count=3; visual_group=visual:bg-complex-q0012:58246,,
bg-complex-q0012,기절용사와 암살공주 장소/호텔실내에서 침대와 창문 또는 조명이 함께 보이는 호텔 방 배경,complex,31198,11,vv,"{""vv"": 11}","{""background_complex_v2_20260506:vv"": 11}",/Users/saintiron/imageDB/마캬베리즈무/실내소품/216_bg_Ha05.psd,216_bg_Ha05.psd,216_bg_Ha05.psd,실내소품,/Users/saintiron/Projects/Imagine/thumbnails/216_bg_Ha05_thumb.png,psd,1891,1342,"A bedroom with blue curtains, wooden bed, and wall sconce.","[""bed"", ""curtains"", ""sconce"", ""pillows"", ""wood"", ""blue"", ""gold"", ""wall""]",background,,,,Qwen/Qwen3.5-9B,vision_done,,ok,,,,,,,,실내소품,visual:bg-complex-q0012:31198,diverse_rank=3; source_count=3; visual_group=visual:bg-complex-q0012:31198,,
bg-complex-q0012,기절용사와 암살공주 장소/호텔실내에서 침대와 창문 또는 조명이 함께 보이는 호텔 방 배경,complex,60174,11,mv,"{""mv"": 11}","{""background_complex_v2_20260506:mv"": 11}",webdav://13730b09/예비/마법과고교의 우등생/#11/bg/MKY11_053.psd,60174_MKY11_053.psd,예비/마법과고교의 우등생/#11/bg/MKY11_053.psd,bg,/Users/saintiron/Projects/Imagine/thumbnails/60174_MKY11_053_thumb.png,psd,1773,1241,Anime-style character sits in a warmly lit hotel room at night.,"[""anime character"", ""hotel room"", ""bed"", ""desk"", ""lamp"", ""window"", ""night sky""]",illustration,,,,Qwen/Qwen3.5-9B,,,ok,,,,,,,,bg,visual:bg-complex-q0012:60174,diverse_rank=7; source_count=3; visual_group=visual:bg-complex-q0012:60174,,
bg-complex-q0012,기절용사와 암살공주 장소/호텔실내에서 침대와 창문 또는 조명이 함께 보이는 호텔 방 배경,complex,58507,13,mv,"{""mv"": 13}","{""background_complex_v2_20260506:mv"": 13}",webdav://13730b09/예비/작품2/대마도학원35시험 소대/보도/페허도시 러브호텔외관 밤.psd,58507_페허도시 러브호텔외관 밤.psd,예비/작품2/대마도학원35시험 소대/보도/페허도시 러브호텔외관 밤.psd,보도,/Users/saintiron/Projects/Imagine/thumbnails/58507_페허도시 러브호텔외관 밤_thumb.png,psd,2210,1718,Abandoned hotel exterior at night with scattered debris and dim lighting,"[""abandoned"", ""hotel"", ""night"", ""debris"", ""urban"", ""darkness"", ""buildings"", ""street""]",background,,,,Qwen/Qwen3.5-9B,,,ok,,,,,,,,보도,visual:bg-complex-q0012:57454,diverse_rank=13; source_count=3; visual_group=visual:bg-complex-q0012:57454,,
bg-complex-q0012,기절용사와 암살공주 장소/호텔실내에서 침대와 창문 또는 조명이 함께 보이는 호텔 방 배경,complex,57570,21,mv,"{""mv"": 21}","{""background_complex_v2_20260506:mv"": 21}",webdav://13730b09/예비/작품2/대마도학원35시험 소대/제작회사BG/_4/#4/TM#04_351.psd,57570_TM#04_351.psd,예비/작품2/대마도학원35시험 소대/제작회사BG/_4/#4/TM#04_351.psd,#4,/Users/saintiron/Projects/Imagine/thumbnails/57570_TM#04_351_thumb.png,psd,1664,1210,"Hospital room with bed, window, door, and medical equipment.","[""hospital room"", ""bed"", ""window"", ""door"", ""medical equipment"", ""curtains"", ""flower vase"", ""nightstand""]",illustration,,,,Qwen/Qwen3.5-9B,,,ok,,,,,,,,#4,visual:bg-complex-q0012:57570,diverse_rank=4; source_count=1; visual_group=visual:bg-complex-q0012:57570,,
bg-complex-q0012,기절용사와 암살공주 장소/호텔실내에서 침대와 창문 또는 조명이 함께 보이는 호텔 방 배경,complex,58191,22,mv,"{""mv"": 22}","{""background_complex_v2_20260506:mv"": 22}",webdav://13730b09/예비/작품2/대마도학원35시험 소대/제작회사BG/#1/TM#01_115.psd,58191_TM#01_115.psd,예비/작품2/대마도학원35시험 소대/제작회사BG/#1/TM#01_115.psd,#1,/Users/saintiron/Projects/Imagine/thumbnails/58191_TM#01_115_thumb.png,psd,1670,1173,"Dark room with skeleton, cabinets, and vintage equipment under dim lighting.","[""skeleton"", ""cabinet"", ""vintage equipment"", ""dark room"", ""dim lighting""]",background,,,,Qwen/Qwen3.5-9B,,,ok,,,,,,,,#1,visual:bg-complex-q0012:58191,diverse_rank=8; source_count=3; visual_group=visual:bg-complex-q0012:58191,,
bg-complex-q0012,기절용사와 암살공주 장소/호텔실내에서 침대와 창문 또는 조명이 함께 보이는 호텔 방 배경,complex,58271,22,vv,"{""vv"": 22}","{""background_complex_v2_20260506:vv"": 22}",webdav://13730b09/예비/작품2/대마도학원35시험 소대/제작회사BG/#1/TM#01_213.psd,58271_TM#01_213.psd,예비/작품2/대마도학원35시험 소대/제작회사BG/#1/TM#01_213.psd,#1,/Users/saintiron/Projects/Imagine/thumbnails/58271_TM#01_213_thumb.png,psd,1676,1153,Dark room with patterned wallpaper and blinds covering a window.,"[""blinds"", ""wallpaper"", ""window"", ""ceiling"", ""dark"", ""interior"", ""night""]",background,,,,Qwen/Qwen3.5-9B,,,ok,,,,,,,,#1,visual:bg-complex-q0012:58350,diverse_rank=10; source_count=3; visual_group=visual:bg-complex-q0012:58350,,
bg-complex-q0013,크랑베르무 장소/신사에서 기둥과 지붕 구조가 보이고 숲이나 나무가 둘러싼 야외 배경,complex,56943,1,"fts,triaxis","{""fts"": 1, ""triaxis"": 1}","{""background_complex_v2_20260506:fts"": 1, ""background_complex_v2_20260506:triaxis"": 1}",webdav://13730b09/발송/외주 회사/빔 studio/귀인환등초/bg/KGS_01_148.psd,56943_KGS_01_148.psd,발송/외주 회사/빔 studio/귀인환등초/bg/KGS_01_148.psd,bg,/Users/saintiron/Projects/Imagine/thumbnails/56943_KGS_01_148_thumb.png,psd,2339,1653,"A serene anime-style scene with a tree, blue sky, and green hills.","[""tree"", ""sky"", ""clouds"", ""hills"", ""roof"", ""flowers"", ""grass"", ""wood""]",illustration,,,,Qwen/Qwen3.5-9B,,,ok,,,,,,,,bg,visual:bg-complex-q0013:56943,diverse_rank=1; source_count=3; visual_group=visual:bg-complex-q0013:56943,,
bg-complex-q0013,크랑베르무 장소/신사에서 기둥과 지붕 구조가 보이고 숲이나 나무가 둘러싼 야외 배경,complex,57342,2,"fts,triaxis","{""fts"": 2, ""triaxis"": 16}","{""background_complex_v2_20260506:fts"": 2, ""background_complex_v2_20260506:triaxis"": 16}",webdav://13730b09/예비/작품2/대마도학원35시험 소대/택처/Untitled-1.psd,57342_Untitled-1.psd,예비/작품2/대마도학원35시험 소대/택처/Untitled-1.psd,택처,/Users/saintiron/Projects/Imagine/thumbnails/57342_Untitled-1_thumb.png,psd,1890,1417,"Abstract architectural collage with doors, windows, and wooden panels.","[""doors"", ""windows"", ""wood"", ""architecture"", ""collage"", ""panels"", ""frames""]",illustration,,,,Qwen/Qwen3.5-9B,,,ok,,,,,,,,택처,visual:bg-complex-q0013:57342,diverse_rank=4; source_count=1; visual_group=visual:bg-complex-q0013:57342,,
bg-complex-q0013,크랑베르무 장소/신사에서 기둥과 지붕 구조가 보이고 숲이나 나무가 둘러싼 야외 배경,complex,56819,4,mv,"{""mv"": 4}","{""background_complex_v2_20260506:mv"": 4}",webdav://13730b09/발송/외주 회사/빔 studio/나카무라/re/GNK_04_195_bg_take1_r.psd,56819_GNK_04_195_bg_take1_r.psd,발송/외주 회사/빔 studio/나카무라/re/GNK_04_195_bg_take1_r.psd,re,/Users/saintiron/Projects/Imagine/thumbnails/56819_GNK_04_195_bg_take1_r_thumb.png,psd,3366,1240,A concrete fence with vertical bars in front of a dense green forest.,"[""fence"", ""concrete"", ""forest"", ""trees"", ""greenery"", ""barrier"", ""outdoors""]",background,,,,Qwen/Qwen3.5-9B,,,ok,,,,,,,,re,visual:bg-complex-q0013:56819,diverse_rank=7; source_count=1; visual_group=visual:bg-complex-q0013:56819,,
bg-complex-q0013,크랑베르무 장소/신사에서 기둥과 지붕 구조가 보이고 숲이나 나무가 둘러싼 야외 배경,complex,56972,19,vv,"{""vv"": 19}","{""background_complex_v2_20260506:vv"": 19}",webdav://13730b09/발송/외주 회사/빔 studio/귀인환등초/bg/KGS_01_178_genzu.psd,56972_KGS_01_178_genzu.psd,발송/외주 회사/빔 studio/귀인환등초/bg/KGS_01_178_genzu.psd,bg,/Users/saintiron/Projects/Imagine/thumbnails/56972_KGS_01_178_genzu_thumb.png,psd,2340,1654,Lush green trees under a bright blue sky with a traditional building corner.,"[""trees"", ""sky"", ""clouds"", ""building"", ""roof"", ""leaves"", ""nature"", ""daytime""]",background,,,,Qwen/Qwen3.5-9B,,,ok,,,,,,,,bg,visual:bg-complex-q0013:56972,diverse_rank=2; source_count=3; visual_group=visual:bg-complex-q0013:56972,,
bg-complex-q0013,크랑베르무 장소/신사에서 기둥과 지붕 구조가 보이고 숲이나 나무가 둘러싼 야외 배경,complex,58001,20,mv,"{""mv"": 20}","{""background_complex_v2_20260506:mv"": 20}",webdav://13730b09/예비/작품2/대마도학원35시험 소대/제작회사BG/#2/TM#02_253.psd,58001_TM#02_253.psd,예비/작품2/대마도학원35시험 소대/제작회사BG/#2/TM#02_253.psd,#2,/Users/saintiron/Projects/Imagine/thumbnails/58001_TM#02_253_thumb.png,psd,1674,1182,A wireframe overlay on a dimly lit outdoor scene with trees and a wall.,"[""wireframe"", ""trees"", ""wall"", ""dark"", ""outdoor"", ""blue"", ""overlay"", ""landscape""]",background,,,,Qwen/Qwen3.5-9B,,,ok,,,,,,,,#2,visual:bg-complex-q0013:58001,diverse_rank=5; source_count=3; visual_group=visual:bg-complex-q0013:58001,,
bg-complex-q0013,크랑베르무 장소/신사에서 기둥과 지붕 구조가 보이고 숲이나 나무가 둘러싼 야외 배경,complex,57576,23,mv,"{""mv"": 23}","{""background_complex_v2_20260506:mv"": 23}",webdav://13730b09/예비/작품2/대마도학원35시험 소대/제작회사BG/#3/AT03_002.psd,57576_AT03_002.psd,예비/작품2/대마도학원35시험 소대/제작회사BG/#3/AT03_002.psd,#3,/Users/saintiron/Projects/Imagine/thumbnails/57576_AT03_002_thumb.png,psd,2387,1642,Grand historic building with towers and domes under a blue sky,"[""building"", ""towers"", ""dome"", ""trees"", ""sky"", ""arches"", ""statue"", ""garden""]",illustration,,,,Qwen/Qwen3.5-9B,,,ok,,,,,,,,#3,visual:bg-complex-q0013:57576,diverse_rank=3; source_count=2; visual_group=visual:bg-complex-q0013:57576,,
bg-complex-q0013,크랑베르무 장소/신사에서 기둥과 지붕 구조가 보이고 숲이나 나무가 둘러싼 야외 배경,complex,58046,23,"mv,vv","{""mv"": 47, ""vv"": 23}","{""background_complex_v2_20260506:mv"": 47, ""background_complex_v2_20260506:vv"": 23}",webdav://13730b09/예비/작품2/대마도학원35시험 소대/제작회사BG/#2/TM#02_310.psd,58046_TM#02_310.psd,예비/작품2/대마도학원35시험 소대/제작회사BG/#2/TM#02_310.psd,#2,/Users/saintiron/Projects/Imagine/thumbnails/58046_TM#02_310_thumb.png,psd,1681,1937,"Night scene with archway, trees, and cloudy sky in dark tones.","[""archway"", ""trees"", ""night sky"", ""clouds"", ""dark tones"", ""concrete structure"", ""silhouette""]",illustration,,,,Qwen/Qwen3.5-9B,,,ok,,,,,,,,#2,visual:bg-complex-q0013:58046,diverse_rank=6; source_count=3; visual_group=visual:bg-complex-q0013:58046,,
bg-complex-q0013,크랑베르무 장소/신사에서 기둥과 지붕 구조가 보이고 숲이나 나무가 둘러싼 야외 배경,complex,31409,24,vv,"{""vv"": 24}","{""background_complex_v2_20260506:vv"": 24}",/Users/saintiron/imageDB/마캬베리즈무/실내소품/IC4.5c123.psd,IC4.5c123.psd,IC4.5c123.psd,실내소품,/Users/saintiron/Projects/Imagine/thumbnails/IC4.5c123_thumb.png,psd,1685,1191,A detailed view of ornate metal railings and lamp posts in a lush garden setting.,"[""railings"", ""lamp posts"", ""garden"", ""metalwork"", ""foliage"", ""architecture"", ""ornate"", ""outdoor""]",background,,,,Qwen/Qwen3.5-9B,vision_done,,ok,,,,,,,,실내소품,visual:bg-complex-q0013:31409,diverse_rank=8; source_count=1; visual_group=visual:bg-complex-q0013:31409,,
bg-complex-q0013,크랑베르무 장소/신사에서 기둥과 지붕 구조가 보이고 숲이나 나무가 둘러싼 야외 배경,complex,56824,30,mv,"{""mv"": 30}","{""background_complex_v2_20260506:mv"": 30}",webdav://13730b09/발송/외주 회사/빔 studio/나카무라/bg/GNK_04_197_genzu.psd,56824_GNK_04_197_genzu.psd,발송/외주 회사/빔 studio/나카무라/bg/GNK_04_197_genzu.psd,bg,/Users/saintiron/Projects/Imagine/thumbnails/56824_GNK_04_197_genzu_thumb.png,psd,3138,1492,A metal fence between brick pillars with green trees in the background.,"[""fence"", ""brick"", ""trees"", ""metal"", ""wall"", ""nature"", ""outdoor"", ""green""]",background,,,,Qwen/Qwen3.5-9B,,,ok,,,,,,,,bg,visual:bg-complex-q0013:56824,diverse_rank=9; source_count=3; visual_group=visual:bg-complex-q0013:56824,,
bg-complex-q0013,크랑베르무 장소/신사에서 기둥과 지붕 구조가 보이고 숲이나 나무가 둘러싼 야외 배경,complex,58028,34,mv,"{""mv"": 34}","{""background_complex_v2_20260506:mv"": 34}",webdav://13730b09/예비/작품2/대마도학원35시험 소대/제작회사BG/#2/TM#02_280.psd,58028_TM#02_280.psd,예비/작품2/대마도학원35시험 소대/제작회사BG/#2/TM#02_280.psd,#2,/Users/saintiron/Projects/Imagine/thumbnails/58028_TM#02_280_thumb.png,psd,1668,1186,"Dark, ruined landscape with twisted metal and a large vertical structure.","[""ruins"", ""metal"", ""dark"", ""structure"", ""debris"", ""post-apocalyptic"", ""silhouette""]",background,,,,Qwen/Qwen3.5-9B,,,ok,,,,,,,,#2,visual:bg-complex-q0013:58028,diverse_rank=10; source_count=3; visual_group=visual:bg-complex-q0013:58028,,
bg-complex-q0013,크랑베르무 장소/신사에서 기둥과 지붕 구조가 보이고 숲이나 나무가 둘러싼 야외 배경,complex,57358,38,mv,"{""mv"": 38}","{""background_complex_v2_20260506:mv"": 38}",webdav://13730b09/예비/작품2/대마도학원35시험 소대/제작회사BG/건물/AT03_108BR.psd,57358_AT03_108BR.psd,예비/작품2/대마도학원35시험 소대/제작회사BG/건물/AT03_108BR.psd,건물,/Users/saintiron/Projects/Imagine/thumbnails/57358_AT03_108BR_thumb.png,psd,2338,1653,"A stone wall with a fence, trash bin, and city skyline in the background.","[""stone wall"", ""fence"", ""trash bin"", ""city skyline"", ""grass"", ""trees"", ""blue sky"", ""clouds""]",background,,,,Qwen/Qwen3.5-9B,,,ok,,,,,,,,건물,visual:bg-complex-q0013:57358,diverse_rank=11; source_count=1; visual_group=visual:bg-complex-q0013:57358,,
bg-complex-q0013,크랑베르무 장소/신사에서 기둥과 지붕 구조가 보이고 숲이나 나무가 둘러싼 야외 배경,complex,57746,42,mv,"{""mv"": 42}","{""background_complex_v2_20260506:mv"": 42}",webdav://13730b09/예비/작품2/대마도학원35시험 소대/제작회사BG/#3/AT03_213.psd,57746_AT03_213.psd,예비/작품2/대마도학원35시험 소대/제작회사BG/#3/AT03_213.psd,#3,/Users/saintiron/Projects/Imagine/thumbnails/57746_AT03_213_thumb.png,psd,1699,1456,A grand castle with four towers stands before a modern city skyline.,"[""castle"", ""towers"", ""skyline"", ""fence"", ""tents"", ""archway"", ""lamp"", ""clouds""]",illustration,,,,Qwen/Qwen3.5-9B,,,ok,,,,,,,,#3,visual:bg-complex-q0013:57746,diverse_rank=12; source_count=2; visual_group=visual:bg-complex-q0013:57746,,
bg-complex-q0014,작품 쫑 후시 장소/마법창고에서 어두운 실내와 선반 또는 상자가 함께 보이는 창고 배경,complex,58283,1,mv,"{""mv"": 1}","{""background_complex_v2_20260506:mv"": 1}",webdav://13730b09/예비/작품2/대마도학원35시험 소대/제작회사BG/#1/TM#01_227.psd,58283_TM#01_227.psd,예비/작품2/대마도학원35시험 소대/제작회사BG/#1/TM#01_227.psd,#1,/Users/saintiron/Projects/Imagine/thumbnails/58283_TM#01_227_thumb.png,psd,1670,1183,Dark room with minimal visible furniture and shadowy background.,"[""dark"", ""shadow"", ""interior"", ""furniture"", ""wall"", ""low light"", ""blurry""]",background,,,,Qwen/Qwen3.5-9B,,,ok,,,,,,,,#1,visual:bg-complex-q0014:58283,diverse_rank=1; source_count=3; visual_group=visual:bg-complex-q0014:58283,,
bg-complex-q0014,작품 쫑 후시 장소/마법창고에서 어두운 실내와 선반 또는 상자가 함께 보이는 창고 배경,complex,58274,6,mv,"{""mv"": 6}","{""background_complex_v2_20260506:mv"": 6}",webdav://13730b09/예비/작품2/대마도학원35시험 소대/제작회사BG/#1/TM#01_216.psd,58274_TM#01_216.psd,예비/작품2/대마도학원35시험 소대/제작회사BG/#1/TM#01_216.psd,#1,/Users/saintiron/Projects/Imagine/thumbnails/58274_TM#01_216_thumb.png,psd,1676,1153,Dark interior with glowing blue shelves and a large cabinet.,"[""shelves"", ""cabinet"", ""dark"", ""blue"", ""interior""]",background,,,,Qwen/Qwen3.5-9B,,,ok,,,,,,,,#1,visual:bg-complex-q0014:58274,diverse_rank=2; source_count=3; visual_group=visual:bg-complex-q0014:58274,,
bg-complex-q0014,작품 쫑 후시 장소/마법창고에서 어두운 실내와 선반 또는 상자가 함께 보이는 창고 배경,complex,31487,7,mv,"{""mv"": 7}","{""background_complex_v2_20260506:mv"": 7}",/Users/saintiron/imageDB/마캬베리즈무/실내소품/noir-iro2.psd,noir-iro2.psd,noir-iro2.psd,실내소품,/Users/saintiron/Projects/Imagine/thumbnails/noir-iro2_thumb.png,psd,1685,1191,A dimly lit chocolate shop interior with vintage furniture and warm tones.,"[""chocolate shop"", ""vintage furniture"", ""dark wood"", ""glass display"", ""cupcakes"", ""potted plant"", ""shelves"", ""warm lighting""]",background,,,,Qwen/Qwen3.5-9B,vision_done,,ok,,,,,,,,실내소품,visual:bg-complex-q0014:31487,diverse_rank=5; source_count=3; visual_group=visual:bg-complex-q0014:31487,,
bg-complex-q0014,작품 쫑 후시 장소/마법창고에서 어두운 실내와 선반 또는 상자가 함께 보이는 창고 배경,complex,58224,11,mv,"{""mv"": 11}","{""background_complex_v2_20260506:mv"": 11}",webdav://13730b09/예비/작품2/대마도학원35시험 소대/제작회사BG/#1/TM#01_158.psd,58224_TM#01_158.psd,예비/작품2/대마도학원35시험 소대/제작회사BG/#1/TM#01_158.psd,#1,/Users/saintiron/Projects/Imagine/thumbnails/58224_TM#01_158_thumb.png,psd,1670,1187,"Dimly lit interior with shelves, counter, and patterned walls.","[""shelves"", ""counter"", ""patterned walls"", ""ceiling light"", ""dark interior"", ""indoor space"", ""furniture"", ""signage""]",background,,,,Qwen/Qwen3.5-9B,,,ok,,,,,,,,#1,visual:bg-complex-q0014:58244,diverse_rank=3; source_count=3; visual_group=visual:bg-complex-q0014:58244,,
bg-complex-q0014,작품 쫑 후시 장소/마법창고에서 어두운 실내와 선반 또는 상자가 함께 보이는 창고 배경,complex,31600,21,mv,"{""mv"": 21}","{""background_complex_v2_20260506:mv"": 21}",/Users/saintiron/imageDB/마캬베리즈무/실내소품/TH_201.psd,TH_201.psd,TH_201.psd,실내소품,/Users/saintiron/Projects/Imagine/thumbnails/TH_201_thumb.png,psd,1701,1361,Modern bar interior with shelves of bottles and warm ambient lighting.,"[""bar"", ""shelves"", ""bottles"", ""wood"", ""lighting"", ""interior"", ""modern""]",background,,,,Qwen/Qwen3.5-9B,vision_done,,ok,,,,,,,,실내소품,visual:bg-complex-q0014:31600,diverse_rank=4; source_count=3; visual_group=visual:bg-complex-q0014:31600,,
bg-complex-q0014,작품 쫑 후시 장소/마법창고에서 어두운 실내와 선반 또는 상자가 함께 보이는 창고 배경,complex,57460,22,mv,"{""mv"": 22}","{""background_complex_v2_20260506:mv"": 22}",webdav://13730b09/예비/작품2/대마도학원35시험 소대/제작회사BG/_4/#4/TM#04_006.psd,57460_TM#04_006.psd,예비/작품2/대마도학원35시험 소대/제작회사BG/_4/#4/TM#04_006.psd,#4,/Users/saintiron/Projects/Imagine/thumbnails/57460_TM#04_006_thumb.png,psd,1678,1193,Empty shelves with red and white stripes in a dimly lit room.,"[""shelves"", ""stripes"", ""red"", ""white"", ""wood"", ""dark"", ""interior""]",background,,,,Qwen/Qwen3.5-9B,,,ok,,,,,,,,#4,visual:bg-complex-q0014:31579,diverse_rank=6; source_count=1; visual_group=visual:bg-complex-q0014:31579,,
bg-complex-q0014,작품 쫑 후시 장소/마법창고에서 어두운 실내와 선반 또는 상자가 함께 보이는 창고 배경,complex,31580,23,vv,"{""vv"": 23}","{""background_complex_v2_20260506:vv"": 23}",/Users/saintiron/imageDB/마캬베리즈무/실내소품/SM13_012.psd,SM13_012.psd,SM13_012.psd,실내소품,/Users/saintiron/Projects/Imagine/thumbnails/SM13_012_thumb.png,psd,1683,1192,"A dimly lit bakery display with shelves of jars, boxes, and pastries.","[""bakery"", ""shelves"", ""jars"", ""pastries"", ""boxes"", ""dim lighting"", ""indoor"", ""display""]",background,,,,Qwen/Qwen3.5-9B,vision_done,,ok,,,,,,,,실내소품,visual:bg-complex-q0014:31580,diverse_rank=7; source_count=3; visual_group=visual:bg-complex-q0014:31580,,
bg-complex-q0014,작품 쫑 후시 장소/마법창고에서 어두운 실내와 선반 또는 상자가 함께 보이는 창고 배경,complex,57389,27,mv,"{""mv"": 27}","{""background_complex_v2_20260506:mv"": 27}",webdav://13730b09/예비/작품2/대마도학원35시험 소대/제작회사BG/건물/TM#01_106.psd,57389_TM#01_106.psd,예비/작품2/대마도학원35시험 소대/제작회사BG/건물/TM#01_106.psd,건물,/Users/saintiron/Projects/Imagine/thumbnails/57389_TM#01_106_thumb.png,psd,2347,1649,"Dark, dimly lit staircase in a shadowy interior space.","[""staircase"", ""interior"", ""dark"", ""concrete"", ""shadow"", ""wall"", ""railing""]",background,,,,Qwen/Qwen3.5-9B,,,ok,,,,,,,,건물,visual:bg-complex-q0014:57389,diverse_rank=8; source_count=1; visual_group=visual:bg-complex-q0014:57389,,
bg-complex-q0014,작품 쫑 후시 장소/마법창고에서 어두운 실내와 선반 또는 상자가 함께 보이는 창고 배경,complex,57880,50,mv,"{""mv"": 50}","{""background_complex_v2_20260506:mv"": 50}",webdav://13730b09/예비/작품2/대마도학원35시험 소대/제작회사BG/#2/TM#02_088.psd,57880_TM#02_088.psd,예비/작품2/대마도학원35시험 소대/제작회사BG/#2/TM#02_088.psd,#2,/Users/saintiron/Projects/Imagine/thumbnails/57880_TM#02_088_thumb.png,psd,1668,1173,A spotlight illuminates a wooden floor with faint sketches and markings.,"[""spotlight"", ""wooden floor"", ""sketches"", ""dark background"", ""floorboards"", ""drawings"", ""light beam""]",illustration,,,,Qwen/Qwen3.5-9B,,,ok,,,,,,,,#2,visual:bg-complex-q0014:57880,diverse_rank=9; source_count=1; visual_group=visual:bg-complex-q0014:57880,,
bg-complex-q0015,사카모토 bg에서 도로와 건물 외관이 함께 보이고 도시 골목 느낌이 나는 배경,complex,57451,1,fts,"{""fts"": 1}","{""background_complex_v2_20260506:fts"": 1}",webdav://13730b09/예비/작품2/대마도학원35시험 소대/제작회사BG/건물/타케루의 집 외관.psd,57451_타케루의 집 외관.psd,예비/작품2/대마도학원35시험 소대/제작회사BG/건물/타케루의 집 외관.psd,건물,/Users/saintiron/Projects/Imagine/thumbnails/57451_타케루의 집 외관_thumb.png,psd,2774,1951,Night view of a traditional Japanese house with modern apartment buildings in the background.,"[""night"", ""traditional house"", ""apartment buildings"", ""streetlights"", ""power lines"", ""urban"", ""residential""]",illustration,,,,Qwen/Qwen3.5-9B,,,ok,,,,,,,,건물,visual:bg-complex-q0015:57451,diverse_rank=1; source_count=3; visual_group=visual:bg-complex-q0015:57451,,
bg-complex-q0015,사카모토 bg에서 도로와 건물 외관이 함께 보이고 도시 골목 느낌이 나는 배경,complex,58432,4,fts,"{""fts"": 4}","{""background_complex_v2_20260506:fts"": 4}",webdav://13730b09/예비/작품2/대마도학원35시험 소대/설정/콜로세움 외관.jpg,58432_콜로세움 외관.jpg,예비/작품2/대마도학원35시험 소대/설정/콜로세움 외관.jpg,설정,/Users/saintiron/Projects/Imagine/thumbnails/58432_콜로세움 외관_thumb.png,jpg,2873,1984,Line art of a fantasy castle and barracks with detailed architecture,"[""castle"", ""barracks"", ""line art"", ""architecture"", ""fantasy"", ""sketch"", ""building""]",illustration,,,,Qwen/Qwen3.5-9B,,,ok,,,,,,,,설정,visual:bg-complex-q0015:58432,diverse_rank=10; source_count=3; visual_group=visual:bg-complex-q0015:58432,,
bg-complex-q0015,사카모토 bg에서 도로와 건물 외관이 함께 보이고 도시 골목 느낌이 나는 배경,complex,58407,6,fts,"{""fts"": 6}","{""background_complex_v2_20260506:fts"": 6}",webdav://13730b09/예비/작품2/대마도학원35시험 소대/설정/병원 외관.jpg,58407_병원 외관.jpg,예비/작품2/대마도학원35시험 소대/설정/병원 외관.jpg,설정,/Users/saintiron/Projects/Imagine/thumbnails/58407_병원 외관_thumb.png,jpg,2912,2056,Line drawing of a large building with arched windows and a person standing outside.,"[""building"", ""windows"", ""person"", ""stairs"", ""trees"", ""roof"", ""arches"", ""line art""]",illustration,,,,Qwen/Qwen3.5-9B,,,ok,,,,,,,,설정,visual:bg-complex-q0015:58407,diverse_rank=2; source_count=3; visual_group=visual:bg-complex-q0015:58407,,
bg-complex-q0015,사카모토 bg에서 도로와 건물 외관이 함께 보이고 도시 골목 느낌이 나는 배경,complex,57912,7,mv,"{""mv"": 7}","{""background_complex_v2_20260506:mv"": 7}",webdav://13730b09/예비/작품2/대마도학원35시험 소대/제작회사BG/#2/TM#02_151.psd,57912_TM#02_151.psd,예비/작품2/대마도학원35시험 소대/제작회사BG/#2/TM#02_151.psd,#2,/Users/saintiron/Projects/Imagine/thumbnails/57912_TM#02_151_thumb.png,psd,2386,1674,"Dark, moody night scene of a grand building with trees and streetlamps.","[""building"", ""trees"", ""streetlamps"", ""night"", ""architecture""]",background,,,,Qwen/Qwen3.5-9B,,,ok,,,,,,,,#2,visual:bg-complex-q0015:57912,diverse_rank=5; source_count=2; visual_group=visual:bg-complex-q0015:57912,,
bg-complex-q0015,사카모토 bg에서 도로와 건물 외관이 함께 보이고 도시 골목 느낌이 나는 배경,complex,58410,7,fts,"{""fts"": 7}","{""background_complex_v2_20260506:fts"": 7}",webdav://13730b09/예비/작품2/대마도학원35시험 소대/설정/사이온지 집 외관.jpg,58410_사이온지 집 외관.jpg,예비/작품2/대마도학원35시험 소대/설정/사이온지 집 외관.jpg,설정,/Users/saintiron/Projects/Imagine/thumbnails/58410_사이온지 집 외관_thumb.png,jpg,2866,2024,Line drawing of a large traditional-style house with garden and trees.,"[""house"", ""garden"", ""trees"", ""windows"", ""roof"", ""balcony"", ""line drawing""]",illustration,,,,Qwen/Qwen3.5-9B,,,ok,,,,,,,,설정,visual:bg-complex-q0015:58410,diverse_rank=8; source_count=3; visual_group=visual:bg-complex-q0015:58410,,
bg-complex-q0015,사카모토 bg에서 도로와 건물 외관이 함께 보이고 도시 골목 느낌이 나는 배경,complex,58498,10,"fts,mv","{""fts"": 10, ""mv"": 36}","{""background_complex_v2_20260506:fts"": 10, ""background_complex_v2_20260506:mv"": 36}",webdav://13730b09/예비/작품2/대마도학원35시험 소대/보도/타케루의 집 외관 어두운석양.psd,58498_타케루의 집 외관 어두운석양.psd,예비/작품2/대마도학원35시험 소대/보도/타케루의 집 외관 어두운석양.psd,보도,/Users/saintiron/Projects/Imagine/thumbnails/58498_타케루의 집 외관 어두운석양_thumb.png,psd,2770,1955,Sunset view of a traditional Japanese house with modern buildings in the background.,"[""Japanese house"", ""modern buildings"", ""sunset"", ""street"", ""power lines"", ""trees"", ""fences"", ""road""]",illustration,,,,Qwen/Qwen3.5-9B,,,ok,,,,,,,,보도,visual:bg-complex-q0015:57450,diverse_rank=12; source_count=3; visual_group=visual:bg-complex-q0015:57450,,
bg-complex-q0015,사카모토 bg에서 도로와 건물 외관이 함께 보이고 도시 골목 느낌이 나는 배경,complex,58497,11,fts,"{""fts"": 11}","{""background_complex_v2_20260506:fts"": 11}",webdav://13730b09/예비/작품2/대마도학원35시험 소대/보도/타케루의 집 외관 낮.psd,58497_타케루의 집 외관 낮.psd,예비/작품2/대마도학원35시험 소대/보도/타케루의 집 외관 낮.psd,보도,/Users/saintiron/Projects/Imagine/thumbnails/58497_타케루의 집 외관 낮_thumb.png,psd,2768,1951,A street scene with a weathered two-story building and modern high-rises in the background.,"[""street"", ""building"", ""sky"", ""power lines"", ""road"", ""trees"", ""fence"", ""signboard""]",illustration,,,,Qwen/Qwen3.5-9B,,,ok,,,,,,,,보도,visual:bg-complex-q0015:57449,diverse_rank=3; source_count=3; visual_group=visual:bg-complex-q0015:57449,,
bg-complex-q0015,사카모토 bg에서 도로와 건물 외관이 함께 보이고 도시 골목 느낌이 나는 배경,complex,56936,12,fts,"{""fts"": 12}","{""background_complex_v2_20260506:fts"": 12}",webdav://13730b09/발송/외주 회사/빔 studio/귀인환등초/bg/KGS_01_155.psd,56936_KGS_01_155.psd,발송/외주 회사/빔 studio/귀인환등초/bg/KGS_01_155.psd,bg,/Users/saintiron/Projects/Imagine/thumbnails/56936_KGS_01_155_thumb.png,psd,2339,1653,Anime-style character sketch overlaid on a lush outdoor landscape with trees and sky.,"[""anime"", ""character"", ""sketch"", ""landscape"", ""trees"", ""sky"", ""overlay""]",illustration,,,,Qwen/Qwen3.5-9B,,,ok,,,,,,,,bg,visual:bg-complex-q0015:56936,diverse_rank=6; source_count=3; visual_group=visual:bg-complex-q0015:56936,,
bg-complex-q0015,사카모토 bg에서 도로와 건물 외관이 함께 보이고 도시 골목 느낌이 나는 배경,complex,58476,13,fts,"{""fts"": 13}","{""background_complex_v2_20260506:fts"": 13}",webdav://13730b09/예비/작품2/대마도학원35시험 소대/보도/사이온지 집 외관 아침.psd,58476_사이온지 집 외관 아침.psd,예비/작품2/대마도학원35시험 소대/보도/사이온지 집 외관 아침.psd,보도,/Users/saintiron/Projects/Imagine/thumbnails/58476_사이온지 집 외관 아침_thumb.png,psd,2866,2024,A grand white mansion with green shutters set in a lush garden under a bright sky.,"[""mansion"", ""garden"", ""windows"", ""shutters"", ""trees"", ""fountain"", ""sky""]",background,,,,Qwen/Qwen3.5-9B,,,ok,,,,,,,,보도,visual:bg-complex-q0015:58476,diverse_rank=9; source_count=3; visual_group=visual:bg-complex-q0015:58476,,
bg-complex-q0015,사카모토 bg에서 도로와 건물 외관이 함께 보이고 도시 골목 느낌이 나는 배경,complex,56974,14,fts,"{""fts"": 14}","{""background_complex_v2_20260506:fts"": 14}",webdav://13730b09/발송/외주 회사/빔 studio/귀인환등초/bg/KGS_01_339_R.psd,56974_KGS_01_339_R.psd,발송/외주 회사/빔 studio/귀인환등초/bg/KGS_01_339_R.psd,bg,/Users/saintiron/Projects/Imagine/thumbnails/56974_KGS_01_339_R_thumb.png,psd,2339,1653,A sketch of a girl looking through a window with layered lines.,"[""girl"", ""window"", ""sketch"", ""lines"", ""reflection""]",illustration,,,,Qwen/Qwen3.5-9B,,,ok,,,,,,,,bg,visual:bg-complex-q0015:56974,diverse_rank=11; source_count=3; visual_group=visual:bg-complex-q0015:56974,,
bg-complex-q0015,사카모토 bg에서 도로와 건물 외관이 함께 보이고 도시 골목 느낌이 나는 배경,complex,56814,16,mv,"{""mv"": 16}","{""background_complex_v2_20260506:mv"": 16}",webdav://13730b09/발송/외주 회사/빔 studio/메탈#07/bg/MR07_045_BG.psd,56814_MR07_045_BG.psd,발송/외주 회사/빔 studio/메탈#07/bg/MR07_045_BG.psd,bg,/Users/saintiron/Projects/Imagine/thumbnails/56814_MR07_045_BG_thumb.png,psd,1756,1308,Modern urban walkway with railings and colorful building facades,"[""walkway"", ""railings"", ""buildings"", ""urban"", ""modern"", ""architecture"", ""stairs"", ""glass""]",background,,,,Qwen/Qwen3.5-9B,,,ok,,,,,,,,bg,visual:bg-complex-q0015:56814,diverse_rank=13; source_count=3; visual_group=visual:bg-complex-q0015:56814,,
bg-complex-q0015,사카모토 bg에서 도로와 건물 외관이 함께 보이고 도시 골목 느낌이 나는 배경,complex,57397,21,fts,"{""fts"": 21}","{""background_complex_v2_20260506:fts"": 21}",webdav://13730b09/예비/작품2/대마도학원35시험 소대/제작회사BG/건물/TM#01_127.psd,57397_TM#01_127.psd,예비/작품2/대마도학원35시험 소대/제작회사BG/건물/TM#01_127.psd,건물,/Users/saintiron/Projects/Imagine/thumbnails/57397_TM#01_127_thumb.png,psd,2316,1643,Nighttime cityscape with illuminated windows under a cloudy sky.,"[""cityscape"", ""night"", ""buildings"", ""windows"", ""clouds"", ""sky"", ""urban""]",illustration,,,,Qwen/Qwen3.5-9B,,,ok,,,,,,,,건물,visual:bg-complex-q0015:57388,diverse_rank=4; source_count=3; visual_group=visual:bg-complex-q0015:57388,,
bg-complex-q0015,사카모토 bg에서 도로와 건물 외관이 함께 보이고 도시 골목 느낌이 나는 배경,complex,57401,22,fts,"{""fts"": 22}","{""background_complex_v2_20260506:fts"": 22}",webdav://13730b09/예비/작품2/대마도학원35시험 소대/제작회사BG/건물/TM#01_232.psd,57401_TM#01_232.psd,예비/작품2/대마도학원35시험 소대/제작회사BG/건물/TM#01_232.psd,건물,/Users/saintiron/Projects/Imagine/thumbnails/57401_TM#01_232_thumb.png,psd,2329,1638,Nighttime cityscape with modern buildings under a starry sky.,"[""night"", ""buildings"", ""sky"", ""stars"", ""clouds"", ""urban"", ""architecture""]",background,,,,Qwen/Qwen3.5-9B,,,ok,,,,,,,,건물,visual:bg-complex-q0015:57401,diverse_rank=7; source_count=3; visual_group=visual:bg-complex-q0015:57401,,
bg-complex-q0015,사카모토 bg에서 도로와 건물 외관이 함께 보이고 도시 골목 느낌이 나는 배경,complex,58054,45,mv,"{""mv"": 45}","{""background_complex_v2_20260506:mv"": 45}",webdav://13730b09/예비/작품2/대마도학원35시험 소대/제작회사BG/#2/TM#02_320.psd,58054_TM#02_320.psd,예비/작품2/대마도학원35시험 소대/제작회사BG/#2/TM#02_320.psd,#2,/Users/saintiron/Projects/Imagine/thumbnails/58054_TM#02_320_thumb.png,psd,1674,1182,Nighttime view of a grand building with trees and streetlights.,"[""building"", ""trees"", ""streetlights"", ""fence"", ""night"", ""architecture"", ""pathway"", ""lamp""]",background,,,,Qwen/Qwen3.5-9B,,,ok,,,,,,,,#2,visual:bg-complex-q0015:58054,diverse_rank=14; source_count=2; visual_group=visual:bg-complex-q0015:58054,,
bg-complex-q0016,켄신 자료에서 목조 교량이나 강이 보이고 전통 건축 분위기가 함께 있는 배경,complex,60273,1,fts,"{""fts"": 1}","{""background_complex_v2_20260506:fts"": 1}",webdav://13730b09/예비/마법과고교의 우등생/#11/bg/MKY11_245.psd,60273_MKY11_245.psd,예비/마법과고교의 우등생/#11/bg/MKY11_245.psd,bg,/Users/saintiron/Projects/Imagine/thumbnails/60273_MKY11_245_thumb.png,psd,1863,1293,Grassy field with a faint overlay of a character's face.,"[""grass"", ""field"", ""overlay"", ""face"", ""nature""]",background,,,,Qwen/Qwen3.5-9B,,,ok,,,,,,,,bg,visual:bg-complex-q0016:60273,diverse_rank=1; source_count=3; visual_group=visual:bg-complex-q0016:60273,,
bg-complex-q0016,켄신 자료에서 목조 교량이나 강이 보이고 전통 건축 분위기가 함께 있는 배경,complex,56900,7,mv,"{""mv"": 7}","{""background_complex_v2_20260506:mv"": 7}",webdav://13730b09/발송/외주 회사/빔 studio/귀인환등초/bg/KGS_01_096.psd,56900_KGS_01_096.psd,발송/외주 회사/빔 studio/귀인환등초/bg/KGS_01_096.psd,bg,/Users/saintiron/Projects/Imagine/thumbnails/56900_KGS_01_096_thumb.png,psd,2401,1701,Traditional Japanese-style building with sliding doors and a flowering tree.,"[""Japanese architecture"", ""sliding doors"", ""flowering tree"", ""wooden beams"", ""shoji screens"", ""green leaves"", ""red flowers"", ""thatched roof""]",illustration,,,,Qwen/Qwen3.5-9B,,,ok,,,,,,,,bg,visual:bg-complex-q0016:56900,diverse_rank=2; source_count=3; visual_group=visual:bg-complex-q0016:56900,,
bg-complex-q0016,켄신 자료에서 목조 교량이나 강이 보이고 전통 건축 분위기가 함께 있는 배경,complex,56686,11,mv,"{""mv"": 11}","{""background_complex_v2_20260506:mv"": 11}",webdav://13730b09/발송/외주 회사/빔 studio/산다/bg/SAN_09_025_BG.psd,56686_SAN_09_025_BG.psd,발송/외주 회사/빔 studio/산다/bg/SAN_09_025_BG.psd,bg,/Users/saintiron/Projects/Imagine/thumbnails/56686_SAN_09_025_BG_thumb.png,psd,1817,1240,"Traditional Japanese room with shoji screens, tatami mats, and a bonsai tree.","[""shoji screens"", ""tatami mats"", ""bonsai tree"", ""wooden beams"", ""paper doors"", ""traditional architecture"", ""indoor scene"", ""anime background""]",background,,,,Qwen/Qwen3.5-9B,,,ok,,,,,,,,bg,visual:bg-complex-q0016:56686,diverse_rank=3; source_count=3; visual_group=visual:bg-complex-q0016:56686,,
bg-complex-q0016,켄신 자료에서 목조 교량이나 강이 보이고 전통 건축 분위기가 함께 있는 배경,complex,57450,12,mv,"{""mv"": 12}","{""background_complex_v2_20260506:mv"": 12}",webdav://13730b09/예비/작품2/대마도학원35시험 소대/제작회사BG/건물/타케루의 집 외관 어두운석양.psd,57450_타케루의 집 외관 어두운석양.psd,예비/작품2/대마도학원35시험 소대/제작회사BG/건물/타케루의 집 외관 어두운석양.psd,건물,/Users/saintiron/Projects/Imagine/thumbnails/57450_타케루의 집 외관 어두운석양_thumb.png,psd,2770,1955,Sunset view of a traditional Japanese house with modern buildings in background,"[""traditional house"", ""modern buildings"", ""sunset"", ""street"", ""power lines"", ""residential area"", ""urban landscape"", ""Japanese architecture""]",illustration,,,,Qwen/Qwen3.5-9B,,,ok,,,,,,,,건물,visual:bg-complex-q0016:57450,diverse_rank=5; source_count=1; visual_group=visual:bg-complex-q0016:57450,,
bg-complex-q0016,켄신 자료에서 목조 교량이나 강이 보이고 전통 건축 분위기가 함께 있는 배경,complex,57777,17,mv,"{""mv"": 17}","{""background_complex_v2_20260506:mv"": 17}",webdav://13730b09/예비/작품2/대마도학원35시험 소대/제작회사BG/#3/AT03_254.psd,57777_AT03_254.psd,예비/작품2/대마도학원35시험 소대/제작회사BG/#3/AT03_254.psd,#3,/Users/saintiron/Projects/Imagine/thumbnails/57777_AT03_254_thumb.png,psd,2338,1653,Anime-style scene with characters in front of a traditional building and modern skyscrapers.,"[""anime"", ""characters"", ""traditional building"", ""skyscrapers"", ""sky""]",illustration,,,,Qwen/Qwen3.5-9B,,,ok,,,,,,,,#3,visual:bg-complex-q0016:57777,diverse_rank=7; source_count=1; visual_group=visual:bg-complex-q0016:57777,,
bg-complex-q0016,켄신 자료에서 목조 교량이나 강이 보이고 전통 건축 분위기가 함께 있는 배경,complex,56876,22,mv,"{""mv"": 22}","{""background_complex_v2_20260506:mv"": 22}",webdav://13730b09/발송/외주 회사/빔 studio/귀인환등초/0313-re/KGS_01_338_R.psd,56876_KGS_01_338_R.psd,발송/외주 회사/빔 studio/귀인환등초/0313-re/KGS_01_338_R.psd,0313-re,/Users/saintiron/Projects/Imagine/thumbnails/56876_KGS_01_338_R_thumb.png,psd,2339,1653,"A serene Japanese village scene with traditional houses, bamboo fences, and lush greenery.","[""Japanese architecture"", ""Bamboo fence"", ""Thatched roof"", ""Greenery"", ""Wooden floor"", ""Sliding doors"", ""Tree"", ""Calm atmosphere""]",background,,,,Qwen/Qwen3.5-9B,,,ok,,,,,,,,0313-re,visual:bg-complex-q0016:60365,diverse_rank=4; source_count=1; visual_group=visual:bg-complex-q0016:60365,,
bg-complex-q0016,켄신 자료에서 목조 교량이나 강이 보이고 전통 건축 분위기가 함께 있는 배경,complex,31508,23,vv,"{""vv"": 23}","{""background_complex_v2_20260506:vv"": 23}",/Users/saintiron/imageDB/마캬베리즈무/실내소품/pf45_214_216.psd,pf45_214_216.psd,pf45_214_216.psd,실내소품,/Users/saintiron/Projects/Imagine/thumbnails/pf45_214_216_thumb.png,psd,1612,1102,"A stone bridge with arches spans a river, with buildings and trees in the background.","[""bridge"", ""arches"", ""river"", ""buildings"", ""trees"", ""sky"", ""streetlights"", ""roofs""]",background,,,,Qwen/Qwen3.5-9B,vision_done,,ok,,,,,,,,실내소품,visual:bg-complex-q0016:31508,diverse_rank=6; source_count=1; visual_group=visual:bg-complex-q0016:31508,,
bg-complex-q0016,켄신 자료에서 목조 교량이나 강이 보이고 전통 건축 분위기가 함께 있는 배경,complex,58013,45,mv,"{""mv"": 45}","{""background_complex_v2_20260506:mv"": 45}",webdav://13730b09/예비/작품2/대마도학원35시험 소대/제작회사BG/#2/TM#02_265r.psd,58013_TM#02_265r.psd,예비/작품2/대마도학원35시험 소대/제작회사BG/#2/TM#02_265r.psd,#2,/Users/saintiron/Projects/Imagine/thumbnails/58013_TM#02_265r_thumb.png,psd,1681,1196,"A dark, moody scene of a grand building with trees and streetlamps at night.","[""building"", ""trees"", ""streetlamps"", ""night"", ""architecture""]",background,,,,Qwen/Qwen3.5-9B,,,ok,,,,,,,,#2,visual:bg-complex-q0016:58013,diverse_rank=8; source_count=2; visual_group=visual:bg-complex-q0016:58013,,
bg-complex-q0016,켄신 자료에서 목조 교량이나 강이 보이고 전통 건축 분위기가 함께 있는 배경,complex,58074,47,mv,"{""mv"": 47}","{""background_complex_v2_20260506:mv"": 47}",webdav://13730b09/예비/작품2/대마도학원35시험 소대/제작회사BG/#2/TM#02_342.psd,58074_TM#02_342.psd,예비/작품2/대마도학원35시험 소대/제작회사BG/#2/TM#02_342.psd,#2,/Users/saintiron/Projects/Imagine/thumbnails/58074_TM#02_342_thumb.png,psd,5003,1186,"Dark, moody scene with a large building and trees under a cloudy sky.","[""building"", ""trees"", ""sky"", ""night"", ""architecture""]",background,,,,Qwen/Qwen3.5-9B,,,ok,,,,,,,,#2,visual:bg-complex-q0016:58074,diverse_rank=9; source_count=2; visual_group=visual:bg-complex-q0016:58074,,
bg-complex-q0016,켄신 자료에서 목조 교량이나 강이 보이고 전통 건축 분위기가 함께 있는 배경,complex,57344,49,vv,"{""vv"": 49}","{""background_complex_v2_20260506:vv"": 49}",webdav://13730b09/예비/작품2/대마도학원35시험 소대/택처/마유저택외 마유촌 도장색참고.psd,57344_마유저택외 마유촌 도장색참고.psd,예비/작품2/대마도학원35시험 소대/택처/마유저택외 마유촌 도장색참고.psd,택처,/Users/saintiron/Projects/Imagine/thumbnails/57344_마유저택외 마유촌 도장색참고_thumb.png,psd,2395,1992,Traditional Japanese-style building with green roof and stone lantern in a serene garden setting,"[""Japanese architecture"", ""stone lantern"", ""green roof"", ""garden"", ""bridge"", ""trees"", ""water feature"", ""traditional design""]",illustration,,,,Qwen/Qwen3.5-9B,,,ok,,,,,,,,택처,visual:bg-complex-q0016:57344,diverse_rank=10; source_count=1; visual_group=visual:bg-complex-q0016:57344,,
bg-complex-q0016,켄신 자료에서 목조 교량이나 강이 보이고 전통 건축 분위기가 함께 있는 배경,complex,58439,49,mv,"{""mv"": 49}","{""background_complex_v2_20260506:mv"": 49}",webdav://13730b09/예비/작품2/대마도학원35시험 소대/설정/타케루의 집 외관.jpg,58439_타케루의 집 외관.jpg,예비/작품2/대마도학원35시험 소대/설정/타케루의 집 외관.jpg,설정,/Users/saintiron/Projects/Imagine/thumbnails/58439_타케루의 집 외관_thumb.png,jpg,2866,2032,Line drawing of a traditional Japanese house with modern buildings in the background,"[""house"", ""street"", ""buildings"", ""power lines"", ""trees"", ""fence"", ""signboard""]",illustration,,,,Qwen/Qwen3.5-9B,,,ok,,,,,,,,설정,visual:bg-complex-q0016:58439,diverse_rank=11; source_count=1; visual_group=visual:bg-complex-q0016:58439,,
bg-complex-q0017,Fate BG 참고에서 어두운 숲과 밤하늘이 함께 보이는 자연 배경,complex,57915,1,"triaxis,vv","{""triaxis"": 7, ""vv"": 1}","{""background_complex_v2_20260506:triaxis"": 7, ""background_complex_v2_20260506:vv"": 1}",webdav://13730b09/예비/작품2/대마도학원35시험 소대/제작회사BG/#2/TM#02_156.psd,57915_TM#02_156.psd,예비/작품2/대마도학원35시험 소대/제작회사BG/#2/TM#02_156.psd,#2,/Users/saintiron/Projects/Imagine/thumbnails/57915_TM#02_156_thumb.png,psd,2835,2835,Night sky with clouds and tree silhouettes against a dark background,"[""night sky"", ""clouds"", ""trees"", ""silhouette"", ""dark"", ""stars"", ""landscape""]",background,,,,Qwen/Qwen3.5-9B,,,ok,,,,,,,,#2,visual:bg-complex-q0017:57915,diverse_rank=1; source_count=5; visual_group=visual:bg-complex-q0017:57915,,
bg-complex-q0017,Fate BG 참고에서 어두운 숲과 밤하늘이 함께 보이는 자연 배경,complex,58070,2,"triaxis,vv","{""triaxis"": 26, ""vv"": 2}","{""background_complex_v2_20260506:triaxis"": 26, ""background_complex_v2_20260506:vv"": 2}",webdav://13730b09/예비/작품2/대마도학원35시험 소대/제작회사BG/#2/TM#02_338.psd,58070_TM#02_338.psd,예비/작품2/대마도학원35시험 소대/제작회사BG/#2/TM#02_338.psd,#2,/Users/saintiron/Projects/Imagine/thumbnails/58070_TM#02_338_thumb.png,psd,1681,1186,"Dark, blurry forest scene with indistinct trees and foliage.","[""forest"", ""trees"", ""dark"", ""blurry"", ""night"", ""nature"", ""foliage""]",background,,,,Qwen/Qwen3.5-9B,,,ok,,,,,,,,#2,visual:bg-complex-q0017:58070,diverse_rank=8; source_count=5; visual_group=visual:bg-complex-q0017:58070,,
bg-complex-q0017,Fate BG 참고에서 어두운 숲과 밤하늘이 함께 보이는 자연 배경,complex,60126,4,"mv,triaxis,vv","{""mv"": 4, ""triaxis"": 8, ""vv"": 30}","{""background_complex_v2_20260506:mv"": 4, ""background_complex_v2_20260506:triaxis"": 8, ""background_complex_v2_20260506:vv"": 30}",webdav://13730b09/예비/마법과고교의 우등생/#13/BG/mky13_304.psd,60126_mky13_304.psd,예비/마법과고교의 우등생/#13/BG/mky13_304.psd,BG,/Users/saintiron/Projects/Imagine/thumbnails/60126_mky13_304_thumb.png,psd,3582,1290,Dark forest scene with tall trees under a night sky,"[""forest"", ""trees"", ""night"", ""dark"", ""sky""]",background,,,,Qwen/Qwen3.5-9B,,,ok,,,,,,,,BG,visual:bg-complex-q0017:60126,diverse_rank=5; source_count=3; visual_group=visual:bg-complex-q0017:60126,,
bg-complex-q0017,Fate BG 참고에서 어두운 숲과 밤하늘이 함께 보이는 자연 배경,complex,57909,6,"mv,triaxis,vv","{""mv"": 10, ""triaxis"": 40, ""vv"": 6}","{""background_complex_v2_20260506:mv"": 10, ""background_complex_v2_20260506:triaxis"": 40, ""background_complex_v2_20260506:vv"": 6}",webdav://13730b09/예비/작품2/대마도학원35시험 소대/제작회사BG/#2/TM#02_148.psd,57909_TM#02_148.psd,예비/작품2/대마도학원35시험 소대/제작회사BG/#2/TM#02_148.psd,#2,/Users/saintiron/Projects/Imagine/thumbnails/57909_TM#02_148_thumb.png,psd,11024,1647,Dark forest scene with dense trees under dim lighting.,"[""forest"", ""trees"", ""dark"", ""night"", ""nature"", ""silhouette"", ""dense"", ""shadows""]",background,,,,Qwen/Qwen3.5-9B,,,ok,,,,,,,,#2,visual:bg-complex-q0017:57909,diverse_rank=2; source_count=5; visual_group=visual:bg-complex-q0017:57909,,
bg-complex-q0017,Fate BG 참고에서 어두운 숲과 밤하늘이 함께 보이는 자연 배경,complex,57913,11,"mv,triaxis,vv","{""mv"": 11, ""triaxis"": 49, ""vv"": 14}","{""background_complex_v2_20260506:mv"": 11, ""background_complex_v2_20260506:triaxis"": 49, ""background_complex_v2_20260506:vv"": 14}",webdav://13730b09/예비/작품2/대마도학원35시험 소대/제작회사BG/#2/TM#02_152.psd,57913_TM#02_152.psd,예비/작품2/대마도학원35시험 소대/제작회사BG/#2/TM#02_152.psd,#2,/Users/saintiron/Projects/Imagine/thumbnails/57913_TM#02_152_thumb.png,psd,3969,1186,Dark forest scene with dense trees under dim lighting,"[""forest"", ""trees"", ""dark"", ""night"", ""nature"", ""leaves"", ""shadows"", ""atmospheric""]",background,,,,Qwen/Qwen3.5-9B,,,ok,,,,,,,,#2,visual:bg-complex-q0017:57913,diverse_rank=3; source_count=5; visual_group=visual:bg-complex-q0017:57913,,
bg-complex-q0017,Fate BG 참고에서 어두운 숲과 밤하늘이 함께 보이는 자연 배경,complex,58569,12,"mv,triaxis,vv","{""mv"": 42, ""triaxis"": 12, ""vv"": 13}","{""background_complex_v2_20260506:mv"": 42, ""background_complex_v2_20260506:triaxis"": 12, ""background_complex_v2_20260506:vv"": 13}",webdav://13730b09/예비/작품2/대마도학원35시험 소대/BG/TM#05_145.psd,58569_TM#05_145.psd,예비/작품2/대마도학원35시험 소대/BG/TM#05_145.psd,BG,/Users/saintiron/Projects/Imagine/thumbnails/58569_TM#05_145_thumb.png,psd,6236,1560,Night scene with a row of trees under a cloudy sky.,"[""trees"", ""night"", ""clouds"", ""forest"", ""darkness""]",background,,,,Qwen/Qwen3.5-9B,,,ok,,,,,,,,BG,visual:bg-complex-q0017:58569,diverse_rank=6; source_count=3; visual_group=visual:bg-complex-q0017:58569,,
bg-complex-q0017,Fate BG 참고에서 어두운 숲과 밤하늘이 함께 보이는 자연 배경,complex,57801,21,mv,"{""mv"": 21}","{""background_complex_v2_20260506:mv"": 21}",webdav://13730b09/예비/작품2/대마도학원35시험 소대/제작회사BG/#2/TM#02_004.psd,57801_TM#02_004.psd,예비/작품2/대마도학원35시험 소대/제작회사BG/#2/TM#02_004.psd,#2,/Users/saintiron/Projects/Imagine/thumbnails/57801_TM#02_004_thumb.png,psd,1668,1176,Dark forest scene with tall trees and dense foliage under dim lighting.,"[""forest"", ""trees"", ""foliage"", ""dark"", ""nature""]",background,,,,Qwen/Qwen3.5-9B,,,ok,,,,,,,,#2,visual:bg-complex-q0017:57801,diverse_rank=7; source_count=5; visual_group=visual:bg-complex-q0017:57801,,
bg-complex-q0017,Fate BG 참고에서 어두운 숲과 밤하늘이 함께 보이는 자연 배경,complex,60129,21,triaxis,"{""triaxis"": 21}","{""background_complex_v2_20260506:triaxis"": 21}",webdav://13730b09/예비/마법과고교의 우등생/#13/BG/mky13_310.psd,60129_mky13_310.psd,예비/마법과고교의 우등생/#13/BG/mky13_310.psd,BG,/Users/saintiron/Projects/Imagine/thumbnails/60129_mky13_310_thumb.png,psd,5020,1271,Two silhouetted figures stand in a dark forest under a starry night sky.,"[""forest"", ""night"", ""silhouette"", ""stars"", ""trees""]",background,,,,Qwen/Qwen3.5-9B,,,ok,,,,,,,,BG,visual:bg-complex-q0017:60129,diverse_rank=4; source_count=3; visual_group=visual:bg-complex-q0017:60129,,
bg-complex-q0018,뱅가드 25 #12/bg에서 하늘과 구름 사이에 미래적인 구조물이 떠 있는 장면 배경,complex,56768,1,mv,"{""mv"": 1}","{""background_complex_v2_20260506:mv"": 1}",webdav://13730b09/발송/외주 회사/빔 studio/메탈#07/bg/MR07_205_BG.psd,56768_MR07_205_BG.psd,발송/외주 회사/빔 studio/메탈#07/bg/MR07_205_BG.psd,bg,/Users/saintiron/Projects/Imagine/thumbnails/56768_MR07_205_BG_thumb.png,psd,1756,1300,A futuristic structure with glowing elements against a cloudy sky.,"[""futuristic"", ""structure"", ""glowing"", ""sky"", ""clouds"", ""architecture"", ""modern""]",illustration,,,,Qwen/Qwen3.5-9B,,,ok,,,,,,,,bg,visual:bg-complex-q0018:56768,diverse_rank=1; source_count=3; visual_group=visual:bg-complex-q0018:56768,,
bg-complex-q0018,뱅가드 25 #12/bg에서 하늘과 구름 사이에 미래적인 구조물이 떠 있는 장면 배경,complex,56748,9,mv,"{""mv"": 9}","{""background_complex_v2_20260506:mv"": 9}",webdav://13730b09/발송/외주 회사/빔 studio/메탈#07/bg/MR07_221_BG.psd,56748_MR07_221_BG.psd,발송/외주 회사/빔 studio/메탈#07/bg/MR07_221_BG.psd,bg,/Users/saintiron/Projects/Imagine/thumbnails/56748_MR07_221_BG_thumb.png,psd,3507,1304,A window view of a bright sky with faint cloud outlines.,"[""window"", ""sky"", ""clouds"", ""frame"", ""architecture""]",background,,,,Qwen/Qwen3.5-9B,,,ok,,,,,,,,bg,visual:bg-complex-q0018:56908,diverse_rank=2; source_count=3; visual_group=visual:bg-complex-q0018:56908,,
bg-complex-q0018,뱅가드 25 #12/bg에서 하늘과 구름 사이에 미래적인 구조물이 떠 있는 장면 배경,complex,58105,10,mv,"{""mv"": 10}","{""background_complex_v2_20260506:mv"": 10}",webdav://13730b09/예비/작품2/대마도학원35시험 소대/제작회사BG/#1/TM#01_013.psd,58105_TM#01_013.psd,예비/작품2/대마도학원35시험 소대/제작회사BG/#1/TM#01_013.psd,#1,/Users/saintiron/Projects/Imagine/thumbnails/58105_TM#01_013_thumb.png,psd,2325,1647,Night sky with clouds and stars above a building corner.,"[""night sky"", ""clouds"", ""stars"", ""building"", ""window"", ""balcony"", ""dark blue""]",background,,,,Qwen/Qwen3.5-9B,,,ok,,,,,,,,#1,visual:bg-complex-q0018:58105,diverse_rank=5; source_count=2; visual_group=visual:bg-complex-q0018:58105,,
bg-complex-q0018,뱅가드 25 #12/bg에서 하늘과 구름 사이에 미래적인 구조물이 떠 있는 장면 배경,complex,56972,15,mv,"{""mv"": 15}","{""background_complex_v2_20260506:mv"": 15}",webdav://13730b09/발송/외주 회사/빔 studio/귀인환등초/bg/KGS_01_178_genzu.psd,56972_KGS_01_178_genzu.psd,발송/외주 회사/빔 studio/귀인환등초/bg/KGS_01_178_genzu.psd,bg,/Users/saintiron/Projects/Imagine/thumbnails/56972_KGS_01_178_genzu_thumb.png,psd,2340,1654,Lush green trees under a bright blue sky with a traditional building corner.,"[""trees"", ""sky"", ""clouds"", ""building"", ""roof"", ""leaves"", ""nature"", ""daytime""]",background,,,,Qwen/Qwen3.5-9B,,,ok,,,,,,,,bg,visual:bg-complex-q0018:56972,diverse_rank=3; source_count=3; visual_group=visual:bg-complex-q0018:56972,,
bg-complex-q0018,뱅가드 25 #12/bg에서 하늘과 구름 사이에 미래적인 구조물이 떠 있는 장면 배경,complex,60147,20,mv,"{""mv"": 20}","{""background_complex_v2_20260506:mv"": 20}",webdav://13730b09/예비/마법과고교의 우등생/#13/BG/mky13_020.psd,60147_mky13_020.psd,예비/마법과고교의 우등생/#13/BG/mky13_020.psd,BG,/Users/saintiron/Projects/Imagine/thumbnails/60147_mky13_020_thumb.png,psd,1860,1670,A large tree stands in front of a brick building under a bright blue sky.,"[""tree"", ""building"", ""grass"", ""sky"", ""windows"", ""roof"", ""clouds"", ""greenery""]",illustration,,,,Qwen/Qwen3.5-9B,,,ok,,,,,,,,BG,visual:bg-complex-q0018:60147,diverse_rank=7; source_count=3; visual_group=visual:bg-complex-q0018:60147,,
bg-complex-q0018,뱅가드 25 #12/bg에서 하늘과 구름 사이에 미래적인 구조물이 떠 있는 장면 배경,complex,57576,21,mv,"{""mv"": 21}","{""background_complex_v2_20260506:mv"": 21}",webdav://13730b09/예비/작품2/대마도학원35시험 소대/제작회사BG/#3/AT03_002.psd,57576_AT03_002.psd,예비/작품2/대마도학원35시험 소대/제작회사BG/#3/AT03_002.psd,#3,/Users/saintiron/Projects/Imagine/thumbnails/57576_AT03_002_thumb.png,psd,2387,1642,Grand historic building with towers and domes under a blue sky,"[""building"", ""towers"", ""dome"", ""trees"", ""sky"", ""arches"", ""statue"", ""garden""]",illustration,,,,Qwen/Qwen3.5-9B,,,ok,,,,,,,,#3,visual:bg-complex-q0018:57576,diverse_rank=4; source_count=1; visual_group=visual:bg-complex-q0018:57576,,
bg-complex-q0018,뱅가드 25 #12/bg에서 하늘과 구름 사이에 미래적인 구조물이 떠 있는 장면 배경,complex,57996,23,mv,"{""mv"": 23}","{""background_complex_v2_20260506:mv"": 23}",webdav://13730b09/예비/작품2/대마도학원35시험 소대/제작회사BG/#2/TM#02_247.psd,57996_TM#02_247.psd,예비/작품2/대마도학원35시험 소대/제작회사BG/#2/TM#02_247.psd,#2,/Users/saintiron/Projects/Imagine/thumbnails/57996_TM#02_247_thumb.png,psd,1681,1196,Storyboard sketch of a futuristic dome structure amidst trees under a cloudy sky.,"[""dome"", ""trees"", ""sky"", ""clouds"", ""sketch"", ""futuristic"", ""wireframe""]",illustration,,,,Qwen/Qwen3.5-9B,,,ok,,,,,,,,#2,visual:bg-complex-q0018:57996,diverse_rank=6; source_count=3; visual_group=visual:bg-complex-q0018:57996,,
bg-complex-q0018,뱅가드 25 #12/bg에서 하늘과 구름 사이에 미래적인 구조물이 떠 있는 장면 배경,complex,57907,24,mv,"{""mv"": 24}","{""background_complex_v2_20260506:mv"": 24}",webdav://13730b09/예비/작품2/대마도학원35시험 소대/제작회사BG/#2/TM#02_146.psd,57907_TM#02_146.psd,예비/작품2/대마도학원35시험 소대/제작회사BG/#2/TM#02_146.psd,#2,/Users/saintiron/Projects/Imagine/thumbnails/57907_TM#02_146_thumb.png,psd,1678,1190,Nighttime tower with Gothic windows against a cloudy sky,"[""tower"", ""night"", ""clouds"", ""Gothic"", ""sky"", ""balcony"", ""windows""]",illustration,,,,Qwen/Qwen3.5-9B,,,ok,,,,,,,,#2,visual:bg-complex-q0018:57907,diverse_rank=8; source_count=3; visual_group=visual:bg-complex-q0018:57907,,
bg-complex-q0018,뱅가드 25 #12/bg에서 하늘과 구름 사이에 미래적인 구조물이 떠 있는 장면 배경,complex,58327,25,mv,"{""mv"": 25}","{""background_complex_v2_20260506:mv"": 25}",webdav://13730b09/예비/작품2/대마도학원35시험 소대/제작회사BG/#1/TM#01_276.psd,58327_TM#01_276.psd,예비/작품2/대마도학원35시험 소대/제작회사BG/#1/TM#01_276.psd,#1,/Users/saintiron/Projects/Imagine/thumbnails/58327_TM#01_276_thumb.png,psd,2320,1643,A building with large windows and trees under a blue sky with clouds.,"[""building"", ""windows"", ""trees"", ""sky"", ""clouds""]",illustration,,,,Qwen/Qwen3.5-9B,,,ok,,,,,,,,#1,visual:bg-complex-q0018:58327,diverse_rank=9; source_count=2; visual_group=visual:bg-complex-q0018:58327,,
bg-complex-q0018,뱅가드 25 #12/bg에서 하늘과 구름 사이에 미래적인 구조물이 떠 있는 장면 배경,complex,60043,26,mv,"{""mv"": 26}","{""background_complex_v2_20260506:mv"": 26}",webdav://13730b09/예비/마법과고교의 우등생/#13/BG/mky13_083.psd,60043_mky13_083.psd,예비/마법과고교의 우등생/#13/BG/mky13_083.psd,BG,/Users/saintiron/Projects/Imagine/thumbnails/60043_mky13_083_thumb.png,psd,1854,1292,"Night sky with stars, clouds, and a shooting star over blue buildings.","[""night sky"", ""stars"", ""clouds"", ""shooting star"", ""blue buildings"", ""architecture"", ""nighttime"", ""space""]",background,,,,Qwen/Qwen3.5-9B,,,ok,,,,,,,,BG,visual:bg-complex-q0018:60043,diverse_rank=10; source_count=3; visual_group=visual:bg-complex-q0018:60043,,
bg-complex-q0018,뱅가드 25 #12/bg에서 하늘과 구름 사이에 미래적인 구조물이 떠 있는 장면 배경,complex,58029,31,vv,"{""vv"": 31}","{""background_complex_v2_20260506:vv"": 31}",webdav://13730b09/예비/작품2/대마도학원35시험 소대/제작회사BG/#2/TM#02_289.psd,58029_TM#02_289.psd,예비/작품2/대마도학원35시험 소대/제작회사BG/#2/TM#02_289.psd,#2,/Users/saintiron/Projects/Imagine/thumbnails/58029_TM#02_289_thumb.png,psd,1678,1988,Floating classical architecture and furniture against a blue sky background,"[""columns"", ""chairs"", ""table"", ""chains"", ""sky"", ""gold"", ""marble"", ""red""]",illustration,,,,Qwen/Qwen3.5-9B,,,ok,,,,,,,,#2,visual:bg-complex-q0018:58029,diverse_rank=11; source_count=3; visual_group=visual:bg-complex-q0018:58029,,
bg-complex-q0018,뱅가드 25 #12/bg에서 하늘과 구름 사이에 미래적인 구조물이 떠 있는 장면 배경,complex,59985,41,mv,"{""mv"": 41}","{""background_complex_v2_20260506:mv"": 41}",webdav://13730b09/예비/마법과고교의 우등생/#13/BG/mky13_138.psd,59985_mky13_138.psd,예비/마법과고교의 우등생/#13/BG/mky13_138.psd,BG,/Users/saintiron/Projects/Imagine/thumbnails/59985_mky13_138_thumb.png,psd,1856,1276,A figure floats above a modern structure under a starry night sky.,"[""night sky"", ""stars"", ""clouds"", ""floating figure"", ""modern building"", ""blue tones"", ""anime style""]",illustration,,,,Qwen/Qwen3.5-9B,,,ok,,,,,,,,BG,visual:bg-complex-q0018:59985,diverse_rank=12; source_count=3; visual_group=visual:bg-complex-q0018:59985,,
bg-complex-q0018,뱅가드 25 #12/bg에서 하늘과 구름 사이에 미래적인 구조물이 떠 있는 장면 배경,complex,57331,45,vv,"{""vv"": 45}","{""background_complex_v2_20260506:vv"": 45}",webdav://13730b09/예비/작품2/대마도학원35시험 소대/택처/TM#01_098.psd,57331_TM#01_098.psd,예비/작품2/대마도학원35시험 소대/택처/TM#01_098.psd,택처,/Users/saintiron/Projects/Imagine/thumbnails/57331_TM#01_098_thumb.png,psd,2871,1170,Dark night sky with clouds and faint stars over a silhouette of a building.,"[""night sky"", ""clouds"", ""stars"", ""building silhouette"", ""dark tones""]",background,,,,Qwen/Qwen3.5-9B,,,ok,,,,,,,,택처,visual:bg-complex-q0018:57331,diverse_rank=13; source_count=1; visual_group=visual:bg-complex-q0018:57331,,
bg-complex-q0019,크랑베르무 장소/켐핑장에서 나무와 야외 시설이 함께 보이고 캠핑장처럼 보이는 배경,complex,57334,9,mv,"{""mv"": 9}","{""background_complex_v2_20260506:mv"": 9}",webdav://13730b09/예비/작품2/대마도학원35시험 소대/택처/TM#02_366.psd,57334_TM#02_366.psd,예비/작품2/대마도학원35시험 소대/택처/TM#02_366.psd,택처,/Users/saintiron/Projects/Imagine/thumbnails/57334_TM#02_366_thumb.png,psd,2330,3300,Green tree with bench and railing in park-like setting,"[""tree"", ""bench"", ""railing"", ""lamp"", ""bushes"", ""grass"", ""path"", ""green""]",illustration,,,,Qwen/Qwen3.5-9B,,,ok,,,,,,,,택처,visual:bg-complex-q0019:57334,diverse_rank=1; source_count=1; visual_group=visual:bg-complex-q0019:57334,,
bg-complex-q0019,크랑베르무 장소/켐핑장에서 나무와 야외 시설이 함께 보이고 캠핑장처럼 보이는 배경,complex,58517,13,vv,"{""vv"": 13}","{""background_complex_v2_20260506:vv"": 13}",webdav://13730b09/예비/작품2/대마도학원35시험 소대/보도/학교 정원 낮.psd,58517_학교 정원 낮.psd,예비/작품2/대마도학원35시험 소대/보도/학교 정원 낮.psd,보도,/Users/saintiron/Projects/Imagine/thumbnails/58517_학교 정원 낮_thumb.png,psd,2906,2019,"Anime-style illustration of a school courtyard with buildings, trees, and city skyline.","[""school"", ""courtyard"", ""trees"", ""cityscape"", ""architecture"", ""bench"", ""fountain"", ""flags""]",illustration,,,,Qwen/Qwen3.5-9B,,,ok,,,,,,,,보도,visual:bg-complex-q0019:58517,diverse_rank=2; source_count=1; visual_group=visual:bg-complex-q0019:58517,,
bg-complex-q0019,크랑베르무 장소/켐핑장에서 나무와 야외 시설이 함께 보이고 캠핑장처럼 보이는 배경,complex,56819,15,mv,"{""mv"": 15}","{""background_complex_v2_20260506:mv"": 15}",webdav://13730b09/발송/외주 회사/빔 studio/나카무라/re/GNK_04_195_bg_take1_r.psd,56819_GNK_04_195_bg_take1_r.psd,발송/외주 회사/빔 studio/나카무라/re/GNK_04_195_bg_take1_r.psd,re,/Users/saintiron/Projects/Imagine/thumbnails/56819_GNK_04_195_bg_take1_r_thumb.png,psd,3366,1240,A concrete fence with vertical bars in front of a dense green forest.,"[""fence"", ""concrete"", ""forest"", ""trees"", ""greenery"", ""barrier"", ""outdoors""]",background,,,,Qwen/Qwen3.5-9B,,,ok,,,,,,,,re,visual:bg-complex-q0019:56819,diverse_rank=4; source_count=1; visual_group=visual:bg-complex-q0019:56819,,
bg-complex-q0019,크랑베르무 장소/켐핑장에서 나무와 야외 시설이 함께 보이고 캠핑장처럼 보이는 배경,complex,57803,23,mv,"{""mv"": 23}","{""background_complex_v2_20260506:mv"": 23}",webdav://13730b09/예비/작품2/대마도학원35시험 소대/제작회사BG/#2/TM#02_006.psd,57803_TM#02_006.psd,예비/작품2/대마도학원35시험 소대/제작회사BG/#2/TM#02_006.psd,#2,/Users/saintiron/Projects/Imagine/thumbnails/57803_TM#02_006_thumb.png,psd,2316,1634,A forest scene with a rocky cliff and lush greenery under soft lighting.,"[""forest"", ""cliff"", ""trees"", ""grass"", ""rock"", ""nature"", ""greenery"", ""shadows""]",background,,,,Qwen/Qwen3.5-9B,,,ok,,,,,,,,#2,visual:bg-complex-q0019:57803,diverse_rank=3; source_count=3; visual_group=visual:bg-complex-q0019:57803,,
bg-complex-q0019,크랑베르무 장소/켐핑장에서 나무와 야외 시설이 함께 보이고 캠핑장처럼 보이는 배경,complex,57919,25,mv,"{""mv"": 25}","{""background_complex_v2_20260506:mv"": 25}",webdav://13730b09/예비/작품2/대마도학원35시험 소대/제작회사BG/#2/TM#02_161.psd,57919_TM#02_161.psd,예비/작품2/대마도학원35시험 소대/제작회사BG/#2/TM#02_161.psd,#2,/Users/saintiron/Projects/Imagine/thumbnails/57919_TM#02_161_thumb.png,psd,5103,1313,"Dark night scene with trees, street lamps, and building facade","[""trees"", ""street lamps"", ""building"", ""night"", ""darkness""]",background,,,,Qwen/Qwen3.5-9B,,,ok,,,,,,,,#2,visual:bg-complex-q0019:57919,diverse_rank=5; source_count=3; visual_group=visual:bg-complex-q0019:57919,,
bg-complex-q0019,크랑베르무 장소/켐핑장에서 나무와 야외 시설이 함께 보이고 캠핑장처럼 보이는 배경,complex,57802,37,mv,"{""mv"": 37}","{""background_complex_v2_20260506:mv"": 37}",webdav://13730b09/예비/작품2/대마도학원35시험 소대/제작회사BG/#2/TM#02_005.psd,57802_TM#02_005.psd,예비/작품2/대마도학원35시험 소대/제작회사BG/#2/TM#02_005.psd,#2,/Users/saintiron/Projects/Imagine/thumbnails/57802_TM#02_005_thumb.png,psd,2316,1634,"A lush, rocky cliffside with dense greenery and a dark forest below.","[""nature"", ""cliff"", ""rocks"", ""plants"", ""forest"", ""greenery"", ""dark"", ""landscape""]",background,,,,Qwen/Qwen3.5-9B,,,ok,,,,,,,,#2,visual:bg-complex-q0019:57802,diverse_rank=6; source_count=3; visual_group=visual:bg-complex-q0019:57802,,
bg-complex-q0019,크랑베르무 장소/켐핑장에서 나무와 야외 시설이 함께 보이고 캠핑장처럼 보이는 배경,complex,58358,45,vv,"{""vv"": 45}","{""background_complex_v2_20260506:vv"": 45}",webdav://13730b09/예비/작품2/대마도학원35시험 소대/제작회사BG/#1/TM#01_310.psd,58358_TM#01_310.psd,예비/작품2/대마도학원35시험 소대/제작회사BG/#1/TM#01_310.psd,#1,/Users/saintiron/Projects/Imagine/thumbnails/58358_TM#01_310_thumb.png,psd,1664,1180,"A dimly lit storage room with shelves, bins, and a hanging light bulb.","[""storage room"", ""shelves"", ""bins"", ""light bulb"", ""dark interior"", ""metal structure"", ""industrial design""]",illustration,,,,Qwen/Qwen3.5-9B,,,ok,,,,,,,,#1,visual:bg-complex-q0019:58358,diverse_rank=7; source_count=1; visual_group=visual:bg-complex-q0019:58358,,
bg-complex-q0019,크랑베르무 장소/켐핑장에서 나무와 야외 시설이 함께 보이고 캠핑장처럼 보이는 배경,complex,57721,49,mv,"{""mv"": 49}","{""background_complex_v2_20260506:mv"": 49}",webdav://13730b09/예비/작품2/대마도학원35시험 소대/제작회사BG/#3/AT03_185.psd,57721_AT03_185.psd,예비/작품2/대마도학원35시험 소대/제작회사BG/#3/AT03_185.psd,#3,/Users/saintiron/Projects/Imagine/thumbnails/57721_AT03_185_thumb.png,psd,3263,1192,A parking lot with trees and a building in the background.,"[""parking lot"", ""trees"", ""building"", ""windows"", ""fence"", ""asphalt"", ""greenery"", ""urban""]",background,,,,Qwen/Qwen3.5-9B,,,ok,,,,,,,,#3,visual:bg-complex-q0019:57721,diverse_rank=8; source_count=1; visual_group=visual:bg-complex-q0019:57721,,
bg-complex-q0020,기절용사와 암살공주 장소/유적지에서 돌기둥과 폐허 느낌이 함께 나는 야외 배경,complex,56936,1,fts,"{""fts"": 1}","{""background_complex_v2_20260506:fts"": 1}",webdav://13730b09/발송/외주 회사/빔 studio/귀인환등초/bg/KGS_01_155.psd,56936_KGS_01_155.psd,발송/외주 회사/빔 studio/귀인환등초/bg/KGS_01_155.psd,bg,/Users/saintiron/Projects/Imagine/thumbnails/56936_KGS_01_155_thumb.png,psd,2339,1653,Anime-style character sketch overlaid on a lush outdoor landscape with trees and sky.,"[""anime"", ""character"", ""sketch"", ""landscape"", ""trees"", ""sky"", ""overlay""]",illustration,,,,Qwen/Qwen3.5-9B,,,ok,,,,,,,,bg,visual:bg-complex-q0020:56936,diverse_rank=1; source_count=2; visual_group=visual:bg-complex-q0020:56936,,
bg-complex-q0020,기절용사와 암살공주 장소/유적지에서 돌기둥과 폐허 느낌이 함께 나는 야외 배경,complex,56974,2,fts,"{""fts"": 2}","{""background_complex_v2_20260506:fts"": 2}",webdav://13730b09/발송/외주 회사/빔 studio/귀인환등초/bg/KGS_01_339_R.psd,56974_KGS_01_339_R.psd,발송/외주 회사/빔 studio/귀인환등초/bg/KGS_01_339_R.psd,bg,/Users/saintiron/Projects/Imagine/thumbnails/56974_KGS_01_339_R_thumb.png,psd,2339,1653,A sketch of a girl looking through a window with layered lines.,"[""girl"", ""window"", ""sketch"", ""lines"", ""reflection""]",illustration,,,,Qwen/Qwen3.5-9B,,,ok,,,,,,,,bg,visual:bg-complex-q0020:56974,diverse_rank=5; source_count=2; visual_group=visual:bg-complex-q0020:56974,,
bg-complex-q0020,기절용사와 암살공주 장소/유적지에서 돌기둥과 폐허 느낌이 함께 나는 야외 배경,complex,57358,4,"mv,vv","{""mv"": 4, ""vv"": 24}","{""background_complex_v2_20260506:mv"": 4, ""background_complex_v2_20260506:vv"": 24}",webdav://13730b09/예비/작품2/대마도학원35시험 소대/제작회사BG/건물/AT03_108BR.psd,57358_AT03_108BR.psd,예비/작품2/대마도학원35시험 소대/제작회사BG/건물/AT03_108BR.psd,건물,/Users/saintiron/Projects/Imagine/thumbnails/57358_AT03_108BR_thumb.png,psd,2338,1653,"A stone wall with a fence, trash bin, and city skyline in the background.","[""stone wall"", ""fence"", ""trash bin"", ""city skyline"", ""grass"", ""trees"", ""blue sky"", ""clouds""]",background,,,,Qwen/Qwen3.5-9B,,,ok,,,,,,,,건물,visual:bg-complex-q0020:57358,diverse_rank=6; source_count=2; visual_group=visual:bg-complex-q0020:57358,,
bg-complex-q0020,기절용사와 암살공주 장소/유적지에서 돌기둥과 폐허 느낌이 함께 나는 야외 배경,complex,58047,7,vv,"{""vv"": 7}","{""background_complex_v2_20260506:vv"": 7}",webdav://13730b09/예비/작품2/대마도학원35시험 소대/제작회사BG/#2/TM#02_311.psd,58047_TM#02_311.psd,예비/작품2/대마도학원35시험 소대/제작회사BG/#2/TM#02_311.psd,#2,/Users/saintiron/Projects/Imagine/thumbnails/58047_TM#02_311_thumb.png,psd,1668,1186,"A dark, starry night scene with a stone archway over water and trees.","[""night"", ""stars"", ""stone archway"", ""water"", ""trees"", ""dark"", ""arch"", ""bridge""]",background,,,,Qwen/Qwen3.5-9B,,,ok,,,,,,,,#2,visual:bg-complex-q0020:58047,diverse_rank=2; source_count=3; visual_group=visual:bg-complex-q0020:58047,,
bg-complex-q0020,기절용사와 암살공주 장소/유적지에서 돌기둥과 폐허 느낌이 함께 나는 야외 배경,complex,58076,17,vv,"{""vv"": 17}","{""background_complex_v2_20260506:vv"": 17}",webdav://13730b09/예비/작품2/대마도학원35시험 소대/제작회사BG/#2/TM#02_344.psd,58076_TM#02_344.psd,예비/작품2/대마도학원35시험 소대/제작회사BG/#2/TM#02_344.psd,#2,/Users/saintiron/Projects/Imagine/thumbnails/58076_TM#02_344_thumb.png,psd,1681,1186,Dark night scene with ruined architecture and glowing windows under cloudy sky.,"[""night"", ""ruins"", ""architecture"", ""clouds"", ""glow"", ""landscape"", ""darkness""]",background,,,,Qwen/Qwen3.5-9B,,,ok,,,,,,,,#2,visual:bg-complex-q0020:58076,diverse_rank=3; source_count=3; visual_group=visual:bg-complex-q0020:58076,,
bg-complex-q0020,기절용사와 암살공주 장소/유적지에서 돌기둥과 폐허 느낌이 함께 나는 야외 배경,complex,57802,35,mv,"{""mv"": 35}","{""background_complex_v2_20260506:mv"": 35}",webdav://13730b09/예비/작품2/대마도학원35시험 소대/제작회사BG/#2/TM#02_005.psd,57802_TM#02_005.psd,예비/작품2/대마도학원35시험 소대/제작회사BG/#2/TM#02_005.psd,#2,/Users/saintiron/Projects/Imagine/thumbnails/57802_TM#02_005_thumb.png,psd,2316,1634,"A lush, rocky cliffside with dense greenery and a dark forest below.","[""nature"", ""cliff"", ""rocks"", ""plants"", ""forest"", ""greenery"", ""dark"", ""landscape""]",background,,,,Qwen/Qwen3.5-9B,,,ok,,,,,,,,#2,visual:bg-complex-q0020:57802,diverse_rank=4; source_count=3; visual_group=visual:bg-complex-q0020:57802,,
bg-complex-q0020,기절용사와 암살공주 장소/유적지에서 돌기둥과 폐허 느낌이 함께 나는 야외 배경,complex,57416,39,vv,"{""vv"": 39}","{""background_complex_v2_20260506:vv"": 39}",webdav://13730b09/예비/작품2/대마도학원35시험 소대/제작회사BG/건물/TM#02_105.psd,57416_TM#02_105.psd,예비/작품2/대마도학원35시험 소대/제작회사BG/건물/TM#02_105.psd,건물,/Users/saintiron/Projects/Imagine/thumbnails/57416_TM#02_105_thumb.png,psd,2320,1639,Graveyard overlooking a sprawling city at sunset with pink skies,"[""graveyard"", ""cityscape"", ""sunset"", ""tombstones"", ""trees"", ""grass"", ""sky"", ""urban""]",illustration,,,,Qwen/Qwen3.5-9B,,,ok,,,,,,,,건물,visual:bg-complex-q0020:57416,diverse_rank=7; source_count=2; visual_group=visual:bg-complex-q0020:57416,,
bg-complex-q0020,기절용사와 암살공주 장소/유적지에서 돌기둥과 폐허 느낌이 함께 나는 야외 배경,complex,57641,46,mv,"{""mv"": 46}","{""background_complex_v2_20260506:mv"": 46}",webdav://13730b09/예비/작품2/대마도학원35시험 소대/제작회사BG/#3/AT03_088_092_100R.psd,57641_AT03_088_092_100R.psd,예비/작품2/대마도학원35시험 소대/제작회사BG/#3/AT03_088_092_100R.psd,#3,/Users/saintiron/Projects/Imagine/thumbnails/57641_AT03_088_092_100R_thumb.png,psd,3307,2338,"A stone-walled courtyard with a bench, trash can, and ghostly figure near a pole.","[""stone wall"", ""bench"", ""trash can"", ""ghost"", ""pole"", ""grass"", ""stairs"", ""pavement""]",background,,,,Qwen/Qwen3.5-9B,,,ok,,,,,,,,#3,visual:bg-complex-q0020:57641,diverse_rank=8; source_count=1; visual_group=visual:bg-complex-q0020:57641,,
bg-complex-q0021,"AGM_01_001_013_030 3DBG에서 학교 건물 외관과 창문, 지붕 또는 울타리가 함께 보이는 건축 배경",complex,28887,1,"fts,mv,triaxis,vv","{""fts"": 18, ""mv"": 4, ""triaxis"": 1, ""vv"": 27}","{""background_complex_v2_20260506:fts"": 18, ""background_complex_v2_20260506:mv"": 4, ""background_complex_v2_20260506:triaxis"": 1, ""background_complex_v2_20260506:vv"": 27}",/Users/saintiron/imageDB/마캬베리즈무/장소/AGM_01_001_013_030 3DBG/kosya_koutoubu.psd,kosya_koutoubu.psd,kosya_koutoubu.psd,AGM_01_001_013_030 3DBG,/Users/saintiron/Projects/Imagine/thumbnails/kosya_koutoubu_thumb.png,psd,2205,1495,A multi-story school building with blue windows and a rooftop fence.,"[""school building"", ""windows"", ""roof"", ""fence"", ""entrance"", ""architecture""]",illustration,,,,Qwen/Qwen3.5-9B,vision_done,,ok,,,,,,,,AGM_01_001_013_030 3DBG,visual:bg-complex-q0021:28887,diverse_rank=1; source_count=3; visual_group=visual:bg-complex-q0021:28887,,
bg-complex-q0021,"AGM_01_001_013_030 3DBG에서 학교 건물 외관과 창문, 지붕 또는 울타리가 함께 보이는 건축 배경",complex,58338,2,mv,"{""mv"": 2}","{""background_complex_v2_20260506:mv"": 2}",webdav://13730b09/예비/작품2/대마도학원35시험 소대/제작회사BG/#1/TM#01_289.psd,58338_TM#01_289.psd,예비/작품2/대마도학원35시험 소대/제작회사BG/#1/TM#01_289.psd,#1,/Users/saintiron/Projects/Imagine/thumbnails/58338_TM#01_289_thumb.png,psd,1686,1187,Nighttime view of a building with a triangular roof and large windows.,"[""building"", ""roof"", ""windows"", ""night"", ""sky"", ""clouds"", ""architecture""]",background,,,,Qwen/Qwen3.5-9B,,,ok,,,,,,,,#1,visual:bg-complex-q0021:58338,diverse_rank=7; source_count=1; visual_group=visual:bg-complex-q0021:58338,,
bg-complex-q0021,"AGM_01_001_013_030 3DBG에서 학교 건물 외관과 창문, 지붕 또는 울타리가 함께 보이는 건축 배경",complex,28907,6,"fts,triaxis","{""fts"": 30, ""triaxis"": 6}","{""background_complex_v2_20260506:fts"": 30, ""background_complex_v2_20260506:triaxis"": 6}",/Users/saintiron/imageDB/마캬베리즈무/장소/AGM_01_001_013_030 3DBG/seimonhukin_toire.psd,seimonhukin_toire.psd,seimonhukin_toire.psd,AGM_01_001_013_030 3DBG,/Users/saintiron/Projects/Imagine/thumbnails/seimonhukin_toire_thumb.png,psd,2000,1143,"A modern concrete building with a door, windows, and rooftop equipment.","[""building"", ""door"", ""window"", ""concrete"", ""rooftop"", ""air conditioner"", ""modern""]",illustration,,,,Qwen/Qwen3.5-9B,vision_done,,ok,,,,,,,,AGM_01_001_013_030 3DBG,visual:bg-complex-q0021:28907,diverse_rank=2; source_count=3; visual_group=visual:bg-complex-q0021:28907,,
bg-complex-q0021,"AGM_01_001_013_030 3DBG에서 학교 건물 외관과 창문, 지붕 또는 울타리가 함께 보이는 건축 배경",complex,58456,6,fts,"{""fts"": 6}","{""background_complex_v2_20260506:fts"": 6}",webdav://13730b09/예비/작품2/대마도학원35시험 소대/설정/학교 외관.jpg,58456_학교 외관.jpg,예비/작품2/대마도학원35시험 소대/설정/학교 외관.jpg,설정,/Users/saintiron/Projects/Imagine/thumbnails/58456_학교 외관_thumb.png,jpg,2873,2032,Detailed architectural sketch of a grand school building with surrounding landscape,"[""school building"", ""architectural sketch"", ""garden"", ""fountain"", ""trees"", ""towers"", ""windows"", ""sketch lines""]",illustration,,,,Qwen/Qwen3.5-9B,,,ok,,,,,,,,설정,visual:bg-complex-q0021:58456,diverse_rank=4; source_count=1; visual_group=visual:bg-complex-q0021:58456,,
bg-complex-q0021,"AGM_01_001_013_030 3DBG에서 학교 건물 외관과 창문, 지붕 또는 울타리가 함께 보이는 건축 배경",complex,56801,8,mv,"{""mv"": 8}","{""background_complex_v2_20260506:mv"": 8}",webdav://13730b09/발송/외주 회사/빔 studio/메탈#07/bg/MR07_270_BG.psd,56801_MR07_270_BG.psd,발송/외주 회사/빔 studio/메탈#07/bg/MR07_270_BG.psd,bg,/Users/saintiron/Projects/Imagine/thumbnails/56801_MR07_270_BG_thumb.png,psd,5330,1249,Modern building exterior with concrete walls and glass windows,"[""concrete"", ""glass"", ""building"", ""windows"", ""architecture"", ""modern"", ""urban"", ""structure""]",background,,,,Qwen/Qwen3.5-9B,,,ok,,,,,,,,bg,visual:bg-complex-q0021:56801,diverse_rank=8; source_count=1; visual_group=visual:bg-complex-q0021:56801,,
bg-complex-q0021,"AGM_01_001_013_030 3DBG에서 학교 건물 외관과 창문, 지붕 또는 울타리가 함께 보이는 건축 배경",complex,57451,8,fts,"{""fts"": 8}","{""background_complex_v2_20260506:fts"": 8}",webdav://13730b09/예비/작품2/대마도학원35시험 소대/제작회사BG/건물/타케루의 집 외관.psd,57451_타케루의 집 외관.psd,예비/작품2/대마도학원35시험 소대/제작회사BG/건물/타케루의 집 외관.psd,건물,/Users/saintiron/Projects/Imagine/thumbnails/57451_타케루의 집 외관_thumb.png,psd,2774,1951,Night view of a traditional Japanese house with modern apartment buildings in the background.,"[""night"", ""traditional house"", ""apartment buildings"", ""streetlights"", ""power lines"", ""urban"", ""residential""]",illustration,,,,Qwen/Qwen3.5-9B,,,ok,,,,,,,,건물,visual:bg-complex-q0021:57451,diverse_rank=11; source_count=2; visual_group=visual:bg-complex-q0021:57451,,
bg-complex-q0021,"AGM_01_001_013_030 3DBG에서 학교 건물 외관과 창문, 지붕 또는 울타리가 함께 보이는 건축 배경",complex,28783,9,"mv,vv","{""mv"": 9, ""vv"": 39}","{""background_complex_v2_20260506:mv"": 9, ""background_complex_v2_20260506:vv"": 39}",/Users/saintiron/imageDB/마캬베리즈무/장소/강다외부/agmOP_035A.psd,agmOP_035A.psd,agmOP_035A.psd,강다외부,/Users/saintiron/Projects/Imagine/thumbnails/agmOP_035A_thumb.png,psd,2328,1639,Modern school building with glass windows and metal beams under a blue sky.,"[""school"", ""building"", ""windows"", ""metal beams"", ""blue sky"", ""concrete"", ""architecture"", ""daytime""]",background,,,,Qwen/Qwen3.5-9B,vision_done,,ok,,,,,,,,강다외부,visual:bg-complex-q0021:28783,diverse_rank=13; source_count=1; visual_group=visual:bg-complex-q0021:28783,,
bg-complex-q0021,"AGM_01_001_013_030 3DBG에서 학교 건물 외관과 창문, 지붕 또는 울타리가 함께 보이는 건축 배경",complex,28890,11,"fts,triaxis","{""fts"": 11, ""triaxis"": 21}","{""background_complex_v2_20260506:fts"": 11, ""background_complex_v2_20260506:triaxis"": 21}",/Users/saintiron/imageDB/마캬베리즈무/장소/AGM_01_001_013_030 3DBG/koudou_kaidannozou.psd,koudou_kaidannozou.psd,koudou_kaidannozou.psd,AGM_01_001_013_030 3DBG,/Users/saintiron/Projects/Imagine/thumbnails/koudou_kaidannozou_thumb.png,psd,1500,1500,"Three concrete architectural elements including a pillar, block, and slab.","[""concrete"", ""pillar"", ""block"", ""slab"", ""architectural"", ""stone"", ""texture"", ""gray""]",item,,,,Qwen/Qwen3.5-9B,vision_done,,ok,,,,,,,,AGM_01_001_013_030 3DBG,visual:bg-complex-q0021:28890,diverse_rank=3; source_count=3; visual_group=visual:bg-complex-q0021:28890,,
bg-complex-q0021,"AGM_01_001_013_030 3DBG에서 학교 건물 외관과 창문, 지붕 또는 울타리가 함께 보이는 건축 배경",complex,57935,13,mv,"{""mv"": 13}","{""background_complex_v2_20260506:mv"": 13}",webdav://13730b09/예비/작품2/대마도학원35시험 소대/제작회사BG/#2/TM#02_181.psd,57935_TM#02_181.psd,예비/작품2/대마도학원35시험 소대/제작회사BG/#2/TM#02_181.psd,#2,/Users/saintiron/Projects/Imagine/thumbnails/57935_TM#02_181_thumb.png,psd,2040,1176,Dark blue building facade with arched windows and trees in front.,"[""building"", ""windows"", ""trees"", ""architecture"", ""night"", ""blue"", ""urban""]",background,,,,Qwen/Qwen3.5-9B,,,ok,,,,,,,,#2,visual:bg-complex-q0021:57935,diverse_rank=9; source_count=3; visual_group=visual:bg-complex-q0021:57935,,
bg-complex-q0021,"AGM_01_001_013_030 3DBG에서 학교 건물 외관과 창문, 지붕 또는 울타리가 함께 보이는 건축 배경",complex,57923,21,mv,"{""mv"": 21}","{""background_complex_v2_20260506:mv"": 21}",webdav://13730b09/예비/작품2/대마도학원35시험 소대/제작회사BG/#2/TM#02_166.psd,57923_TM#02_166.psd,예비/작품2/대마도학원35시험 소대/제작회사BG/#2/TM#02_166.psd,#2,/Users/saintiron/Projects/Imagine/thumbnails/57923_TM#02_166_thumb.png,psd,1668,1186,"Dark, moody view of a grand building facade with arched windows and trees below.","[""architecture"", ""building"", ""windows"", ""trees"", ""night"", ""dark"", ""gothic"", ""facade""]",background,,,,Qwen/Qwen3.5-9B,,,ok,,,,,,,,#2,visual:bg-complex-q0021:57923,diverse_rank=5; source_count=3; visual_group=visual:bg-complex-q0021:57923,,
bg-complex-q0021,"AGM_01_001_013_030 3DBG에서 학교 건물 외관과 창문, 지붕 또는 울타리가 함께 보이는 건축 배경",complex,58514,23,mv,"{""mv"": 23}","{""background_complex_v2_20260506:mv"": 23}",webdav://13730b09/예비/작품2/대마도학원35시험 소대/보도/학교 밤 조명.psd,58514_학교 밤 조명.psd,예비/작품2/대마도학원35시험 소대/보도/학교 밤 조명.psd,보도,/Users/saintiron/Projects/Imagine/thumbnails/58514_학교 밤 조명_thumb.png,psd,2827,1784,"A grand, illuminated school building at night with surrounding trees and a dark sky.","[""school building"", ""night scene"", ""illuminated windows"", ""trees"", ""dark sky"", ""architectural details"", ""landscape""]",illustration,,,,Qwen/Qwen3.5-9B,,,ok,,,,,,,,보도,visual:bg-complex-q0021:58514,diverse_rank=6; source_count=2; visual_group=visual:bg-complex-q0021:58514,,
bg-complex-q0021,"AGM_01_001_013_030 3DBG에서 학교 건물 외관과 창문, 지붕 또는 울타리가 함께 보이는 건축 배경",complex,57927,26,mv,"{""mv"": 26}","{""background_complex_v2_20260506:mv"": 26}",webdav://13730b09/예비/작품2/대마도학원35시험 소대/제작회사BG/#2/TM#02_171.psd,57927_TM#02_171.psd,예비/작품2/대마도학원35시험 소대/제작회사BG/#2/TM#02_171.psd,#2,/Users/saintiron/Projects/Imagine/thumbnails/57927_TM#02_171_thumb.png,psd,1704,1173,Dark building facade with windows and trees at night.,"[""building"", ""windows"", ""trees"", ""night"", ""architecture""]",background,,,,Qwen/Qwen3.5-9B,,,ok,,,,,,,,#2,visual:bg-complex-q0021:57927,diverse_rank=10; source_count=3; visual_group=visual:bg-complex-q0021:57927,,
bg-complex-q0021,"AGM_01_001_013_030 3DBG에서 학교 건물 외관과 창문, 지붕 또는 울타리가 함께 보이는 건축 배경",complex,57426,32,"mv,vv","{""mv"": 32, ""vv"": 44}","{""background_complex_v2_20260506:mv"": 32, ""background_complex_v2_20260506:vv"": 44}",webdav://13730b09/예비/작품2/대마도학원35시험 소대/제작회사BG/건물/TM#02_117.psd,57426_TM#02_117.psd,예비/작품2/대마도학원35시험 소대/제작회사BG/건물/TM#02_117.psd,건물,/Users/saintiron/Projects/Imagine/thumbnails/57426_TM#02_117_thumb.png,psd,1670,1180,Dark modern building facade with large windows and awning at night.,"[""building"", ""windows"", ""awning"", ""night"", ""concrete"", ""modern"", ""urban""]",background,,,,Qwen/Qwen3.5-9B,,,ok,,,,,,,,건물,visual:bg-complex-q0021:57426,diverse_rank=12; source_count=2; visual_group=visual:bg-complex-q0021:57426,,
bg-complex-q0021,"AGM_01_001_013_030 3DBG에서 학교 건물 외관과 창문, 지붕 또는 울타리가 함께 보이는 건축 배경",complex,58477,32,vv,"{""vv"": 32}","{""background_complex_v2_20260506:vv"": 32}",webdav://13730b09/예비/작품2/대마도학원35시험 소대/보도/소대 복도.psd,58477_소대 복도.psd,예비/작품2/대마도학원35시험 소대/보도/소대 복도.psd,보도,/Users/saintiron/Projects/Imagine/thumbnails/58477_소대 복도_thumb.png,psd,1664,1238,"Empty school hallway with doors, windows, and tiled flooring.","[""hallway"", ""school"", ""doors"", ""windows"", ""tiled floor"", ""architectural"", ""empty"", ""interior""]",background,,,,Qwen/Qwen3.5-9B,,,ok,,,,,,,,보도,visual:bg-complex-q0021:58477,diverse_rank=14; source_count=2; visual_group=visual:bg-complex-q0021:58477,,
bg-complex-q0022,"강다외부에서 콘크리트 복도와 큰 창문, 파이프가 함께 보이는 산업적인 실내 배경",complex,28716,1,"mv,triaxis,vv","{""mv"": 1, ""triaxis"": 3, ""vv"": 6}","{""background_complex_v2_20260506:mv"": 1, ""background_complex_v2_20260506:triaxis"": 3, ""background_complex_v2_20260506:vv"": 6}",/Users/saintiron/imageDB/마캬베리즈무/장소/강다외부/agm03_227.psd,agm03_227.psd,agm03_227.psd,강다외부,/Users/saintiron/Projects/Imagine/thumbnails/agm03_227_thumb.png,psd,3639,2361,"Industrial interior with exposed pipes, beams, and large windows.","[""industrial"", ""interior"", ""pipes"", ""beams"", ""windows"", ""concrete"", ""ceiling"", ""columns""]",background,,,,Qwen/Qwen3.5-9B,vision_done,,ok,,,,,,,,강다외부,visual:bg-complex-q0022:28716,diverse_rank=1; source_count=3; visual_group=visual:bg-complex-q0022:28716,,
bg-complex-q0022,"강다외부에서 콘크리트 복도와 큰 창문, 파이프가 함께 보이는 산업적인 실내 배경",complex,60227,1,fts,"{""fts"": 1}","{""background_complex_v2_20260506:fts"": 1}",webdav://13730b09/예비/마법과고교의 우등생/#11/bg/MKY11_265.psd,60227_MKY11_265.psd,예비/마법과고교의 우등생/#11/bg/MKY11_265.psd,bg,/Users/saintiron/Projects/Imagine/thumbnails/60227_MKY11_265_thumb.png,psd,1875,1306,Two anime-style girls in white dresses stand facing each other on a dark ground.,"[""anime"", ""girls"", ""dresses"", ""white"", ""ground"", ""outline"", ""sketch""]",illustration,,,,Qwen/Qwen3.5-9B,,,ok,,,,,,,,bg,visual:bg-complex-q0022:60227,diverse_rank=6; source_count=1; visual_group=visual:bg-complex-q0022:60227,,
bg-complex-q0022,"강다외부에서 콘크리트 복도와 큰 창문, 파이프가 함께 보이는 산업적인 실내 배경",complex,57486,4,mv,"{""mv"": 4}","{""background_complex_v2_20260506:mv"": 4}",webdav://13730b09/예비/작품2/대마도학원35시험 소대/제작회사BG/_4/#4/TM#04_074.psd,57486_TM#04_074.psd,예비/작품2/대마도학원35시험 소대/제작회사BG/_4/#4/TM#04_074.psd,#4,/Users/saintiron/Projects/Imagine/thumbnails/57486_TM#04_074_thumb.png,psd,1698,1183,Industrial interior with concrete blocks and structural beams under bright lighting.,"[""concrete"", ""industrial"", ""architecture"", ""beams"", ""blocks"", ""structural"", ""interior"", ""blue""]",background,,,,Qwen/Qwen3.5-9B,,,ok,,,,,,,,#4,visual:bg-complex-q0022:57486,diverse_rank=13; source_count=1; visual_group=visual:bg-complex-q0022:57486,,
bg-complex-q0022,"강다외부에서 콘크리트 복도와 큰 창문, 파이프가 함께 보이는 산업적인 실내 배경",complex,58394,4,fts,"{""fts"": 4}","{""background_complex_v2_20260506:fts"": 4}",webdav://13730b09/예비/작품2/대마도학원35시험 소대/설정/대마도학원 복도.jpg,58394_대마도학원 복도.jpg,예비/작품2/대마도학원35시험 소대/설정/대마도학원 복도.jpg,설정,/Users/saintiron/Projects/Imagine/thumbnails/58394_대마도학원 복도_thumb.png,jpg,2873,2032,"Anime-style corridor scene with doors, pillars, and a character standing in a school hallway.","[""corridor"", ""doors"", ""pillars"", ""character"", ""school"", ""hallway"", ""line art"", ""architecture""]",illustration,,,,Qwen/Qwen3.5-9B,,,ok,,,,,,,,설정,visual:bg-complex-q0022:58394,diverse_rank=14; source_count=1; visual_group=visual:bg-complex-q0022:58394,,
bg-complex-q0022,"강다외부에서 콘크리트 복도와 큰 창문, 파이프가 함께 보이는 산업적인 실내 배경",complex,28721,6,"mv,triaxis,vv","{""mv"": 6, ""triaxis"": 22, ""vv"": 42}","{""background_complex_v2_20260506:mv"": 6, ""background_complex_v2_20260506:triaxis"": 22, ""background_complex_v2_20260506:vv"": 42}",/Users/saintiron/imageDB/마캬베리즈무/장소/강다외부/agm03_245.psd,agm03_245.psd,agm03_245.psd,강다외부,/Users/saintiron/Projects/Imagine/thumbnails/agm03_245_thumb.png,psd,3275,2338,"Industrial interior with pipes, beams, and structural elements.","[""pipes"", ""beams"", ""industrial"", ""architecture"", ""interior"", ""structural"", ""metal"", ""concrete""]",background,,,,Qwen/Qwen3.5-9B,vision_done,,ok,,,,,,,,강다외부,visual:bg-complex-q0022:28721,diverse_rank=2; source_count=3; visual_group=visual:bg-complex-q0022:28721,,
bg-complex-q0022,"강다외부에서 콘크리트 복도와 큰 창문, 파이프가 함께 보이는 산업적인 실내 배경",complex,57383,7,"mv,vv","{""mv"": 16, ""vv"": 7}","{""background_complex_v2_20260506:mv"": 16, ""background_complex_v2_20260506:vv"": 7}",webdav://13730b09/예비/작품2/대마도학원35시험 소대/제작회사BG/건물/TM#01_100.psd,57383_TM#01_100.psd,예비/작품2/대마도학원35시험 소대/제작회사BG/건물/TM#01_100.psd,건물,/Users/saintiron/Projects/Imagine/thumbnails/57383_TM#01_100_thumb.png,psd,2330,1639,Dark industrial alleyway with pipes and dim lighting,"[""pipes"", ""wall"", ""industrial"", ""dark"", ""concrete"", ""light"", ""alleyway""]",background,,,,Qwen/Qwen3.5-9B,,,ok,,,,,,,,건물,visual:bg-complex-q0022:57383,diverse_rank=9; source_count=1; visual_group=visual:bg-complex-q0022:57383,,
bg-complex-q0022,"강다외부에서 콘크리트 복도와 큰 창문, 파이프가 함께 보이는 산업적인 실내 배경",complex,58524,7,fts,"{""fts"": 7}","{""background_complex_v2_20260506:fts"": 7}",webdav://13730b09/예비/작품2/대마도학원35시험 소대/보도/학교 복도 파티 버젼/1.psd,58524_1.psd,예비/작품2/대마도학원35시험 소대/보도/학교 복도 파티 버젼/1.psd,학교 복도 파티 버젼,/Users/saintiron/Projects/Imagine/thumbnails/58524_1_thumb.png,psd,2614,1785,School hallway decorated for cultural festival with balloons and posters,"[""school"", ""hallway"", ""balloons"", ""posters"", ""table"", ""windows"", ""ceiling lights""]",background,,,,Qwen/Qwen3.5-9B,,,ok,,,,,,,,학교 복도 파티 버젼,visual:bg-complex-q0022:58524,diverse_rank=10; source_count=3; visual_group=visual:bg-complex-q0022:58524,,
bg-complex-q0022,"강다외부에서 콘크리트 복도와 큰 창문, 파이프가 함께 보이는 산업적인 실내 배경",complex,58527,11,fts,"{""fts"": 11}","{""background_complex_v2_20260506:fts"": 11}",webdav://13730b09/예비/작품2/대마도학원35시험 소대/보도/학교 복도 파티 버젼/FD#08_003.psd,58527_FD#08_003.psd,예비/작품2/대마도학원35시험 소대/보도/학교 복도 파티 버젼/FD#08_003.psd,학교 복도 파티 버젼,/Users/saintiron/Projects/Imagine/thumbnails/58527_FD#08_003_thumb.png,psd,3184,1312,"Colorful anime-style school hallway with posters, doors, and seating area.","[""hallway"", ""school"", ""doors"", ""posters"", ""seating"", ""anime"", ""corridor""]",background,,,,Qwen/Qwen3.5-9B,,,ok,,,,,,,,학교 복도 파티 버젼,visual:bg-complex-q0022:58527,diverse_rank=3; source_count=3; visual_group=visual:bg-complex-q0022:58527,,
bg-complex-q0022,"강다외부에서 콘크리트 복도와 큰 창문, 파이프가 함께 보이는 산업적인 실내 배경",complex,58370,12,mv,"{""mv"": 12}","{""background_complex_v2_20260506:mv"": 12}",webdav://13730b09/예비/작품2/대마도학원35시험 소대/제작회사BG/#1/TM#01_323.psd,58370_TM#01_323.psd,예비/작품2/대마도학원35시험 소대/제작회사BG/#1/TM#01_323.psd,#1,/Users/saintiron/Projects/Imagine/thumbnails/58370_TM#01_323_thumb.png,psd,2421,2177,Dark industrial room with wooden slatted panels and concrete floor,"[""industrial"", ""wooden panels"", ""concrete floor"", ""dark"", ""interior"", ""slatted design"", ""warehouse""]",background,,,,Qwen/Qwen3.5-9B,,,ok,,,,,,,,#1,visual:bg-complex-q0022:58370,diverse_rank=5; source_count=3; visual_group=visual:bg-complex-q0022:58370,,
bg-complex-q0022,"강다외부에서 콘크리트 복도와 큰 창문, 파이프가 함께 보이는 산업적인 실내 배경",complex,58531,12,fts,"{""fts"": 12}","{""background_complex_v2_20260506:fts"": 12}",webdav://13730b09/예비/작품2/대마도학원35시험 소대/보도/학교 복도 파티 버젼/ya#11_307.psd,58531_ya#11_307.psd,예비/작품2/대마도학원35시험 소대/보도/학교 복도 파티 버젼/ya#11_307.psd,학교 복도 파티 버젼,/Users/saintiron/Projects/Imagine/thumbnails/58531_ya#11_307_thumb.png,psd,2778,1394,"A decorated school hallway with colorful banners, posters, and balloons.","[""school hallway"", ""balloons"", ""banners"", ""posters"", ""floor tiles"", ""doors"", ""anime style""]",illustration,,,,Qwen/Qwen3.5-9B,,,ok,,,,,,,,학교 복도 파티 버젼,visual:bg-complex-q0022:58531,diverse_rank=7; source_count=3; visual_group=visual:bg-complex-q0022:58531,,
bg-complex-q0022,"강다외부에서 콘크리트 복도와 큰 창문, 파이프가 함께 보이는 산업적인 실내 배경",complex,58179,13,mv,"{""mv"": 13}","{""background_complex_v2_20260506:mv"": 13}",webdav://13730b09/예비/작품2/대마도학원35시험 소대/제작회사BG/#1/TM#01_300.psd,58179_TM#01_300.psd,예비/작품2/대마도학원35시험 소대/제작회사BG/#1/TM#01_300.psd,#1,/Users/saintiron/Projects/Imagine/thumbnails/58179_TM#01_300_thumb.png,psd,1681,1173,Dark industrial corridor with wooden slatted walls and dim lighting.,"[""industrial"", ""corridor"", ""wooden"", ""slatted"", ""dark"", ""concrete"", ""dim"", ""interior""]",background,,,,Qwen/Qwen3.5-9B,,,ok,,,,,,,,#1,visual:bg-complex-q0022:58360,diverse_rank=11; source_count=3; visual_group=visual:bg-complex-q0022:58360,,
bg-complex-q0022,"강다외부에서 콘크리트 복도와 큰 창문, 파이프가 함께 보이는 산업적인 실내 배경",complex,58346,14,"mv,vv","{""mv"": 14, ""vv"": 25}","{""background_complex_v2_20260506:mv"": 14, ""background_complex_v2_20260506:vv"": 25}",webdav://13730b09/예비/작품2/대마도학원35시험 소대/제작회사BG/#1/TM#01_297 .psd,58346_TM#01_297 .psd,예비/작품2/대마도학원35시험 소대/제작회사BG/#1/TM#01_297 .psd,#1,/Users/saintiron/Projects/Imagine/thumbnails/58346_TM#01_297 _thumb.png,psd,1701,1701,Dark industrial corridor with concrete walls and metal grates,"[""concrete"", ""metal"", ""industrial"", ""corridor"", ""grates"", ""dark"", ""warehouse"", ""structure""]",texture,,,,Qwen/Qwen3.5-9B,,,ok,,,,,,,,#1,visual:bg-complex-q0022:58346,diverse_rank=12; source_count=3; visual_group=visual:bg-complex-q0022:58346,,
bg-complex-q0022,"강다외부에서 콘크리트 복도와 큰 창문, 파이프가 함께 보이는 산업적인 실내 배경",complex,28743,21,triaxis,"{""triaxis"": 21}","{""background_complex_v2_20260506:triaxis"": 21}",/Users/saintiron/imageDB/마캬베리즈무/장소/강다외부/agm03_279.psd,agm03_279.psd,agm03_279.psd,강다외부,/Users/saintiron/Projects/Imagine/thumbnails/agm03_279_thumb.png,psd,2432,1183,Dark interior with a hanging light fixture and faint architectural lines.,"[""light fixture"", ""wall"", ""architecture"", ""interior"", ""shadow"", ""line art"", ""dark""]",background,,,,Qwen/Qwen3.5-9B,vision_done,,ok,,,,,,,,강다외부,visual:bg-complex-q0022:28743,diverse_rank=4; source_count=3; visual_group=visual:bg-complex-q0022:28743,,
bg-complex-q0022,"강다외부에서 콘크리트 복도와 큰 창문, 파이프가 함께 보이는 산업적인 실내 배경",complex,56862,22,fts,"{""fts"": 22}","{""background_complex_v2_20260506:fts"": 22}",webdav://13730b09/발송/외주 회사/빔 studio/귀인환등초/0313-re/KGS_01_150_R.psd,56862_KGS_01_150_R.psd,발송/외주 회사/빔 studio/귀인환등초/0313-re/KGS_01_150_R.psd,0313-re,/Users/saintiron/Projects/Imagine/thumbnails/56862_KGS_01_150_R_thumb.png,psd,2339,1653,"Two anime-style characters in motion, outlined in sketch lines over a building facade.","[""anime"", ""characters"", ""sketch lines"", ""building"", ""motion""]",illustration,,,,Qwen/Qwen3.5-9B,,,ok,,,,,,,,0313-re,visual:bg-complex-q0022:28777,diverse_rank=8; source_count=1; visual_group=visual:bg-complex-q0022:28777,,
bg-complex-q0023,"실내소품에서 식물과 창문, 작은 가구가 함께 보이는 아늑한 실내 배경",complex,31063,1,"mv,triaxis,vv","{""mv"": 34, ""triaxis"": 6, ""vv"": 1}","{""background_complex_v2_20260506:mv"": 34, ""background_complex_v2_20260506:triaxis"": 6, ""background_complex_v2_20260506:vv"": 1}",/Users/saintiron/imageDB/마캬베리즈무/실내소품/#03_199.psd,#03_199.psd,#03_199.psd,실내소품,/Users/saintiron/Projects/Imagine/thumbnails/#03_199_thumb.png,psd,2340,1654,"A bright room with a dresser, mirror, plants, and a window with blue curtains.","[""dresser"", ""mirror"", ""plants"", ""window"", ""curtains"", ""wall"", ""sky"", ""trees""]",background,,,,Qwen/Qwen3.5-9B,vision_done,,ok,,,,,,,,실내소품,visual:bg-complex-q0023:31063,diverse_rank=1; source_count=3; visual_group=visual:bg-complex-q0023:31063,,
bg-complex-q0023,"실내소품에서 식물과 창문, 작은 가구가 함께 보이는 아늑한 실내 배경",complex,58181,3,"mv,vv","{""mv"": 10, ""vv"": 3}","{""background_complex_v2_20260506:mv"": 10, ""background_complex_v2_20260506:vv"": 3}",webdav://13730b09/예비/작품2/대마도학원35시험 소대/제작회사BG/#1/TM#01_089_091.psd,58181_TM#01_089_091.psd,예비/작품2/대마도학원35시험 소대/제작회사BG/#1/TM#01_089_091.psd,#1,/Users/saintiron/Projects/Imagine/thumbnails/58181_TM#01_089_091_thumb.png,psd,1688,1197,"Minimalist interior corner with plant, shelf, and window frame.","[""plant"", ""shelf"", ""window"", ""wall"", ""book"", ""vase"", ""modern"", ""interior""]",illustration,,,,Qwen/Qwen3.5-9B,,,ok,,,,,,,,#1,visual:bg-complex-q0023:58181,diverse_rank=10; source_count=3; visual_group=visual:bg-complex-q0023:58181,,
bg-complex-q0023,"실내소품에서 식물과 창문, 작은 가구가 함께 보이는 아늑한 실내 배경",complex,58475,5,"fts,mv","{""fts"": 5, ""mv"": 27}","{""background_complex_v2_20260506:fts"": 5, ""background_complex_v2_20260506:mv"": 27}",webdav://13730b09/예비/작품2/대마도학원35시험 소대/보도/사이온지 집 실내.psd,58475_사이온지 집 실내.psd,예비/작품2/대마도학원35시험 소대/보도/사이온지 집 실내.psd,보도,/Users/saintiron/Projects/Imagine/thumbnails/58475_사이온지 집 실내_thumb.png,psd,2778,2024,"A detailed anime-style interior of a formal room with wooden furniture, windows, and decorative elements.","[""office"", ""desk"", ""bookshelf"", ""windows"", ""painting"", ""plant"", ""fireplace"", ""door""]",background,,,,Qwen/Qwen3.5-9B,,,ok,,,,,,,,보도,visual:bg-complex-q0023:58475,diverse_rank=14; source_count=1; visual_group=visual:bg-complex-q0023:58475,,
bg-complex-q0023,"실내소품에서 식물과 창문, 작은 가구가 함께 보이는 아늑한 실내 배경",complex,58180,6,mv,"{""mv"": 6}","{""background_complex_v2_20260506:mv"": 6}",webdav://13730b09/예비/작품2/대마도학원35시험 소대/제작회사BG/#1/TM#01_088.psd,58180_TM#01_088.psd,예비/작품2/대마도학원35시험 소대/제작회사BG/#1/TM#01_088.psd,#1,/Users/saintiron/Projects/Imagine/thumbnails/58180_TM#01_088_thumb.png,psd,1667,1194,"A room corner with a bookshelf, window, and wooden furniture.","[""bookshelf"", ""window"", ""wall"", ""furniture"", ""plant"", ""bed"", ""shelves"", ""indoor""]",background,,,,Qwen/Qwen3.5-9B,,,ok,,,,,,,,#1,visual:bg-complex-q0023:58180,diverse_rank=2; source_count=3; visual_group=visual:bg-complex-q0023:58180,,
bg-complex-q0023,"실내소품에서 식물과 창문, 작은 가구가 함께 보이는 아늑한 실내 배경",complex,56856,10,fts,"{""fts"": 10}","{""background_complex_v2_20260506:fts"": 10}",webdav://13730b09/발송/외주 회사/빔 studio/귀인환등초/0313-re/KGS_01_376_R.psd,56856_KGS_01_376_R.psd,발송/외주 회사/빔 studio/귀인환등초/0313-re/KGS_01_376_R.psd,0313-re,/Users/saintiron/Projects/Imagine/thumbnails/56856_KGS_01_376_R_thumb.png,psd,2339,1653,Traditional Japanese room with sliding door opening to a misty garden,"[""shoji screen"", ""parasol"", ""straw hat"", ""wooden frame"", ""sliding door"", ""garden view"", ""blue wall"", ""tatami mat""]",illustration,,,,Qwen/Qwen3.5-9B,,,ok,,,,,,,,0313-re,visual:bg-complex-q0023:56856,diverse_rank=12; source_count=3; visual_group=visual:bg-complex-q0023:56856,,
bg-complex-q0023,"실내소품에서 식물과 창문, 작은 가구가 함께 보이는 아늑한 실내 배경",complex,31555,11,"mv,triaxis","{""mv"": 50, ""triaxis"": 11}","{""background_complex_v2_20260506:mv"": 50, ""background_complex_v2_20260506:triaxis"": 11}",/Users/saintiron/imageDB/마캬베리즈무/실내소품/SH01_052.psd,SH01_052.psd,SH01_052.psd,실내소품,/Users/saintiron/Projects/Imagine/thumbnails/SH01_052_thumb.png,psd,1890,1299,A vintage-style kitchen interior with wooden cabinets and green doors.,"[""kitchen"", ""cabinet"", ""wood"", ""green"", ""bottle"", ""jar"", ""counter"", ""retro""]",background,,,,Qwen/Qwen3.5-9B,vision_done,,ok,,,,,,,,실내소품,visual:bg-complex-q0023:31555,diverse_rank=3; source_count=3; visual_group=visual:bg-complex-q0023:31555,,
bg-complex-q0023,"실내소품에서 식물과 창문, 작은 가구가 함께 보이는 아늑한 실내 배경",complex,56904,11,fts,"{""fts"": 11}","{""background_complex_v2_20260506:fts"": 11}",webdav://13730b09/발송/외주 회사/빔 studio/귀인환등초/bg/KGS_01_150.psd,56904_KGS_01_150.psd,발송/외주 회사/빔 studio/귀인환등초/bg/KGS_01_150.psd,bg,/Users/saintiron/Projects/Imagine/thumbnails/56904_KGS_01_150_thumb.png,psd,2339,1653,Animated scene showing two characters in motion with line art overlay,"[""anime"", ""line art"", ""characters"", ""motion"", ""building"", ""ground"", ""windows""]",illustration,,,,Qwen/Qwen3.5-9B,,,ok,,,,,,,,bg,visual:bg-complex-q0023:60273,diverse_rank=5; source_count=3; visual_group=visual:bg-complex-q0023:60273,,
bg-complex-q0023,"실내소품에서 식물과 창문, 작은 가구가 함께 보이는 아늑한 실내 배경",complex,56699,12,fts,"{""fts"": 12}","{""background_complex_v2_20260506:fts"": 12}",webdav://13730b09/발송/외주 회사/빔 studio/산다/bg/SAN_09_022_BG.psd,56699_SAN_09_022_BG.psd,발송/외주 회사/빔 studio/산다/bg/SAN_09_022_BG.psd,bg,/Users/saintiron/Projects/Imagine/thumbnails/56699_SAN_09_022_BG_thumb.png,psd,2105,1488,Sunlit Japanese room with tatami mats and translucent ghostly figures.,"[""tatami"", ""shoji"", ""bonsai"", ""ghosts"", ""folded screen"", ""wooden beams"", ""anime"", ""warm light""]",illustration,,,,Qwen/Qwen3.5-9B,,,ok,,,,,,,,bg,visual:bg-complex-q0023:56699,diverse_rank=7; source_count=3; visual_group=visual:bg-complex-q0023:56699,,
bg-complex-q0023,"실내소품에서 식물과 창문, 작은 가구가 함께 보이는 아늑한 실내 배경",complex,56690,13,fts,"{""fts"": 13}","{""background_complex_v2_20260506:fts"": 13}",webdav://13730b09/발송/외주 회사/빔 studio/산다/bg/SAN_09_051_BG.psd,56690_SAN_09_051_BG.psd,발송/외주 회사/빔 studio/산다/bg/SAN_09_051_BG.psd,bg,/Users/saintiron/Projects/Imagine/thumbnails/56690_SAN_09_051_BG_thumb.png,psd,2178,1500,A sketch of a man's face in a dimly lit room with warm window light.,"[""sketch"", ""face"", ""man"", ""window"", ""light"", ""room"", ""line art""]",illustration,,,,Qwen/Qwen3.5-9B,,,ok,,,,,,,,bg,visual:bg-complex-q0023:56690,diverse_rank=9; source_count=3; visual_group=visual:bg-complex-q0023:56690,,
bg-complex-q0023,"실내소품에서 식물과 창문, 작은 가구가 함께 보이는 아늑한 실내 배경",complex,57720,14,fts,"{""fts"": 14}","{""background_complex_v2_20260506:fts"": 14}",webdav://13730b09/예비/작품2/대마도학원35시험 소대/제작회사BG/#3/AT03_184_R.psd,57720_AT03_184_R.psd,예비/작품2/대마도학원35시험 소대/제작회사BG/#3/AT03_184_R.psd,#3,/Users/saintiron/Projects/Imagine/thumbnails/57720_AT03_184_R_thumb.png,psd,1683,1190,Anime-style character cutouts with sketch lines and construction guides,"[""anime"", ""cutouts"", ""sketch lines"", ""construction guides"", ""characters""]",illustration,,,,Qwen/Qwen3.5-9B,,,ok,,,,,,,,#3,visual:bg-complex-q0023:57720,diverse_rank=11; source_count=1; visual_group=visual:bg-complex-q0023:57720,,
bg-complex-q0023,"실내소품에서 식물과 창문, 작은 가구가 함께 보이는 아늑한 실내 배경",complex,56866,15,fts,"{""fts"": 15}","{""background_complex_v2_20260506:fts"": 15}",webdav://13730b09/발송/외주 회사/빔 studio/귀인환등초/0313-re/KGS_01_341_R.psd,56866_KGS_01_341_R.psd,발송/외주 회사/빔 studio/귀인환등초/0313-re/KGS_01_341_R.psd,0313-re,/Users/saintiron/Projects/Imagine/thumbnails/56866_KGS_01_341_R_thumb.png,psd,2339,1653,A translucent figure sits on a wooden porch outside a traditional Japanese room.,"[""translucent figure"", ""wooden porch"", ""shoji screen"", ""tatami mat"", ""traditional house"", ""anime style"", ""ghostly figure"", ""indoor room""]",illustration,,,,Qwen/Qwen3.5-9B,,,ok,,,,,,,,0313-re,visual:bg-complex-q0023:56866,diverse_rank=13; source_count=3; visual_group=visual:bg-complex-q0023:56866,,
bg-complex-q0023,"실내소품에서 식물과 창문, 작은 가구가 함께 보이는 아늑한 실내 배경",complex,31516,21,triaxis,"{""triaxis"": 21}","{""background_complex_v2_20260506:triaxis"": 21}",/Users/saintiron/imageDB/마캬베리즈무/실내소품/pf46_011.psd,pf46_011.psd,pf46_011.psd,실내소품,/Users/saintiron/Projects/Imagine/thumbnails/pf46_011_thumb.png,psd,1654,1145,"A dimly lit room with a green sofa, open door, and staircase.","[""sofa"", ""door"", ""staircase"", ""window"", ""rug"", ""table"", ""books"", ""wall""]",background,,,,Qwen/Qwen3.5-9B,vision_done,,ok,,,,,,,,실내소품,visual:bg-complex-q0023:31516,diverse_rank=4; source_count=3; visual_group=visual:bg-complex-q0023:31516,,
bg-complex-q0023,"실내소품에서 식물과 창문, 작은 가구가 함께 보이는 아늑한 실내 배경",complex,56875,21,fts,"{""fts"": 21}","{""background_complex_v2_20260506:fts"": 21}",webdav://13730b09/발송/외주 회사/빔 studio/귀인환등초/0313-re/KGS_01_109_111_R.psd,56875_KGS_01_109_111_R.psd,발송/외주 회사/빔 studio/귀인환등초/0313-re/KGS_01_109_111_R.psd,0313-re,/Users/saintiron/Projects/Imagine/thumbnails/56875_KGS_01_109_111_R_thumb.png,psd,2800,2141,Two figures in traditional robes sit in a dimly lit room with a glowing lantern.,"[""lantern"", ""robes"", ""figures"", ""shoji screen"", ""floor mat""]",illustration,,,,Qwen/Qwen3.5-9B,,,ok,,,,,,,,0313-re,visual:bg-complex-q0023:56881,diverse_rank=6; source_count=3; visual_group=visual:bg-complex-q0023:56881,,
bg-complex-q0023,"실내소품에서 식물과 창문, 작은 가구가 함께 보이는 아늑한 실내 배경",complex,58298,22,mv,"{""mv"": 22}","{""background_complex_v2_20260506:mv"": 22}",webdav://13730b09/예비/작품2/대마도학원35시험 소대/제작회사BG/#1/TM#01_245.psd,58298_TM#01_245.psd,예비/작품2/대마도학원35시험 소대/제작회사BG/#1/TM#01_245.psd,#1,/Users/saintiron/Projects/Imagine/thumbnails/58298_TM#01_245_thumb.png,psd,1678,1187,"Interior room with desk, shelves, and wall paneling under soft lighting.","[""desk"", ""shelves"", ""wall paneling"", ""candles"", ""switch"", ""drawers"", ""indoor"", ""minimalist""]",background,,,,Qwen/Qwen3.5-9B,,,ok,,,,,,,,#1,visual:bg-complex-q0023:58298,diverse_rank=8; source_count=3; visual_group=visual:bg-complex-q0023:58298,,
bg-complex-q0024,다윈즈게임 도시 낮에서 도로와 건물이 보이고 낮 시간의 도시 분위기가 분명한 배경,complex,58278,2,mv,"{""mv"": 2}","{""background_complex_v2_20260506:mv"": 2}",webdav://13730b09/예비/작품2/대마도학원35시험 소대/제작회사BG/#1/TM#01_221.psd,58278_TM#01_221.psd,예비/작품2/대마도학원35시험 소대/제작회사BG/#1/TM#01_221.psd,#1,/Users/saintiron/Projects/Imagine/thumbnails/58278_TM#01_221_thumb.png,psd,1670,1183,Dark ribbons obscure a green-lit cityscape at night.,"[""ribbons"", ""cityscape"", ""night"", ""green"", ""windows"", ""buildings"", ""darkness""]",illustration,,,,Qwen/Qwen3.5-9B,,,ok,,,,,,,,#1,visual:bg-complex-q0024:58278,diverse_rank=1; source_count=1; visual_group=visual:bg-complex-q0024:58278,,
bg-complex-q0024,다윈즈게임 도시 낮에서 도로와 건물이 보이고 낮 시간의 도시 분위기가 분명한 배경,complex,57435,3,mv,"{""mv"": 3}","{""background_complex_v2_20260506:mv"": 3}",webdav://13730b09/예비/작품2/대마도학원35시험 소대/제작회사BG/건물/TM#02_354.psd,57435_TM#02_354.psd,예비/작품2/대마도학원35시험 소대/제작회사BG/건물/TM#02_354.psd,건물,/Users/saintiron/Projects/Imagine/thumbnails/57435_TM#02_354_thumb.png,psd,2325,1642,Nighttime cityscape with illuminated buildings and dark sky,"[""cityscape"", ""night"", ""buildings"", ""lights"", ""sky"", ""urban"", ""darkness"", ""windows""]",background,,,,Qwen/Qwen3.5-9B,,,ok,,,,,,,,건물,visual:bg-complex-q0024:57435,diverse_rank=5; source_count=3; visual_group=visual:bg-complex-q0024:57435,,
bg-complex-q0024,다윈즈게임 도시 낮에서 도로와 건물이 보이고 낮 시간의 도시 분위기가 분명한 배경,complex,57381,7,"mv,vv","{""mv"": 7, ""vv"": 29}","{""background_complex_v2_20260506:mv"": 7, ""background_complex_v2_20260506:vv"": 29}",webdav://13730b09/예비/작품2/대마도학원35시험 소대/제작회사BG/건물/TM#01_005.psd,57381_TM#01_005.psd,예비/작품2/대마도학원35시험 소대/제작회사BG/건물/TM#01_005.psd,건물,/Users/saintiron/Projects/Imagine/thumbnails/57381_TM#01_005_thumb.png,psd,2972,1187,Nighttime city street with illuminated buildings and trees under dark sky,"[""city"", ""night"", ""buildings"", ""street"", ""trees"", ""lights"", ""urban"", ""sky""]",background,,,,Qwen/Qwen3.5-9B,,,ok,,,,,,,,건물,visual:bg-complex-q0024:57381,diverse_rank=2; source_count=3; visual_group=visual:bg-complex-q0024:57381,,
bg-complex-q0024,다윈즈게임 도시 낮에서 도로와 건물이 보이고 낮 시간의 도시 분위기가 분명한 배경,complex,58084,9,mv,"{""mv"": 9}","{""background_complex_v2_20260506:mv"": 9}",webdav://13730b09/예비/작품2/대마도학원35시험 소대/제작회사BG/#2/TM#02_353.psd,58084_TM#02_353.psd,예비/작품2/대마도학원35시험 소대/제작회사BG/#2/TM#02_353.psd,#2,/Users/saintiron/Projects/Imagine/thumbnails/58084_TM#02_353_thumb.png,psd,1674,1182,Nighttime cityscape with illuminated buildings and trees under a dark sky,"[""cityscape"", ""night"", ""buildings"", ""trees"", ""streetlights"", ""sky"", ""waterfront"", ""architecture""]",background,,,,Qwen/Qwen3.5-9B,,,ok,,,,,,,,#2,visual:bg-complex-q0024:58084,diverse_rank=7; source_count=3; visual_group=visual:bg-complex-q0024:58084,,
bg-complex-q0024,다윈즈게임 도시 낮에서 도로와 건물이 보이고 낮 시간의 도시 분위기가 분명한 배경,complex,57965,12,mv,"{""mv"": 12}","{""background_complex_v2_20260506:mv"": 12}",webdav://13730b09/예비/작품2/대마도학원35시험 소대/제작회사BG/#2/TM#02_214.psd,57965_TM#02_214.psd,예비/작품2/대마도학원35시험 소대/제작회사BG/#2/TM#02_214.psd,#2,/Users/saintiron/Projects/Imagine/thumbnails/57965_TM#02_214_thumb.png,psd,1668,1186,Nighttime cityscape with illuminated buildings and trees under a cloudy sky.,"[""night"", ""cityscape"", ""buildings"", ""trees"", ""clouds"", ""lights"", ""sky""]",background,,,,Qwen/Qwen3.5-9B,,,ok,,,,,,,,#2,visual:bg-complex-q0024:57965,diverse_rank=3; source_count=3; visual_group=visual:bg-complex-q0024:57965,,
bg-complex-q0024,다윈즈게임 도시 낮에서 도로와 건물이 보이고 낮 시간의 도시 분위기가 분명한 배경,complex,58064,21,mv,"{""mv"": 21}","{""background_complex_v2_20260506:mv"": 21}",webdav://13730b09/예비/작품2/대마도학원35시험 소대/제작회사BG/#2/TM#02_330.psd,58064_TM#02_330.psd,예비/작품2/대마도학원35시험 소대/제작회사BG/#2/TM#02_330.psd,#2,/Users/saintiron/Projects/Imagine/thumbnails/58064_TM#02_330_thumb.png,psd,1681,1186,Nighttime view of a grand building with trees and streetlights in the foreground.,"[""building"", ""trees"", ""streetlights"", ""night"", ""architecture"", ""pavement"", ""fountain"", ""dark""]",background,,,,Qwen/Qwen3.5-9B,,,ok,,,,,,,,#2,visual:bg-complex-q0024:58064,diverse_rank=4; source_count=3; visual_group=visual:bg-complex-q0024:58064,,
bg-complex-q0024,다윈즈게임 도시 낮에서 도로와 건물이 보이고 낮 시간의 도시 분위기가 분명한 배경,complex,57396,22,mv,"{""mv"": 22}","{""background_complex_v2_20260506:mv"": 22}",webdav://13730b09/예비/작품2/대마도학원35시험 소대/제작회사BG/건물/TM#01_126.psd,57396_TM#01_126.psd,예비/작품2/대마도학원35시험 소대/제작회사BG/건물/TM#01_126.psd,건물,/Users/saintiron/Projects/Imagine/thumbnails/57396_TM#01_126_thumb.png,psd,1668,1183,Nighttime cityscape with tall buildings and starry sky,"[""buildings"", ""night"", ""sky"", ""windows"", ""urban"", ""darkness"", ""architecture""]",background,,,,Qwen/Qwen3.5-9B,,,ok,,,,,,,,건물,visual:bg-complex-q0024:57395,diverse_rank=6; source_count=3; visual_group=visual:bg-complex-q0024:57395,,
bg-complex-q0024,다윈즈게임 도시 낮에서 도로와 건물이 보이고 낮 시간의 도시 분위기가 분명한 배경,complex,57663,49,mv,"{""mv"": 49}","{""background_complex_v2_20260506:mv"": 49}",webdav://13730b09/예비/작품2/대마도학원35시험 소대/제작회사BG/#3/AT03_115.psd,57663_AT03_115.psd,예비/작품2/대마도학원35시험 소대/제작회사BG/#3/AT03_115.psd,#3,/Users/saintiron/Projects/Imagine/thumbnails/57663_AT03_115_thumb.png,psd,2338,1653,Nighttime cityscape with buildings and clouds viewed through a window.,"[""cityscape"", ""night"", ""clouds"", ""buildings"", ""window"", ""lights"", ""sky""]",illustration,,,,Qwen/Qwen3.5-9B,,,ok,,,,,,,,#3,visual:bg-complex-q0024:57663,diverse_rank=8; source_count=1; visual_group=visual:bg-complex-q0024:57663,,
bg-complex-q0025,기절용사와 암살공주 #12/bg에서 발코니나 난간과 하늘이 함께 보이는 높은 장소 배경,complex,58566,1,mv,"{""mv"": 1}","{""background_complex_v2_20260506:mv"": 1}",webdav://13730b09/예비/작품2/대마도학원35시험 소대/BG/TM#05_142.psd,58566_TM#05_142.psd,예비/작품2/대마도학원35시험 소대/BG/TM#05_142.psd,BG,/Users/saintiron/Projects/Imagine/thumbnails/58566_TM#05_142_thumb.png,psd,5081,1185,"Two ghostly figures stand beside a fence under a dark, stormy sky.","[""ghosts"", ""fence"", ""wall"", ""night"", ""storm"", ""silhouette"", ""anime""]",background,,,,Qwen/Qwen3.5-9B,,,ok,,,,,,,,BG,visual:bg-complex-q0025:58566,diverse_rank=1; source_count=3; visual_group=visual:bg-complex-q0025:58566,,
bg-complex-q0025,기절용사와 암살공주 #12/bg에서 발코니나 난간과 하늘이 함께 보이는 높은 장소 배경,complex,60216,1,fts,"{""fts"": 1}","{""background_complex_v2_20260506:fts"": 1}",webdav://13730b09/예비/마법과고교의 우등생/#11/bg/MKY11_180.psd,60216_MKY11_180.psd,예비/마법과고교의 우등생/#11/bg/MKY11_180.psd,bg,/Users/saintiron/Projects/Imagine/thumbnails/60216_MKY11_180_thumb.png,psd,1755,1241,Cracked earth texture with scattered rocks and sparse green grass.,"[""dirt"", ""cracks"", ""rocks"", ""grass"", ""texture"", ""ground"", ""natural"", ""earth""]",texture,,,,Qwen/Qwen3.5-9B,,,ok,,,,,,,,bg,visual:bg-complex-q0025:60216,diverse_rank=5; source_count=3; visual_group=visual:bg-complex-q0025:60216,,
bg-complex-q0025,기절용사와 암살공주 #12/bg에서 발코니나 난간과 하늘이 함께 보이는 높은 장소 배경,complex,60116,3,mv,"{""mv"": 3}","{""background_complex_v2_20260506:mv"": 3}",webdav://13730b09/예비/마법과고교의 우등생/#13/BG/mky13_263.psd,60116_mky13_263.psd,예비/마법과고교의 우등생/#13/BG/mky13_263.psd,BG,/Users/saintiron/Projects/Imagine/thumbnails/60116_mky13_263_thumb.png,psd,2523,1271,Two anime characters stand under trees with a fence and blue sky.,"[""trees"", ""fence"", ""sky"", ""characters"", ""anime"", ""outdoors"", ""daytime""]",background,,,,Qwen/Qwen3.5-9B,,,ok,,,,,,,,BG,visual:bg-complex-q0025:60116,diverse_rank=8; source_count=3; visual_group=visual:bg-complex-q0025:60116,,
bg-complex-q0025,기절용사와 암살공주 #12/bg에서 발코니나 난간과 하늘이 함께 보이는 높은 장소 배경,complex,56947,6,fts,"{""fts"": 6}","{""background_complex_v2_20260506:fts"": 6}",webdav://13730b09/발송/외주 회사/빔 studio/귀인환등초/bg/KGS_01_336.psd,56947_KGS_01_336.psd,발송/외주 회사/빔 studio/귀인환등초/bg/KGS_01_336.psd,bg,/Users/saintiron/Projects/Imagine/thumbnails/56947_KGS_01_336_thumb.png,psd,2339,1653,A serene sky with fluffy clouds and a thatched roof corner.,"[""sky"", ""clouds"", ""thatched roof"", ""grass"", ""blue sky"", ""white clouds"", ""rural"", ""peaceful""]",background,,,,Qwen/Qwen3.5-9B,,,ok,,,,,,,,bg,visual:bg-complex-q0025:56947,diverse_rank=2; source_count=3; visual_group=visual:bg-complex-q0025:56947,,
bg-complex-q0025,기절용사와 암살공주 #12/bg에서 발코니나 난간과 하늘이 함께 보이는 높은 장소 배경,complex,60126,8,mv,"{""mv"": 8}","{""background_complex_v2_20260506:mv"": 8}",webdav://13730b09/예비/마법과고교의 우등생/#13/BG/mky13_304.psd,60126_mky13_304.psd,예비/마법과고교의 우등생/#13/BG/mky13_304.psd,BG,/Users/saintiron/Projects/Imagine/thumbnails/60126_mky13_304_thumb.png,psd,3582,1290,Dark forest scene with tall trees under a night sky,"[""forest"", ""trees"", ""night"", ""dark"", ""sky""]",background,,,,Qwen/Qwen3.5-9B,,,ok,,,,,,,,BG,visual:bg-complex-q0025:60126,diverse_rank=6; source_count=3; visual_group=visual:bg-complex-q0025:60126,,
bg-complex-q0025,기절용사와 암살공주 #12/bg에서 발코니나 난간과 하늘이 함께 보이는 높은 장소 배경,complex,56929,11,fts,"{""fts"": 11}","{""background_complex_v2_20260506:fts"": 11}",webdav://13730b09/발송/외주 회사/빔 studio/귀인환등초/bg/KGS_01_375_377.psd,56929_KGS_01_375_377.psd,발송/외주 회사/빔 studio/귀인환등초/bg/KGS_01_375_377.psd,bg,/Users/saintiron/Projects/Imagine/thumbnails/56929_KGS_01_375_377_thumb.png,psd,3126,2044,Anime-style character with short hair stands by a window.,"[""anime"", ""character"", ""window"", ""hair"", ""sky""]",illustration,,,,Qwen/Qwen3.5-9B,,,ok,,,,,,,,bg,visual:bg-complex-q0025:56929,diverse_rank=3; source_count=3; visual_group=visual:bg-complex-q0025:56929,,
bg-complex-q0025,기절용사와 암살공주 #12/bg에서 발코니나 난간과 하늘이 함께 보이는 높은 장소 배경,complex,57398,25,vv,"{""vv"": 25}","{""background_complex_v2_20260506:vv"": 25}",webdav://13730b09/예비/작품2/대마도학원35시험 소대/제작회사BG/건물/TM#01_134_200.psd,57398_TM#01_134_200.psd,예비/작품2/대마도학원35시험 소대/제작회사BG/건물/TM#01_134_200.psd,건물,/Users/saintiron/Projects/Imagine/thumbnails/57398_TM#01_134_200_thumb.png,psd,2325,1639,Dark industrial building with metal framework under cloudy night sky,"[""building"", ""metal"", ""night"", ""clouds"", ""industrial"", ""satellite"", ""railing"", ""concrete""]",background,,,,Qwen/Qwen3.5-9B,,,ok,,,,,,,,건물,visual:bg-complex-q0025:57398,diverse_rank=4; source_count=1; visual_group=visual:bg-complex-q0025:57398,,
bg-complex-q0025,기절용사와 암살공주 #12/bg에서 발코니나 난간과 하늘이 함께 보이는 높은 장소 배경,complex,58307,34,vv,"{""vv"": 34}","{""background_complex_v2_20260506:vv"": 34}",webdav://13730b09/예비/작품2/대마도학원35시험 소대/제작회사BG/#1/TM#01_254.psd,58307_TM#01_254.psd,예비/작품2/대마도학원35시험 소대/제작회사BG/#1/TM#01_254.psd,#1,/Users/saintiron/Projects/Imagine/thumbnails/58307_TM#01_254_thumb.png,psd,1668,1187,A wooden balcony with railings and a notice board attached to the wall.,"[""balcony"", ""railings"", ""notice board"", ""wood"", ""wall"", ""indoor"", ""architecture"", ""furniture""]",background,,,,Qwen/Qwen3.5-9B,,,ok,,,,,,,,#1,visual:bg-complex-q0025:58307,diverse_rank=7; source_count=1; visual_group=visual:bg-complex-q0025:58307,,
bg-complex-q0025,기절용사와 암살공주 #12/bg에서 발코니나 난간과 하늘이 함께 보이는 높은 장소 배경,complex,57970,35,mv,"{""mv"": 35}","{""background_complex_v2_20260506:mv"": 35}",webdav://13730b09/예비/작품2/대마도학원35시험 소대/제작회사BG/#2/TM#02_219.psd,57970_TM#02_219.psd,예비/작품2/대마도학원35시험 소대/제작회사BG/#2/TM#02_219.psd,#2,/Users/saintiron/Projects/Imagine/thumbnails/57970_TM#02_219_thumb.png,psd,1687,1241,Dark forest scene with dense foliage under a cloudy night sky,"[""forest"", ""trees"", ""night"", ""clouds"", ""darkness"", ""foliage"", ""sky""]",background,,,,Qwen/Qwen3.5-9B,,,ok,,,,,,,,#2,visual:bg-complex-q0025:56908,diverse_rank=9; source_count=1; visual_group=visual:bg-complex-q0025:56908,,
bg-complex-q0025,기절용사와 암살공주 #12/bg에서 발코니나 난간과 하늘이 함께 보이는 높은 장소 배경,complex,57500,49,mv,"{""mv"": 49}","{""background_complex_v2_20260506:mv"": 49}",webdav://13730b09/예비/작품2/대마도학원35시험 소대/제작회사BG/_4/#4/TM#04_096.psd,57500_TM#04_096.psd,예비/작품2/대마도학원35시험 소대/제작회사BG/_4/#4/TM#04_096.psd,#4,/Users/saintiron/Projects/Imagine/thumbnails/57500_TM#04_096_thumb.png,psd,1681,1189,A grand castle with multiple towers under a bright blue sky with clouds.,"[""castle"", ""towers"", ""sky"", ""clouds"", ""architecture"", ""stone"", ""daytime"", ""landscape""]",background,,,,Qwen/Qwen3.5-9B,,,ok,,,,,,,,#4,visual:bg-complex-q0025:57500,diverse_rank=10; source_count=1; visual_group=visual:bg-complex-q0025:57500,,
bg-complex-q0026,크랑베르무 장소/달에서 달 표면이나 크레이터 느낌이 나고 보라색 또는 푸른색 톤이 강한 배경,complex,58057,2,mv,"{""mv"": 2}","{""background_complex_v2_20260506:mv"": 2}",webdav://13730b09/예비/작품2/대마도학원35시험 소대/제작회사BG/#2/TM#02_323.psd,58057_TM#02_323.psd,예비/작품2/대마도학원35시험 소대/제작회사BG/#2/TM#02_323.psd,#2,/Users/saintiron/Projects/Imagine/thumbnails/58057_TM#02_323_thumb.png,psd,1681,1186,"Cracked, broken concrete surface with a dark blue color palette.","[""concrete"", ""cracked"", ""broken"", ""texture"", ""blue"", ""dark"", ""surface"", ""pattern""]",texture,,,,Qwen/Qwen3.5-9B,,,ok,,,,,,,,#2,visual:bg-complex-q0026:58057,diverse_rank=1; source_count=1; visual_group=visual:bg-complex-q0026:58057,,
bg-complex-q0026,크랑베르무 장소/달에서 달 표면이나 크레이터 느낌이 나고 보라색 또는 푸른색 톤이 강한 배경,complex,60256,14,mv,"{""mv"": 14}","{""background_complex_v2_20260506:mv"": 14}",webdav://13730b09/예비/마법과고교의 우등생/#11/bg/MKY11_196.psd,60256_MKY11_196.psd,예비/마법과고교의 우등생/#11/bg/MKY11_196.psd,bg,/Users/saintiron/Projects/Imagine/thumbnails/60256_MKY11_196_thumb.png,psd,2514,3271,Dark blue textured surface resembling weathered concrete or stone.,"[""concrete"", ""texture"", ""blue"", ""wall"", ""grunge"", ""dark"", ""surface""]",texture,,,,Qwen/Qwen3.5-9B,,,ok,,,,,,,,bg,visual:bg-complex-q0026:60256,diverse_rank=2; source_count=3; visual_group=visual:bg-complex-q0026:60256,,
bg-complex-q0026,크랑베르무 장소/달에서 달 표면이나 크레이터 느낌이 나고 보라색 또는 푸른색 톤이 강한 배경,complex,57326,18,mv,"{""mv"": 18}","{""background_complex_v2_20260506:mv"": 18}",webdav://13730b09/예비/작품2/대마도학원35시험 소대/택처/sozai_7.psd,57326_sozai_7.psd,예비/작품2/대마도학원35시험 소대/택처/sozai_7.psd,택처,/Users/saintiron/Projects/Imagine/thumbnails/57326_sozai_7_thumb.png,psd,2700,1600,Abstract teal textured surface resembling weathered concrete or stone.,"[""texture"", ""concrete"", ""teal"", ""grunge"", ""pattern"", ""surface"", ""abstract"", ""background""]",texture,,,,Qwen/Qwen3.5-9B,,,ok,,,,,,,,택처,visual:bg-complex-q0026:57326,diverse_rank=4; source_count=2; visual_group=visual:bg-complex-q0026:57326,,
bg-complex-q0026,크랑베르무 장소/달에서 달 표면이나 크레이터 느낌이 나고 보라색 또는 푸른색 톤이 강한 배경,complex,60258,30,mv,"{""mv"": 30}","{""background_complex_v2_20260506:mv"": 30}",webdav://13730b09/예비/마법과고교의 우등생/#11/bg/MKY11_198_201.psd,60258_MKY11_198_201.psd,예비/마법과고교의 우등생/#11/bg/MKY11_198_201.psd,bg,/Users/saintiron/Projects/Imagine/thumbnails/60258_MKY11_198_201_thumb.png,psd,1755,1241,Dark blue textured surface resembling weathered concrete or stone.,"[""concrete"", ""texture"", ""blue"", ""wall"", ""surface"", ""grain"", ""dark""]",texture,,,,Qwen/Qwen3.5-9B,,,ok,,,,,,,,bg,visual:bg-complex-q0026:60258,diverse_rank=3; source_count=3; visual_group=visual:bg-complex-q0026:60258,,
bg-complex-q0026,크랑베르무 장소/달에서 달 표면이나 크레이터 느낌이 나고 보라색 또는 푸른색 톤이 강한 배경,complex,57559,31,mv,"{""mv"": 31}","{""background_complex_v2_20260506:mv"": 31}",webdav://13730b09/예비/작품2/대마도학원35시험 소대/제작회사BG/_4/#4/TM#04_301.psd,57559_TM#04_301.psd,예비/작품2/대마도학원35시험 소대/제작회사BG/_4/#4/TM#04_301.psd,#4,/Users/saintiron/Projects/Imagine/thumbnails/57559_TM#04_301_thumb.png,psd,1678,1189,Purple cracked concrete texture with grid overlay and digital interface elements.,"[""concrete"", ""cracks"", ""grid"", ""purple"", ""texture"", ""digital"", ""overlay"", ""interface""]",texture,,,,Qwen/Qwen3.5-9B,,,ok,,,,,,,,#4,visual:bg-complex-q0026:57559,diverse_rank=5; source_count=1; visual_group=visual:bg-complex-q0026:57559,,
bg-complex-q0026,크랑베르무 장소/달에서 달 표면이나 크레이터 느낌이 나고 보라색 또는 푸른색 톤이 강한 배경,complex,60210,33,"fts,triaxis","{""fts"": 33, ""triaxis"": 41}","{""background_complex_v2_20260506:fts"": 33, ""background_complex_v2_20260506:triaxis"": 41}",webdav://13730b09/예비/마법과고교의 우등생/#11/bg/MKY11_110.psd,60210_MKY11_110.psd,예비/마법과고교의 우등생/#11/bg/MKY11_110.psd,bg,/Users/saintiron/Projects/Imagine/thumbnails/60210_MKY11_110_thumb.png,psd,2124,1278,A large glowing moon shines in a starry night sky with blue clouds.,"[""moon"", ""night sky"", ""stars"", ""clouds"", ""glow""]",illustration,,,,Qwen/Qwen3.5-9B,,,ok,,,,,,,,bg,visual:bg-complex-q0026:60210,diverse_rank=6; source_count=3; visual_group=visual:bg-complex-q0026:60210,,
bg-complex-q0026,크랑베르무 장소/달에서 달 표면이나 크레이터 느낌이 나고 보라색 또는 푸른색 톤이 강한 배경,complex,57339,35,mv,"{""mv"": 35}","{""background_complex_v2_20260506:mv"": 35}",webdav://13730b09/예비/작품2/대마도학원35시험 소대/택처/T_4.psd,57339_T_4.psd,예비/작품2/대마도학원35시험 소대/택처/T_4.psd,택처,/Users/saintiron/Projects/Imagine/thumbnails/57339_T_4_thumb.png,psd,2700,2045,Dark blue textured surface resembling painted concrete or plaster.,"[""concrete"", ""plaster"", ""blue"", ""texture"", ""wall"", ""paint"", ""grunge"", ""surface""]",texture,,,,Qwen/Qwen3.5-9B,,,ok,,,,,,,,택처,visual:bg-complex-q0026:57339,diverse_rank=7; source_count=2; visual_group=visual:bg-complex-q0026:57339,,
bg-complex-q0026,크랑베르무 장소/달에서 달 표면이나 크레이터 느낌이 나고 보라색 또는 푸른색 톤이 강한 배경,complex,57764,38,vv,"{""vv"": 38}","{""background_complex_v2_20260506:vv"": 38}",webdav://13730b09/예비/작품2/대마도학원35시험 소대/제작회사BG/#3/AT03_236.psd,57764_AT03_236.psd,예비/작품2/대마도학원35시험 소대/제작회사BG/#3/AT03_236.psd,#3,/Users/saintiron/Projects/Imagine/thumbnails/57764_AT03_236_thumb.png,psd,2338,1653,"A dark, textured surface resembling aged concrete or stone.","[""texture"", ""concrete"", ""stone"", ""dark"", ""grunge"", ""wall"", ""background""]",texture,,,,Qwen/Qwen3.5-9B,,,ok,,,,,,,,#3,visual:bg-complex-q0026:56936,diverse_rank=8; source_count=1; visual_group=visual:bg-complex-q0026:56936,,
bg-complex-q0027,뱅가드 26 #05/bg에서 분수와 로비 구조가 함께 보이는 현대적인 실내 배경,complex,56776,4,vv,"{""vv"": 4}","{""background_complex_v2_20260506:vv"": 4}",webdav://13730b09/발송/외주 회사/빔 studio/메탈#07/bg/MR07_052_BG.psd,56776_MR07_052_BG.psd,발송/외주 회사/빔 studio/메탈#07/bg/MR07_052_BG.psd,bg,/Users/saintiron/Projects/Imagine/thumbnails/56776_MR07_052_BG_thumb.png,psd,1898,1378,Two leather sofas with ghostly figures in a minimalist room.,"[""sofas"", ""ghosts"", ""minimalist"", ""interior"", ""statue"", ""table"", ""window"", ""greenery""]",illustration,,,,Qwen/Qwen3.5-9B,,,ok,,,,,,,,bg,visual:bg-complex-q0027:56776,diverse_rank=1; source_count=3; visual_group=visual:bg-complex-q0027:56776,,
bg-complex-q0027,뱅가드 26 #05/bg에서 분수와 로비 구조가 함께 보이는 현대적인 실내 배경,complex,56812,5,vv,"{""vv"": 5}","{""background_complex_v2_20260506:vv"": 5}",webdav://13730b09/발송/외주 회사/빔 studio/메탈#07/bg/MR07_222_BG.psd,56812_MR07_222_BG.psd,발송/외주 회사/빔 studio/메탈#07/bg/MR07_222_BG.psd,bg,/Users/saintiron/Projects/Imagine/thumbnails/56812_MR07_222_BG_thumb.png,psd,1769,4809,Modern futuristic corridor with glass ceiling and greenery outside,"[""corridor"", ""glass ceiling"", ""futuristic"", ""trees"", ""white walls"", ""yellow lights"", ""modern architecture""]",illustration,,,,Qwen/Qwen3.5-9B,,,ok,,,,,,,,bg,visual:bg-complex-q0027:56812,diverse_rank=4; source_count=3; visual_group=visual:bg-complex-q0027:56812,,
bg-complex-q0027,뱅가드 26 #05/bg에서 분수와 로비 구조가 함께 보이는 현대적인 실내 배경,complex,58526,7,vv,"{""vv"": 7}","{""background_complex_v2_20260506:vv"": 7}",webdav://13730b09/예비/작품2/대마도학원35시험 소대/보도/학교 복도 파티 버젼/bo-do.psd,58526_bo-do.psd,예비/작품2/대마도학원35시험 소대/보도/학교 복도 파티 버젼/bo-do.psd,학교 복도 파티 버젼,/Users/saintiron/Projects/Imagine/thumbnails/58526_bo-do_thumb.png,psd,1664,1238,"An empty school hallway with doors, windows, and tiled flooring.","[""hallway"", ""school"", ""doors"", ""windows"", ""tiled floor"", ""columns"", ""ceiling"", ""empty""]",background,,,,Qwen/Qwen3.5-9B,,,ok,,,,,,,,학교 복도 파티 버젼,visual:bg-complex-q0027:58477,diverse_rank=5; source_count=1; visual_group=visual:bg-complex-q0027:58477,,
bg-complex-q0027,뱅가드 26 #05/bg에서 분수와 로비 구조가 함께 보이는 현대적인 실내 배경,complex,58161,8,mv,"{""mv"": 8}","{""background_complex_v2_20260506:mv"": 8}",webdav://13730b09/예비/작품2/대마도학원35시험 소대/제작회사BG/#1/TM#01_082.psd,58161_TM#01_082.psd,예비/작품2/대마도학원35시험 소대/제작회사BG/#1/TM#01_082.psd,#1,/Users/saintiron/Projects/Imagine/thumbnails/58161_TM#01_082_thumb.png,psd,1683,1187,A modern interior with wooden flooring and a glass partition.,"[""wooden floor"", ""glass partition"", ""modern interior"", ""architectural detail"", ""indoor space"", ""minimalist design"", ""geometric pattern""]",background,,,,Qwen/Qwen3.5-9B,,,ok,,,,,,,,#1,visual:bg-complex-q0027:58161,diverse_rank=8; source_count=3; visual_group=visual:bg-complex-q0027:58161,,
bg-complex-q0027,뱅가드 26 #05/bg에서 분수와 로비 구조가 함께 보이는 현대적인 실내 배경,complex,31651,9,vv,"{""vv"": 9}","{""background_complex_v2_20260506:vv"": 9}",/Users/saintiron/imageDB/마캬베리즈무/실내소품/스카이트리 리셉션회장1.psd,스카이트리 리셉션회장1.psd,스카이트리 리셉션회장1.psd,실내소품,/Users/saintiron/Projects/Imagine/thumbnails/스카이트리 리셉션회장1_thumb.png,psd,2572,1717,"A futuristic reception hall with a stage, screens, and modern lighting.","[""reception hall"", ""stage"", ""screens"", ""lighting"", ""futuristic"", ""indoor""]",background,,,,Qwen/Qwen3.5-9B,vision_done,,ok,,,,,,,,실내소품,visual:bg-complex-q0027:31651,diverse_rank=10; source_count=3; visual_group=visual:bg-complex-q0027:31651,,
bg-complex-q0027,뱅가드 26 #05/bg에서 분수와 로비 구조가 함께 보이는 현대적인 실내 배경,complex,30623,11,mv,"{""mv"": 11}","{""background_complex_v2_20260506:mv"": 11}",/Users/saintiron/imageDB/마캬베리즈무/실내소품/금박문 참고/2.psd,2.psd,2.psd,금박문 참고,/Users/saintiron/Projects/Imagine/output/thumbnails/a96a5e6e_2_thumb.png,psd,4895,1626,"Traditional Japanese garden scene with trees, flowers, and golden background","[""trees"", ""flowers"", ""rocks"", ""gold background"", ""clouds"", ""nature"", ""traditional art"", ""autumn""]",background,,,,Qwen/Qwen3.5-9B,vision_done,,ok,,,,,,,,금박문 참고,visual:bg-complex-q0027:30623,diverse_rank=2; source_count=1; visual_group=visual:bg-complex-q0027:30623,,
bg-complex-q0027,뱅가드 26 #05/bg에서 분수와 로비 구조가 함께 보이는 현대적인 실내 배경,complex,31654,12,vv,"{""vv"": 12}","{""background_complex_v2_20260506:vv"": 12}",/Users/saintiron/imageDB/마캬베리즈무/실내소품/스카이트리 리셉션회장4.psd,스카이트리 리셉션회장4.psd,스카이트리 리셉션회장4.psd,실내소품,/Users/saintiron/Projects/Imagine/thumbnails/스카이트리 리셉션회장4_thumb.png,psd,2280,1728,Indoor reception entrance with decorative doors and blue partition,"[""reception"", ""entrance"", ""doors"", ""partition"", ""indoor"", ""blue"", ""ornate""]",background,,,,Qwen/Qwen3.5-9B,vision_done,,ok,,,,,,,,실내소품,visual:bg-complex-q0027:31654,diverse_rank=6; source_count=3; visual_group=visual:bg-complex-q0027:31654,,
bg-complex-q0027,뱅가드 26 #05/bg에서 분수와 로비 구조가 함께 보이는 현대적인 실내 배경,complex,58571,12,mv,"{""mv"": 12}","{""background_complex_v2_20260506:mv"": 12}",webdav://13730b09/예비/작품2/대마도학원35시험 소대/BG/TM#05_147.psd,58571_TM#05_147.psd,예비/작품2/대마도학원35시험 소대/BG/TM#05_147.psd,BG,/Users/saintiron/Projects/Imagine/thumbnails/58571_TM#05_147_thumb.png,psd,5052,1193,Nighttime scene of a modern building with illuminated plants and stone walls.,"[""night"", ""building"", ""plants"", ""stone wall"", ""modern architecture"", ""lighting"", ""balcony""]",background,,,,Qwen/Qwen3.5-9B,,,ok,,,,,,,,BG,visual:bg-complex-q0027:58571,diverse_rank=9; source_count=2; visual_group=visual:bg-complex-q0027:58571,,
bg-complex-q0027,뱅가드 26 #05/bg에서 분수와 로비 구조가 함께 보이는 현대적인 실내 배경,complex,56875,13,mv,"{""mv"": 13}","{""background_complex_v2_20260506:mv"": 13}",webdav://13730b09/발송/외주 회사/빔 studio/귀인환등초/0313-re/KGS_01_109_111_R.psd,56875_KGS_01_109_111_R.psd,발송/외주 회사/빔 studio/귀인환등초/0313-re/KGS_01_109_111_R.psd,0313-re,/Users/saintiron/Projects/Imagine/thumbnails/56875_KGS_01_109_111_R_thumb.png,psd,2800,2141,Two figures in traditional robes sit in a dimly lit room with a glowing lantern.,"[""lantern"", ""robes"", ""figures"", ""shoji screen"", ""floor mat""]",illustration,,,,Qwen/Qwen3.5-9B,,,ok,,,,,,,,0313-re,visual:bg-complex-q0027:56875,diverse_rank=11; source_count=1; visual_group=visual:bg-complex-q0027:56875,,
bg-complex-q0027,뱅가드 26 #05/bg에서 분수와 로비 구조가 함께 보이는 현대적인 실내 배경,complex,60058,16,vv,"{""vv"": 16}","{""background_complex_v2_20260506:vv"": 16}",webdav://13730b09/예비/마법과고교의 우등생/#13/BG/mky13_241.psd,60058_mky13_241.psd,예비/마법과고교의 우등생/#13/BG/mky13_241.psd,BG,/Users/saintiron/Projects/Imagine/thumbnails/60058_mky13_241_thumb.png,psd,2598,1328,"Elegant hall with red curtains, golden walls, and a central table.","[""hall"", ""curtains"", ""table"", ""columns"", ""windows"", ""carpet"", ""gold"", ""red""]",background,,,,Qwen/Qwen3.5-9B,,,ok,,,,,,,,BG,visual:bg-complex-q0027:60058,diverse_rank=14; source_count=2; visual_group=visual:bg-complex-q0027:60058,,
bg-complex-q0027,뱅가드 26 #05/bg에서 분수와 로비 구조가 함께 보이는 현대적인 실내 배경,complex,56787,21,vv,"{""vv"": 21}","{""background_complex_v2_20260506:vv"": 21}",webdav://13730b09/발송/외주 회사/빔 studio/메탈#07/bg/MR07_077_BG.psd,56787_MR07_077_BG.psd,발송/외주 회사/빔 studio/메탈#07/bg/MR07_077_BG.psd,bg,/Users/saintiron/Projects/Imagine/thumbnails/56787_MR07_077_BG_thumb.png,psd,1942,1372,Four figures in a modern lounge with sofas and a coffee table.,"[""sofas"", ""coffee table"", ""statue"", ""figures"", ""modern interior"", ""leather furniture"", ""greenery"", ""statue""]",illustration,,,,Qwen/Qwen3.5-9B,,,ok,,,,,,,,bg,visual:bg-complex-q0027:56787,diverse_rank=3; source_count=3; visual_group=visual:bg-complex-q0027:56787,,
bg-complex-q0027,뱅가드 26 #05/bg에서 분수와 로비 구조가 함께 보이는 현대적인 실내 배경,complex,58118,22,vv,"{""vv"": 22}","{""background_complex_v2_20260506:vv"": 22}",webdav://13730b09/예비/작품2/대마도학원35시험 소대/제작회사BG/#1/TM#01_035.psd,58118_TM#01_035.psd,예비/작품2/대마도학원35시험 소대/제작회사BG/#1/TM#01_035.psd,#1,/Users/saintiron/Projects/Imagine/thumbnails/58118_TM#01_035_thumb.png,psd,1664,1180,"A grand staircase in a spacious, modern interior with large windows and polished floors.","[""staircase"", ""interior"", ""architecture"", ""windows"", ""polished floor"", ""balcony"", ""columns"", ""modern""]",background,,,,Qwen/Qwen3.5-9B,,,ok,,,,,,,,#1,visual:bg-complex-q0027:58118,diverse_rank=7; source_count=3; visual_group=visual:bg-complex-q0027:58118,,
bg-complex-q0027,뱅가드 26 #05/bg에서 분수와 로비 구조가 함께 보이는 현대적인 실내 배경,complex,31658,24,vv,"{""vv"": 24}","{""background_complex_v2_20260506:vv"": 24}",/Users/saintiron/imageDB/마캬베리즈무/실내소품/스카이트리 엔토랑스3.psd,스카이트리 엔토랑스3.psd,스카이트리 엔토랑스3.psd,실내소품,/Users/saintiron/Projects/Imagine/thumbnails/스카이트리 엔토랑스3_thumb.png,psd,2870,2027,Modern building entrance with glass walls and central tower under blue sky,"[""architecture"", ""glass"", ""tower"", ""entrance"", ""modern"", ""blue"", ""interior""]",background,,,,Qwen/Qwen3.5-9B,vision_done,,ok,,,,,,,,실내소품,visual:bg-complex-q0027:31658,diverse_rank=12; source_count=3; visual_group=visual:bg-complex-q0027:31658,,
bg-complex-q0027,뱅가드 26 #05/bg에서 분수와 로비 구조가 함께 보이는 현대적인 실내 배경,complex,58116,26,vv,"{""vv"": 26}","{""background_complex_v2_20260506:vv"": 26}",webdav://13730b09/예비/작품2/대마도학원35시험 소대/제작회사BG/#1/TM#01_033.psd,58116_TM#01_033.psd,예비/작품2/대마도학원35시험 소대/제작회사BG/#1/TM#01_033.psd,#1,/Users/saintiron/Projects/Imagine/thumbnails/58116_TM#01_033_thumb.png,psd,1710,1204,Blurred view of a prison cell block with bars and windows.,"[""prison"", ""bars"", ""windows"", ""architecture"", ""interior"", ""blue"", ""blurry""]",background,,,,Qwen/Qwen3.5-9B,,,ok,,,,,,,,#1,visual:bg-complex-q0027:58116,diverse_rank=13; source_count=3; visual_group=visual:bg-complex-q0027:58116,,
bg-complex-q0028,기절용사와 암살공주 장소/동굴에서 어두운 바위 벽과 통로가 함께 보이는 지하 배경,complex,56795,13,vv,"{""vv"": 13}","{""background_complex_v2_20260506:vv"": 13}",webdav://13730b09/발송/외주 회사/빔 studio/메탈#07/bg/MR07_184_BG.psd,56795_MR07_184_BG.psd,발송/외주 회사/빔 studio/메탈#07/bg/MR07_184_BG.psd,bg,/Users/saintiron/Projects/Imagine/thumbnails/56795_MR07_184_BG_thumb.png,psd,1756,1308,Cracked concrete ground with dark void and scattered rubble,"[""concrete"", ""cracked"", ""rubble"", ""void"", ""dark"", ""ruins"", ""ground"", ""debris""]",background,,,,Qwen/Qwen3.5-9B,,,ok,,,,,,,,bg,visual:bg-complex-q0028:56795,diverse_rank=1; source_count=2; visual_group=visual:bg-complex-q0028:56795,,
bg-complex-q0028,기절용사와 암살공주 장소/동굴에서 어두운 바위 벽과 통로가 함께 보이는 지하 배경,complex,58453,16,"mv,triaxis","{""mv"": 44, ""triaxis"": 16}","{""background_complex_v2_20260506:mv"": 44, ""background_complex_v2_20260506:triaxis"": 16}",webdav://13730b09/예비/작품2/대마도학원35시험 소대/설정/하수도.jpg,58453_하수도.jpg,예비/작품2/대마도학원35시험 소대/설정/하수도.jpg,설정,/Users/saintiron/Projects/Imagine/thumbnails/58453_하수도_thumb.png,jpg,2866,2024,A character walks through a dimly lit underground sewer passage with brick walls and water channels.,"[""underground"", ""sewer"", ""character"", ""brick walls"", ""water channel"", ""tunnel"", ""lighting""]",illustration,,,,Qwen/Qwen3.5-9B,,,ok,,,,,,,,설정,visual:bg-complex-q0028:58453,diverse_rank=3; source_count=1; visual_group=visual:bg-complex-q0028:58453,,
bg-complex-q0028,기절용사와 암살공주 장소/동굴에서 어두운 바위 벽과 통로가 함께 보이는 지하 배경,complex,58191,41,mv,"{""mv"": 41}","{""background_complex_v2_20260506:mv"": 41}",webdav://13730b09/예비/작품2/대마도학원35시험 소대/제작회사BG/#1/TM#01_115.psd,58191_TM#01_115.psd,예비/작품2/대마도학원35시험 소대/제작회사BG/#1/TM#01_115.psd,#1,/Users/saintiron/Projects/Imagine/thumbnails/58191_TM#01_115_thumb.png,psd,1670,1173,"Dark room with skeleton, cabinets, and vintage equipment under dim lighting.","[""skeleton"", ""cabinet"", ""vintage equipment"", ""dark room"", ""dim lighting""]",background,,,,Qwen/Qwen3.5-9B,,,ok,,,,,,,,#1,visual:bg-complex-q0028:58191,diverse_rank=2; source_count=2; visual_group=visual:bg-complex-q0028:58191,,
bg-complex-q0028,기절용사와 암살공주 장소/동굴에서 어두운 바위 벽과 통로가 함께 보이는 지하 배경,complex,56796,42,vv,"{""vv"": 42}","{""background_complex_v2_20260506:vv"": 42}",webdav://13730b09/발송/외주 회사/빔 studio/메탈#07/bg/MR07_195_BG.psd,56796_MR07_195_BG.psd,발송/외주 회사/빔 studio/메탈#07/bg/MR07_195_BG.psd,bg,/Users/saintiron/Projects/Imagine/thumbnails/56796_MR07_195_BG_thumb.png,psd,1754,1309,A figure stands in a dark cave entrance with cracked stone and a glowing beam.,"[""cave"", ""stone"", ""figure"", ""cracks"", ""beam"", ""darkness"", ""ruins""]",illustration,,,,Qwen/Qwen3.5-9B,,,ok,,,,,,,,bg,visual:bg-complex-q0028:56796,diverse_rank=4; source_count=2; visual_group=visual:bg-complex-q0028:56796,,
bg-complex-q0028,기절용사와 암살공주 장소/동굴에서 어두운 바위 벽과 통로가 함께 보이는 지하 배경,complex,58350,48,mv,"{""mv"": 48}","{""background_complex_v2_20260506:mv"": 48}",webdav://13730b09/예비/작품2/대마도학원35시험 소대/제작회사BG/#1/TM#01_302.psd,58350_TM#01_302.psd,예비/작품2/대마도학원35시험 소대/제작회사BG/#1/TM#01_302.psd,#1,/Users/saintiron/Projects/Imagine/thumbnails/58350_TM#01_302_thumb.png,psd,1910,1190,Dark room with bloodstains on concrete floor and wooden walls,"[""blood"", ""concrete"", ""wood"", ""dark"", ""room"", ""floor"", ""wall""]",background,,,,Qwen/Qwen3.5-9B,,,ok,,,,,,,,#1,visual:bg-complex-q0028:58350,diverse_rank=5; source_count=2; visual_group=visual:bg-complex-q0028:58350,,
bg-complex-q0029,"실내소품에서 카페 조명과 의자, 작은 테이블이 함께 보이는 아늑한 실내 배경",complex,31442,1,"mv,triaxis,vv","{""mv"": 10, ""triaxis"": 1, ""vv"": 4}","{""background_complex_v2_20260506:mv"": 10, ""background_complex_v2_20260506:triaxis"": 1, ""background_complex_v2_20260506:vv"": 4}",/Users/saintiron/imageDB/마캬베리즈무/실내소품/maid_kissa .psd,maid_kissa .psd,maid_kissa .psd,실내소품,/Users/saintiron/Projects/Imagine/thumbnails/maid_kissa _thumb.png,psd,4133,2952,"Cozy cafe interior with wooden furniture, warm lighting, and large windows.","[""cafe"", ""interior"", ""wooden furniture"", ""hanging lamps"", ""windows"", ""seating area"", ""shelves"", ""warm lighting""]",background,,,,Qwen/Qwen3.5-9B,vision_done,,ok,,,,,,,,실내소품,visual:bg-complex-q0029:31442,diverse_rank=1; source_count=3; visual_group=visual:bg-complex-q0029:31442,,
bg-complex-q0029,"실내소품에서 카페 조명과 의자, 작은 테이블이 함께 보이는 아늑한 실내 배경",complex,58298,2,mv,"{""mv"": 2}","{""background_complex_v2_20260506:mv"": 2}",webdav://13730b09/예비/작품2/대마도학원35시험 소대/제작회사BG/#1/TM#01_245.psd,58298_TM#01_245.psd,예비/작품2/대마도학원35시험 소대/제작회사BG/#1/TM#01_245.psd,#1,/Users/saintiron/Projects/Imagine/thumbnails/58298_TM#01_245_thumb.png,psd,1678,1187,"Interior room with desk, shelves, and wall paneling under soft lighting.","[""desk"", ""shelves"", ""wall paneling"", ""candles"", ""switch"", ""drawers"", ""indoor"", ""minimalist""]",background,,,,Qwen/Qwen3.5-9B,,,ok,,,,,,,,#1,visual:bg-complex-q0029:58298,diverse_rank=6; source_count=3; visual_group=visual:bg-complex-q0029:58298,,
bg-complex-q0029,"실내소품에서 카페 조명과 의자, 작은 테이블이 함께 보이는 아늑한 실내 배경",complex,31591,6,"triaxis,vv","{""triaxis"": 6, ""vv"": 29}","{""background_complex_v2_20260506:triaxis"": 6, ""background_complex_v2_20260506:vv"": 29}",/Users/saintiron/imageDB/마캬베리즈무/실내소품/stb2_08bg_360.psd,stb2_08bg_360.psd,stb2_08bg_360.psd,실내소품,/Users/saintiron/Projects/Imagine/thumbnails/stb2_08bg_360_thumb.png,psd,1831,1240,An empty restaurant interior with wooden tables and chairs under warm lighting.,"[""restaurant"", ""table"", ""chair"", ""menu"", ""wall"", ""wood"", ""anime"", ""indoor""]",background,,,,Qwen/Qwen3.5-9B,vision_done,,ok,,,,,,,,실내소품,visual:bg-complex-q0029:31591,diverse_rank=2; source_count=3; visual_group=visual:bg-complex-q0029:31591,,
bg-complex-q0029,"실내소품에서 카페 조명과 의자, 작은 테이블이 함께 보이는 아늑한 실내 배경",complex,58224,7,mv,"{""mv"": 7}","{""background_complex_v2_20260506:mv"": 7}",webdav://13730b09/예비/작품2/대마도학원35시험 소대/제작회사BG/#1/TM#01_158.psd,58224_TM#01_158.psd,예비/작품2/대마도학원35시험 소대/제작회사BG/#1/TM#01_158.psd,#1,/Users/saintiron/Projects/Imagine/thumbnails/58224_TM#01_158_thumb.png,psd,1670,1187,"Dimly lit interior with shelves, counter, and patterned walls.","[""shelves"", ""counter"", ""patterned walls"", ""ceiling light"", ""dark interior"", ""indoor space"", ""furniture"", ""signage""]",background,,,,Qwen/Qwen3.5-9B,,,ok,,,,,,,,#1,visual:bg-complex-q0029:58224,diverse_rank=5; source_count=3; visual_group=visual:bg-complex-q0029:58224,,
bg-complex-q0029,"실내소품에서 카페 조명과 의자, 작은 테이블이 함께 보이는 아늑한 실내 배경",complex,56862,9,fts,"{""fts"": 9}","{""background_complex_v2_20260506:fts"": 9}",webdav://13730b09/발송/외주 회사/빔 studio/귀인환등초/0313-re/KGS_01_150_R.psd,56862_KGS_01_150_R.psd,발송/외주 회사/빔 studio/귀인환등초/0313-re/KGS_01_150_R.psd,0313-re,/Users/saintiron/Projects/Imagine/thumbnails/56862_KGS_01_150_R_thumb.png,psd,2339,1653,"Two anime-style characters in motion, outlined in sketch lines over a building facade.","[""anime"", ""characters"", ""sketch lines"", ""building"", ""motion""]",illustration,,,,Qwen/Qwen3.5-9B,,,ok,,,,,,,,0313-re,visual:bg-complex-q0029:56862,diverse_rank=9; source_count=3; visual_group=visual:bg-complex-q0029:56862,,
bg-complex-q0029,"실내소품에서 카페 조명과 의자, 작은 테이블이 함께 보이는 아늑한 실내 배경",complex,56963,10,fts,"{""fts"": 10}","{""background_complex_v2_20260506:fts"": 10}",webdav://13730b09/발송/외주 회사/빔 studio/귀인환등초/bg/KGS_01_360.psd,56963_KGS_01_360.psd,발송/외주 회사/빔 studio/귀인환등초/bg/KGS_01_360.psd,bg,/Users/saintiron/Projects/Imagine/thumbnails/56963_KGS_01_360_thumb.png,psd,2339,1653,Traditional Japanese room with paper doors and three outlined figures.,"[""Japanese room"", ""shoji screen"", ""tatami mats"", ""wooden floor"", ""outline figures"", ""indoor scene"", ""traditional architecture"", ""furniture""]",background,,,,Qwen/Qwen3.5-9B,,,ok,,,,,,,,bg,visual:bg-complex-q0029:56963,diverse_rank=11; source_count=3; visual_group=visual:bg-complex-q0029:56963,,
bg-complex-q0029,"실내소품에서 카페 조명과 의자, 작은 테이블이 함께 보이는 아늑한 실내 배경",complex,31506,11,triaxis,"{""triaxis"": 11}","{""background_complex_v2_20260506:triaxis"": 11}",/Users/saintiron/imageDB/마캬베리즈무/실내소품/pf45_209r.psd,pf45_209r.psd,pf45_209r.psd,실내소품,/Users/saintiron/Projects/Imagine/thumbnails/pf45_209r_thumb.png,psd,1630,1006,"A cozy room interior with a door, coat rack, and dining area.","[""door"", ""coat rack"", ""chair"", ""table"", ""painting"", ""vase"", ""bottle"", ""cup""]",background,,,,Qwen/Qwen3.5-9B,vision_done,,ok,,,,,,,,실내소품,visual:bg-complex-q0029:31506,diverse_rank=3; source_count=3; visual_group=visual:bg-complex-q0029:31506,,
bg-complex-q0029,"실내소품에서 카페 조명과 의자, 작은 테이블이 함께 보이는 아늑한 실내 배경",complex,56856,12,fts,"{""fts"": 12}","{""background_complex_v2_20260506:fts"": 12}",webdav://13730b09/발송/외주 회사/빔 studio/귀인환등초/0313-re/KGS_01_376_R.psd,56856_KGS_01_376_R.psd,발송/외주 회사/빔 studio/귀인환등초/0313-re/KGS_01_376_R.psd,0313-re,/Users/saintiron/Projects/Imagine/thumbnails/56856_KGS_01_376_R_thumb.png,psd,2339,1653,Traditional Japanese room with sliding door opening to a misty garden,"[""shoji screen"", ""parasol"", ""straw hat"", ""wooden frame"", ""sliding door"", ""garden view"", ""blue wall"", ""tatami mat""]",illustration,,,,Qwen/Qwen3.5-9B,,,ok,,,,,,,,0313-re,visual:bg-complex-q0029:56856,diverse_rank=7; source_count=3; visual_group=visual:bg-complex-q0029:56856,,
bg-complex-q0029,"실내소품에서 카페 조명과 의자, 작은 테이블이 함께 보이는 아늑한 실내 배경",complex,56690,14,fts,"{""fts"": 14}","{""background_complex_v2_20260506:fts"": 14}",webdav://13730b09/발송/외주 회사/빔 studio/산다/bg/SAN_09_051_BG.psd,56690_SAN_09_051_BG.psd,발송/외주 회사/빔 studio/산다/bg/SAN_09_051_BG.psd,bg,/Users/saintiron/Projects/Imagine/thumbnails/56690_SAN_09_051_BG_thumb.png,psd,2178,1500,A sketch of a man's face in a dimly lit room with warm window light.,"[""sketch"", ""face"", ""man"", ""window"", ""light"", ""room"", ""line art""]",illustration,,,,Qwen/Qwen3.5-9B,,,ok,,,,,,,,bg,visual:bg-complex-q0029:56690,diverse_rank=10; source_count=3; visual_group=visual:bg-complex-q0029:56690,,
bg-complex-q0029,"실내소품에서 카페 조명과 의자, 작은 테이블이 함께 보이는 아늑한 실내 배경",complex,56866,15,fts,"{""fts"": 15}","{""background_complex_v2_20260506:fts"": 15}",webdav://13730b09/발송/외주 회사/빔 studio/귀인환등초/0313-re/KGS_01_341_R.psd,56866_KGS_01_341_R.psd,발송/외주 회사/빔 studio/귀인환등초/0313-re/KGS_01_341_R.psd,0313-re,/Users/saintiron/Projects/Imagine/thumbnails/56866_KGS_01_341_R_thumb.png,psd,2339,1653,A translucent figure sits on a wooden porch outside a traditional Japanese room.,"[""translucent figure"", ""wooden porch"", ""shoji screen"", ""tatami mat"", ""traditional house"", ""anime style"", ""ghostly figure"", ""indoor room""]",illustration,,,,Qwen/Qwen3.5-9B,,,ok,,,,,,,,0313-re,visual:bg-complex-q0029:56866,diverse_rank=12; source_count=3; visual_group=visual:bg-complex-q0029:56866,,
bg-complex-q0029,"실내소품에서 카페 조명과 의자, 작은 테이블이 함께 보이는 아늑한 실내 배경",complex,57569,18,vv,"{""vv"": 18}","{""background_complex_v2_20260506:vv"": 18}",webdav://13730b09/예비/작품2/대마도학원35시험 소대/제작회사BG/_4/#4/TM#04_350.psd,57569_TM#04_350.psd,예비/작품2/대마도학원35시험 소대/제작회사BG/_4/#4/TM#04_350.psd,#4,/Users/saintiron/Projects/Imagine/thumbnails/57569_TM#04_350_thumb.png,psd,1664,1210,"Minimalist room corner with wooden desk, wall, and hanging cable.","[""desk"", ""wall"", ""cable"", ""frame"", ""interior"", ""minimalist"", ""neutral""]",background,,,,Qwen/Qwen3.5-9B,,,ok,,,,,,,,#4,visual:bg-complex-q0029:57569,diverse_rank=13; source_count=1; visual_group=visual:bg-complex-q0029:57569,,
bg-complex-q0029,"실내소품에서 카페 조명과 의자, 작은 테이블이 함께 보이는 아늑한 실내 배경",complex,58158,21,mv,"{""mv"": 21}","{""background_complex_v2_20260506:mv"": 21}",webdav://13730b09/예비/작품2/대마도학원35시험 소대/제작회사BG/#1/TM#01_079.psd,58158_TM#01_079.psd,예비/작품2/대마도학원35시험 소대/제작회사BG/#1/TM#01_079.psd,#1,/Users/saintiron/Projects/Imagine/thumbnails/58158_TM#01_079_thumb.png,psd,1683,1187,"A dimly lit room with wooden flooring, a bookshelf, and part of a red chair.","[""wooden floor"", ""bookshelf"", ""books"", ""chair"", ""indoor"", ""dark lighting"", ""furniture""]",background,,,,Qwen/Qwen3.5-9B,,,ok,,,,,,,,#1,visual:bg-complex-q0029:58246,diverse_rank=4; source_count=3; visual_group=visual:bg-complex-q0029:58246,,
bg-complex-q0029,"실내소품에서 카페 조명과 의자, 작은 테이블이 함께 보이는 아늑한 실내 배경",complex,56984,23,fts,"{""fts"": 23}","{""background_complex_v2_20260506:fts"": 23}",webdav://13730b09/발송/외주 회사/빔 studio/귀인환등초/bg/KGS_01_373.psd,56984_KGS_01_373.psd,발송/외주 회사/빔 studio/귀인환등초/bg/KGS_01_373.psd,bg,/Users/saintiron/Projects/Imagine/thumbnails/56984_KGS_01_373_thumb.png,psd,2339,1653,Two anime characters in a traditional Japanese room with sliding doors.,"[""anime"", ""characters"", ""sliding doors"", ""traditional room"", ""blue lines"", ""sketch overlay"", ""windows""]",illustration,,,,Qwen/Qwen3.5-9B,,,ok,,,,,,,,bg,visual:bg-complex-q0029:31505,diverse_rank=8; source_count=3; visual_group=visual:bg-complex-q0029:31505,,
bg-complex-q0030,"크랑베르무 장소/마을에서 낮 시간의 거리와 건물, 하늘이 함께 보이는 밝은 마을 배경",complex,57444,1,fts,"{""fts"": 1}","{""background_complex_v2_20260506:fts"": 1}",webdav://13730b09/예비/작품2/대마도학원35시험 소대/제작회사BG/건물/빌딩옥상 헬기장 낮.psd,57444_빌딩옥상 헬기장 낮.psd,예비/작품2/대마도학원35시험 소대/제작회사BG/건물/빌딩옥상 헬기장 낮.psd,건물,/Users/saintiron/Projects/Imagine/thumbnails/57444_빌딩옥상 헬기장 낮_thumb.png,psd,2445,1844,A rooftop helipad on a modern city building during daytime.,"[""helipad"", ""rooftop"", ""building"", ""cityscape"", ""stairs"", ""air conditioning units""]",illustration,,,,Qwen/Qwen3.5-9B,,,ok,,,,,,,,건물,visual:bg-complex-q0030:57444,diverse_rank=1; source_count=3; visual_group=visual:bg-complex-q0030:57444,,
bg-complex-q0030,"크랑베르무 장소/마을에서 낮 시간의 거리와 건물, 하늘이 함께 보이는 밝은 마을 배경",complex,57447,2,fts,"{""fts"": 2}","{""background_complex_v2_20260506:fts"": 2}",webdav://13730b09/예비/작품2/대마도학원35시험 소대/제작회사BG/건물/아르케미스트 제5연구소 전경 낮.psd,57447_아르케미스트 제5연구소 전경 낮.psd,예비/작품2/대마도학원35시험 소대/제작회사BG/건물/아르케미스트 제5연구소 전경 낮.psd,건물,/Users/saintiron/Projects/Imagine/thumbnails/57447_아르케미스트 제5연구소 전경 낮_thumb.png,psd,2505,2024,A futuristic research facility surrounded by a ruined cityscape.,"[""research facility"", ""futuristic architecture"", ""ruined city"", ""concrete structures"", ""aerial view"", ""daytime""]",illustration,,,,Qwen/Qwen3.5-9B,,,ok,,,,,,,,건물,visual:bg-complex-q0030:57447,diverse_rank=6; source_count=3; visual_group=visual:bg-complex-q0030:57447,,
bg-complex-q0030,"크랑베르무 장소/마을에서 낮 시간의 거리와 건물, 하늘이 함께 보이는 밝은 마을 배경",complex,58055,7,mv,"{""mv"": 7}","{""background_complex_v2_20260506:mv"": 7}",webdav://13730b09/예비/작품2/대마도학원35시험 소대/제작회사BG/#2/TM#02_321.psd,58055_TM#02_321.psd,예비/작품2/대마도학원35시험 소대/제작회사BG/#2/TM#02_321.psd,#2,/Users/saintiron/Projects/Imagine/thumbnails/58055_TM#02_321_thumb.png,psd,6803,1252,"Dark, moody night scene with trees and a distant building under blue lighting.","[""night"", ""trees"", ""building"", ""blue"", ""dark"", ""landscape"", ""atmospheric"", ""silhouette""]",background,,,,Qwen/Qwen3.5-9B,,,ok,,,,,,,,#2,visual:bg-complex-q0030:58055,diverse_rank=2; source_count=3; visual_group=visual:bg-complex-q0030:58055,,
bg-complex-q0030,"크랑베르무 장소/마을에서 낮 시간의 거리와 건물, 하늘이 함께 보이는 밝은 마을 배경",complex,56929,8,fts,"{""fts"": 8}","{""background_complex_v2_20260506:fts"": 8}",webdav://13730b09/발송/외주 회사/빔 studio/귀인환등초/bg/KGS_01_375_377.psd,56929_KGS_01_375_377.psd,발송/외주 회사/빔 studio/귀인환등초/bg/KGS_01_375_377.psd,bg,/Users/saintiron/Projects/Imagine/thumbnails/56929_KGS_01_375_377_thumb.png,psd,3126,2044,Anime-style character with short hair stands by a window.,"[""anime"", ""character"", ""window"", ""hair"", ""sky""]",illustration,,,,Qwen/Qwen3.5-9B,,,ok,,,,,,,,bg,visual:bg-complex-q0030:56929,diverse_rank=7; source_count=3; visual_group=visual:bg-complex-q0030:56929,,
bg-complex-q0030,"크랑베르무 장소/마을에서 낮 시간의 거리와 건물, 하늘이 함께 보이는 밝은 마을 배경",complex,58108,8,mv,"{""mv"": 8}","{""background_complex_v2_20260506:mv"": 8}",webdav://13730b09/예비/작품2/대마도학원35시험 소대/제작회사BG/#1/TM#01_019.psd,58108_TM#01_019.psd,예비/작품2/대마도학원35시험 소대/제작회사BG/#1/TM#01_019.psd,#1,/Users/saintiron/Projects/Imagine/thumbnails/58108_TM#01_019_thumb.png,psd,1677,1190,"Night scene with illuminated buildings, trees, and a dark foreground.","[""night"", ""buildings"", ""trees"", ""illuminated"", ""dark"", ""sky"", ""grass"", ""monument""]",illustration,,,,Qwen/Qwen3.5-9B,,,ok,,,,,,,,#1,visual:bg-complex-q0030:58108,diverse_rank=9; source_count=1; visual_group=visual:bg-complex-q0030:58108,,
bg-complex-q0030,"크랑베르무 장소/마을에서 낮 시간의 거리와 건물, 하늘이 함께 보이는 밝은 마을 배경",complex,58064,9,mv,"{""mv"": 9}","{""background_complex_v2_20260506:mv"": 9}",webdav://13730b09/예비/작품2/대마도학원35시험 소대/제작회사BG/#2/TM#02_330.psd,58064_TM#02_330.psd,예비/작품2/대마도학원35시험 소대/제작회사BG/#2/TM#02_330.psd,#2,/Users/saintiron/Projects/Imagine/thumbnails/58064_TM#02_330_thumb.png,psd,1681,1186,Nighttime view of a grand building with trees and streetlights in the foreground.,"[""building"", ""trees"", ""streetlights"", ""night"", ""architecture"", ""pavement"", ""fountain"", ""dark""]",background,,,,Qwen/Qwen3.5-9B,,,ok,,,,,,,,#2,visual:bg-complex-q0030:58064,diverse_rank=10; source_count=3; visual_group=visual:bg-complex-q0030:58064,,
bg-complex-q0030,"크랑베르무 장소/마을에서 낮 시간의 거리와 건물, 하늘이 함께 보이는 밝은 마을 배경",complex,56968,11,fts,"{""fts"": 11}","{""background_complex_v2_20260506:fts"": 11}",webdav://13730b09/발송/외주 회사/빔 studio/귀인환등초/bg/KGS_01_171.psd,56968_KGS_01_171.psd,발송/외주 회사/빔 studio/귀인환등초/bg/KGS_01_171.psd,bg,/Users/saintiron/Projects/Imagine/thumbnails/56968_KGS_01_171_thumb.png,psd,2339,2030,A translucent anime girl stands in a lush green forest under a blue sky.,"[""anime girl"", ""forest"", ""trees"", ""blue sky"", ""clouds"", ""translucent figure"", ""traditional house""]",illustration,,,,Qwen/Qwen3.5-9B,,,ok,,,,,,,,bg,visual:bg-complex-q0030:56968,diverse_rank=3; source_count=3; visual_group=visual:bg-complex-q0030:56968,,
bg-complex-q0030,"크랑베르무 장소/마을에서 낮 시간의 거리와 건물, 하늘이 함께 보이는 밝은 마을 배경",complex,56933,12,fts,"{""fts"": 12}","{""background_complex_v2_20260506:fts"": 12}",webdav://13730b09/발송/외주 회사/빔 studio/귀인환등초/bg/KGS_01_380.psd,56933_KGS_01_380.psd,발송/외주 회사/빔 studio/귀인환등초/bg/KGS_01_380.psd,bg,/Users/saintiron/Projects/Imagine/thumbnails/56933_KGS_01_380_thumb.png,psd,2339,1653,A white spider hangs from a tree branch surrounded by green leaves against a blue sky.,"[""spider"", ""tree branch"", ""leaves"", ""sky"", ""illustration""]",illustration,,,,Qwen/Qwen3.5-9B,,,ok,,,,,,,,bg,visual:bg-complex-q0030:56933,diverse_rank=5; source_count=3; visual_group=visual:bg-complex-q0030:56933,,
bg-complex-q0030,"크랑베르무 장소/마을에서 낮 시간의 거리와 건물, 하늘이 함께 보이는 밝은 마을 배경",complex,58076,12,mv,"{""mv"": 12}","{""background_complex_v2_20260506:mv"": 12}",webdav://13730b09/예비/작품2/대마도학원35시험 소대/제작회사BG/#2/TM#02_344.psd,58076_TM#02_344.psd,예비/작품2/대마도학원35시험 소대/제작회사BG/#2/TM#02_344.psd,#2,/Users/saintiron/Projects/Imagine/thumbnails/58076_TM#02_344_thumb.png,psd,1681,1186,Dark night scene with ruined architecture and glowing windows under cloudy sky.,"[""night"", ""ruins"", ""architecture"", ""clouds"", ""glow"", ""landscape"", ""darkness""]",background,,,,Qwen/Qwen3.5-9B,,,ok,,,,,,,,#2,visual:bg-complex-q0030:58076,diverse_rank=8; source_count=3; visual_group=visual:bg-complex-q0030:58076,,
bg-complex-q0030,"크랑베르무 장소/마을에서 낮 시간의 거리와 건물, 하늘이 함께 보이는 밝은 마을 배경",complex,57401,21,fts,"{""fts"": 21}","{""background_complex_v2_20260506:fts"": 21}",webdav://13730b09/예비/작품2/대마도학원35시험 소대/제작회사BG/건물/TM#01_232.psd,57401_TM#01_232.psd,예비/작품2/대마도학원35시험 소대/제작회사BG/건물/TM#01_232.psd,건물,/Users/saintiron/Projects/Imagine/thumbnails/57401_TM#01_232_thumb.png,psd,2329,1638,Nighttime cityscape with modern buildings under a starry sky.,"[""night"", ""buildings"", ""sky"", ""stars"", ""clouds"", ""urban"", ""architecture""]",background,,,,Qwen/Qwen3.5-9B,,,ok,,,,,,,,건물,visual:bg-complex-q0030:57401,diverse_rank=4; source_count=3; visual_group=visual:bg-complex-q0030:57401,,
bg-complex-q0030,"크랑베르무 장소/마을에서 낮 시간의 거리와 건물, 하늘이 함께 보이는 밝은 마을 배경",complex,58499,26,mv,"{""mv"": 26}","{""background_complex_v2_20260506:mv"": 26}",webdav://13730b09/예비/작품2/대마도학원35시험 소대/보도/타케루의 집 외관.psd,58499_타케루의 집 외관.psd,예비/작품2/대마도학원35시험 소대/보도/타케루의 집 외관.psd,보도,/Users/saintiron/Projects/Imagine/thumbnails/58499_타케루의 집 외관_thumb.png,psd,2774,1951,Night view of a traditional Japanese house with modern buildings in background,"[""night"", ""traditional house"", ""modern buildings"", ""streetlights"", ""power lines"", ""urban"", ""residential"", ""dark sky""]",illustration,,,,Qwen/Qwen3.5-9B,,,ok,,,,,,,,보도,visual:bg-complex-q0030:58499,diverse_rank=11; source_count=1; visual_group=visual:bg-complex-q0030:58499,,
bg-complex-q0031,기절용사와 암살공주 #08/bg에서 달이 화면 오른쪽 위에 있고 성 지붕과 창문 조명이 보이지만 전경 피사체는 없는 밤 배경,complex,57585,1,fts,"{""fts"": 1}","{""background_complex_v2_20260506:fts"": 1}",webdav://13730b09/예비/작품2/대마도학원35시험 소대/제작회사BG/#3/AT03_012_R.psd,57585_AT03_012_R.psd,예비/작품2/대마도학원35시험 소대/제작회사BG/#3/AT03_012_R.psd,#3,/Users/saintiron/Projects/Imagine/thumbnails/57585_AT03_012_R_thumb.png,psd,1639,2274,A sketch of a girl in a wedding dress with a veil,"[""girl"", ""wedding dress"", ""veil"", ""sketch"", ""portrait""]",illustration,,,,Qwen/Qwen3.5-9B,,,ok,,,,,,,,#3,visual:bg-complex-q0031:57585,diverse_rank=1; source_count=2; visual_group=visual:bg-complex-q0031:57585,,
bg-complex-q0031,기절용사와 암살공주 #08/bg에서 달이 화면 오른쪽 위에 있고 성 지붕과 창문 조명이 보이지만 전경 피사체는 없는 밤 배경,complex,57439,5,mv,"{""mv"": 5}","{""background_complex_v2_20260506:mv"": 5}",webdav://13730b09/예비/작품2/대마도학원35시험 소대/제작회사BG/건물/TM#04_157.psd,57439_TM#04_157.psd,예비/작품2/대마도학원35시험 소대/제작회사BG/건물/TM#04_157.psd,건물,/Users/saintiron/Projects/Imagine/thumbnails/57439_TM#04_157_thumb.png,psd,1678,1200,Nighttime cityscape with illuminated skyscrapers viewed through a cracked window.,"[""cityscape"", ""skyscrapers"", ""night"", ""windows"", ""cracked glass"", ""urban"", ""lights""]",background,,,,Qwen/Qwen3.5-9B,,,ok,,,,,,,,건물,visual:bg-complex-q0031:57439,diverse_rank=4; source_count=3; visual_group=visual:bg-complex-q0031:57439,,
bg-complex-q0031,기절용사와 암살공주 #08/bg에서 달이 화면 오른쪽 위에 있고 성 지붕과 창문 조명이 보이지만 전경 피사체는 없는 밤 배경,complex,57952,5,vv,"{""vv"": 5}","{""background_complex_v2_20260506:vv"": 5}",webdav://13730b09/예비/작품2/대마도학원35시험 소대/제작회사BG/#2/TM#02_199.psd,57952_TM#02_199.psd,예비/작품2/대마도학원35시험 소대/제작회사BG/#2/TM#02_199.psd,#2,/Users/saintiron/Projects/Imagine/thumbnails/57952_TM#02_199_thumb.png,psd,1668,1186,"Night scene with city skyline, clouds, and faint character sketch overlay.","[""night sky"", ""clouds"", ""cityscape"", ""buildings"", ""trees"", ""sketch lines"", ""dark tones""]",illustration,,,,Qwen/Qwen3.5-9B,,,ok,,,,,,,,#2,visual:bg-complex-q0031:57952,diverse_rank=7; source_count=2; visual_group=visual:bg-complex-q0031:57952,,
bg-complex-q0031,기절용사와 암살공주 #08/bg에서 달이 화면 오른쪽 위에 있고 성 지붕과 창문 조명이 보이지만 전경 피사체는 없는 밤 배경,complex,57404,6,vv,"{""vv"": 6}","{""background_complex_v2_20260506:vv"": 6}",webdav://13730b09/예비/작품2/대마도학원35시험 소대/제작회사BG/건물/TM#02_031.psd,57404_TM#02_031.psd,예비/작품2/대마도학원35시험 소대/제작회사BG/건물/TM#02_031.psd,건물,/Users/saintiron/Projects/Imagine/thumbnails/57404_TM#02_031_thumb.png,psd,1670,1187,Night cityscape with a faint anime-style character sketch overlaying the scene.,"[""cityscape"", ""night"", ""sketch"", ""anime"", ""buildings"", ""windows"", ""clouds"", ""stars""]",illustration,,,,Qwen/Qwen3.5-9B,,,ok,,,,,,,,건물,visual:bg-complex-q0031:57404,diverse_rank=2; source_count=3; visual_group=visual:bg-complex-q0031:57404,,
bg-complex-q0031,기절용사와 암살공주 #08/bg에서 달이 화면 오른쪽 위에 있고 성 지붕과 창문 조명이 보이지만 전경 피사체는 없는 밤 배경,complex,57375,13,vv,"{""vv"": 13}","{""background_complex_v2_20260506:vv"": 13}",webdav://13730b09/예비/작품2/대마도학원35시험 소대/제작회사BG/건물/AT03_202.psd,57375_AT03_202.psd,예비/작품2/대마도학원35시험 소대/제작회사BG/건물/AT03_202.psd,건물,/Users/saintiron/Projects/Imagine/thumbnails/57375_AT03_202_thumb.png,psd,1683,2847,"Night cityscape with stars, clouds, and illuminated buildings","[""night sky"", ""stars"", ""clouds"", ""cityscape"", ""buildings"", ""windows"", ""roof"", ""antenna""]",illustration,,,,Qwen/Qwen3.5-9B,,,ok,,,,,,,,건물,visual:bg-complex-q0031:57375,diverse_rank=5; source_count=3; visual_group=visual:bg-complex-q0031:57375,,
bg-complex-q0031,기절용사와 암살공주 #08/bg에서 달이 화면 오른쪽 위에 있고 성 지붕과 창문 조명이 보이지만 전경 피사체는 없는 밤 배경,complex,60009,22,mv,"{""mv"": 22}","{""background_complex_v2_20260506:mv"": 22}",webdav://13730b09/예비/마법과고교의 우등생/#13/BG/mky13_162.psd,60009_mky13_162.psd,예비/마법과고교의 우등생/#13/BG/mky13_162.psd,BG,/Users/saintiron/Projects/Imagine/thumbnails/60009_mky13_162_thumb.png,psd,1846,1286,"Night sky with clouds, stars, moon, and two distant objects.","[""night sky"", ""clouds"", ""stars"", ""moon"", ""spacecraft""]",background,,,,Qwen/Qwen3.5-9B,,,ok,,,,,,,,BG,visual:bg-complex-q0031:60009,diverse_rank=3; source_count=2; visual_group=visual:bg-complex-q0031:60009,,
bg-complex-q0031,기절용사와 암살공주 #08/bg에서 달이 화면 오른쪽 위에 있고 성 지붕과 창문 조명이 보이지만 전경 피사체는 없는 밤 배경,complex,57676,28,vv,"{""vv"": 28}","{""background_complex_v2_20260506:vv"": 28}",webdav://13730b09/예비/작품2/대마도학원35시험 소대/제작회사BG/#3/AT03_252.psd,57676_AT03_252.psd,예비/작품2/대마도학원35시험 소대/제작회사BG/#3/AT03_252.psd,#3,/Users/saintiron/Projects/Imagine/thumbnails/57676_AT03_252_thumb.png,psd,1677,2075,A dark castle under a starry night sky with glowing windows.,"[""castle"", ""night"", ""stars"", ""clouds"", ""towers"", ""glow"", ""architecture""]",illustration,,,,Qwen/Qwen3.5-9B,,,ok,,,,,,,,#3,visual:bg-complex-q0031:57676,diverse_rank=6; source_count=2; visual_group=visual:bg-complex-q0031:57676,,
bg-complex-q0031,기절용사와 암살공주 #08/bg에서 달이 화면 오른쪽 위에 있고 성 지붕과 창문 조명이 보이지만 전경 피사체는 없는 밤 배경,complex,56682,30,fts,"{""fts"": 30}","{""background_complex_v2_20260506:fts"": 30}",webdav://13730b09/발송/외주 회사/빔 studio/산다/bg/SAN_09_013_BG.psd,56682_SAN_09_013_BG.psd,발송/외주 회사/빔 studio/산다/bg/SAN_09_013_BG.psd,bg,/Users/saintiron/Projects/Imagine/thumbnails/56682_SAN_09_013_BG_thumb.png,psd,1814,1240,Close-up sketch of a character's face with expressive eyes and ear details.,"[""face"", ""eyes"", ""ear"", ""sketch"", ""character"", ""lines"", ""close-up""]",illustration,,,,Qwen/Qwen3.5-9B,,,ok,,,,,,,,bg,visual:bg-complex-q0031:56682,diverse_rank=8; source_count=2; visual_group=visual:bg-complex-q0031:56682,,
bg-complex-q0031,기절용사와 암살공주 #08/bg에서 달이 화면 오른쪽 위에 있고 성 지붕과 창문 조명이 보이지만 전경 피사체는 없는 밤 배경,complex,60162,43,mv,"{""mv"": 43}","{""background_complex_v2_20260506:mv"": 43}",webdav://13730b09/예비/마법과고교의 우등생/#13/BG/mky13_237_R.psd,60162_mky13_237_R.psd,예비/마법과고교의 우등생/#13/BG/mky13_237_R.psd,BG,/Users/saintiron/Projects/Imagine/thumbnails/60162_mky13_237_R_thumb.png,psd,1833,1277,"Night scene with starry sky, fence, and distant mountains","[""night"", ""sky"", ""stars"", ""fence"", ""mountains"", ""clouds"", ""darkness""]",background,,,,Qwen/Qwen3.5-9B,,,ok,,,,,,,,BG,visual:bg-complex-q0031:60162,diverse_rank=9; source_count=2; visual_group=visual:bg-complex-q0031:60162,,
bg-complex-q0031,기절용사와 암살공주 #08/bg에서 달이 화면 오른쪽 위에 있고 성 지붕과 창문 조명이 보이지만 전경 피사체는 없는 밤 배경,complex,58085,46,mv,"{""mv"": 46}","{""background_complex_v2_20260506:mv"": 46}",webdav://13730b09/예비/작품2/대마도학원35시험 소대/제작회사BG/#2/TM#02_354.psd,58085_TM#02_354.psd,예비/작품2/대마도학원35시험 소대/제작회사BG/#2/TM#02_354.psd,#2,/Users/saintiron/Projects/Imagine/thumbnails/58085_TM#02_354_thumb.png,psd,2325,1642,Nighttime cityscape with illuminated buildings and dark sky,"[""cityscape"", ""night"", ""buildings"", ""lights"", ""sky"", ""urban"", ""darkness""]",background,,,,Qwen/Qwen3.5-9B,,,ok,,,,,,,,#2,visual:bg-complex-q0031:57435,diverse_rank=10; source_count=2; visual_group=visual:bg-complex-q0031:57435,,
bg-complex-q0031,기절용사와 암살공주 #08/bg에서 달이 화면 오른쪽 위에 있고 성 지붕과 창문 조명이 보이지만 전경 피사체는 없는 밤 배경,complex,56893,47,mv,"{""mv"": 47}","{""background_complex_v2_20260506:mv"": 47}",webdav://13730b09/발송/외주 회사/빔 studio/귀인환등초/bg/KGS_01_443.psd,56893_KGS_01_443.psd,발송/외주 회사/빔 studio/귀인환등초/bg/KGS_01_443.psd,bg,/Users/saintiron/Projects/Imagine/thumbnails/56893_KGS_01_443_thumb.png,psd,3874,4291,"Animated scene with traditional house, purple flowers, and sunset sky","[""traditional house"", ""purple flowers"", ""sunset sky"", ""mountains"", ""waterfall"", ""trees"", ""stone wall"", ""path""]",background,,,,Qwen/Qwen3.5-9B,,,ok,,,,,,,,bg,visual:bg-complex-q0031:56893,diverse_rank=11; source_count=2; visual_group=visual:bg-complex-q0031:56893,,
bg-complex-q0032,홍콩사무실에서 소파가 화면 하단 쪽에 있고 큰 창문 너머 야경이 보이지만 책상 중심 장면은 아닌 실내 배경,complex,31502,1,vv,"{""vv"": 1}","{""background_complex_v2_20260506:vv"": 1}",/Users/saintiron/imageDB/마캬베리즈무/실내소품/pf45_180.psd,pf45_180.psd,pf45_180.psd,실내소품,/Users/saintiron/Projects/Imagine/thumbnails/pf45_180_thumb.png,psd,1676,1179,A yellow sofa and small table near a window showing a starry night sky.,"[""sofa"", ""table"", ""window"", ""night sky"", ""stars"", ""indoor"", ""furniture"", ""architecture""]",background,,,,Qwen/Qwen3.5-9B,vision_done,,ok,,,,,,,,실내소품,visual:bg-complex-q0032:31502,diverse_rank=1; source_count=3; visual_group=visual:bg-complex-q0032:31502,,
bg-complex-q0032,홍콩사무실에서 소파가 화면 하단 쪽에 있고 큰 창문 너머 야경이 보이지만 책상 중심 장면은 아닌 실내 배경,complex,56780,2,fts,"{""fts"": 2}","{""background_complex_v2_20260506:fts"": 2}",webdav://13730b09/발송/외주 회사/빔 studio/메탈#07/bg/MR07_059_BG.psd,56780_MR07_059_BG.psd,발송/외주 회사/빔 studio/메탈#07/bg/MR07_059_BG.psd,bg,/Users/saintiron/Projects/Imagine/thumbnails/56780_MR07_059_BG_thumb.png,psd,1878,1332,A sketch of a bald man in a suit seated on a tufted chair.,"[""man"", ""suit"", ""chair"", ""sketch"", ""tufted"", ""bald"", ""blue""]",illustration,,,,Qwen/Qwen3.5-9B,,,ok,,,,,,,,bg,visual:bg-complex-q0032:56780,diverse_rank=7; source_count=3; visual_group=visual:bg-complex-q0032:56780,,
bg-complex-q0032,홍콩사무실에서 소파가 화면 하단 쪽에 있고 큰 창문 너머 야경이 보이지만 책상 중심 장면은 아닌 실내 배경,complex,31237,5,"mv,vv","{""mv"": 25, ""vv"": 5}","{""background_complex_v2_20260506:mv"": 25, ""background_complex_v2_20260506:vv"": 5}",/Users/saintiron/imageDB/마캬베리즈무/실내소품/apart-inside-2.psd,apart-inside-2.psd,apart-inside-2.psd,실내소품,/Users/saintiron/Projects/Imagine/thumbnails/apart-inside-2_thumb.png,psd,1578,1142,"A living room with a sectional sofa, coffee table, and large window.","[""sofa"", ""coffee table"", ""window"", ""curtains"", ""plant"", ""floor"", ""building"", ""wall""]",background,,,,Qwen/Qwen3.5-9B,vision_done,,ok,,,,,,,,실내소품,visual:bg-complex-q0032:31237,diverse_rank=10; source_count=3; visual_group=visual:bg-complex-q0032:31237,,
bg-complex-q0032,홍콩사무실에서 소파가 화면 하단 쪽에 있고 큰 창문 너머 야경이 보이지만 책상 중심 장면은 아닌 실내 배경,complex,57690,5,"mv,vv","{""mv"": 5, ""vv"": 27}","{""background_complex_v2_20260506:mv"": 5, ""background_complex_v2_20260506:vv"": 27}",webdav://13730b09/예비/작품2/대마도학원35시험 소대/제작회사BG/#3/AT03_134_R.psd,57690_AT03_134_R.psd,예비/작품2/대마도학원35시험 소대/제작회사BG/#3/AT03_134_R.psd,#3,/Users/saintiron/Projects/Imagine/thumbnails/57690_AT03_134_R_thumb.png,psd,2338,1653,"A room with a red sofa, fan, and windows showing daylight.","[""sofa"", ""fan"", ""windows"", ""plant"", ""wall"", ""chair"", ""desk"", ""indoor""]",background,,,,Qwen/Qwen3.5-9B,,,ok,,,,,,,,#3,visual:bg-complex-q0032:57690,diverse_rank=11; source_count=1; visual_group=visual:bg-complex-q0032:57690,,
bg-complex-q0032,홍콩사무실에서 소파가 화면 하단 쪽에 있고 큰 창문 너머 야경이 보이지만 책상 중심 장면은 아닌 실내 배경,complex,58318,6,vv,"{""vv"": 6}","{""background_complex_v2_20260506:vv"": 6}",webdav://13730b09/예비/작품2/대마도학원35시험 소대/제작회사BG/#1/TM#01_267.psd,58318_TM#01_267.psd,예비/작품2/대마도학원35시험 소대/제작회사BG/#1/TM#01_267.psd,#1,/Users/saintiron/Projects/Imagine/thumbnails/58318_TM#01_267_thumb.png,psd,1668,1187,"Red tufted sofa in a room with books, shelves, and a lamp.","[""sofa"", ""books"", ""shelves"", ""lamp"", ""pillow"", ""wall"", ""floor"", ""table""]",illustration,,,,Qwen/Qwen3.5-9B,,,ok,,,,,,,,#1,visual:bg-complex-q0032:58318,diverse_rank=2; source_count=3; visual_group=visual:bg-complex-q0032:58318,,
bg-complex-q0032,홍콩사무실에서 소파가 화면 하단 쪽에 있고 큰 창문 너머 야경이 보이지만 책상 중심 장면은 아닌 실내 배경,complex,57438,7,"mv,vv","{""mv"": 18, ""vv"": 7}","{""background_complex_v2_20260506:mv"": 18, ""background_complex_v2_20260506:vv"": 7}",webdav://13730b09/예비/작품2/대마도학원35시험 소대/제작회사BG/건물/TM#04_156.psd,57438_TM#04_156.psd,예비/작품2/대마도학원35시험 소대/제작회사BG/건물/TM#04_156.psd,건물,/Users/saintiron/Projects/Imagine/thumbnails/57438_TM#04_156_thumb.png,psd,1681,1194,Dark cityscape view through large windows in a modern interior room.,"[""cityscape"", ""windows"", ""interior"", ""night"", ""skyscrapers"", ""modern"", ""dark""]",background,,,,Qwen/Qwen3.5-9B,,,ok,,,,,,,,건물,visual:bg-complex-q0032:57438,diverse_rank=5; source_count=1; visual_group=visual:bg-complex-q0032:57438,,
bg-complex-q0032,홍콩사무실에서 소파가 화면 하단 쪽에 있고 큰 창문 너머 야경이 보이지만 책상 중심 장면은 아닌 실내 배경,complex,56898,8,fts,"{""fts"": 8}","{""background_complex_v2_20260506:fts"": 8}",webdav://13730b09/발송/외주 회사/빔 studio/귀인환등초/bg/KGS_01_092.psd,56898_KGS_01_092.psd,발송/외주 회사/빔 studio/귀인환등초/bg/KGS_01_092.psd,bg,/Users/saintiron/Projects/Imagine/thumbnails/56898_KGS_01_092_thumb.png,psd,2400,1700,A traditional Japanese room with sliding doors and faint character outlines.,"[""sliding doors"", ""shoji screen"", ""traditional architecture"", ""character outlines"", ""wooden frame"", ""paper panels"", ""balcony railing"", ""greenery""]",illustration,,,,Qwen/Qwen3.5-9B,,,ok,,,,,,,,bg,visual:bg-complex-q0032:56898,diverse_rank=9; source_count=3; visual_group=visual:bg-complex-q0032:56898,,
bg-complex-q0032,홍콩사무실에서 소파가 화면 하단 쪽에 있고 큰 창문 너머 야경이 보이지만 책상 중심 장면은 아닌 실내 배경,complex,58143,11,mv,"{""mv"": 11}","{""background_complex_v2_20260506:mv"": 11}",webdav://13730b09/예비/작품2/대마도학원35시험 소대/제작회사BG/#1/TM#01_062.psd,58143_TM#01_062.psd,예비/작품2/대마도학원35시험 소대/제작회사BG/#1/TM#01_062.psd,#1,/Users/saintiron/Projects/Imagine/thumbnails/58143_TM#01_062_thumb.png,psd,2682,1648,"A grand room with large windows, blue curtains, and a desk.","[""windows"", ""curtains"", ""desk"", ""columns"", ""sofa"", ""lamp"", ""rug"", ""wall""]",background,,,,Qwen/Qwen3.5-9B,,,ok,,,,,,,,#1,visual:bg-complex-q0032:58143,diverse_rank=3; source_count=3; visual_group=visual:bg-complex-q0032:58143,,
bg-complex-q0032,홍콩사무실에서 소파가 화면 하단 쪽에 있고 큰 창문 너머 야경이 보이지만 책상 중심 장면은 아닌 실내 배경,complex,58300,11,"mv,vv","{""mv"": 15, ""vv"": 11}","{""background_complex_v2_20260506:mv"": 15, ""background_complex_v2_20260506:vv"": 11}",webdav://13730b09/예비/작품2/대마도학원35시험 소대/제작회사BG/#1/TM#01_247.psd,58300_TM#01_247.psd,예비/작품2/대마도학원35시험 소대/제작회사BG/#1/TM#01_247.psd,#1,/Users/saintiron/Projects/Imagine/thumbnails/58300_TM#01_247_thumb.png,psd,1678,1187,"Interior scene with red sofa, bookshelf, and windows in soft lighting.","[""red sofa"", ""bookshelf"", ""windows"", ""plant"", ""shelves"", ""candles"", ""wall"", ""furniture""]",illustration,,,,Qwen/Qwen3.5-9B,,,ok,,,,,,,,#1,visual:bg-complex-q0032:58300,diverse_rank=6; source_count=3; visual_group=visual:bg-complex-q0032:58300,,
bg-complex-q0032,홍콩사무실에서 소파가 화면 하단 쪽에 있고 큰 창문 너머 야경이 보이지만 책상 중심 장면은 아닌 실내 배경,complex,28709,13,mv,"{""mv"": 13}","{""background_complex_v2_20260506:mv"": 13}",/Users/saintiron/imageDB/마캬베리즈무/장소/강다외부/agm03_213.psd,agm03_213.psd,agm03_213.psd,강다외부,/Users/saintiron/Projects/Imagine/thumbnails/agm03_213_thumb.png,psd,1716,1211,A sketch of a girl's face seen through a window frame.,"[""girl"", ""face"", ""sketch"", ""window"", ""frame""]",illustration,,,,Qwen/Qwen3.5-9B,vision_done,,ok,,,,,,,,강다외부,visual:bg-complex-q0032:28709,diverse_rank=8; source_count=1; visual_group=visual:bg-complex-q0032:28709,,
bg-complex-q0032,홍콩사무실에서 소파가 화면 하단 쪽에 있고 큰 창문 너머 야경이 보이지만 책상 중심 장면은 아닌 실내 배경,complex,31388,16,"mv,vv","{""mv"": 16, ""vv"": 34}","{""background_complex_v2_20260506:mv"": 16, ""background_complex_v2_20260506:vv"": 34}",/Users/saintiron/imageDB/마캬베리즈무/실내소품/GP01_287_316.psd,GP01_287_316.psd,GP01_287_316.psd,실내소품,/Users/saintiron/Projects/Imagine/thumbnails/GP01_287_316_thumb.png,psd,2475,1772,An office desk and chair with a view of the sea and sky.,"[""desk"", ""chair"", ""window"", ""sea"", ""sky"", ""clouds"", ""building"", ""office""]",background,,,,Qwen/Qwen3.5-9B,vision_done,,ok,,,,,,,,실내소품,visual:bg-complex-q0032:31388,diverse_rank=12; source_count=3; visual_group=visual:bg-complex-q0032:31388,,
bg-complex-q0032,홍콩사무실에서 소파가 화면 하단 쪽에 있고 큰 창문 너머 야경이 보이지만 책상 중심 장면은 아닌 실내 배경,complex,56785,21,vv,"{""vv"": 21}","{""background_complex_v2_20260506:vv"": 21}",webdav://13730b09/발송/외주 회사/빔 studio/메탈#07/bg/MR07_070_BG.psd,56785_MR07_070_BG.psd,발송/외주 회사/빔 studio/메탈#07/bg/MR07_070_BG.psd,bg,/Users/saintiron/Projects/Imagine/thumbnails/56785_MR07_070_BG_thumb.png,psd,2190,1372,A blue tufted sofa with a translucent sketch of a person's head and shoulders.,"[""sofa"", ""tufted"", ""blue"", ""sketch"", ""head"", ""shoulders"", ""translucent"", ""lines""]",illustration,,,,Qwen/Qwen3.5-9B,,,ok,,,,,,,,bg,visual:bg-complex-q0032:56785,diverse_rank=4; source_count=3; visual_group=visual:bg-complex-q0032:56785,,
bg-complex-q0032,홍콩사무실에서 소파가 화면 하단 쪽에 있고 큰 창문 너머 야경이 보이지만 책상 중심 장면은 아닌 실내 배경,complex,57481,28,mv,"{""mv"": 28}","{""background_complex_v2_20260506:mv"": 28}",webdav://13730b09/예비/작품2/대마도학원35시험 소대/제작회사BG/_4/#4/TM#04_063.psd,57481_TM#04_063.psd,예비/작품2/대마도학원35시험 소대/제작회사BG/_4/#4/TM#04_063.psd,#4,/Users/saintiron/Projects/Imagine/thumbnails/57481_TM#04_063_thumb.png,psd,1698,1183,Anime background showing a modern office interior with windows and furniture.,"[""office"", ""windows"", ""furniture"", ""anime"", ""interior"", ""modern"", ""blue"", ""grey""]",background,,,,Qwen/Qwen3.5-9B,,,ok,,,,,,,,#4,visual:bg-complex-q0032:57481,diverse_rank=13; source_count=1; visual_group=visual:bg-complex-q0032:57481,,
bg-complex-q0032,홍콩사무실에서 소파가 화면 하단 쪽에 있고 큰 창문 너머 야경이 보이지만 책상 중심 장면은 아닌 실내 배경,complex,58521,30,"mv,vv","{""mv"": 33, ""vv"": 30}","{""background_complex_v2_20260506:mv"": 33, ""background_complex_v2_20260506:vv"": 30}",webdav://13730b09/예비/작품2/대마도학원35시험 소대/보도/소대숙소안 낮.psd,58521_소대숙소안 낮.psd,예비/작품2/대마도학원35시험 소대/보도/소대숙소안 낮.psd,보도,/Users/saintiron/Projects/Imagine/thumbnails/58521_소대숙소안 낮_thumb.png,psd,2779,1870,Interior of a 35th squad dorm with office and lounge areas,"[""office"", ""dormitory"", ""sofa"", ""computer"", ""lockers"", ""ceiling fan"", ""window""]",illustration,,,,Qwen/Qwen3.5-9B,,,ok,,,,,,,,보도,visual:bg-complex-q0032:58521,diverse_rank=14; source_count=1; visual_group=visual:bg-complex-q0032:58521,,
bg-complex-q0033,"크랑베르무 장소/학교교실에서 창문 빛과 빈 책상, 칠판 구조가 함께 보이지만 인물이 없는 낮 실내 배경",complex,57622,2,fts,"{""fts"": 2}","{""background_complex_v2_20260506:fts"": 2}",webdav://13730b09/예비/작품2/대마도학원35시험 소대/제작회사BG/#3/AT03_058.psd,57622_AT03_058.psd,예비/작품2/대마도학원35시험 소대/제작회사BG/#3/AT03_058.psd,#3,/Users/saintiron/Projects/Imagine/thumbnails/57622_AT03_058_thumb.png,psd,3800,1784,Anime-style classroom scene with students and a teacher at the front.,"[""classroom"", ""students"", ""teacher"", ""whiteboard"", ""desks"", ""chairs"", ""anime"", ""line art""]",illustration,,,,Qwen/Qwen3.5-9B,,,ok,,,,,,,,#3,visual:bg-complex-q0033:57622,diverse_rank=3; source_count=1; visual_group=visual:bg-complex-q0033:57622,,
bg-complex-q0033,"크랑베르무 장소/학교교실에서 창문 빛과 빈 책상, 칠판 구조가 함께 보이지만 인물이 없는 낮 실내 배경",complex,58184,3,mv,"{""mv"": 3}","{""background_complex_v2_20260506:mv"": 3}",webdav://13730b09/예비/작품2/대마도학원35시험 소대/제작회사BG/#1/TM#01_094.psd,58184_TM#01_094.psd,예비/작품2/대마도학원35시험 소대/제작회사BG/#1/TM#01_094.psd,#1,/Users/saintiron/Projects/Imagine/thumbnails/58184_TM#01_094_thumb.png,psd,1667,1194,"A classroom with a staircase, whiteboard, and hanging lamps.","[""classroom"", ""staircase"", ""whiteboard"", ""lamps"", ""books"", ""chair"", ""window"", ""balcony""]",background,,,,Qwen/Qwen3.5-9B,,,ok,,,,,,,,#1,visual:bg-complex-q0033:58184,diverse_rank=7; source_count=3; visual_group=visual:bg-complex-q0033:58184,,
bg-complex-q0033,"크랑베르무 장소/학교교실에서 창문 빛과 빈 책상, 칠판 구조가 함께 보이지만 인물이 없는 낮 실내 배경",complex,57896,5,mv,"{""mv"": 5}","{""background_complex_v2_20260506:mv"": 5}",webdav://13730b09/예비/작품2/대마도학원35시험 소대/제작회사BG/#2/TM#02_130.psd,57896_TM#02_130.psd,예비/작품2/대마도학원35시험 소대/제작회사BG/#2/TM#02_130.psd,#2,/Users/saintiron/Projects/Imagine/thumbnails/57896_TM#02_130_thumb.png,psd,2113,1263,"An empty classroom with a whiteboard, bookshelf, and wooden floor.","[""classroom"", ""whiteboard"", ""bookshelf"", ""wooden floor"", ""windows"", ""clock"", ""bulletin board"", ""door""]",background,,,,Qwen/Qwen3.5-9B,,,ok,,,,,,,,#2,visual:bg-complex-q0033:57896,diverse_rank=9; source_count=1; visual_group=visual:bg-complex-q0033:57896,,
bg-complex-q0033,"크랑베르무 장소/학교교실에서 창문 빛과 빈 책상, 칠판 구조가 함께 보이지만 인물이 없는 낮 실내 배경",complex,58247,6,mv,"{""mv"": 6}","{""background_complex_v2_20260506:mv"": 6}",webdav://13730b09/예비/작품2/대마도학원35시험 소대/제작회사BG/#1/TM#01_183.psd,58247_TM#01_183.psd,예비/작품2/대마도학원35시험 소대/제작회사BG/#1/TM#01_183.psd,#1,/Users/saintiron/Projects/Imagine/thumbnails/58247_TM#01_183_thumb.png,psd,2733,2299,"Dark, empty concrete room with minimal lighting and no visible objects.","[""concrete"", ""dark"", ""empty"", ""room"", ""architecture"", ""indoor"", ""minimal"", ""shadow""]",background,,,,Qwen/Qwen3.5-9B,,,ok,,,,,,,,#1,visual:bg-complex-q0033:58247,diverse_rank=1; source_count=3; visual_group=visual:bg-complex-q0033:58247,,
bg-complex-q0033,"크랑베르무 장소/학교교실에서 창문 빛과 빈 책상, 칠판 구조가 함께 보이지만 인물이 없는 낮 실내 배경",complex,31430,9,mv,"{""mv"": 9}","{""background_complex_v2_20260506:mv"": 9}",/Users/saintiron/imageDB/마캬베리즈무/실내소품/kyoushituB.psd,kyoushituB.psd,kyoushituB.psd,실내소품,/Users/saintiron/Projects/Imagine/thumbnails/kyoushituB_thumb.png,psd,3370,2382,"An empty anime classroom with wooden floors, desks, and large windows.","[""classroom"", ""wooden floor"", ""blackboard"", ""windows"", ""desks"", ""anime"", ""empty"", ""school""]",background,,,,Qwen/Qwen3.5-9B,vision_done,,ok,,,,,,,,실내소품,visual:bg-complex-q0033:31430,diverse_rank=4; source_count=3; visual_group=visual:bg-complex-q0033:31430,,
bg-complex-q0033,"크랑베르무 장소/학교교실에서 창문 빛과 빈 책상, 칠판 구조가 함께 보이지만 인물이 없는 낮 실내 배경",complex,31387,12,"mv,vv","{""mv"": 33, ""vv"": 12}","{""background_complex_v2_20260506:mv"": 33, ""background_complex_v2_20260506:vv"": 12}",/Users/saintiron/imageDB/마캬베리즈무/실내소품/GP01_156_158_275.psd,GP01_156_158_275.psd,GP01_156_158_275.psd,실내소품,/Users/saintiron/Projects/Imagine/thumbnails/GP01_156_158_275_thumb.png,psd,1716,1278,"An anime-style classroom with desks, a piano, and colorful walls.","[""classroom"", ""desks"", ""piano"", ""stage"", ""anime"", ""interior"", ""benches"", ""windows""]",background,,,,Qwen/Qwen3.5-9B,vision_done,,ok,,,,,,,,실내소품,visual:bg-complex-q0033:31387,diverse_rank=2; source_count=3; visual_group=visual:bg-complex-q0033:31387,,
bg-complex-q0033,"크랑베르무 장소/학교교실에서 창문 빛과 빈 책상, 칠판 구조가 함께 보이지만 인물이 없는 낮 실내 배경",complex,31431,14,"mv,vv","{""mv"": 14, ""vv"": 38}","{""background_complex_v2_20260506:mv"": 14, ""background_complex_v2_20260506:vv"": 38}",/Users/saintiron/imageDB/마캬베리즈무/실내소품/kyousitu01.psd,kyousitu01.psd,kyousitu01.psd,실내소품,/Users/saintiron/Projects/Imagine/thumbnails/kyousitu01_thumb.png,psd,2105,1488,"Anime-style empty classroom with desks, chalkboard, and windows showing daytime.","[""classroom"", ""desks"", ""chalkboard"", ""windows"", ""anime"", ""floor"", ""clock"", ""cabinet""]",background,,,,Qwen/Qwen3.5-9B,vision_done,,ok,,,,,,,,실내소품,visual:bg-complex-q0033:31431,diverse_rank=5; source_count=3; visual_group=visual:bg-complex-q0033:31431,,
bg-complex-q0033,"크랑베르무 장소/학교교실에서 창문 빛과 빈 책상, 칠판 구조가 함께 보이지만 인물이 없는 낮 실내 배경",complex,57569,15,vv,"{""vv"": 15}","{""background_complex_v2_20260506:vv"": 15}",webdav://13730b09/예비/작품2/대마도학원35시험 소대/제작회사BG/_4/#4/TM#04_350.psd,57569_TM#04_350.psd,예비/작품2/대마도학원35시험 소대/제작회사BG/_4/#4/TM#04_350.psd,#4,/Users/saintiron/Projects/Imagine/thumbnails/57569_TM#04_350_thumb.png,psd,1664,1210,"Minimalist room corner with wooden desk, wall, and hanging cable.","[""desk"", ""wall"", ""cable"", ""frame"", ""interior"", ""minimalist"", ""neutral""]",background,,,,Qwen/Qwen3.5-9B,,,ok,,,,,,,,#4,visual:bg-complex-q0033:57569,diverse_rank=8; source_count=1; visual_group=visual:bg-complex-q0033:57569,,
bg-complex-q0033,"크랑베르무 장소/학교교실에서 창문 빛과 빈 책상, 칠판 구조가 함께 보이지만 인물이 없는 낮 실내 배경",complex,58526,17,mv,"{""mv"": 17}","{""background_complex_v2_20260506:mv"": 17}",webdav://13730b09/예비/작품2/대마도학원35시험 소대/보도/학교 복도 파티 버젼/bo-do.psd,58526_bo-do.psd,예비/작품2/대마도학원35시험 소대/보도/학교 복도 파티 버젼/bo-do.psd,학교 복도 파티 버젼,/Users/saintiron/Projects/Imagine/thumbnails/58526_bo-do_thumb.png,psd,1664,1238,"An empty school hallway with doors, windows, and tiled flooring.","[""hallway"", ""school"", ""doors"", ""windows"", ""tiled floor"", ""columns"", ""ceiling"", ""empty""]",background,,,,Qwen/Qwen3.5-9B,,,ok,,,,,,,,학교 복도 파티 버젼,visual:bg-complex-q0033:58526,diverse_rank=10; source_count=2; visual_group=visual:bg-complex-q0033:58526,,
bg-complex-q0033,"크랑베르무 장소/학교교실에서 창문 빛과 빈 책상, 칠판 구조가 함께 보이지만 인물이 없는 낮 실내 배경",complex,58530,19,mv,"{""mv"": 19}","{""background_complex_v2_20260506:mv"": 19}",webdav://13730b09/예비/작품2/대마도학원35시험 소대/보도/학교 복도 파티 버젼/FD#08_145.psd,58530_FD#08_145.psd,예비/작품2/대마도학원35시험 소대/보도/학교 복도 파티 버젼/FD#08_145.psd,학교 복도 파티 버젼,/Users/saintiron/Projects/Imagine/thumbnails/58530_FD#08_145_thumb.png,psd,2151,1300,"A decorated classroom with balloons, streamers, and a chalkboard.","[""classroom"", ""balloons"", ""streamers"", ""chalkboard"", ""lockers"", ""books"", ""curtains"", ""floor""]",background,,,,Qwen/Qwen3.5-9B,,,ok,,,,,,,,학교 복도 파티 버젼,visual:bg-complex-q0033:58530,diverse_rank=11; source_count=2; visual_group=visual:bg-complex-q0033:58530,,
bg-complex-q0033,"크랑베르무 장소/학교교실에서 창문 빛과 빈 책상, 칠판 구조가 함께 보이지만 인물이 없는 낮 실내 배경",complex,58264,22,mv,"{""mv"": 22}","{""background_complex_v2_20260506:mv"": 22}",webdav://13730b09/예비/작품2/대마도학원35시험 소대/제작회사BG/#1/TM#01_204.psd,58264_TM#01_204.psd,예비/작품2/대마도학원35시험 소대/제작회사BG/#1/TM#01_204.psd,#1,/Users/saintiron/Projects/Imagine/thumbnails/58264_TM#01_204_thumb.png,psd,1674,1170,"Dark, empty theater with glowing blue seats and dim lighting.","[""theater"", ""seats"", ""dark"", ""blue"", ""empty"", ""interior"", ""glow""]",background,,,,Qwen/Qwen3.5-9B,,,ok,,,,,,,,#1,visual:bg-complex-q0033:58264,diverse_rank=6; source_count=3; visual_group=visual:bg-complex-q0033:58264,,
bg-complex-q0033,"크랑베르무 장소/학교교실에서 창문 빛과 빈 책상, 칠판 구조가 함께 보이지만 인물이 없는 낮 실내 배경",complex,58462,29,vv,"{""vv"": 29}","{""background_complex_v2_20260506:vv"": 29}",webdav://13730b09/예비/작품2/대마도학원35시험 소대/보도/교실 낮.psd,58462_교실 낮.psd,예비/작품2/대마도학원35시험 소대/보도/교실 낮.psd,보도,/Users/saintiron/Projects/Imagine/thumbnails/58462_교실 낮_thumb.png,psd,2713,2000,"A classroom scene with desks, chairs, windows, and a whiteboard in a 2D anime style.","[""classroom"", ""desk"", ""chair"", ""whiteboard"", ""windows"", ""anime"", ""interior"", ""furniture""]",illustration,,,,Qwen/Qwen3.5-9B,,,ok,,,,,,,,보도,visual:bg-complex-q0033:58462,diverse_rank=12; source_count=1; visual_group=visual:bg-complex-q0033:58462,,
bg-complex-q0033,"크랑베르무 장소/학교교실에서 창문 빛과 빈 책상, 칠판 구조가 함께 보이지만 인물이 없는 낮 실내 배경",complex,58568,29,mv,"{""mv"": 29}","{""background_complex_v2_20260506:mv"": 29}",webdav://13730b09/예비/작품2/대마도학원35시험 소대/BG/TM#05_144.psd,58568_TM#05_144.psd,예비/작품2/대마도학원35시험 소대/BG/TM#05_144.psd,BG,/Users/saintiron/Projects/Imagine/thumbnails/58568_TM#05_144_thumb.png,psd,4488,1590,"Dark, empty concrete floor with a metal railing and tiled wall above.","[""concrete"", ""railing"", ""tiles"", ""dark"", ""empty"", ""architecture"", ""night"", ""indoor""]",background,,,,Qwen/Qwen3.5-9B,,,ok,,,,,,,,BG,visual:bg-complex-q0033:58568,diverse_rank=13; source_count=1; visual_group=visual:bg-complex-q0033:58568,,
bg-complex-q0033,"크랑베르무 장소/학교교실에서 창문 빛과 빈 책상, 칠판 구조가 함께 보이지만 인물이 없는 낮 실내 배경",complex,28752,32,mv,"{""mv"": 32}","{""background_complex_v2_20260506:mv"": 32}",/Users/saintiron/imageDB/마캬베리즈무/장소/강다외부/agm03_290.psd,agm03_290.psd,agm03_290.psd,강다외부,/Users/saintiron/Projects/Imagine/thumbnails/agm03_290_thumb.png,psd,2316,1630,An empty concrete corridor with pillars and overhead pipes leading to a bright exit.,"[""concrete"", ""pillars"", ""pipes"", ""corridor"", ""architecture"", ""empty"", ""industrial"", ""overhead""]",background,,,,Qwen/Qwen3.5-9B,vision_done,,ok,,,,,,,,강다외부,visual:bg-complex-q0033:28752,diverse_rank=14; source_count=1; visual_group=visual:bg-complex-q0033:28752,,
bg-complex-q0034,"후시 늪지대에서 안개와 물가, 비뚤어진 나무가 함께 보이고 밝은 하늘이나 건물은 없는 어두운 자연 배경",complex,57962,11,vv,"{""vv"": 11}","{""background_complex_v2_20260506:vv"": 11}",webdav://13730b09/예비/작품2/대마도학원35시험 소대/제작회사BG/#2/TM#02_210.psd,57962_TM#02_210.psd,예비/작품2/대마도학원35시험 소대/제작회사BG/#2/TM#02_210.psd,#2,/Users/saintiron/Projects/Imagine/thumbnails/57962_TM#02_210_thumb.png,psd,1668,7937,Dark forest scene with vertical streaks and a small inset landscape view.,"[""forest"", ""trees"", ""night"", ""dark"", ""vertical streaks"", ""landscape"", ""inset""]",background,,,,Qwen/Qwen3.5-9B,,,ok,,,,,,,,#2,visual:bg-complex-q0034:57962,diverse_rank=1; source_count=5; visual_group=visual:bg-complex-q0034:57962,,
bg-complex-q0034,"후시 늪지대에서 안개와 물가, 비뚤어진 나무가 함께 보이고 밝은 하늘이나 건물은 없는 어두운 자연 배경",complex,57983,14,mv,"{""mv"": 14}","{""background_complex_v2_20260506:mv"": 14}",webdav://13730b09/예비/작품2/대마도학원35시험 소대/제작회사BG/#2/TM#02_234.psd,57983_TM#02_234.psd,예비/작품2/대마도학원35시험 소대/제작회사BG/#2/TM#02_234.psd,#2,/Users/saintiron/Projects/Imagine/thumbnails/57983_TM#02_234_thumb.png,psd,1670,1176,Dark forest scene with trees and a concrete wall under a cloudy sky.,"[""forest"", ""trees"", ""concrete wall"", ""cloudy sky"", ""night scene""]",illustration,,,,Qwen/Qwen3.5-9B,,,ok,,,,,,,,#2,visual:bg-complex-q0034:57983,diverse_rank=3; source_count=5; visual_group=visual:bg-complex-q0034:57983,,
bg-complex-q0034,"후시 늪지대에서 안개와 물가, 비뚤어진 나무가 함께 보이고 밝은 하늘이나 건물은 없는 어두운 자연 배경",complex,58074,15,mv,"{""mv"": 15}","{""background_complex_v2_20260506:mv"": 15}",webdav://13730b09/예비/작품2/대마도학원35시험 소대/제작회사BG/#2/TM#02_342.psd,58074_TM#02_342.psd,예비/작품2/대마도학원35시험 소대/제작회사BG/#2/TM#02_342.psd,#2,/Users/saintiron/Projects/Imagine/thumbnails/58074_TM#02_342_thumb.png,psd,5003,1186,"Dark, moody scene with a large building and trees under a cloudy sky.","[""building"", ""trees"", ""sky"", ""night"", ""architecture""]",background,,,,Qwen/Qwen3.5-9B,,,ok,,,,,,,,#2,visual:bg-complex-q0034:58074,diverse_rank=7; source_count=5; visual_group=visual:bg-complex-q0034:58074,,
bg-complex-q0034,"후시 늪지대에서 안개와 물가, 비뚤어진 나무가 함께 보이고 밝은 하늘이나 건물은 없는 어두운 자연 배경",complex,58025,16,vv,"{""vv"": 16}","{""background_complex_v2_20260506:vv"": 16}",webdav://13730b09/예비/작품2/대마도학원35시험 소대/제작회사BG/#2/TM#02_277.psd,58025_TM#02_277.psd,예비/작품2/대마도학원35시험 소대/제작회사BG/#2/TM#02_277.psd,#2,/Users/saintiron/Projects/Imagine/thumbnails/58025_TM#02_277_thumb.png,psd,6754,1186,Dark forest scene with silhouetted trees and cloudy night sky,"[""forest"", ""trees"", ""night"", ""clouds"", ""silhouette"", ""dark"", ""sky""]",background,,,,Qwen/Qwen3.5-9B,,,ok,,,,,,,,#2,visual:bg-complex-q0034:58025,diverse_rank=8; source_count=5; visual_group=visual:bg-complex-q0034:58025,,
bg-complex-q0034,"후시 늪지대에서 안개와 물가, 비뚤어진 나무가 함께 보이고 밝은 하늘이나 건물은 없는 어두운 자연 배경",complex,57909,21,vv,"{""vv"": 21}","{""background_complex_v2_20260506:vv"": 21}",webdav://13730b09/예비/작품2/대마도학원35시험 소대/제작회사BG/#2/TM#02_148.psd,57909_TM#02_148.psd,예비/작품2/대마도학원35시험 소대/제작회사BG/#2/TM#02_148.psd,#2,/Users/saintiron/Projects/Imagine/thumbnails/57909_TM#02_148_thumb.png,psd,11024,1647,Dark forest scene with dense trees under dim lighting.,"[""forest"", ""trees"", ""dark"", ""night"", ""nature"", ""silhouette"", ""dense"", ""shadows""]",background,,,,Qwen/Qwen3.5-9B,,,ok,,,,,,,,#2,visual:bg-complex-q0034:57909,diverse_rank=2; source_count=5; visual_group=visual:bg-complex-q0034:57909,,
bg-complex-q0034,"후시 늪지대에서 안개와 물가, 비뚤어진 나무가 함께 보이고 밝은 하늘이나 건물은 없는 어두운 자연 배경",complex,58104,28,mv,"{""mv"": 28}","{""background_complex_v2_20260506:mv"": 28}",webdav://13730b09/예비/작품2/대마도학원35시험 소대/제작회사BG/#1/TM#01_011.psd,58104_TM#01_011.psd,예비/작품2/대마도학원35시험 소대/제작회사BG/#1/TM#01_011.psd,#1,/Users/saintiron/Projects/Imagine/thumbnails/58104_TM#01_011_thumb.png,psd,1733,1190,Dark forest scene with large tree trunk and scattered rocks under dim light.,"[""tree"", ""forest"", ""rocks"", ""grass"", ""dark"", ""night"", ""nature""]",background,,,,Qwen/Qwen3.5-9B,,,ok,,,,,,,,#1,visual:bg-complex-q0034:58104,diverse_rank=4; source_count=3; visual_group=visual:bg-complex-q0034:58104,,
bg-complex-q0034,"후시 늪지대에서 안개와 물가, 비뚤어진 나무가 함께 보이고 밝은 하늘이나 건물은 없는 어두운 자연 배경",complex,58107,32,mv,"{""mv"": 32}","{""background_complex_v2_20260506:mv"": 32}",webdav://13730b09/예비/작품2/대마도학원35시험 소대/제작회사BG/#1/TM#01_017.psd,58107_TM#01_017.psd,예비/작품2/대마도학원35시험 소대/제작회사BG/#1/TM#01_017.psd,#1,/Users/saintiron/Projects/Imagine/thumbnails/58107_TM#01_017_thumb.png,psd,1677,1190,"Dark, grassy field with scattered rocks and faint light sources.","[""grass"", ""rocks"", ""dark"", ""night"", ""field""]",background,,,,Qwen/Qwen3.5-9B,,,ok,,,,,,,,#1,visual:bg-complex-q0034:58107,diverse_rank=5; source_count=3; visual_group=visual:bg-complex-q0034:58107,,
bg-complex-q0034,"후시 늪지대에서 안개와 물가, 비뚤어진 나무가 함께 보이고 밝은 하늘이나 건물은 없는 어두운 자연 배경",complex,58108,47,mv,"{""mv"": 47}","{""background_complex_v2_20260506:mv"": 47}",webdav://13730b09/예비/작품2/대마도학원35시험 소대/제작회사BG/#1/TM#01_019.psd,58108_TM#01_019.psd,예비/작품2/대마도학원35시험 소대/제작회사BG/#1/TM#01_019.psd,#1,/Users/saintiron/Projects/Imagine/thumbnails/58108_TM#01_019_thumb.png,psd,1677,1190,"Night scene with illuminated buildings, trees, and a dark foreground.","[""night"", ""buildings"", ""trees"", ""illuminated"", ""dark"", ""sky"", ""grass"", ""monument""]",illustration,,,,Qwen/Qwen3.5-9B,,,ok,,,,,,,,#1,visual:bg-complex-q0034:58108,diverse_rank=6; source_count=3; visual_group=visual:bg-complex-q0034:58108,,
bg-complex-q0035,"기절용사와 암살공주 장소/동굴에서 바위 벽과 깊은 통로, 푸른 조명이 보이지만 전투 장면은 아닌 지하 배경",complex,58264,38,mv,"{""mv"": 38}","{""background_complex_v2_20260506:mv"": 38}",webdav://13730b09/예비/작품2/대마도학원35시험 소대/제작회사BG/#1/TM#01_204.psd,58264_TM#01_204.psd,예비/작품2/대마도학원35시험 소대/제작회사BG/#1/TM#01_204.psd,#1,/Users/saintiron/Projects/Imagine/thumbnails/58264_TM#01_204_thumb.png,psd,1674,1170,"Dark, empty theater with glowing blue seats and dim lighting.","[""theater"", ""seats"", ""dark"", ""blue"", ""empty"", ""interior"", ""glow""]",background,,,,Qwen/Qwen3.5-9B,,,ok,,,,,,,,#1,visual:bg-complex-q0035:58264,diverse_rank=1; source_count=1; visual_group=visual:bg-complex-q0035:58264,,
bg-complex-q0035,"기절용사와 암살공주 장소/동굴에서 바위 벽과 깊은 통로, 푸른 조명이 보이지만 전투 장면은 아닌 지하 배경",complex,58453,46,mv,"{""mv"": 46}","{""background_complex_v2_20260506:mv"": 46}",webdav://13730b09/예비/작품2/대마도학원35시험 소대/설정/하수도.jpg,58453_하수도.jpg,예비/작품2/대마도학원35시험 소대/설정/하수도.jpg,설정,/Users/saintiron/Projects/Imagine/thumbnails/58453_하수도_thumb.png,jpg,2866,2024,A character walks through a dimly lit underground sewer passage with brick walls and water channels.,"[""underground"", ""sewer"", ""character"", ""brick walls"", ""water channel"", ""tunnel"", ""lighting""]",illustration,,,,Qwen/Qwen3.5-9B,,,ok,,,,,,,,설정,visual:bg-complex-q0035:58453,diverse_rank=2; source_count=1; visual_group=visual:bg-complex-q0035:58453,,
bg-complex-q0035,"기절용사와 암살공주 장소/동굴에서 바위 벽과 깊은 통로, 푸른 조명이 보이지만 전투 장면은 아닌 지하 배경",complex,58510,50,mv,"{""mv"": 50}","{""background_complex_v2_20260506:mv"": 50}",webdav://13730b09/예비/작품2/대마도학원35시험 소대/보도/하수도.psd,58510_하수도.psd,예비/작품2/대마도학원35시험 소대/보도/하수도.psd,보도,/Users/saintiron/Projects/Imagine/thumbnails/58510_하수도_thumb.png,psd,2618,1901,Dark underground tunnel with flowing water and dim lighting,"[""tunnel"", ""water"", ""concrete"", ""brick"", ""lighting"", ""underground""]",illustration,,,,Qwen/Qwen3.5-9B,,,ok,,,,,,,,보도,visual:bg-complex-q0035:58510,diverse_rank=3; source_count=1; visual_group=visual:bg-complex-q0035:58510,,
bg-complex-q0036,"AGM_01_001_013_030 3DBG에서 건물 정면과 반복되는 창문, 울타리가 보이지만 실내 장면은 아닌 학교 외관 배경",complex,28887,1,"fts,mv,triaxis","{""fts"": 14, ""mv"": 42, ""triaxis"": 1}","{""background_complex_v2_20260506:fts"": 14, ""background_complex_v2_20260506:mv"": 42, ""background_complex_v2_20260506:triaxis"": 1}",/Users/saintiron/imageDB/마캬베리즈무/장소/AGM_01_001_013_030 3DBG/kosya_koutoubu.psd,kosya_koutoubu.psd,kosya_koutoubu.psd,AGM_01_001_013_030 3DBG,/Users/saintiron/Projects/Imagine/thumbnails/kosya_koutoubu_thumb.png,psd,2205,1495,A multi-story school building with blue windows and a rooftop fence.,"[""school building"", ""windows"", ""roof"", ""fence"", ""entrance"", ""architecture""]",illustration,,,,Qwen/Qwen3.5-9B,vision_done,,ok,,,,,,,,AGM_01_001_013_030 3DBG,visual:bg-complex-q0036:28887,diverse_rank=1; source_count=3; visual_group=visual:bg-complex-q0036:28887,,
bg-complex-q0036,"AGM_01_001_013_030 3DBG에서 건물 정면과 반복되는 창문, 울타리가 보이지만 실내 장면은 아닌 학교 외관 배경",complex,28786,2,mv,"{""mv"": 2}","{""background_complex_v2_20260506:mv"": 2}",/Users/saintiron/imageDB/마캬베리즈무/장소/강다외부/agmOP_036A_BG2.psd,agmOP_036A_BG2.psd,agmOP_036A_BG2.psd,강다외부,/Users/saintiron/Projects/Imagine/thumbnails/agmOP_036A_BG2_thumb.png,psd,2693,1180,An anime-style school hallway with a wireframe character and bulletin board.,"[""hallway"", ""school"", ""wireframe"", ""character"", ""bulletin board"", ""doors"", ""anime"", ""interior""]",background,,,,Qwen/Qwen3.5-9B,vision_done,,ok,,,,,,,,강다외부,visual:bg-complex-q0036:28786,diverse_rank=7; source_count=2; visual_group=visual:bg-complex-q0036:28786,,
bg-complex-q0036,"AGM_01_001_013_030 3DBG에서 건물 정면과 반복되는 창문, 울타리가 보이지만 실내 장면은 아닌 학교 외관 배경",complex,28900,6,"fts,triaxis","{""fts"": 30, ""triaxis"": 6}","{""background_complex_v2_20260506:fts"": 30, ""background_complex_v2_20260506:triaxis"": 6}",/Users/saintiron/imageDB/마캬베리즈무/장소/AGM_01_001_013_030 3DBG/kousya_nakaniwagawa_zimen.psd,kousya_nakaniwagawa_zimen.psd,kousya_nakaniwagawa_zimen.psd,AGM_01_001_013_030 3DBG,/Users/saintiron/Projects/Imagine/thumbnails/kousya_nakaniwagawa_zimen_thumb.png,psd,4000,2500,Top-down view of a courtyard with green lawn and winding paths.,"[""courtyard"", ""lawn"", ""path"", ""architecture"", ""top-down"", ""design"", ""green""]",illustration,,,,Qwen/Qwen3.5-9B,vision_done,,ok,,,,,,,,AGM_01_001_013_030 3DBG,visual:bg-complex-q0036:28900,diverse_rank=2; source_count=3; visual_group=visual:bg-complex-q0036:28900,,
bg-complex-q0036,"AGM_01_001_013_030 3DBG에서 건물 정면과 반복되는 창문, 울타리가 보이지만 실내 장면은 아닌 학교 외관 배경",complex,58338,6,mv,"{""mv"": 6}","{""background_complex_v2_20260506:mv"": 6}",webdav://13730b09/예비/작품2/대마도학원35시험 소대/제작회사BG/#1/TM#01_289.psd,58338_TM#01_289.psd,예비/작품2/대마도학원35시험 소대/제작회사BG/#1/TM#01_289.psd,#1,/Users/saintiron/Projects/Imagine/thumbnails/58338_TM#01_289_thumb.png,psd,1686,1187,Nighttime view of a building with a triangular roof and large windows.,"[""building"", ""roof"", ""windows"", ""night"", ""sky"", ""clouds"", ""architecture""]",background,,,,Qwen/Qwen3.5-9B,,,ok,,,,,,,,#1,visual:bg-complex-q0036:58338,diverse_rank=8; source_count=3; visual_group=visual:bg-complex-q0036:58338,,
bg-complex-q0036,"AGM_01_001_013_030 3DBG에서 건물 정면과 반복되는 창문, 울타리가 보이지만 실내 장면은 아닌 학교 외관 배경",complex,58115,7,vv,"{""vv"": 7}","{""background_complex_v2_20260506:vv"": 7}",webdav://13730b09/예비/작품2/대마도학원35시험 소대/제작회사BG/#1/TM#01_032.psd,58115_TM#01_032.psd,예비/작품2/대마도학원35시험 소대/제작회사BG/#1/TM#01_032.psd,#1,/Users/saintiron/Projects/Imagine/thumbnails/58115_TM#01_032_thumb.png,psd,1715,1202,"A bright, modern architectural scene with large windows and stone columns.","[""architecture"", ""windows"", ""columns"", ""balcony"", ""modern"", ""light"", ""stone""]",background,,,,Qwen/Qwen3.5-9B,,,ok,,,,,,,,#1,visual:bg-complex-q0036:58115,diverse_rank=11; source_count=3; visual_group=visual:bg-complex-q0036:58115,,
bg-complex-q0036,"AGM_01_001_013_030 3DBG에서 건물 정면과 반복되는 창문, 울타리가 보이지만 실내 장면은 아닌 학교 외관 배경",complex,28911,11,"fts,triaxis","{""fts"": 11, ""triaxis"": 23}","{""background_complex_v2_20260506:fts"": 11, ""background_complex_v2_20260506:triaxis"": 23}",/Users/saintiron/imageDB/마캬베리즈무/장소/AGM_01_001_013_030 3DBG/uekomi_hiki.psd,uekomi_hiki.psd,uekomi_hiki.psd,AGM_01_001_013_030 3DBG,/Users/saintiron/Projects/Imagine/thumbnails/uekomi_hiki_thumb.png,psd,2500,1666,Three green hedge shapes in different orientations and sizes,"[""hedge"", ""green"", ""bush"", ""landscape"", ""vegetation"", ""3d"", ""render"", ""garden""]",item,,,,Qwen/Qwen3.5-9B,vision_done,,ok,,,,,,,,AGM_01_001_013_030 3DBG,visual:bg-complex-q0036:28911,diverse_rank=3; source_count=3; visual_group=visual:bg-complex-q0036:28911,,
bg-complex-q0036,"AGM_01_001_013_030 3DBG에서 건물 정면과 반복되는 창문, 울타리가 보이지만 실내 장면은 아닌 학교 외관 배경",complex,58116,11,mv,"{""mv"": 11}","{""background_complex_v2_20260506:mv"": 11}",webdav://13730b09/예비/작품2/대마도학원35시험 소대/제작회사BG/#1/TM#01_033.psd,58116_TM#01_033.psd,예비/작품2/대마도학원35시험 소대/제작회사BG/#1/TM#01_033.psd,#1,/Users/saintiron/Projects/Imagine/thumbnails/58116_TM#01_033_thumb.png,psd,1710,1204,Blurred view of a prison cell block with bars and windows.,"[""prison"", ""bars"", ""windows"", ""architecture"", ""interior"", ""blue"", ""blurry""]",background,,,,Qwen/Qwen3.5-9B,,,ok,,,,,,,,#1,visual:bg-complex-q0036:58116,diverse_rank=5; source_count=3; visual_group=visual:bg-complex-q0036:58116,,
bg-complex-q0036,"AGM_01_001_013_030 3DBG에서 건물 정면과 반복되는 창문, 울타리가 보이지만 실내 장면은 아닌 학교 외관 배경",complex,57419,13,"fts,mv,vv","{""fts"": 49, ""mv"": 29, ""vv"": 13}","{""background_complex_v2_20260506:fts"": 49, ""background_complex_v2_20260506:mv"": 29, ""background_complex_v2_20260506:vv"": 13}",webdav://13730b09/예비/작품2/대마도학원35시험 소대/제작회사BG/건물/TM#02_110.psd,57419_TM#02_110.psd,예비/작품2/대마도학원35시험 소대/제작회사BG/건물/TM#02_110.psd,건물,/Users/saintiron/Projects/Imagine/thumbnails/57419_TM#02_110_thumb.png,psd,6803,2876,"Dark, angled view of a modern building facade at night.","[""building"", ""windows"", ""night"", ""architecture"", ""darkness"", ""modern"", ""facade""]",background,,,,Qwen/Qwen3.5-9B,,,ok,,,,,,,,건물,visual:bg-complex-q0036:57419,diverse_rank=13; source_count=2; visual_group=visual:bg-complex-q0036:57419,,
bg-complex-q0036,"AGM_01_001_013_030 3DBG에서 건물 정면과 반복되는 창문, 울타리가 보이지만 실내 장면은 아닌 학교 외관 배경",complex,57899,21,vv,"{""vv"": 21}","{""background_complex_v2_20260506:vv"": 21}",webdav://13730b09/예비/작품2/대마도학원35시험 소대/제작회사BG/#2/TM#02_135.psd,57899_TM#02_135.psd,예비/작품2/대마도학원35시험 소대/제작회사BG/#2/TM#02_135.psd,#2,/Users/saintiron/Projects/Imagine/thumbnails/57899_TM#02_135_thumb.png,psd,1668,1173,Dark arched doorway with cracked glass and cobwebs in a dimly lit room.,"[""doorway"", ""arch"", ""cracked glass"", ""cobwebs"", ""dark"", ""interior"", ""window""]",illustration,,,,Qwen/Qwen3.5-9B,,,ok,,,,,,,,#2,visual:bg-complex-q0036:57899,diverse_rank=4; source_count=2; visual_group=visual:bg-complex-q0036:57899,,
bg-complex-q0036,"AGM_01_001_013_030 3DBG에서 건물 정면과 반복되는 창문, 울타리가 보이지만 실내 장면은 아닌 학교 외관 배경",complex,57432,28,mv,"{""mv"": 28}","{""background_complex_v2_20260506:mv"": 28}",webdav://13730b09/예비/작품2/대마도학원35시험 소대/제작회사BG/건물/TM#02_132.psd,57432_TM#02_132.psd,예비/작품2/대마도학원35시험 소대/제작회사BG/건물/TM#02_132.psd,건물,/Users/saintiron/Projects/Imagine/thumbnails/57432_TM#02_132_thumb.png,psd,1668,1173,Damaged building facade with broken windows and debris under dim lighting.,"[""building"", ""debris"", ""broken windows"", ""architecture"", ""night"", ""concrete"", ""ruins""]",background,,,,Qwen/Qwen3.5-9B,,,ok,,,,,,,,건물,visual:bg-complex-q0036:57432,diverse_rank=6; source_count=2; visual_group=visual:bg-complex-q0036:57432,,
bg-complex-q0036,"AGM_01_001_013_030 3DBG에서 건물 정면과 반복되는 창문, 울타리가 보이지만 실내 장면은 아닌 학교 외관 배경",complex,31500,30,vv,"{""vv"": 30}","{""background_complex_v2_20260506:vv"": 30}",/Users/saintiron/imageDB/마캬베리즈무/실내소품/pf45_176.psd,pf45_176.psd,pf45_176.psd,실내소품,/Users/saintiron/Projects/Imagine/thumbnails/pf45_176_thumb.png,psd,1637,1095,A window reflecting a building with warm lights against a pale wall.,"[""window"", ""reflection"", ""building"", ""wall"", ""light"", ""architecture"", ""interior"", ""painting""]",background,,,,Qwen/Qwen3.5-9B,vision_done,,ok,,,,,,,,실내소품,visual:bg-complex-q0036:31500,diverse_rank=9; source_count=1; visual_group=visual:bg-complex-q0036:31500,,
bg-complex-q0036,"AGM_01_001_013_030 3DBG에서 건물 정면과 반복되는 창문, 울타리가 보이지만 실내 장면은 아닌 학교 외관 배경",complex,28783,32,mv,"{""mv"": 32}","{""background_complex_v2_20260506:mv"": 32}",/Users/saintiron/imageDB/마캬베리즈무/장소/강다외부/agmOP_035A.psd,agmOP_035A.psd,agmOP_035A.psd,강다외부,/Users/saintiron/Projects/Imagine/thumbnails/agmOP_035A_thumb.png,psd,2328,1639,Modern school building with glass windows and metal beams under a blue sky.,"[""school"", ""building"", ""windows"", ""metal beams"", ""blue sky"", ""concrete"", ""architecture"", ""daytime""]",background,,,,Qwen/Qwen3.5-9B,vision_done,,ok,,,,,,,,강다외부,visual:bg-complex-q0036:28783,diverse_rank=10; source_count=2; visual_group=visual:bg-complex-q0036:28783,,
bg-complex-q0036,"AGM_01_001_013_030 3DBG에서 건물 정면과 반복되는 창문, 울타리가 보이지만 실내 장면은 아닌 학교 외관 배경",complex,56822,33,vv,"{""vv"": 33}","{""background_complex_v2_20260506:vv"": 33}",webdav://13730b09/발송/외주 회사/빔 studio/나카무라/rr/GNK_04_199_genzu.psd,56822_GNK_04_199_genzu.psd,발송/외주 회사/빔 studio/나카무라/rr/GNK_04_199_genzu.psd,rr,/Users/saintiron/Projects/Imagine/thumbnails/56822_GNK_04_199_genzu_thumb.png,psd,3189,1240,Storyboard sketch of residential houses with sky and trees,"[""houses"", ""sky"", ""trees"", ""power lines"", ""sketch"", ""blue sky""]",illustration,,,,Qwen/Qwen3.5-9B,,,ok,,,,,,,,rr,visual:bg-complex-q0036:56822,diverse_rank=12; source_count=1; visual_group=visual:bg-complex-q0036:56822,,
bg-complex-q0036,"AGM_01_001_013_030 3DBG에서 건물 정면과 반복되는 창문, 울타리가 보이지만 실내 장면은 아닌 학교 외관 배경",complex,57923,34,mv,"{""mv"": 34}","{""background_complex_v2_20260506:mv"": 34}",webdav://13730b09/예비/작품2/대마도학원35시험 소대/제작회사BG/#2/TM#02_166.psd,57923_TM#02_166.psd,예비/작품2/대마도학원35시험 소대/제작회사BG/#2/TM#02_166.psd,#2,/Users/saintiron/Projects/Imagine/thumbnails/57923_TM#02_166_thumb.png,psd,1668,1186,"Dark, moody view of a grand building facade with arched windows and trees below.","[""architecture"", ""building"", ""windows"", ""trees"", ""night"", ""dark"", ""gothic"", ""facade""]",background,,,,Qwen/Qwen3.5-9B,,,ok,,,,,,,,#2,visual:bg-complex-q0036:57923,diverse_rank=14; source_count=2; visual_group=visual:bg-complex-q0036:57923,,
bg-complex-q0037,"실내소품에서 창문 빛과 식물, 작은 의자가 한 화면에 있지만 카페 조명 중심은 아닌 조용한 실내 배경",complex,31472,1,"mv,triaxis","{""mv"": 26, ""triaxis"": 1}","{""background_complex_v2_20260506:mv"": 26, ""background_complex_v2_20260506:triaxis"": 1}",/Users/saintiron/imageDB/마캬베리즈무/실내소품/MM15_007.psd,MM15_007.psd,MM15_007.psd,실내소품,/Users/saintiron/Projects/Imagine/thumbnails/MM15_007_thumb.png,psd,2254,2059,"A cozy corner with wooden shelves, plants, and framed photos near a bright window.","[""shelves"", ""plants"", ""framed photos"", ""window"", ""wooden wall"", ""natural light"", ""indoor scene"", ""decor""]",background,,,,Qwen/Qwen3.5-9B,vision_done,,ok,,,,,,,,실내소품,visual:bg-complex-q0037:31472,diverse_rank=1; source_count=3; visual_group=visual:bg-complex-q0037:31472,,
bg-complex-q0037,"실내소품에서 창문 빛과 식물, 작은 의자가 한 화면에 있지만 카페 조명 중심은 아닌 조용한 실내 배경",complex,56859,4,fts,"{""fts"": 4}","{""background_complex_v2_20260506:fts"": 4}",webdav://13730b09/발송/외주 회사/빔 studio/귀인환등초/0313-re/KGS_01_089_R.psd,56859_KGS_01_089_R.psd,발송/외주 회사/빔 studio/귀인환등초/0313-re/KGS_01_089_R.psd,0313-re,/Users/saintiron/Projects/Imagine/thumbnails/56859_KGS_01_089_R_thumb.png,psd,2401,1701,Anime-style illustration of a smiling girl being comforted by an adult figure.,"[""anime"", ""girl"", ""adult"", ""comforting"", ""smiling"", ""hair"", ""clothing"", ""line art""]",illustration,,,,Qwen/Qwen3.5-9B,,,ok,,,,,,,,0313-re,visual:bg-complex-q0037:56859,diverse_rank=12; source_count=1; visual_group=visual:bg-complex-q0037:56859,,
bg-complex-q0037,"실내소품에서 창문 빛과 식물, 작은 의자가 한 화면에 있지만 카페 조명 중심은 아닌 조용한 실내 배경",complex,31063,6,"triaxis,vv","{""triaxis"": 6, ""vv"": 38}","{""background_complex_v2_20260506:triaxis"": 6, ""background_complex_v2_20260506:vv"": 38}",/Users/saintiron/imageDB/마캬베리즈무/실내소품/#03_199.psd,#03_199.psd,#03_199.psd,실내소품,/Users/saintiron/Projects/Imagine/thumbnails/#03_199_thumb.png,psd,2340,1654,"A bright room with a dresser, mirror, plants, and a window with blue curtains.","[""dresser"", ""mirror"", ""plants"", ""window"", ""curtains"", ""wall"", ""sky"", ""trees""]",background,,,,Qwen/Qwen3.5-9B,vision_done,,ok,,,,,,,,실내소품,visual:bg-complex-q0037:31063,diverse_rank=2; source_count=3; visual_group=visual:bg-complex-q0037:31063,,
bg-complex-q0037,"실내소품에서 창문 빛과 식물, 작은 의자가 한 화면에 있지만 카페 조명 중심은 아닌 조용한 실내 배경",complex,56674,6,fts,"{""fts"": 6}","{""background_complex_v2_20260506:fts"": 6}",webdav://13730b09/발송/외주 회사/빔 studio/산다/0326-re/SAN_09_056_BG_R.psd,56674_SAN_09_056_BG_R.psd,발송/외주 회사/빔 studio/산다/0326-re/SAN_09_056_BG_R.psd,0326-re,/Users/saintiron/Projects/Imagine/thumbnails/56674_SAN_09_056_BG_R_thumb.png,psd,1754,1240,A wooden pillar and vase on a tatami mat floor in a dimly lit room.,"[""tatami"", ""pillar"", ""vase"", ""wood"", ""dim lighting"", ""interior"", ""traditional""]",background,,,,Qwen/Qwen3.5-9B,,,ok,,,,,,,,0326-re,visual:bg-complex-q0037:56674,diverse_rank=4; source_count=1; visual_group=visual:bg-complex-q0037:56674,,
bg-complex-q0037,"실내소품에서 창문 빛과 식물, 작은 의자가 한 화면에 있지만 카페 조명 중심은 아닌 조용한 실내 배경",complex,58300,7,mv,"{""mv"": 7}","{""background_complex_v2_20260506:mv"": 7}",webdav://13730b09/예비/작품2/대마도학원35시험 소대/제작회사BG/#1/TM#01_247.psd,58300_TM#01_247.psd,예비/작품2/대마도학원35시험 소대/제작회사BG/#1/TM#01_247.psd,#1,/Users/saintiron/Projects/Imagine/thumbnails/58300_TM#01_247_thumb.png,psd,1678,1187,"Interior scene with red sofa, bookshelf, and windows in soft lighting.","[""red sofa"", ""bookshelf"", ""windows"", ""plant"", ""shelves"", ""candles"", ""wall"", ""furniture""]",illustration,,,,Qwen/Qwen3.5-9B,,,ok,,,,,,,,#1,visual:bg-complex-q0037:58300,diverse_rank=7; source_count=3; visual_group=visual:bg-complex-q0037:58300,,
bg-complex-q0037,"실내소품에서 창문 빛과 식물, 작은 의자가 한 화면에 있지만 카페 조명 중심은 아닌 조용한 실내 배경",complex,31065,11,triaxis,"{""triaxis"": 11}","{""background_complex_v2_20260506:triaxis"": 11}",/Users/saintiron/imageDB/마캬베리즈무/실내소품/#03_202A_202C.psd,#03_202A_202C.psd,#03_202A_202C.psd,실내소품,/Users/saintiron/Projects/Imagine/thumbnails/#03_202A_202C_thumb.png,psd,2340,1654,"A room corner with a window, desk, and hanging basket.","[""window"", ""curtains"", ""desk"", ""lamp"", ""basket"", ""wall"", ""frame"", ""purple""]",background,,,,Qwen/Qwen3.5-9B,vision_done,,ok,,,,,,,,실내소품,visual:bg-complex-q0037:31065,diverse_rank=3; source_count=3; visual_group=visual:bg-complex-q0037:31065,,
bg-complex-q0037,"실내소품에서 창문 빛과 식물, 작은 의자가 한 화면에 있지만 카페 조명 중심은 아닌 조용한 실내 배경",complex,57720,11,fts,"{""fts"": 11}","{""background_complex_v2_20260506:fts"": 11}",webdav://13730b09/예비/작품2/대마도학원35시험 소대/제작회사BG/#3/AT03_184_R.psd,57720_AT03_184_R.psd,예비/작품2/대마도학원35시험 소대/제작회사BG/#3/AT03_184_R.psd,#3,/Users/saintiron/Projects/Imagine/thumbnails/57720_AT03_184_R_thumb.png,psd,1683,1190,Anime-style character cutouts with sketch lines and construction guides,"[""anime"", ""cutouts"", ""sketch lines"", ""construction guides"", ""characters""]",illustration,,,,Qwen/Qwen3.5-9B,,,ok,,,,,,,,#3,visual:bg-complex-q0037:57720,diverse_rank=5; source_count=1; visual_group=visual:bg-complex-q0037:57720,,
bg-complex-q0037,"실내소품에서 창문 빛과 식물, 작은 의자가 한 화면에 있지만 카페 조명 중심은 아닌 조용한 실내 배경",complex,56946,12,fts,"{""fts"": 12}","{""background_complex_v2_20260506:fts"": 12}",webdav://13730b09/발송/외주 회사/빔 studio/귀인환등초/bg/KGS_01_173.psd,56946_KGS_01_173.psd,발송/외주 회사/빔 studio/귀인환등초/bg/KGS_01_173.psd,bg,/Users/saintiron/Projects/Imagine/thumbnails/56946_KGS_01_173_thumb.png,psd,2339,1653,"A serene rural village scene with traditional houses, mountains, and lush greenery under a bright sky.","[""mountains"", ""traditional houses"", ""bamboo fence"", ""greenery"", ""sky"", ""trees"", ""rural village"", ""peaceful""]",background,,,,Qwen/Qwen3.5-9B,,,ok,,,,,,,,bg,visual:bg-complex-q0037:56862,diverse_rank=6; source_count=3; visual_group=visual:bg-complex-q0037:56862,,
bg-complex-q0037,"실내소품에서 창문 빛과 식물, 작은 의자가 한 화면에 있지만 카페 조명 중심은 아닌 조용한 실내 배경",complex,56944,13,fts,"{""fts"": 13}","{""background_complex_v2_20260506:fts"": 13}",webdav://13730b09/발송/외주 회사/빔 studio/귀인환등초/bg/KGS_01_151.psd,56944_KGS_01_151.psd,발송/외주 회사/빔 studio/귀인환등초/bg/KGS_01_151.psd,bg,/Users/saintiron/Projects/Imagine/thumbnails/56944_KGS_01_151_thumb.png,psd,2339,1653,Anime scene showing ghostly figures in a rural Japanese village.,"[""ghosts"", ""anime"", ""village"", ""sliding doors"", ""mountains"", ""trees"", ""path"", ""traditional house""]",illustration,,,,Qwen/Qwen3.5-9B,,,ok,,,,,,,,bg,visual:bg-complex-q0037:56916,diverse_rank=9; source_count=3; visual_group=visual:bg-complex-q0037:56916,,
bg-complex-q0037,"실내소품에서 창문 빛과 식물, 작은 의자가 한 화면에 있지만 카페 조명 중심은 아닌 조용한 실내 배경",complex,56803,14,mv,"{""mv"": 14}","{""background_complex_v2_20260506:mv"": 14}",webdav://13730b09/발송/외주 회사/빔 studio/메탈#07/bg/MR07_065_BG.psd,56803_MR07_065_BG.psd,발송/외주 회사/빔 studio/메탈#07/bg/MR07_065_BG.psd,bg,/Users/saintiron/Projects/Imagine/thumbnails/56803_MR07_065_BG_thumb.png,psd,2287,1325,"A dimly lit room with arched windows, a sofa, and a statue.","[""sofa"", ""statue"", ""arched windows"", ""statue"", ""lamp"", ""pillow"", ""plant"", ""dark room""]",background,,,,Qwen/Qwen3.5-9B,,,ok,,,,,,,,bg,visual:bg-complex-q0037:56803,diverse_rank=11; source_count=3; visual_group=visual:bg-complex-q0037:56803,,
bg-complex-q0037,"실내소품에서 창문 빛과 식물, 작은 의자가 한 화면에 있지만 카페 조명 중심은 아닌 조용한 실내 배경",complex,58181,22,vv,"{""vv"": 22}","{""background_complex_v2_20260506:vv"": 22}",webdav://13730b09/예비/작품2/대마도학원35시험 소대/제작회사BG/#1/TM#01_089_091.psd,58181_TM#01_089_091.psd,예비/작품2/대마도학원35시험 소대/제작회사BG/#1/TM#01_089_091.psd,#1,/Users/saintiron/Projects/Imagine/thumbnails/58181_TM#01_089_091_thumb.png,psd,1688,1197,"Minimalist interior corner with plant, shelf, and window frame.","[""plant"", ""shelf"", ""window"", ""wall"", ""book"", ""vase"", ""modern"", ""interior""]",illustration,,,,Qwen/Qwen3.5-9B,,,ok,,,,,,,,#1,visual:bg-complex-q0037:58181,diverse_rank=8; source_count=3; visual_group=visual:bg-complex-q0037:58181,,
bg-complex-q0037,"실내소품에서 창문 빛과 식물, 작은 의자가 한 화면에 있지만 카페 조명 중심은 아닌 조용한 실내 배경",complex,57833,23,mv,"{""mv"": 23}","{""background_complex_v2_20260506:mv"": 23}",webdav://13730b09/예비/작품2/대마도학원35시험 소대/제작회사BG/#2/TM#02_042.psd,57833_TM#02_042.psd,예비/작품2/대마도학원35시험 소대/제작회사BG/#2/TM#02_042.psd,#2,/Users/saintiron/Projects/Imagine/thumbnails/57833_TM#02_042_thumb.png,psd,4588,1176,"Dark, moody interior with vertical panels and faint light sources.","[""interior"", ""dark"", ""panels"", ""vertical"", ""minimalist""]",background,,,,Qwen/Qwen3.5-9B,,,ok,,,,,,,,#2,visual:bg-complex-q0037:57833,diverse_rank=10; source_count=2; visual_group=visual:bg-complex-q0037:57833,,
bg-complex-q0037,"실내소품에서 창문 빛과 식물, 작은 의자가 한 화면에 있지만 카페 조명 중심은 아닌 조용한 실내 배경",complex,58292,24,"mv,vv","{""mv"": 49, ""vv"": 24}","{""background_complex_v2_20260506:mv"": 49, ""background_complex_v2_20260506:vv"": 24}",webdav://13730b09/예비/작품2/대마도학원35시험 소대/제작회사BG/#1/TM#01_238.psd,58292_TM#01_238.psd,예비/작품2/대마도학원35시험 소대/제작회사BG/#1/TM#01_238.psd,#1,/Users/saintiron/Projects/Imagine/thumbnails/58292_TM#01_238_thumb.png,psd,1668,1187,"Interior scene with red sofa, books, plant, and draped fabric near windows.","[""sofa"", ""books"", ""plant"", ""windows"", ""fabric"", ""wall"", ""indoor"", ""furniture""]",illustration,,,,Qwen/Qwen3.5-9B,,,ok,,,,,,,,#1,visual:bg-complex-q0037:58292,diverse_rank=13; source_count=3; visual_group=visual:bg-complex-q0037:58292,,
bg-complex-q0037,"실내소품에서 창문 빛과 식물, 작은 의자가 한 화면에 있지만 카페 조명 중심은 아닌 조용한 실내 배경",complex,57829,27,mv,"{""mv"": 27}","{""background_complex_v2_20260506:mv"": 27}",webdav://13730b09/예비/작품2/대마도학원35시험 소대/제작회사BG/#2/TM#02_034.psd,57829_TM#02_034.psd,예비/작품2/대마도학원35시험 소대/제작회사BG/#2/TM#02_034.psd,#2,/Users/saintiron/Projects/Imagine/thumbnails/57829_TM#02_034_thumb.png,psd,1668,1176,Dark interior with diagonal beams and a vertical column in shadow.,"[""interior"", ""architecture"", ""beams"", ""column"", ""dark"", ""shadow"", ""minimalist""]",background,,,,Qwen/Qwen3.5-9B,,,ok,,,,,,,,#2,visual:bg-complex-q0037:57829,diverse_rank=14; source_count=2; visual_group=visual:bg-complex-q0037:57829,,
bg-complex-q0038,뱅가드 25 #12/bg에서 구름 사이 미래적 구조물이 떠 있고 넓은 하늘이 보이지만 도시 거리나 실내는 아닌 배경,complex,56768,1,mv,"{""mv"": 1}","{""background_complex_v2_20260506:mv"": 1}",webdav://13730b09/발송/외주 회사/빔 studio/메탈#07/bg/MR07_205_BG.psd,56768_MR07_205_BG.psd,발송/외주 회사/빔 studio/메탈#07/bg/MR07_205_BG.psd,bg,/Users/saintiron/Projects/Imagine/thumbnails/56768_MR07_205_BG_thumb.png,psd,1756,1300,A futuristic structure with glowing elements against a cloudy sky.,"[""futuristic"", ""structure"", ""glowing"", ""sky"", ""clouds"", ""architecture"", ""modern""]",illustration,,,,Qwen/Qwen3.5-9B,,,ok,,,,,,,,bg,visual:bg-complex-q0038:56768,diverse_rank=1; source_count=2; visual_group=visual:bg-complex-q0038:56768,,
bg-complex-q0038,뱅가드 25 #12/bg에서 구름 사이 미래적 구조물이 떠 있고 넓은 하늘이 보이지만 도시 거리나 실내는 아닌 배경,complex,58111,18,mv,"{""mv"": 18}","{""background_complex_v2_20260506:mv"": 18}",webdav://13730b09/예비/작품2/대마도학원35시험 소대/제작회사BG/#1/TM#01_027.psd,58111_TM#01_027.psd,예비/작품2/대마도학원35시험 소대/제작회사BG/#1/TM#01_027.psd,#1,/Users/saintiron/Projects/Imagine/thumbnails/58111_TM#01_027_thumb.png,psd,2426,1642,Grand historic building with towers and dome under blue sky,"[""building"", ""towers"", ""dome"", ""trees"", ""sky"", ""architecture"", ""garden"", ""windows""]",illustration,,,,Qwen/Qwen3.5-9B,,,ok,,,,,,,,#1,visual:bg-complex-q0038:57576,diverse_rank=7; source_count=2; visual_group=visual:bg-complex-q0038:57576,,
bg-complex-q0038,뱅가드 25 #12/bg에서 구름 사이 미래적 구조물이 떠 있고 넓은 하늘이 보이지만 도시 거리나 실내는 아닌 배경,complex,58327,21,mv,"{""mv"": 21}","{""background_complex_v2_20260506:mv"": 21}",webdav://13730b09/예비/작품2/대마도학원35시험 소대/제작회사BG/#1/TM#01_276.psd,58327_TM#01_276.psd,예비/작품2/대마도학원35시험 소대/제작회사BG/#1/TM#01_276.psd,#1,/Users/saintiron/Projects/Imagine/thumbnails/58327_TM#01_276_thumb.png,psd,2320,1643,A building with large windows and trees under a blue sky with clouds.,"[""building"", ""windows"", ""trees"", ""sky"", ""clouds""]",illustration,,,,Qwen/Qwen3.5-9B,,,ok,,,,,,,,#1,visual:bg-complex-q0038:58327,diverse_rank=2; source_count=2; visual_group=visual:bg-complex-q0038:58327,,
bg-complex-q0038,뱅가드 25 #12/bg에서 구름 사이 미래적 구조물이 떠 있고 넓은 하늘이 보이지만 도시 거리나 실내는 아닌 배경,complex,56742,22,mv,"{""mv"": 22}","{""background_complex_v2_20260506:mv"": 22}",webdav://13730b09/발송/외주 회사/빔 studio/메탈#07/bg/MR07_210_BG.psd,56742_MR07_210_BG.psd,발송/외주 회사/빔 studio/메탈#07/bg/MR07_210_BG.psd,bg,/Users/saintiron/Projects/Imagine/thumbnails/56742_MR07_210_BG_thumb.png,psd,1756,1248,Sky viewed through a geometric glass ceiling with clouds below.,"[""sky"", ""clouds"", ""glass"", ""architecture"", ""ceiling"", ""structure"", ""blue"", ""white""]",background,,,,Qwen/Qwen3.5-9B,,,ok,,,,,,,,bg,visual:bg-complex-q0038:56748,diverse_rank=3; source_count=2; visual_group=visual:bg-complex-q0038:56748,,
bg-complex-q0038,뱅가드 25 #12/bg에서 구름 사이 미래적 구조물이 떠 있고 넓은 하늘이 보이지만 도시 거리나 실내는 아닌 배경,complex,57359,26,vv,"{""vv"": 26}","{""background_complex_v2_20260506:vv"": 26}",webdav://13730b09/예비/작품2/대마도학원35시험 소대/제작회사BG/건물/AT03_109.psd,57359_AT03_109.psd,예비/작품2/대마도학원35시험 소대/제작회사BG/건물/AT03_109.psd,건물,/Users/saintiron/Projects/Imagine/thumbnails/57359_AT03_109_thumb.png,psd,1679,2109,Cityscape with modern buildings under a blue sky with clouds,"[""cityscape"", ""buildings"", ""sky"", ""clouds"", ""urban"", ""architecture"", ""rooftop"", ""mountains""]",illustration,,,,Qwen/Qwen3.5-9B,,,ok,,,,,,,,건물,visual:bg-complex-q0038:57359,diverse_rank=4; source_count=3; visual_group=visual:bg-complex-q0038:57359,,
bg-complex-q0038,뱅가드 25 #12/bg에서 구름 사이 미래적 구조물이 떠 있고 넓은 하늘이 보이지만 도시 거리나 실내는 아닌 배경,complex,57361,27,vv,"{""vv"": 27}","{""background_complex_v2_20260506:vv"": 27}",webdav://13730b09/예비/작품2/대마도학원35시험 소대/제작회사BG/건물/AT03_130.psd,57361_AT03_130.psd,예비/작품2/대마도학원35시험 소대/제작회사BG/건물/AT03_130.psd,건물,/Users/saintiron/Projects/Imagine/thumbnails/57361_AT03_130_thumb.png,psd,1681,1184,Cityscape with tall buildings and a prominent obelisk under a blue sky with clouds.,"[""cityscape"", ""skyscrapers"", ""obelisk"", ""blue sky"", ""clouds"", ""urban"", ""architecture""]",background,,,,Qwen/Qwen3.5-9B,,,ok,,,,,,,,건물,visual:bg-complex-q0038:57996,diverse_rank=5; source_count=3; visual_group=visual:bg-complex-q0038:57996,,
bg-complex-q0038,뱅가드 25 #12/bg에서 구름 사이 미래적 구조물이 떠 있고 넓은 하늘이 보이지만 도시 거리나 실내는 아닌 배경,complex,60147,30,mv,"{""mv"": 30}","{""background_complex_v2_20260506:mv"": 30}",webdav://13730b09/예비/마법과고교의 우등생/#13/BG/mky13_020.psd,60147_mky13_020.psd,예비/마법과고교의 우등생/#13/BG/mky13_020.psd,BG,/Users/saintiron/Projects/Imagine/thumbnails/60147_mky13_020_thumb.png,psd,1860,1670,A large tree stands in front of a brick building under a bright blue sky.,"[""tree"", ""building"", ""grass"", ""sky"", ""windows"", ""roof"", ""clouds"", ""greenery""]",illustration,,,,Qwen/Qwen3.5-9B,,,ok,,,,,,,,BG,visual:bg-complex-q0038:60147,diverse_rank=6; source_count=2; visual_group=visual:bg-complex-q0038:60147,,
bg-complex-q0038,뱅가드 25 #12/bg에서 구름 사이 미래적 구조물이 떠 있고 넓은 하늘이 보이지만 도시 거리나 실내는 아닌 배경,complex,57362,31,"mv,vv","{""mv"": 31, ""vv"": 39}","{""background_complex_v2_20260506:mv"": 31, ""background_complex_v2_20260506:vv"": 39}",webdav://13730b09/예비/작품2/대마도학원35시험 소대/제작회사BG/건물/AT03_165.psd,57362_AT03_165.psd,예비/작품2/대마도학원35시험 소대/제작회사BG/건물/AT03_165.psd,건물,/Users/saintiron/Projects/Imagine/thumbnails/57362_AT03_165_thumb.png,psd,1677,1184,Cityscape with tall buildings and trees under a pink and purple sky,"[""cityscape"", ""buildings"", ""trees"", ""sky"", ""clouds"", ""sunset"", ""urban"", ""nature""]",background,,,,Qwen/Qwen3.5-9B,,,ok,,,,,,,,건물,visual:bg-complex-q0038:57362,diverse_rank=8; source_count=3; visual_group=visual:bg-complex-q0038:57362,,
bg-complex-q0038,뱅가드 25 #12/bg에서 구름 사이 미래적 구조물이 떠 있고 넓은 하늘이 보이지만 도시 거리나 실내는 아닌 배경,complex,57907,35,mv,"{""mv"": 35}","{""background_complex_v2_20260506:mv"": 35}",webdav://13730b09/예비/작품2/대마도학원35시험 소대/제작회사BG/#2/TM#02_146.psd,57907_TM#02_146.psd,예비/작품2/대마도학원35시험 소대/제작회사BG/#2/TM#02_146.psd,#2,/Users/saintiron/Projects/Imagine/thumbnails/57907_TM#02_146_thumb.png,psd,1678,1190,Nighttime tower with Gothic windows against a cloudy sky,"[""tower"", ""night"", ""clouds"", ""Gothic"", ""sky"", ""balcony"", ""windows""]",illustration,,,,Qwen/Qwen3.5-9B,,,ok,,,,,,,,#2,visual:bg-complex-q0038:57907,diverse_rank=9; source_count=3; visual_group=visual:bg-complex-q0038:57907,,
bg-complex-q0038,뱅가드 25 #12/bg에서 구름 사이 미래적 구조물이 떠 있고 넓은 하늘이 보이지만 도시 거리나 실내는 아닌 배경,complex,57965,38,mv,"{""mv"": 38}","{""background_complex_v2_20260506:mv"": 38}",webdav://13730b09/예비/작품2/대마도학원35시험 소대/제작회사BG/#2/TM#02_214.psd,57965_TM#02_214.psd,예비/작품2/대마도학원35시험 소대/제작회사BG/#2/TM#02_214.psd,#2,/Users/saintiron/Projects/Imagine/thumbnails/57965_TM#02_214_thumb.png,psd,1668,1186,Nighttime cityscape with illuminated buildings and trees under a cloudy sky.,"[""night"", ""cityscape"", ""buildings"", ""trees"", ""clouds"", ""lights"", ""sky""]",background,,,,Qwen/Qwen3.5-9B,,,ok,,,,,,,,#2,visual:bg-complex-q0038:57965,diverse_rank=10; source_count=3; visual_group=visual:bg-complex-q0038:57965,,
bg-complex-q0038,뱅가드 25 #12/bg에서 구름 사이 미래적 구조물이 떠 있고 넓은 하늘이 보이지만 도시 거리나 실내는 아닌 배경,complex,58063,43,mv,"{""mv"": 43}","{""background_complex_v2_20260506:mv"": 43}",webdav://13730b09/예비/작품2/대마도학원35시험 소대/제작회사BG/#2/TM#02_329.psd,58063_TM#02_329.psd,예비/작품2/대마도학원35시험 소대/제작회사BG/#2/TM#02_329.psd,#2,/Users/saintiron/Projects/Imagine/thumbnails/58063_TM#02_329_thumb.png,psd,1681,1186,"Night scene with trees, street lamps, and a building under a cloudy sky.","[""night"", ""trees"", ""street lamps"", ""building"", ""clouds"", ""sky"", ""silhouette""]",background,,,,Qwen/Qwen3.5-9B,,,ok,,,,,,,,#2,visual:bg-complex-q0038:58063,diverse_rank=11; source_count=3; visual_group=visual:bg-complex-q0038:58063,,
bg-complex-q0038,뱅가드 25 #12/bg에서 구름 사이 미래적 구조물이 떠 있고 넓은 하늘이 보이지만 도시 거리나 실내는 아닌 배경,complex,60006,45,vv,"{""vv"": 45}","{""background_complex_v2_20260506:vv"": 45}",webdav://13730b09/예비/마법과고교의 우등생/#13/BG/mky13_159.psd,60006_mky13_159.psd,예비/마법과고교의 우등생/#13/BG/mky13_159.psd,BG,/Users/saintiron/Projects/Imagine/thumbnails/60006_mky13_159_thumb.png,psd,5906,1446,A paper airplane flies through a starry night sky with clouds.,"[""paper airplane"", ""night sky"", ""stars"", ""clouds"", ""blue"", ""dark blue"", ""white""]",illustration,,,,Qwen/Qwen3.5-9B,,,ok,,,,,,,,BG,visual:bg-complex-q0038:60006,diverse_rank=12; source_count=2; visual_group=visual:bg-complex-q0038:60006,,
bg-complex-q0039,"켄신 자료에서 목조 교량과 강, 전통 건축이 함께 보이지만 현대식 건물이나 밤 장면은 아닌 야외 배경",complex,56863,1,fts,"{""fts"": 1}","{""background_complex_v2_20260506:fts"": 1}",webdav://13730b09/발송/외주 회사/빔 studio/귀인환등초/0313-re/KGS_01_330_R.psd,56863_KGS_01_330_R.psd,발송/외주 회사/빔 studio/귀인환등초/0313-re/KGS_01_330_R.psd,0313-re,/Users/saintiron/Projects/Imagine/thumbnails/56863_KGS_01_330_R_thumb.png,psd,2339,1653,A ghostly anime girl's face appears on a translucent screen in a traditional room.,"[""anime"", ""ghost"", ""girl"", ""screen"", ""lantern"", ""sword"", ""shoji"", ""window""]",illustration,,,,Qwen/Qwen3.5-9B,,,ok,,,,,,,,0313-re,visual:bg-complex-q0039:56863,diverse_rank=1; source_count=2; visual_group=visual:bg-complex-q0039:56863,,
bg-complex-q0039,"켄신 자료에서 목조 교량과 강, 전통 건축이 함께 보이지만 현대식 건물이나 밤 장면은 아닌 야외 배경",complex,57450,1,mv,"{""mv"": 1}","{""background_complex_v2_20260506:mv"": 1}",webdav://13730b09/예비/작품2/대마도학원35시험 소대/제작회사BG/건물/타케루의 집 외관 어두운석양.psd,57450_타케루의 집 외관 어두운석양.psd,예비/작품2/대마도학원35시험 소대/제작회사BG/건물/타케루의 집 외관 어두운석양.psd,건물,/Users/saintiron/Projects/Imagine/thumbnails/57450_타케루의 집 외관 어두운석양_thumb.png,psd,2770,1955,Sunset view of a traditional Japanese house with modern buildings in background,"[""traditional house"", ""modern buildings"", ""sunset"", ""street"", ""power lines"", ""residential area"", ""urban landscape"", ""Japanese architecture""]",illustration,,,,Qwen/Qwen3.5-9B,,,ok,,,,,,,,건물,visual:bg-complex-q0039:57450,diverse_rank=2; source_count=3; visual_group=visual:bg-complex-q0039:57450,,
bg-complex-q0039,"켄신 자료에서 목조 교량과 강, 전통 건축이 함께 보이지만 현대식 건물이나 밤 장면은 아닌 야외 배경",complex,56858,2,fts,"{""fts"": 2}","{""background_complex_v2_20260506:fts"": 2}",webdav://13730b09/발송/외주 회사/빔 studio/귀인환등초/0313-re/KGS_01_413_716-11_R.psd,56858_KGS_01_413_716-11_R.psd,발송/외주 회사/빔 studio/귀인환등초/0313-re/KGS_01_413_716-11_R.psd,0313-re,/Users/saintiron/Projects/Imagine/thumbnails/56858_KGS_01_413_716-11_R_thumb.png,psd,2334,1656,A rocky cave interior with hanging purple wisteria flowers.,"[""cave"", ""rock"", ""wisteria"", ""flowers"", ""purple"", ""brown"", ""nature"", ""background""]",background,,,,Qwen/Qwen3.5-9B,,,ok,,,,,,,,0313-re,visual:bg-complex-q0039:56858,diverse_rank=6; source_count=2; visual_group=visual:bg-complex-q0039:56858,,
bg-complex-q0039,"켄신 자료에서 목조 교량과 강, 전통 건축이 함께 보이지만 현대식 건물이나 밤 장면은 아닌 야외 배경",complex,56942,3,fts,"{""fts"": 3}","{""background_complex_v2_20260506:fts"": 3}",webdav://13730b09/발송/외주 회사/빔 studio/귀인환등초/bg/KGS_01_175.psd,56942_KGS_01_175.psd,발송/외주 회사/빔 studio/귀인환등초/bg/KGS_01_175.psd,bg,/Users/saintiron/Projects/Imagine/thumbnails/56942_KGS_01_175_thumb.png,psd,2604,1653,Anime-style character superimposed over a lush green mountain landscape.,"[""anime"", ""character"", ""mountain"", ""trees"", ""sky"", ""bamboo"", ""fence"", ""clouds""]",illustration,,,,Qwen/Qwen3.5-9B,,,ok,,,,,,,,bg,visual:bg-complex-q0039:56942,diverse_rank=10; source_count=2; visual_group=visual:bg-complex-q0039:56942,,
bg-complex-q0039,"켄신 자료에서 목조 교량과 강, 전통 건축이 함께 보이지만 현대식 건물이나 밤 장면은 아닌 야외 배경",complex,58499,3,mv,"{""mv"": 3}","{""background_complex_v2_20260506:mv"": 3}",webdav://13730b09/예비/작품2/대마도학원35시험 소대/보도/타케루의 집 외관.psd,58499_타케루의 집 외관.psd,예비/작품2/대마도학원35시험 소대/보도/타케루의 집 외관.psd,보도,/Users/saintiron/Projects/Imagine/thumbnails/58499_타케루의 집 외관_thumb.png,psd,2774,1951,Night view of a traditional Japanese house with modern buildings in background,"[""night"", ""traditional house"", ""modern buildings"", ""streetlights"", ""power lines"", ""urban"", ""residential"", ""dark sky""]",illustration,,,,Qwen/Qwen3.5-9B,,,ok,,,,,,,,보도,visual:bg-complex-q0039:58499,diverse_rank=12; source_count=1; visual_group=visual:bg-complex-q0039:58499,,
bg-complex-q0039,"켄신 자료에서 목조 교량과 강, 전통 건축이 함께 보이지만 현대식 건물이나 밤 장면은 아닌 야외 배경",complex,58013,9,mv,"{""mv"": 9}","{""background_complex_v2_20260506:mv"": 9}",webdav://13730b09/예비/작품2/대마도학원35시험 소대/제작회사BG/#2/TM#02_265r.psd,58013_TM#02_265r.psd,예비/작품2/대마도학원35시험 소대/제작회사BG/#2/TM#02_265r.psd,#2,/Users/saintiron/Projects/Imagine/thumbnails/58013_TM#02_265r_thumb.png,psd,1681,1196,"A dark, moody scene of a grand building with trees and streetlamps at night.","[""building"", ""trees"", ""streetlamps"", ""night"", ""architecture""]",background,,,,Qwen/Qwen3.5-9B,,,ok,,,,,,,,#2,visual:bg-complex-q0039:58013,diverse_rank=3; source_count=3; visual_group=visual:bg-complex-q0039:58013,,
bg-complex-q0039,"켄신 자료에서 목조 교량과 강, 전통 건축이 함께 보이지만 현대식 건물이나 밤 장면은 아닌 야외 배경",complex,58580,10,mv,"{""mv"": 10}","{""background_complex_v2_20260506:mv"": 10}",webdav://13730b09/예비/작품2/대마도학원35시험 소대/BG/TM#05_158.psd,58580_TM#05_158.psd,예비/작품2/대마도학원35시험 소대/BG/TM#05_158.psd,BG,/Users/saintiron/Projects/Imagine/thumbnails/58580_TM#05_158_thumb.png,psd,1679,1188,Modern house exterior at dusk with concrete walls and wooden fence,"[""house"", ""concrete"", ""fence"", ""trees"", ""dusk"", ""modern"", ""architecture"", ""night""]",background,,,,Qwen/Qwen3.5-9B,,,ok,,,,,,,,BG,visual:bg-complex-q0039:58580,diverse_rank=7; source_count=1; visual_group=visual:bg-complex-q0039:58580,,
bg-complex-q0039,"켄신 자료에서 목조 교량과 강, 전통 건축이 함께 보이지만 현대식 건물이나 밤 장면은 아닌 야외 배경",complex,58439,14,mv,"{""mv"": 14}","{""background_complex_v2_20260506:mv"": 14}",webdav://13730b09/예비/작품2/대마도학원35시험 소대/설정/타케루의 집 외관.jpg,58439_타케루의 집 외관.jpg,예비/작품2/대마도학원35시험 소대/설정/타케루의 집 외관.jpg,설정,/Users/saintiron/Projects/Imagine/thumbnails/58439_타케루의 집 외관_thumb.png,jpg,2866,2032,Line drawing of a traditional Japanese house with modern buildings in the background,"[""house"", ""street"", ""buildings"", ""power lines"", ""trees"", ""fence"", ""signboard""]",illustration,,,,Qwen/Qwen3.5-9B,,,ok,,,,,,,,설정,visual:bg-complex-q0039:58439,diverse_rank=4; source_count=1; visual_group=visual:bg-complex-q0039:58439,,
bg-complex-q0039,"켄신 자료에서 목조 교량과 강, 전통 건축이 함께 보이지만 현대식 건물이나 밤 장면은 아닌 야외 배경",complex,56801,15,mv,"{""mv"": 15}","{""background_complex_v2_20260506:mv"": 15}",webdav://13730b09/발송/외주 회사/빔 studio/메탈#07/bg/MR07_270_BG.psd,56801_MR07_270_BG.psd,발송/외주 회사/빔 studio/메탈#07/bg/MR07_270_BG.psd,bg,/Users/saintiron/Projects/Imagine/thumbnails/56801_MR07_270_BG_thumb.png,psd,5330,1249,Modern building exterior with concrete walls and glass windows,"[""concrete"", ""glass"", ""building"", ""windows"", ""architecture"", ""modern"", ""urban"", ""structure""]",background,,,,Qwen/Qwen3.5-9B,,,ok,,,,,,,,bg,visual:bg-complex-q0039:56801,diverse_rank=8; source_count=2; visual_group=visual:bg-complex-q0039:56801,,
bg-complex-q0039,"켄신 자료에서 목조 교량과 강, 전통 건축이 함께 보이지만 현대식 건물이나 밤 장면은 아닌 야외 배경",complex,57777,16,mv,"{""mv"": 16}","{""background_complex_v2_20260506:mv"": 16}",webdav://13730b09/예비/작품2/대마도학원35시험 소대/제작회사BG/#3/AT03_254.psd,57777_AT03_254.psd,예비/작품2/대마도학원35시험 소대/제작회사BG/#3/AT03_254.psd,#3,/Users/saintiron/Projects/Imagine/thumbnails/57777_AT03_254_thumb.png,psd,2338,1653,Anime-style scene with characters in front of a traditional building and modern skyscrapers.,"[""anime"", ""characters"", ""traditional building"", ""skyscrapers"", ""sky""]",illustration,,,,Qwen/Qwen3.5-9B,,,ok,,,,,,,,#3,visual:bg-complex-q0039:57777,diverse_rank=9; source_count=1; visual_group=visual:bg-complex-q0039:57777,,
bg-complex-q0039,"켄신 자료에서 목조 교량과 강, 전통 건축이 함께 보이지만 현대식 건물이나 밤 장면은 아닌 야외 배경",complex,57449,20,mv,"{""mv"": 20}","{""background_complex_v2_20260506:mv"": 20}",webdav://13730b09/예비/작품2/대마도학원35시험 소대/제작회사BG/건물/타케루의 집 외관 낮.psd,57449_타케루의 집 외관 낮.psd,예비/작품2/대마도학원35시험 소대/제작회사BG/건물/타케루의 집 외관 낮.psd,건물,/Users/saintiron/Projects/Imagine/thumbnails/57449_타케루의 집 외관 낮_thumb.png,psd,2768,1951,"A street scene with a two-story building, power lines, and modern buildings in the background.","[""street"", ""building"", ""power lines"", ""sky"", ""trees"", ""road"", ""fence"", ""signboard""]",illustration,,,,Qwen/Qwen3.5-9B,,,ok,,,,,,,,건물,visual:bg-complex-q0039:58497,diverse_rank=13; source_count=3; visual_group=visual:bg-complex-q0039:58497,,
bg-complex-q0039,"켄신 자료에서 목조 교량과 강, 전통 건축이 함께 보이지만 현대식 건물이나 밤 장면은 아닌 야외 배경",complex,58059,23,mv,"{""mv"": 23}","{""background_complex_v2_20260506:mv"": 23}",webdav://13730b09/예비/작품2/대마도학원35시험 소대/제작회사BG/#2/TM#02_325.psd,58059_TM#02_325.psd,예비/작품2/대마도학원35시험 소대/제작회사BG/#2/TM#02_325.psd,#2,/Users/saintiron/Projects/Imagine/thumbnails/58059_TM#02_325_thumb.png,psd,1681,1186,A grand building with trees and a pathway in a dimly lit scene.,"[""building"", ""trees"", ""pathway"", ""streetlights"", ""night"", ""architecture"", ""monochrome"", ""symmetry""]",background,,,,Qwen/Qwen3.5-9B,,,ok,,,,,,,,#2,visual:bg-complex-q0039:58059,diverse_rank=5; source_count=3; visual_group=visual:bg-complex-q0039:58059,,
bg-complex-q0039,"켄신 자료에서 목조 교량과 강, 전통 건축이 함께 보이지만 현대식 건물이나 밤 장면은 아닌 야외 배경",complex,57928,28,mv,"{""mv"": 28}","{""background_complex_v2_20260506:mv"": 28}",webdav://13730b09/예비/작품2/대마도학원35시험 소대/제작회사BG/#2/TM#02_172.psd,57928_TM#02_172.psd,예비/작품2/대마도학원35시험 소대/제작회사BG/#2/TM#02_172.psd,#2,/Users/saintiron/Projects/Imagine/thumbnails/57928_TM#02_172_thumb.png,psd,1664,2384,Dark night scene with trees and a building facade in shadow.,"[""trees"", ""building"", ""windows"", ""night"", ""darkness"", ""architecture"", ""foliage"", ""shadows""]",background,,,,Qwen/Qwen3.5-9B,,,ok,,,,,,,,#2,visual:bg-complex-q0039:57928,diverse_rank=11; source_count=3; visual_group=visual:bg-complex-q0039:57928,,
bg-complex-q0039,"켄신 자료에서 목조 교량과 강, 전통 건축이 함께 보이지만 현대식 건물이나 밤 장면은 아닌 야외 배경",complex,57422,37,mv,"{""mv"": 37}","{""background_complex_v2_20260506:mv"": 37}",webdav://13730b09/예비/작품2/대마도학원35시험 소대/제작회사BG/건물/TM#02_113.psd,57422_TM#02_113.psd,예비/작품2/대마도학원35시험 소대/제작회사BG/건물/TM#02_113.psd,건물,/Users/saintiron/Projects/Imagine/thumbnails/57422_TM#02_113_thumb.png,psd,1668,1190,Nighttime cityscape with modern buildings and a solitary tree.,"[""cityscape"", ""night"", ""buildings"", ""tree"", ""windows"", ""urban"", ""modern"", ""dark""]",background,,,,Qwen/Qwen3.5-9B,,,ok,,,,,,,,건물,visual:bg-complex-q0039:57422,diverse_rank=14; source_count=3; visual_group=visual:bg-complex-q0039:57422,,
bg-complex-q0040,"다윈즈게임 도시 낮에서 도로와 건물 외관, 밝은 낮하늘이 함께 보이지만 실내나 야경이나 인물 중심은 아닌 도시 배경",complex,58085,2,mv,"{""mv"": 2}","{""background_complex_v2_20260506:mv"": 2}",webdav://13730b09/예비/작품2/대마도학원35시험 소대/제작회사BG/#2/TM#02_354.psd,58085_TM#02_354.psd,예비/작품2/대마도학원35시험 소대/제작회사BG/#2/TM#02_354.psd,#2,/Users/saintiron/Projects/Imagine/thumbnails/58085_TM#02_354_thumb.png,psd,2325,1642,Nighttime cityscape with illuminated buildings and dark sky,"[""cityscape"", ""night"", ""buildings"", ""lights"", ""sky"", ""urban"", ""darkness""]",background,,,,Qwen/Qwen3.5-9B,,,ok,,,,,,,,#2,visual:bg-complex-q0040:57435,diverse_rank=4; source_count=3; visual_group=visual:bg-complex-q0040:57435,,
bg-complex-q0040,"다윈즈게임 도시 낮에서 도로와 건물 외관, 밝은 낮하늘이 함께 보이지만 실내나 야경이나 인물 중심은 아닌 도시 배경",complex,58278,5,mv,"{""mv"": 5}","{""background_complex_v2_20260506:mv"": 5}",webdav://13730b09/예비/작품2/대마도학원35시험 소대/제작회사BG/#1/TM#01_221.psd,58278_TM#01_221.psd,예비/작품2/대마도학원35시험 소대/제작회사BG/#1/TM#01_221.psd,#1,/Users/saintiron/Projects/Imagine/thumbnails/58278_TM#01_221_thumb.png,psd,1670,1183,Dark ribbons obscure a green-lit cityscape at night.,"[""ribbons"", ""cityscape"", ""night"", ""green"", ""windows"", ""buildings"", ""darkness""]",illustration,,,,Qwen/Qwen3.5-9B,,,ok,,,,,,,,#1,visual:bg-complex-q0040:58278,diverse_rank=8; source_count=1; visual_group=visual:bg-complex-q0040:58278,,
bg-complex-q0040,"다윈즈게임 도시 낮에서 도로와 건물 외관, 밝은 낮하늘이 함께 보이지만 실내나 야경이나 인물 중심은 아닌 도시 배경",complex,57396,6,mv,"{""mv"": 6}","{""background_complex_v2_20260506:mv"": 6}",webdav://13730b09/예비/작품2/대마도학원35시험 소대/제작회사BG/건물/TM#01_126.psd,57396_TM#01_126.psd,예비/작품2/대마도학원35시험 소대/제작회사BG/건물/TM#01_126.psd,건물,/Users/saintiron/Projects/Imagine/thumbnails/57396_TM#01_126_thumb.png,psd,1668,1183,Nighttime cityscape with tall buildings and starry sky,"[""buildings"", ""night"", ""sky"", ""windows"", ""urban"", ""darkness"", ""architecture""]",background,,,,Qwen/Qwen3.5-9B,,,ok,,,,,,,,건물,visual:bg-complex-q0040:57396,diverse_rank=1; source_count=3; visual_group=visual:bg-complex-q0040:57396,,
bg-complex-q0040,"다윈즈게임 도시 낮에서 도로와 건물 외관, 밝은 낮하늘이 함께 보이지만 실내나 야경이나 인물 중심은 아닌 도시 배경",complex,58088,10,mv,"{""mv"": 10}","{""background_complex_v2_20260506:mv"": 10}",webdav://13730b09/예비/작품2/대마도학원35시험 소대/제작회사BG/#2/TM#02_357.psd,58088_TM#02_357.psd,예비/작품2/대마도학원35시험 소대/제작회사BG/#2/TM#02_357.psd,#2,/Users/saintiron/Projects/Imagine/thumbnails/58088_TM#02_357_thumb.png,psd,2320,1639,Nighttime cityscape with illuminated buildings and a large textured wall in the foreground.,"[""cityscape"", ""night"", ""buildings"", ""wall"", ""trees"", ""sky"", ""lights"", ""clouds""]",background,,,,Qwen/Qwen3.5-9B,,,ok,,,,,,,,#2,visual:bg-complex-q0040:58088,diverse_rank=6; source_count=3; visual_group=visual:bg-complex-q0040:58088,,
bg-complex-q0040,"다윈즈게임 도시 낮에서 도로와 건물 외관, 밝은 낮하늘이 함께 보이지만 실내나 야경이나 인물 중심은 아닌 도시 배경",complex,57422,11,mv,"{""mv"": 11}","{""background_complex_v2_20260506:mv"": 11}",webdav://13730b09/예비/작품2/대마도학원35시험 소대/제작회사BG/건물/TM#02_113.psd,57422_TM#02_113.psd,예비/작품2/대마도학원35시험 소대/제작회사BG/건물/TM#02_113.psd,건물,/Users/saintiron/Projects/Imagine/thumbnails/57422_TM#02_113_thumb.png,psd,1668,1190,Nighttime cityscape with modern buildings and a solitary tree.,"[""cityscape"", ""night"", ""buildings"", ""tree"", ""windows"", ""urban"", ""modern"", ""dark""]",background,,,,Qwen/Qwen3.5-9B,,,ok,,,,,,,,건물,visual:bg-complex-q0040:57422,diverse_rank=2; source_count=3; visual_group=visual:bg-complex-q0040:57422,,
bg-complex-q0040,"다윈즈게임 도시 낮에서 도로와 건물 외관, 밝은 낮하늘이 함께 보이지만 실내나 야경이나 인물 중심은 아닌 도시 배경",complex,57944,15,mv,"{""mv"": 15}","{""background_complex_v2_20260506:mv"": 15}",webdav://13730b09/예비/작품2/대마도학원35시험 소대/제작회사BG/#2/TM#02_190.psd,57944_TM#02_190.psd,예비/작품2/대마도학원35시험 소대/제작회사BG/#2/TM#02_190.psd,#2,/Users/saintiron/Projects/Imagine/thumbnails/57944_TM#02_190_thumb.png,psd,1668,1186,Nighttime cityscape with silhouetted trees and illuminated buildings under a cloudy sky.,"[""night"", ""cityscape"", ""trees"", ""buildings"", ""clouds"", ""sky"", ""silhouette""]",illustration,,,,Qwen/Qwen3.5-9B,,,ok,,,,,,,,#2,visual:bg-complex-q0040:57944,diverse_rank=5; source_count=3; visual_group=visual:bg-complex-q0040:57944,,
bg-complex-q0040,"다윈즈게임 도시 낮에서 도로와 건물 외관, 밝은 낮하늘이 함께 보이지만 실내나 야경이나 인물 중심은 아닌 도시 배경",complex,57663,17,mv,"{""mv"": 17}","{""background_complex_v2_20260506:mv"": 17}",webdav://13730b09/예비/작품2/대마도학원35시험 소대/제작회사BG/#3/AT03_115.psd,57663_AT03_115.psd,예비/작품2/대마도학원35시험 소대/제작회사BG/#3/AT03_115.psd,#3,/Users/saintiron/Projects/Imagine/thumbnails/57663_AT03_115_thumb.png,psd,2338,1653,Nighttime cityscape with buildings and clouds viewed through a window.,"[""cityscape"", ""night"", ""clouds"", ""buildings"", ""window"", ""lights"", ""sky""]",illustration,,,,Qwen/Qwen3.5-9B,,,ok,,,,,,,,#3,visual:bg-complex-q0040:57663,diverse_rank=7; source_count=1; visual_group=visual:bg-complex-q0040:57663,,
bg-complex-q0040,"다윈즈게임 도시 낮에서 도로와 건물 외관, 밝은 낮하늘이 함께 보이지만 실내나 야경이나 인물 중심은 아닌 도시 배경",complex,57397,21,mv,"{""mv"": 21}","{""background_complex_v2_20260506:mv"": 21}",webdav://13730b09/예비/작품2/대마도학원35시험 소대/제작회사BG/건물/TM#01_127.psd,57397_TM#01_127.psd,예비/작품2/대마도학원35시험 소대/제작회사BG/건물/TM#01_127.psd,건물,/Users/saintiron/Projects/Imagine/thumbnails/57397_TM#01_127_thumb.png,psd,2316,1643,Nighttime cityscape with illuminated windows under a cloudy sky.,"[""cityscape"", ""night"", ""buildings"", ""windows"", ""clouds"", ""sky"", ""urban""]",illustration,,,,Qwen/Qwen3.5-9B,,,ok,,,,,,,,건물,visual:bg-complex-q0040:57397,diverse_rank=3; source_count=3; visual_group=visual:bg-complex-q0040:57397,,
bg-complex-q0040,"다윈즈게임 도시 낮에서 도로와 건물 외관, 밝은 낮하늘이 함께 보이지만 실내나 야경이나 인물 중심은 아닌 도시 배경",complex,58574,47,mv,"{""mv"": 47}","{""background_complex_v2_20260506:mv"": 47}",webdav://13730b09/예비/작품2/대마도학원35시험 소대/BG/TM#05_150_152.psd,58574_TM#05_150_152.psd,예비/작품2/대마도학원35시험 소대/BG/TM#05_150_152.psd,BG,/Users/saintiron/Projects/Imagine/thumbnails/58574_TM#05_150_152_thumb.png,psd,1678,1197,Nighttime view of a building exterior with a lit doorway and dark walls.,"[""building"", ""wall"", ""window"", ""doorway"", ""light"", ""night"", ""architecture""]",background,,,,Qwen/Qwen3.5-9B,,,ok,,,,,,,,BG,visual:bg-complex-q0040:58574,diverse_rank=9; source_count=1; visual_group=visual:bg-complex-q0040:58574,,
