query_id,query_text,query_type,query_scope,item_id,best_rank,engines,engine_ranks,run_ranks,file_path,file_name,relative_path,folder_path,thumbnail_url,format,width,height,mc_caption,ai_tags,image_type,scene_type,time_of_day,weather,caption_model,processing_status,processing_error,metadata_status,metadata_issue,suggested_relevance,suggested_label_source,suggested_label_version,reviewer_relevance,reviewer_id,review_notes,source_group,visual_group,diversity_note
blind-random-q0001,"다음 요소가 함께 보이는 배경: 가로등, 책장 (야외, 실내 분위기)",blind_random,,33595,1,"triaxis,vv","{""triaxis"": 1, ""vv"": 12}","{""blind_random_v1_20260507:triaxis"": 1, ""blind_random_v1_20260507:vv"": 12}",webdav://13730b09/발송4/범선/작품 쫑/후시/장소/마법창고/nfb11_111_112_BG2.psd,33595_nfb11_111_112_BG2.psd,발송4/범선/작품 쫑/후시/장소/마법창고/nfb11_111_112_BG2.psd,webdav:/13730b09/발송4/범선/작품 쫑/후시/장소/마법창고,/Users/saintiron/Projects/Imagine/thumbnails/33595_nfb11_111_112_BG2_thumb.png,psd,,,A glowing purple wall lamp illuminates a bookshelf in a dimly lit room.,"[""wall_lamp"", ""purple_light"", ""bookshelf"", ""digital_art"", ""ambient_light""]",item,,,,unknown_legacy,parse_fallback_legacy,"pre-fix: psd-tools failed, fell back to thumbnail-only",repair_required,parse_fallback_legacy,,,,2,manual_review,,webdav:/13730b09/발송4/범선/작품 쫑/후시/장소/마법창고,visual:blind-random-q0001:33595,diverse_rank=1; source_count=1; visual_group=visual:blind-random-q0001:33595
blind-random-q0001,"다음 요소가 함께 보이는 배경: 가로등, 책장 (야외, 실내 분위기)",blind_random,,52081,1,"mv,triaxis,vv","{""mv"": 1, ""triaxis"": 2, ""vv"": 1}","{""blind_random_v1_20260507:mv"": 1, ""blind_random_v1_20260507:triaxis"": 2, ""blind_random_v1_20260507:vv"": 1}",webdav://13730b09/발송/범선/기절용사와 암살공주/장소/잡것들/kya05_157A.psd,52081_kya05_157A.psd,발송/범선/기절용사와 암살공주/장소/잡것들/kya05_157A.psd,webdav:/13730b09/발송/범선/기절용사와 암살공주/장소/잡것들,/Users/saintiron/Projects/Imagine/thumbnails/52081_kya05_157A_thumb.png,psd,,,A glowing lamp illuminates a dimly lit library filled with books.,"[""lamp"", ""books"", ""library"", ""shelves"", ""warm light""]",illustration,,,,unknown_legacy,parse_fallback_legacy,"pre-fix: psd-tools failed, fell back to thumbnail-only",repair_required,parse_fallback_legacy,,,,,,,webdav:/13730b09/발송/범선/기절용사와 암살공주/장소/잡것들,visual:blind-random-q0001:52081,diverse_rank=5; source_count=1; visual_group=visual:blind-random-q0001:52081
blind-random-q0001,"다음 요소가 함께 보이는 배경: 가로등, 책장 (야외, 실내 분위기)",blind_random,,30147,6,vv,"{""vv"": 6}","{""blind_random_v1_20260507:vv"": 6}",webdav://13730b09/발송/범선/작품 쫑/다윈즈게임/장소/도시 낮/dwg03_011.psd,dwg03_011.psd,발송/범선/작품 쫑/다윈즈게임/장소/도시 낮/dwg03_011.psd,발송/범선/작품 쫑/다윈즈게임/장소/도시 낮,/Users/saintiron/Projects/Imagine/thumbnails/dwg03_011_thumb.png,psd,2512,1390,"A quiet urban street with modern buildings and a sidewalk lined with bollards, bathed in soft daylight.","[""urban"", ""modern"", ""anime"", ""street"", ""peaceful"", ""noon"", ""clear"", ""summer""]",background,urban,,,unknown_legacy,parse_fallback_legacy,"pre-fix: psd-tools failed, fell back to thumbnail-only",repair_required,parse_fallback_legacy,,,,,,,발송/범선/작품 쫑/다윈즈게임/장소/도시 낮,visual:blind-random-q0001:30147,diverse_rank=2; source_count=1; visual_group=visual:blind-random-q0001:30147
blind-random-q0001,"다음 요소가 함께 보이는 배경: 가로등, 책장 (야외, 실내 분위기)",blind_random,,31630,6,"mv,triaxis","{""mv"": 6, ""triaxis"": 31}","{""blind_random_v1_20260507:mv"": 6, ""blind_random_v1_20260507:triaxis"": 31}",/Users/saintiron/imageDB/마캬베리즈무/실내소품/UHQ GWA103-038.jpg,UHQ GWA103-038.jpg,UHQ GWA103-038.jpg,imageDB/마캬베리즈무/실내소품,/Users/saintiron/Projects/Imagine/thumbnails/UHQ GWA103-038_thumb.png,jpg,5608,3739,"A dark wooden bookshelf with books arranged on two shelves, featuring a mix of spines and covers with visible text and imagery.","[""bookshelf"", ""books"", ""wooden"", ""indoor"", ""shelf"", ""reading"", ""library""]",item,,,,unknown_legacy,,,repair_required,parse_fallback_legacy,,,,,,,imageDB/마캬베리즈무/실내소품,visual:blind-random-q0001:31630,diverse_rank=6; source_count=4; visual_group=visual:blind-random-q0001:31630
blind-random-q0001,"다음 요소가 함께 보이는 배경: 가로등, 책장 (야외, 실내 분위기)",blind_random,,31381,11,"triaxis,vv","{""triaxis"": 11, ""vv"": 16}","{""blind_random_v1_20260507:triaxis"": 11, ""blind_random_v1_20260507:vv"": 16}",/Users/saintiron/imageDB/마캬베리즈무/실내소품/GEN041.jpg,GEN041.jpg,GEN041.jpg,imageDB/마캬베리즈무/실내소품,/Users/saintiron/Projects/Imagine/thumbnails/GEN041_thumb.png,jpg,1126,678,"A bookshelf filled with colorful books and DVDs, rendered in an anime art style.","[""bookshelf"", ""anime"", ""still_life"", ""books"", ""DVDs"", ""vibrant_colors"", ""indoor"", ""realistic_anime""]",illustration,,,,unknown_legacy,,,repair_required,parse_fallback_legacy,,,,,,,imageDB/마캬베리즈무/실내소품,visual:blind-random-q0001:31381,diverse_rank=3; source_count=4; visual_group=visual:blind-random-q0001:31381
blind-random-q0001,"다음 요소가 함께 보이는 배경: 가로등, 책장 (야외, 실내 분위기)",blind_random,,31632,11,"mv,triaxis","{""mv"": 11, ""triaxis"": 17}","{""blind_random_v1_20260507:mv"": 11, ""blind_random_v1_20260507:triaxis"": 17}",/Users/saintiron/imageDB/마캬베리즈무/실내소품/UHQ GWA103-043.jpg,UHQ GWA103-043.jpg,UHQ GWA103-043.jpg,imageDB/마캬베리즈무/실내소품,/Users/saintiron/Projects/Imagine/thumbnails/UHQ GWA103-043_thumb.png,jpg,3739,5609,A dark wood bookshelf with two shelves displaying books and decorative items.,"[""bookshelf"", ""books"", ""decorative"", ""indoor"", ""shelf"", ""classic"", ""library""]",item,,,,unknown_legacy,,,repair_required,parse_fallback_legacy,,,,,,,imageDB/마캬베리즈무/실내소품,visual:blind-random-q0001:31632,diverse_rank=7; source_count=4; visual_group=visual:blind-random-q0001:31632
blind-random-q0001,"다음 요소가 함께 보이는 배경: 가로등, 책장 (야외, 실내 분위기)",blind_random,,31472,21,"mv,triaxis","{""mv"": 21, ""triaxis"": 34}","{""blind_random_v1_20260507:mv"": 21, ""blind_random_v1_20260507:triaxis"": 34}",/Users/saintiron/imageDB/마캬베리즈무/실내소품/MM15_007.psd,MM15_007.psd,MM15_007.psd,실내소품,/Users/saintiron/Projects/Imagine/thumbnails/MM15_007_thumb.png,psd,2254,2059,"A cozy corner with wooden shelves, plants, and framed photos near a bright window.","[""shelves"", ""plants"", ""framed photos"", ""window"", ""wooden wall"", ""natural light"", ""indoor scene"", ""decor""]",background,,,,Qwen/Qwen3.5-9B,vision_done,,ok,,,,,,,,실내소품,visual:blind-random-q0001:31472,diverse_rank=4; source_count=1; visual_group=visual:blind-random-q0001:31472
blind-random-q0001,"다음 요소가 함께 보이는 배경: 가로등, 책장 (야외, 실내 분위기)",blind_random,,31625,21,"mv,triaxis","{""mv"": 26, ""triaxis"": 21}","{""blind_random_v1_20260507:mv"": 26, ""blind_random_v1_20260507:triaxis"": 21}",/Users/saintiron/imageDB/마캬베리즈무/실내소품/UHQ GWA103-022.jpg,UHQ GWA103-022.jpg,UHQ GWA103-022.jpg,imageDB/마캬베리즈무/실내소품,/Users/saintiron/Projects/Imagine/thumbnails/UHQ GWA103-022_thumb.png,jpg,3739,5609,"A dark wooden bookshelf with books, CDs, and decorative stones on the shelves.","[""bookshelf"", ""wooden"", ""books"", ""cds"", ""decorative_stones"", ""indoor_furniture""]",item,,,,unknown_legacy,,,repair_required,parse_fallback_legacy,,,,,,,imageDB/마캬베리즈무/실내소품,visual:blind-random-q0001:31625,diverse_rank=8; source_count=4; visual_group=visual:blind-random-q0001:31625
blind-random-q0002,"다음 요소가 함께 보이고 하나 이상은 뚜렷한 배경: 강, 푸른 하늘, 책장 (학교 분위기) / 제외 조건: 텍스트 중심",blind_random,,28883,1,vv,"{""vv"": 1}","{""blind_random_v1_20260507:vv"": 1}",/Users/saintiron/imageDB/마캬베리즈무/장소/AGM_01_001_013_030 3DBG/C013_sora_atari.psd,C013_sora_atari.psd,C013_sora_atari.psd,AGM_01_001_013_030 3DBG,/Users/saintiron/Projects/Imagine/thumbnails/C013_sora_atari_thumb.png,psd,3600,1600,Wireframe school building with trees and blue sky background,"[""school building"", ""wireframe"", ""blue sky"", ""trees"", ""architecture"", ""3D model"", ""outdoor scene""]",background,,,,Qwen/Qwen3.5-9B,vision_done,,ok,,,,,,,,AGM_01_001_013_030 3DBG,visual:blind-random-q0002:28883,diverse_rank=1; source_count=1; visual_group=visual:blind-random-q0002:28883
blind-random-q0002,"다음 요소가 함께 보이고 하나 이상은 뚜렷한 배경: 강, 푸른 하늘, 책장 (학교 분위기) / 제외 조건: 텍스트 중심",blind_random,,39150,1,"mv,triaxis","{""mv"": 44, ""triaxis"": 1}","{""blind_random_v1_20260507:mv"": 44, ""blind_random_v1_20260507:triaxis"": 1}",webdav://13730b09/예비/크랑베르무/장소/학교교실/학교 교실2.psd,39150_학교 교실2.psd,예비/크랑베르무/장소/학교교실/학교 교실2.psd,webdav:/13730b09/예비/크랑베르무/장소/학교교실,/Users/saintiron/Projects/Imagine/thumbnails/39150_학교 교실2_thumb.png,psd,,,"An empty classroom with lockers, a chalkboard, and a single desk under fluorescent lighting.","[""school"", ""classroom"", ""anime"", ""empty"", ""fluorescent_light"", ""lockers"", ""chalkboard"", ""desk"", ""blue_curtains""]",background,indoor,,,unknown_legacy,parse_fallback_legacy,"pre-fix: psd-tools failed, fell back to thumbnail-only",repair_required,parse_fallback_legacy,,,,,,,webdav:/13730b09/예비/크랑베르무/장소/학교교실,visual:blind-random-q0002:39150,diverse_rank=5; source_count=2; visual_group=visual:blind-random-q0002:39150
blind-random-q0002,"다음 요소가 함께 보이고 하나 이상은 뚜렷한 배경: 강, 푸른 하늘, 책장 (학교 분위기) / 제외 조건: 텍스트 중심",blind_random,,46412,1,mv,"{""mv"": 1}","{""blind_random_v1_20260507:mv"": 1}",webdav://13730b09/발송작품/작품/Fate/sankouBG/002.jpg,46412_002.jpg,발송작품/작품/Fate/sankouBG/002.jpg,webdav:/13730b09/발송작품/작품/Fate/sankouBG,/Users/saintiron/Projects/Imagine/thumbnails/46412_002_thumb.png,jpg,,,A school building with trees and hills in the background.,"[""school"", ""trees"", ""hills"", ""sky"", ""streetlights"", ""building"", ""nature"", ""landscape""]",illustration,,,,unknown_legacy,,,repair_required,parse_fallback_legacy,,,,,,,webdav:/13730b09/발송작품/작품/Fate/sankouBG,visual:blind-random-q0002:46412,diverse_rank=8; source_count=1; visual_group=visual:blind-random-q0002:46412
blind-random-q0002,"다음 요소가 함께 보이고 하나 이상은 뚜렷한 배경: 강, 푸른 하늘, 책장 (학교 분위기) / 제외 조건: 텍스트 중심",blind_random,,39223,6,mv,"{""mv"": 6}","{""blind_random_v1_20260507:mv"": 6}",webdav://13730b09/예비/크랑베르무/장소/학교/grb01_015_035_095_113_BG3.psd,39223_grb01_015_035_095_113_BG3.psd,예비/크랑베르무/장소/학교/grb01_015_035_095_113_BG3.psd,webdav:/13730b09/예비/크랑베르무/장소/학교,/Users/saintiron/Projects/Imagine/thumbnails/39223_grb01_015_035_095_113_BG3_thumb.png,psd,,,"A sunny day at a school with a large gate, green trees, and a clear blue sky.","[""school"", ""anime"", ""summer"", ""peaceful"", ""academic"", ""clear_sky"", ""trees"", ""gate"", ""outdoor""]",background,outdoor,,,unknown_legacy,parse_fallback_legacy,"pre-fix: psd-tools failed, fell back to thumbnail-only",repair_required,parse_fallback_legacy,,,,,,,webdav:/13730b09/예비/크랑베르무/장소/학교,visual:blind-random-q0002:39223,diverse_rank=2; source_count=2; visual_group=visual:blind-random-q0002:39223
blind-random-q0002,"다음 요소가 함께 보이고 하나 이상은 뚜렷한 배경: 강, 푸른 하늘, 책장 (학교 분위기) / 제외 조건: 텍스트 중심",blind_random,,41706,6,vv,"{""vv"": 6}","{""blind_random_v1_20260507:vv"": 6}",webdav://13730b09/예비/크랑베르무/장소/만게츠의집/grb05_034_R.psd,41706_grb05_034_R.psd,예비/크랑베르무/장소/만게츠의집/grb05_034_R.psd,webdav:/13730b09/예비/크랑베르무/장소/만게츠의집,/Users/saintiron/Projects/Imagine/thumbnails/41706_grb05_034_R_thumb.png,psd,,,A tranquil anime-style residential scene with a modern house roof against a bright blue sky with scattered clouds.,"[""anime"", ""residential"", ""sky"", ""modern architecture"", ""calm"", ""spring"", ""clear weather""]",background,residential,day,clear,unknown_legacy,parse_fallback_legacy,"pre-fix: psd-tools failed, fell back to thumbnail-only",repair_required,parse_fallback_legacy,,,,,,,webdav:/13730b09/예비/크랑베르무/장소/만게츠의집,visual:blind-random-q0002:41706,diverse_rank=6; source_count=1; visual_group=visual:blind-random-q0002:41706
blind-random-q0002,"다음 요소가 함께 보이고 하나 이상은 뚜렷한 배경: 강, 푸른 하늘, 책장 (학교 분위기) / 제외 조건: 텍스트 중심",blind_random,,39087,11,"mv,triaxis","{""mv"": 11, ""triaxis"": 43}","{""blind_random_v1_20260507:mv"": 11, ""blind_random_v1_20260507:triaxis"": 43}",webdav://13730b09/예비/크랑베르무/장소/학교교실/grb01_017_BG2.psd,39087_grb01_017_BG2.psd,예비/크랑베르무/장소/학교교실/grb01_017_BG2.psd,webdav:/13730b09/예비/크랑베르무/장소/학교교실,/Users/saintiron/Projects/Imagine/thumbnails/39087_grb01_017_BG2_thumb.png,psd,,,"An empty classroom with wooden floors, green chalkboards, and a teacher's desk under soft daylight.","[""classroom"", ""empty"", ""anime"", ""school"", ""wooden_floor"", ""chalkboard"", ""teacher_desk"", ""natural_light"", ""peaceful""]",background,indoor,,,unknown_legacy,parse_fallback_legacy,"pre-fix: psd-tools failed, fell back to thumbnail-only",repair_required,parse_fallback_legacy,,,,,,,webdav:/13730b09/예비/크랑베르무/장소/학교교실,visual:blind-random-q0002:39226,diverse_rank=3; source_count=2; visual_group=visual:blind-random-q0002:39226
blind-random-q0002,"다음 요소가 함께 보이고 하나 이상은 뚜렷한 배경: 강, 푸른 하늘, 책장 (학교 분위기) / 제외 조건: 텍스트 중심",blind_random,,41868,11,vv,"{""vv"": 11}","{""blind_random_v1_20260507:vv"": 11}",webdav://13730b09/예비/크랑베르무/장소/마을/grb03_020.psd,41868_grb03_020.psd,예비/크랑베르무/장소/마을/grb03_020.psd,webdav:/13730b09/예비/크랑베르무/장소/마을,/Users/saintiron/Projects/Imagine/thumbnails/41868_grb03_020_thumb.png,psd,,,A quiet Japanese residential street with traditional tiled roofs and modern windows under a clear blue sky.,"[""anime"", ""Japanese architecture"", ""sunny day"", ""residential street"", ""calm"", ""blue sky"", ""traditional roof"", ""modern windows""]",background,Cities,day,sunny,unknown_legacy,parse_fallback_legacy,"pre-fix: psd-tools failed, fell back to thumbnail-only",repair_required,parse_fallback_legacy,,,,,,,webdav:/13730b09/예비/크랑베르무/장소/마을,visual:blind-random-q0002:41868,diverse_rank=7; source_count=1; visual_group=visual:blind-random-q0002:41868
blind-random-q0002,"다음 요소가 함께 보이고 하나 이상은 뚜렷한 배경: 강, 푸른 하늘, 책장 (학교 분위기) / 제외 조건: 텍스트 중심",blind_random,,39188,21,mv,"{""mv"": 21}","{""blind_random_v1_20260507:mv"": 21}",webdav://13730b09/예비/크랑베르무/장소/학교/grb02_252.psd,39188_grb02_252.psd,예비/크랑베르무/장소/학교/grb02_252.psd,webdav:/13730b09/예비/크랑베르무/장소/학교,/Users/saintiron/Projects/Imagine/thumbnails/39188_grb02_252_thumb.png,psd,,,"A serene school courtyard in spring, with blooming flowers, a central tree, and students walking under a bright sky.","[""school"", ""courtyard"", ""spring"", ""anime"", ""pastel"", ""peaceful"", ""students"", ""trees"", ""flowers""]",background,outdoor,,,unknown_legacy,parse_fallback_legacy,"pre-fix: psd-tools failed, fell back to thumbnail-only",repair_required,parse_fallback_legacy,,,,,,,webdav:/13730b09/예비/크랑베르무/장소/학교,visual:blind-random-q0002:56947,diverse_rank=4; source_count=2; visual_group=visual:blind-random-q0002:56947
blind-random-q0003,"다음 요소가 함께 보이고 하나 이상은 뚜렷한 배경: 난간, 돌기둥, 가로등 (주거지, 상점가 분위기)",blind_random,,30805,1,fts,"{""fts"": 1}","{""blind_random_v1_20260507:fts"": 1}",webdav://13730b09/#33/R/235BG1_R.psd,235BG1_R.psd,235BG1_R.psd,#33/R,/Users/saintiron/Projects/Imagine/output/thumbnails/235BG1_R_thumb.png,psd,2236,1535,"Nighttime cityscape with tall skyscrapers and a Ferris wheel in the distance, rendered in an anime style.","[""cityscape"", ""night"", ""skyscrapers"", ""Ferris wheel"", ""anime"", ""dark mood"", ""urban"", ""digital art""]",illustration,,,,Qwen/Qwen3-VL-4B-Instruct,,,ok,,,,,,,,#33/R,visual:blind-random-q0003:30805,diverse_rank=1; source_count=1; visual_group=visual:blind-random-q0003:30805
blind-random-q0003,"다음 요소가 함께 보이고 하나 이상은 뚜렷한 배경: 난간, 돌기둥, 가로등 (주거지, 상점가 분위기)",blind_random,,41910,1,vv,"{""vv"": 1}","{""blind_random_v1_20260507:vv"": 1}",webdav://13730b09/예비/크랑베르무/장소/마을/grb04_358.psd,41910_grb04_358.psd,예비/크랑베르무/장소/마을/grb04_358.psd,webdav:/13730b09/예비/크랑베르무/장소/마을,/Users/saintiron/Projects/Imagine/thumbnails/41910_grb04_358_thumb.png,psd,,,"Anime-style illustration of a stone wall with a window and a metal pipe, rendered in cool tones.","[""stone wall"", ""window"", ""pipe"", ""anime"", ""calm"", ""blue"", ""purple"", ""green"", ""gray""]",illustration,,,,unknown_legacy,parse_fallback_legacy,"pre-fix: psd-tools failed, fell back to thumbnail-only",repair_required,parse_fallback_legacy,,,,,,,webdav:/13730b09/예비/크랑베르무/장소/마을,visual:blind-random-q0003:41910,diverse_rank=8; source_count=3; visual_group=visual:blind-random-q0003:41910
blind-random-q0003,"다음 요소가 함께 보이고 하나 이상은 뚜렷한 배경: 난간, 돌기둥, 가로등 (주거지, 상점가 분위기)",blind_random,,41282,6,vv,"{""vv"": 6}","{""blind_random_v1_20260507:vv"": 6}",webdav://13730b09/예비/크랑베르무/장소/신사/grb02_094.psd,41282_grb02_094.psd,예비/크랑베르무/장소/신사/grb02_094.psd,webdav:/13730b09/예비/크랑베르무/장소/신사,/Users/saintiron/Projects/Imagine/thumbnails/41282_grb02_094_thumb.png,psd,,,Stone lantern stands beside a road with green hills and a small shop in the background.,"[""stone_lantern"", ""roadside"", ""anime_art"", ""green_hills"", ""small_shop"", ""serene""]",illustration,,,,unknown_legacy,parse_fallback_legacy,"pre-fix: psd-tools failed, fell back to thumbnail-only",repair_required,parse_fallback_legacy,,,,,,,webdav:/13730b09/예비/크랑베르무/장소/신사,visual:blind-random-q0003:41282,diverse_rank=2; source_count=1; visual_group=visual:blind-random-q0003:41282
blind-random-q0003,"다음 요소가 함께 보이고 하나 이상은 뚜렷한 배경: 난간, 돌기둥, 가로등 (주거지, 상점가 분위기)",blind_random,,58540,6,triaxis,"{""triaxis"": 6}","{""blind_random_v1_20260507:triaxis"": 6}",webdav://13730b09/예비/작품2/대마도학원35시험 소대/보도/주택가 참고/P6230466.JPG,58540_P6230466.JPG,예비/작품2/대마도학원35시험 소대/보도/주택가 참고/P6230466.JPG,주택가 참고,/Users/saintiron/Projects/Imagine/thumbnails/58540_P6230466_thumb.png,jpg,1600,1200,A quiet residential street lined with houses and greenery under a partly cloudy sky.,"[""street"", ""houses"", ""trees"", ""power lines"", ""cars"", ""sidewalk"", ""sky"", ""street lamp""]",photo,,,,Qwen/Qwen3.5-9B,,,ok,,,,,,,,주택가 참고,visual:blind-random-q0003:58540,diverse_rank=5; source_count=1; visual_group=visual:blind-random-q0003:58540
blind-random-q0003,"다음 요소가 함께 보이고 하나 이상은 뚜렷한 배경: 난간, 돌기둥, 가로등 (주거지, 상점가 분위기)",blind_random,,42053,11,"triaxis,vv","{""triaxis"": 37, ""vv"": 11}","{""blind_random_v1_20260507:triaxis"": 37, ""blind_random_v1_20260507:vv"": 11}",webdav://13730b09/예비/크랑베르무/장소/마을/grb13_323.psd,42053_grb13_323.psd,예비/크랑베르무/장소/마을/grb13_323.psd,webdav:/13730b09/예비/크랑베르무/장소/마을,/Users/saintiron/Projects/Imagine/thumbnails/42053_grb13_323_thumb.png,psd,,,A sunny street scene in a suburban neighborhood featuring a convenience store on the left and colorful houses on the right under a bright blue sky.,"[""convenience store"", ""suburban street"", ""anime background"", ""clear sky"", ""residential area"", ""brick building"", ""paved road"", ""utility poles"", ""clouds"", ""daytime""]",,,,,unknown_legacy,parse_fallback_legacy,"pre-fix: psd-tools failed, fell back to thumbnail-only",repair_required,parse_fallback_legacy,,,,,,,webdav:/13730b09/예비/크랑베르무/장소/마을,visual:blind-random-q0003:39049,diverse_rank=3; source_count=3; visual_group=visual:blind-random-q0003:39049
blind-random-q0003,"다음 요소가 함께 보이고 하나 이상은 뚜렷한 배경: 난간, 돌기둥, 가로등 (주거지, 상점가 분위기)",blind_random,,57384,11,triaxis,"{""triaxis"": 11}","{""blind_random_v1_20260507:triaxis"": 11}",webdav://13730b09/예비/작품2/대마도학원35시험 소대/제작회사BG/건물/TM#01_101_235.psd,57384_TM#01_101_235.psd,예비/작품2/대마도학원35시험 소대/제작회사BG/건물/TM#01_101_235.psd,건물,/Users/saintiron/Projects/Imagine/thumbnails/57384_TM#01_101_235_thumb.png,psd,2838,2131,A moonlit urban alleyway under an overpass with buildings and railings.,"[""moon"", ""overpass"", ""building"", ""streetlight"", ""railings"", ""night"", ""concrete""]",illustration,,,,Qwen/Qwen3.5-9B,,,ok,,,,,,,,건물,visual:blind-random-q0003:58448,diverse_rank=6; source_count=1; visual_group=visual:blind-random-q0003:58448
blind-random-q0003,"다음 요소가 함께 보이고 하나 이상은 뚜렷한 배경: 난간, 돌기둥, 가로등 (주거지, 상점가 분위기)",blind_random,,41870,21,vv,"{""vv"": 21}","{""blind_random_v1_20260507:vv"": 21}",webdav://13730b09/예비/크랑베르무/장소/마을/grb03_021_R.psd,41870_grb03_021_R.psd,예비/크랑베르무/장소/마을/grb03_021_R.psd,webdav:/13730b09/예비/크랑베르무/장소/마을,/Users/saintiron/Projects/Imagine/thumbnails/41870_grb03_021_R_thumb.png,psd,,,"A serene anime-style street in Japan with traditional houses, a stone marker, and street lamps under a clear blue sky.","[""anime"", ""japanese street"", ""traditional architecture"", ""blue sky"", ""stone marker"", ""street lamps"", ""calm"", ""nostalgic""]",illustration,,,,unknown_legacy,parse_fallback_legacy,"pre-fix: psd-tools failed, fell back to thumbnail-only",repair_required,parse_fallback_legacy,,,,,,,webdav:/13730b09/예비/크랑베르무/장소/마을,visual:blind-random-q0003:41906,diverse_rank=4; source_count=3; visual_group=visual:blind-random-q0003:41906
blind-random-q0003,"다음 요소가 함께 보이고 하나 이상은 뚜렷한 배경: 난간, 돌기둥, 가로등 (주거지, 상점가 분위기)",blind_random,,58497,21,"mv,triaxis","{""mv"": 21, ""triaxis"": 31}","{""blind_random_v1_20260507:mv"": 21, ""blind_random_v1_20260507:triaxis"": 31}",webdav://13730b09/예비/작품2/대마도학원35시험 소대/보도/타케루의 집 외관 낮.psd,58497_타케루의 집 외관 낮.psd,예비/작품2/대마도학원35시험 소대/보도/타케루의 집 외관 낮.psd,보도,/Users/saintiron/Projects/Imagine/thumbnails/58497_타케루의 집 외관 낮_thumb.png,psd,2768,1951,A street scene with a weathered two-story building and modern high-rises in the background.,"[""street"", ""building"", ""sky"", ""power lines"", ""road"", ""trees"", ""fence"", ""signboard""]",illustration,,,,Qwen/Qwen3.5-9B,,,ok,,,,,,,,보도,visual:blind-random-q0003:58497,diverse_rank=7; source_count=1; visual_group=visual:blind-random-q0003:58497
blind-random-q0004,"다음 요소가 함께 보이는 배경: 책상, 숲 (도시 분위기)",blind_random,,29976,1,"triaxis,vv","{""triaxis"": 16, ""vv"": 1}","{""blind_random_v1_20260507:triaxis"": 16, ""blind_random_v1_20260507:vv"": 1}",webdav://13730b09/발송/범선/작품 쫑/다윈즈게임/장소/도시 낮/dwg01_386.psd,dwg01_386.psd,발송/범선/작품 쫑/다윈즈게임/장소/도시 낮/dwg01_386.psd,발송/범선/작품 쫑/다윈즈게임/장소/도시 낮,/Users/saintiron/Projects/Imagine/thumbnails/dwg01_386_thumb.png,psd,1858,1304,"A vibrant cityscape under a clear blue sky, with tall buildings and green trees in the foreground.","[""city"", ""sky"", ""buildings"", ""trees"", ""anime"", ""modern"", ""summer"", ""clear_sky""]",background,urban,,,unknown_legacy,parse_fallback_legacy,"pre-fix: psd-tools failed, fell back to thumbnail-only",repair_required,parse_fallback_legacy,,,,,,,발송/범선/작품 쫑/다윈즈게임/장소/도시 낮,visual:blind-random-q0004:29976,diverse_rank=1; source_count=5; visual_group=visual:blind-random-q0004:29976
blind-random-q0004,"다음 요소가 함께 보이는 배경: 책상, 숲 (도시 분위기)",blind_random,,33247,1,"mv,triaxis","{""mv"": 1, ""triaxis"": 7}","{""blind_random_v1_20260507:mv"": 1, ""blind_random_v1_20260507:triaxis"": 7}","webdav://13730b09/발송4/범선/작품 쫑/후시/장소/숲,자연/nfb03_167.psd",33247_nfb03_167.psd,"발송4/범선/작품 쫑/후시/장소/숲,자연/nfb03_167.psd","webdav:/13730b09/발송4/범선/작품 쫑/후시/장소/숲,자연",/Users/saintiron/Projects/Imagine/thumbnails/33247_nfb03_167_thumb.png,psd,,,Anime character sketch overlay on forest background,[],character,,,,unknown_legacy,parse_fallback_legacy,"pre-fix: psd-tools failed, fell back to thumbnail-only",repair_required,parse_fallback_legacy,,,,,,,"webdav:/13730b09/발송4/범선/작품 쫑/후시/장소/숲,자연",visual:blind-random-q0004:33247,diverse_rank=5; source_count=1; visual_group=visual:blind-random-q0004:33247
blind-random-q0004,"다음 요소가 함께 보이는 배경: 책상, 숲 (도시 분위기)",blind_random,,30490,6,fts,"{""fts"": 6}","{""blind_random_v1_20260507:fts"": 6}",webdav://13730b09/발송/범선/작품 쫑/다윈즈게임/장소/도시 낮/dwg06_018.psd,dwg06_018.psd,발송/범선/작품 쫑/다윈즈게임/장소/도시 낮/dwg06_018.psd,발송/범선/작품 쫑/다윈즈게임/장소/도시 낮,/Users/saintiron/Projects/Imagine/thumbnails/dwg06_018_thumb.png,psd,2140,5906,Golden speed lines with glowing center,"[""speed_line"", ""golden"", ""glow"", ""motion"", ""vertical"", ""dynamic""]",effect,,,,unknown_legacy,parse_fallback_legacy,"pre-fix: psd-tools failed, fell back to thumbnail-only",repair_required,parse_fallback_legacy,,,,,,,발송/범선/작품 쫑/다윈즈게임/장소/도시 낮,visual:blind-random-q0004:30490,diverse_rank=2; source_count=5; visual_group=visual:blind-random-q0004:30490
blind-random-q0004,"다음 요소가 함께 보이는 배경: 책상, 숲 (도시 분위기)",blind_random,,41197,6,vv,"{""vv"": 6}","{""blind_random_v1_20260507:vv"": 6}",webdav://13730b09/예비/크랑베르무/장소/안나의집/grb02_106.psd,41197_grb02_106.psd,예비/크랑베르무/장소/안나의집/grb02_106.psd,webdav:/13730b09/예비/크랑베르무/장소/안나의집,/Users/saintiron/Projects/Imagine/thumbnails/41197_grb02_106_thumb.png,psd,,,"View through a window at night, rain falling on a modern residential area surrounded by dense trees.","[""night"", ""rain"", ""window"", ""trees"", ""modern buildings"", ""anime"", ""mysterious"", ""autumn""]",background,Cities,night,rainy,unknown_legacy,parse_fallback_legacy,"pre-fix: psd-tools failed, fell back to thumbnail-only",repair_required,parse_fallback_legacy,,,,,,,webdav:/13730b09/예비/크랑베르무/장소/안나의집,visual:blind-random-q0004:41197,diverse_rank=6; source_count=1; visual_group=visual:blind-random-q0004:41197
blind-random-q0004,"다음 요소가 함께 보이는 배경: 책상, 숲 (도시 분위기)",blind_random,,30342,11,fts,"{""fts"": 11}","{""blind_random_v1_20260507:fts"": 11}",webdav://13730b09/발송/범선/작품 쫑/다윈즈게임/장소/도시 낮/dwg05_211.psd,dwg05_211.psd,발송/범선/작품 쫑/다윈즈게임/장소/도시 낮/dwg05_211.psd,발송/범선/작품 쫑/다윈즈게임/장소/도시 낮,/Users/saintiron/Projects/Imagine/thumbnails/dwg05_211_thumb.png,psd,2688,1236,A translucent figure floats against a vast blue sky with scattered clouds.,[],background,celestial,,,unknown_legacy,parse_fallback_legacy,"pre-fix: psd-tools failed, fell back to thumbnail-only",repair_required,parse_fallback_legacy,,,,,,,발송/범선/작품 쫑/다윈즈게임/장소/도시 낮,visual:blind-random-q0004:30342,diverse_rank=3; source_count=5; visual_group=visual:blind-random-q0004:30342
blind-random-q0004,"다음 요소가 함께 보이는 배경: 책상, 숲 (도시 분위기)",blind_random,,41653,11,triaxis,"{""triaxis"": 11}","{""blind_random_v1_20260507:triaxis"": 11}",webdav://13730b09/예비/크랑베르무/장소/만게츠의집/grb02_098_101.psd,41653_grb02_098_101.psd,예비/크랑베르무/장소/만게츠의집/grb02_098_101.psd,webdav:/13730b09/예비/크랑베르무/장소/만게츠의집,/Users/saintiron/Projects/Imagine/thumbnails/41653_grb02_098_101_thumb.png,psd,,,"A translucent anime character sits at a desk, illuminated by a desk lamp, in a softly lit room with a bulletin board and bookshelf.","[""anime"", ""ghost"", ""desk"", ""study"", ""translucent"", ""quiet"", ""pastel"", ""illustration""]",illustration,,,,unknown_legacy,parse_fallback_legacy,"pre-fix: psd-tools failed, fell back to thumbnail-only",repair_required,parse_fallback_legacy,,,,,,,webdav:/13730b09/예비/크랑베르무/장소/만게츠의집,visual:blind-random-q0004:41653,diverse_rank=7; source_count=1; visual_group=visual:blind-random-q0004:41653
blind-random-q0004,"다음 요소가 함께 보이는 배경: 책상, 숲 (도시 분위기)",blind_random,,30150,21,triaxis,"{""triaxis"": 21}","{""blind_random_v1_20260507:triaxis"": 21}",webdav://13730b09/발송/범선/작품 쫑/다윈즈게임/장소/도시 낮/dwg03_012.psd,dwg03_012.psd,발송/범선/작품 쫑/다윈즈게임/장소/도시 낮/dwg03_012.psd,발송/범선/작품 쫑/다윈즈게임/장소/도시 낮,/Users/saintiron/Projects/Imagine/thumbnails/dwg03_012_thumb.png,psd,1903,2444,"A quiet urban street with a tree and a building featuring a red logo, viewed from above.","[""urban"", ""street"", ""tree"", ""building"", ""anime"", ""modern"", ""noon"", ""clear"", ""summer"", ""peaceful""]",background,urban,,,unknown_legacy,parse_fallback_legacy,"pre-fix: psd-tools failed, fell back to thumbnail-only",repair_required,parse_fallback_legacy,,,,,,,발송/범선/작품 쫑/다윈즈게임/장소/도시 낮,visual:blind-random-q0004:30150,diverse_rank=4; source_count=5; visual_group=visual:blind-random-q0004:30150
blind-random-q0004,"다음 요소가 함께 보이는 배경: 책상, 숲 (도시 분위기)",blind_random,,30262,21,fts,"{""fts"": 21}","{""blind_random_v1_20260507:fts"": 21}",webdav://13730b09/발송/범선/작품 쫑/다윈즈게임/장소/도시 낮/dwg04_021.psd,dwg04_021.psd,발송/범선/작품 쫑/다윈즈게임/장소/도시 낮/dwg04_021.psd,발송/범선/작품 쫑/다윈즈게임/장소/도시 낮,/Users/saintiron/Projects/Imagine/thumbnails/dwg04_021_thumb.png,psd,2496,1744,A glowing cyan block against a black background.,"[""block"", ""glow"", ""cyan"", ""transparent"", ""3d""]",item,,,,unknown_legacy,parse_fallback_legacy,"pre-fix: psd-tools failed, fell back to thumbnail-only",repair_required,parse_fallback_legacy,,,,,,,발송/범선/작품 쫑/다윈즈게임/장소/도시 낮,visual:blind-random-q0004:30262,diverse_rank=8; source_count=5; visual_group=visual:blind-random-q0004:30262
blind-random-q0005,"다음 요소가 함께 보이는 배경: 푸른 하늘, 거리 조명 (주거지 분위기)",blind_random,,31669,1,fts,"{""fts"": 1}","{""blind_random_v1_20260507:fts"": 1}",/Users/saintiron/imageDB/마캬베리즈무/실내소품/조명.psd,조명.psd,조명.psd,실내소품,/Users/saintiron/Projects/Imagine/thumbnails/조명_thumb.png,psd,1910,1205,A cozy cafe interior with hanging lights and a red chair.,"[""cafe"", ""interior"", ""hanging lights"", ""red chair"", ""shelves"", ""glass display"", ""signage"", ""modern""]",background,,,,Qwen/Qwen3.5-9B,vision_done,,ok,,,,,,,,실내소품,visual:blind-random-q0005:31669,diverse_rank=1; source_count=1; visual_group=visual:blind-random-q0005:31669
blind-random-q0005,"다음 요소가 함께 보이는 배경: 푸른 하늘, 거리 조명 (주거지 분위기)",blind_random,,32359,1,triaxis,"{""triaxis"": 1}","{""blind_random_v1_20260507:triaxis"": 1}",webdav://13730b09/발송4/범선/종말투어링/#07/bg/syt07_064.psd,32359_syt07_064.psd,발송4/범선/종말투어링/#07/bg/syt07_064.psd,발송4/범선/종말투어링/#07/bg,/Users/saintiron/Projects/Imagine/thumbnails/32359_syt07_064_thumb.png,psd,,,"A serene urban scene with power lines stretching across a bright blue sky dotted with fluffy clouds, framed by green trees and utility poles.","[""urban"", ""power_lines"", ""blue_sky"", ""clouds"", ""trees"", ""anime_style"", ""summer"", ""peaceful"", ""utility_poles""]",background,urban,,,unknown_legacy,parse_fallback_legacy,"pre-fix: psd-tools failed, fell back to thumbnail-only",repair_required,parse_fallback_legacy,,,,,,,발송4/범선/종말투어링/#07/bg,visual:blind-random-q0005:32359,diverse_rank=4; source_count=1; visual_group=visual:blind-random-q0005:32359
blind-random-q0005,"다음 요소가 함께 보이는 배경: 푸른 하늘, 거리 조명 (주거지 분위기)",blind_random,,41875,1,"triaxis,vv","{""triaxis"": 19, ""vv"": 1}","{""blind_random_v1_20260507:triaxis"": 19, ""blind_random_v1_20260507:vv"": 1}",webdav://13730b09/예비/크랑베르무/장소/마을/grb03_026.psd,41875_grb03_026.psd,예비/크랑베르무/장소/마을/grb03_026.psd,webdav:/13730b09/예비/크랑베르무/장소/마을,/Users/saintiron/Projects/Imagine/thumbnails/41875_grb03_026_thumb.png,psd,,,"Anime-style illustration of a quiet residential street in Japan, featuring houses, vending machines, and a clear blue sky.","[""anime"", ""residential street"", ""vending machine"", ""Japanese neighborhood"", ""blue sky"", ""calm"", ""everyday life""]",illustration,,,,unknown_legacy,parse_fallback_legacy,"pre-fix: psd-tools failed, fell back to thumbnail-only",repair_required,parse_fallback_legacy,,,,,,,webdav:/13730b09/예비/크랑베르무/장소/마을,visual:blind-random-q0005:41875,diverse_rank=8; source_count=2; visual_group=visual:blind-random-q0005:41875
blind-random-q0005,"다음 요소가 함께 보이는 배경: 푸른 하늘, 거리 조명 (주거지 분위기)",blind_random,,30214,6,"mv,triaxis,vv","{""mv"": 49, ""triaxis"": 6, ""vv"": 22}","{""blind_random_v1_20260507:mv"": 49, ""blind_random_v1_20260507:triaxis"": 6, ""blind_random_v1_20260507:vv"": 22}",webdav://13730b09/발송/범선/작품 쫑/다윈즈게임/장소/도시 낮/dwg03_195.psd,dwg03_195.psd,발송/범선/작품 쫑/다윈즈게임/장소/도시 낮/dwg03_195.psd,발송/범선/작품 쫑/다윈즈게임/장소/도시 낮,/Users/saintiron/Projects/Imagine/thumbnails/dwg03_195_thumb.png,psd,3265,2086,A modern urban rooftop with clear blue sky and distant buildings under bright noon light.,"[""urban"", ""modern"", ""clear_sky"", ""noon"", ""rooftop"", ""3d_render""]",background,urban,,,unknown_legacy,parse_fallback_legacy,"pre-fix: psd-tools failed, fell back to thumbnail-only",repair_required,parse_fallback_legacy,,,,,,,발송/범선/작품 쫑/다윈즈게임/장소/도시 낮,visual:blind-random-q0005:30214,diverse_rank=2; source_count=1; visual_group=visual:blind-random-q0005:30214
blind-random-q0005,"다음 요소가 함께 보이는 배경: 푸른 하늘, 거리 조명 (주거지 분위기)",blind_random,,41970,6,"triaxis,vv","{""triaxis"": 40, ""vv"": 6}","{""blind_random_v1_20260507:triaxis"": 40, ""blind_random_v1_20260507:vv"": 6}",webdav://13730b09/예비/크랑베르무/장소/마을/grb09_095_101.psd,41970_grb09_095_101.psd,예비/크랑베르무/장소/마을/grb09_095_101.psd,webdav:/13730b09/예비/크랑베르무/장소/마을,/Users/saintiron/Projects/Imagine/thumbnails/41970_grb09_095_101_thumb.png,psd,,,A crescent moon shines above glowing street lamps in a starry night sky.,"[""moon"", ""night"", ""street lamp"", ""stars"", ""sky"", ""blue"", ""yellow"", ""anime""]",background,,,,unknown_legacy,parse_fallback_legacy,"pre-fix: psd-tools failed, fell back to thumbnail-only",repair_required,parse_fallback_legacy,,,,,,,webdav:/13730b09/예비/크랑베르무/장소/마을,visual:blind-random-q0005:41970,diverse_rank=5; source_count=2; visual_group=visual:blind-random-q0005:41970
blind-random-q0005,"다음 요소가 함께 보이는 배경: 푸른 하늘, 거리 조명 (주거지 분위기)",blind_random,,56706,11,fts,"{""fts"": 11}","{""blind_random_v1_20260507:fts"": 11}",webdav://13730b09/발송/외주 회사/빔 studio/산다/bg/SAN_09_057_BG.psd,56706_SAN_09_057_BG.psd,발송/외주 회사/빔 studio/산다/bg/SAN_09_057_BG.psd,bg,/Users/saintiron/Projects/Imagine/thumbnails/56706_SAN_09_057_BG_thumb.png,psd,2339,1654,A hooded figure in a suit stands in a sunlit Japanese room.,"[""hooded figure"", ""suit"", ""shoji screen"", ""bonsai tree"", ""paper lanterns"", ""anime style"", ""sketch overlay""]",illustration,,,,Qwen/Qwen3.5-9B,,,ok,,,,,,,,bg,visual:blind-random-q0005:56706,diverse_rank=6; source_count=1; visual_group=visual:blind-random-q0005:56706
blind-random-q0005,"다음 요소가 함께 보이는 배경: 푸른 하늘, 거리 조명 (주거지 분위기)",blind_random,,57374,21,"mv,triaxis","{""mv"": 21, ""triaxis"": 45}","{""blind_random_v1_20260507:mv"": 21, ""blind_random_v1_20260507:triaxis"": 45}",webdav://13730b09/예비/작품2/대마도학원35시험 소대/제작회사BG/건물/AT03_176_R.psd,57374_AT03_176_R.psd,예비/작품2/대마도학원35시험 소대/제작회사BG/건물/AT03_176_R.psd,건물,/Users/saintiron/Projects/Imagine/thumbnails/57374_AT03_176_R_thumb.png,psd,1683,1190,"Sunset cityscape with buildings, trees, and power lines under a colorful sky.","[""cityscape"", ""buildings"", ""trees"", ""power lines"", ""sunset"", ""sky"", ""urban"", ""residential""]",background,,,,Qwen/Qwen3.5-9B,,,ok,,,,,,,,건물,visual:blind-random-q0005:39050,diverse_rank=3; source_count=1; visual_group=visual:blind-random-q0005:39050
blind-random-q0005,"다음 요소가 함께 보이는 배경: 푸른 하늘, 거리 조명 (주거지 분위기)",blind_random,,39404,22,mv,"{""mv"": 22}","{""blind_random_v1_20260507:mv"": 22}",webdav://13730b09/예비/크랑베르무/장소/켐핑장/grb11_218.psd,39404_grb11_218.psd,예비/크랑베르무/장소/켐핑장/grb11_218.psd,webdav:/13730b09/예비/크랑베르무/장소/켐핑장,/Users/saintiron/Projects/Imagine/thumbnails/39404_grb11_218_thumb.png,psd,,,Sunset over mountains with a street lamp and communication tower.,"[""sunset"", ""mountains"", ""street lamp"", ""communication tower"", ""nature"", ""sky"", ""trees"", ""electricity""]",illustration,,,,unknown_legacy,parse_fallback_legacy,"pre-fix: psd-tools failed, fell back to thumbnail-only",repair_required,parse_fallback_legacy,,,,,,,webdav:/13730b09/예비/크랑베르무/장소/켐핑장,visual:blind-random-q0005:39404,diverse_rank=7; source_count=1; visual_group=visual:blind-random-q0005:39404
blind-random-q0006,"다음 요소가 한 화면에 함께 보이는 배경: 별, 난간, 돌기둥, 숲 (비 오는, 마을 분위기) / 제외 조건: 소품 단독",blind_random,,40076,1,vv,"{""vv"": 1}","{""blind_random_v1_20260507:vv"": 1}",webdav://13730b09/예비/크랑베르무/장소/전투/5/grb10_051_BG1.psd,40076_grb10_051_BG1.psd,예비/크랑베르무/장소/전투/5/grb10_051_BG1.psd,webdav:/13730b09/예비/크랑베르무/장소/전투/5,/Users/saintiron/Projects/Imagine/thumbnails/40076_grb10_051_BG1_thumb.png,psd,,,A serene night forest under a starry sky with aurora borealis.,"[""forest"", ""night"", ""stars"", ""aurora"", ""anime"", ""blue"", ""serene""]",background,forest,night,clear,unknown_legacy,parse_fallback_legacy,"pre-fix: psd-tools failed, fell back to thumbnail-only",repair_required,parse_fallback_legacy,,,,,,,webdav:/13730b09/예비/크랑베르무/장소/전투/5,visual:blind-random-q0006:40076,diverse_rank=1; source_count=1; visual_group=visual:blind-random-q0006:40076
blind-random-q0006,"다음 요소가 한 화면에 함께 보이는 배경: 별, 난간, 돌기둥, 숲 (비 오는, 마을 분위기) / 제외 조건: 소품 단독",blind_random,,56813,1,"fts,triaxis","{""fts"": 1, ""triaxis"": 1}","{""blind_random_v1_20260507:fts"": 1, ""blind_random_v1_20260507:triaxis"": 1}",webdav://13730b09/발송/외주 회사/빔 studio/메탈#07/bg/MR07_044_BG.psd,56813_MR07_044_BG.psd,발송/외주 회사/빔 studio/메탈#07/bg/MR07_044_BG.psd,bg,/Users/saintiron/Projects/Imagine/thumbnails/56813_MR07_044_BG_thumb.png,psd,1752,1304,Futuristic cityscape with tall buildings and a railing in the foreground.,"[""cityscape"", ""skyscrapers"", ""railing"", ""futuristic"", ""architecture""]",background,,,,Qwen/Qwen3.5-9B,,,ok,,,,,,,,bg,visual:blind-random-q0006:56813,diverse_rank=4; source_count=1; visual_group=visual:blind-random-q0006:56813
blind-random-q0006,"다음 요소가 한 화면에 함께 보이는 배경: 별, 난간, 돌기둥, 숲 (비 오는, 마을 분위기) / 제외 조건: 소품 단독",blind_random,,58537,1,mv,"{""mv"": 1}","{""blind_random_v1_20260507:mv"": 1}",webdav://13730b09/예비/작품2/대마도학원35시험 소대/보도/주택가 참고/P6230452.JPG,58537_P6230452.JPG,예비/작품2/대마도학원35시험 소대/보도/주택가 참고/P6230452.JPG,주택가 참고,/Users/saintiron/Projects/Imagine/thumbnails/58537_P6230452_thumb.png,jpg,1600,1200,"A quiet residential street with houses, trees, and utility poles under an overcast sky.","[""street"", ""houses"", ""trees"", ""utility pole"", ""residential"", ""overcast sky"", ""fences""]",photo,,,,Qwen/Qwen3.5-9B,,,ok,,,,,,,,주택가 참고,visual:blind-random-q0006:58537,diverse_rank=8; source_count=1; visual_group=visual:blind-random-q0006:58537
blind-random-q0006,"다음 요소가 한 화면에 함께 보이는 배경: 별, 난간, 돌기둥, 숲 (비 오는, 마을 분위기) / 제외 조건: 소품 단독",blind_random,,48199,6,triaxis,"{""triaxis"": 6}","{""blind_random_v1_20260507:triaxis"": 6}",webdav://13730b09/발송/외주 회사/뱅가드/26/#03/bg/VS10_03_052_GENZU.psd,48199_VS10_03_052_GENZU.psd,발송/외주 회사/뱅가드/26/#03/bg/VS10_03_052_GENZU.psd,발송/외주 회사/뱅가드/26/#03/bg,/Users/saintiron/Projects/Imagine/thumbnails/48199_VS10_03_052_GENZU_thumb.png,psd,,,"A stone pillar stands in a misty, starry night scene.","[""night"", ""pillar"", ""mist"", ""stars"", ""stone"", ""architecture"", ""anime"", ""lineart""]",background,,,,unknown_legacy,parse_fallback_legacy,"pre-fix: psd-tools failed, fell back to thumbnail-only",repair_required,parse_fallback_legacy,,,,,,,발송/외주 회사/뱅가드/26/#03/bg,visual:blind-random-q0006:48199,diverse_rank=2; source_count=1; visual_group=visual:blind-random-q0006:48199
blind-random-q0006,"다음 요소가 한 화면에 함께 보이는 배경: 별, 난간, 돌기둥, 숲 (비 오는, 마을 분위기) / 제외 조건: 소품 단독",blind_random,,49915,6,vv,"{""vv"": 6}","{""blind_random_v1_20260507:vv"": 6}",webdav://13730b09/발송/외주 회사/뱅가드/25/#01/bg/VS9_01_262_GENZU.psd,49915_VS9_01_262_GENZU.psd,발송/외주 회사/뱅가드/25/#01/bg/VS9_01_262_GENZU.psd,발송/외주 회사/뱅가드/25/#01/bg,/Users/saintiron/Projects/Imagine/thumbnails/49915_VS9_01_262_GENZU_thumb.png,psd,,,A lone figure stands on a balcony overlooking a city at night.,"[""night"", ""cityscape"", ""solitude"", ""balcony"", ""silhouette"", ""stars"", ""urban"", ""lonely""]",illustration,,,,unknown_legacy,parse_fallback_legacy,"pre-fix: psd-tools failed, fell back to thumbnail-only",repair_required,parse_fallback_legacy,,,,,,,발송/외주 회사/뱅가드/25/#01/bg,visual:blind-random-q0006:49915,diverse_rank=5; source_count=1; visual_group=visual:blind-random-q0006:49915
blind-random-q0006,"다음 요소가 한 화면에 함께 보이는 배경: 별, 난간, 돌기둥, 숲 (비 오는, 마을 분위기) / 제외 조건: 소품 단독",blind_random,,50894,11,vv,"{""vv"": 11}","{""blind_random_v1_20260507:vv"": 11}",webdav://13730b09/발송/범선/기절용사와 암살공주/#10/bg/kya10_175.psd,50894_kya10_175.psd,발송/범선/기절용사와 암살공주/#10/bg/kya10_175.psd,webdav:/13730b09/발송/범선/기절용사와 암살공주/#10/bg,/Users/saintiron/Projects/Imagine/thumbnails/50894_kya10_175_thumb.png,psd,,,A starry night sky framed by dense trees with a warm light below.,"[""trees"", ""night sky"", ""stars"", ""clouds"", ""warm light""]",illustration,,,,unknown_legacy,parse_fallback_legacy,"pre-fix: psd-tools failed, fell back to thumbnail-only",repair_required,parse_fallback_legacy,,,,,,,webdav:/13730b09/발송/범선/기절용사와 암살공주/#10/bg,visual:blind-random-q0006:50894,diverse_rank=3; source_count=1; visual_group=visual:blind-random-q0006:50894
blind-random-q0006,"다음 요소가 한 화면에 함께 보이는 배경: 별, 난간, 돌기둥, 숲 (비 오는, 마을 분위기) / 제외 조건: 소품 단독",blind_random,,53177,11,fts,"{""fts"": 11}","{""blind_random_v1_20260507:fts"": 11}",webdav://13730b09/발송/범선/기절용사와 암살공주/장소/숲/kya03_216.psd,53177_kya03_216.psd,발송/범선/기절용사와 암살공주/장소/숲/kya03_216.psd,webdav:/13730b09/발송/범선/기절용사와 암살공주/장소/숲,/Users/saintiron/Projects/Imagine/thumbnails/53177_kya03_216_thumb.png,psd,,,A dense forest scene with tall trees and lush green foliage.,"[""forest"", ""trees"", ""foliage"", ""nature"", ""greenery""]",background,,,,unknown_legacy,parse_fallback_legacy,"pre-fix: psd-tools failed, fell back to thumbnail-only",repair_required,parse_fallback_legacy,,,,,,,webdav:/13730b09/발송/범선/기절용사와 암살공주/장소/숲,visual:blind-random-q0006:53177,diverse_rank=6; source_count=1; visual_group=visual:blind-random-q0006:53177
blind-random-q0006,"다음 요소가 한 화면에 함께 보이는 배경: 별, 난간, 돌기둥, 숲 (비 오는, 마을 분위기) / 제외 조건: 소품 단독",blind_random,,51029,21,mv,"{""mv"": 21}","{""blind_random_v1_20260507:mv"": 21}",webdav://13730b09/발송/범선/기절용사와 암살공주/#09/bg/kya09_063.psd,51029_kya09_063.psd,발송/범선/기절용사와 암살공주/#09/bg/kya09_063.psd,webdav:/13730b09/발송/범선/기절용사와 암살공주/#09/bg,/Users/saintiron/Projects/Imagine/thumbnails/51029_kya09_063_thumb.png,psd,,,"A sunny outdoor scene with a stone wall, palm tree, and blue sky.","[""stone wall"", ""palm tree"", ""blue sky"", ""clouds"", ""rope fence"", ""coconuts"", ""outdoor"", ""sunny""]",background,,,,unknown_legacy,parse_fallback_legacy,"pre-fix: psd-tools failed, fell back to thumbnail-only",repair_required,parse_fallback_legacy,,,,,,,webdav:/13730b09/발송/범선/기절용사와 암살공주/#09/bg,visual:blind-random-q0006:51029,diverse_rank=7; source_count=1; visual_group=visual:blind-random-q0006:51029
blind-random-q0007,"다음 요소가 함께 보이고 하나 이상은 뚜렷한 배경: 푸른 하늘, 돌기둥, 골목 (실내, 현대 건축 분위기) / 제외 조건: 소품 단독",blind_random,,41909,1,vv,"{""vv"": 1}","{""blind_random_v1_20260507:vv"": 1}",webdav://13730b09/예비/크랑베르무/장소/마을/grb04_357.psd,41909_grb04_357.psd,예비/크랑베르무/장소/마을/grb04_357.psd,webdav:/13730b09/예비/크랑베르무/장소/마을,/Users/saintiron/Projects/Imagine/thumbnails/41909_grb04_357_thumb.png,psd,,,"A quiet street corner with a stone wall and metal pipe, rendered in anime style.","[""anime"", ""street"", ""stone wall"", ""pipe"", ""quiet"", ""urban"", ""ground level"", ""cool tones""]",illustration,,,,unknown_legacy,parse_fallback_legacy,"pre-fix: psd-tools failed, fell back to thumbnail-only",repair_required,parse_fallback_legacy,,,,,,,webdav:/13730b09/예비/크랑베르무/장소/마을,visual:blind-random-q0007:41909,diverse_rank=1; source_count=1; visual_group=visual:blind-random-q0007:41909
blind-random-q0007,"다음 요소가 함께 보이고 하나 이상은 뚜렷한 배경: 푸른 하늘, 돌기둥, 골목 (실내, 현대 건축 분위기) / 제외 조건: 소품 단독",blind_random,,51354,1,triaxis,"{""triaxis"": 1}","{""blind_random_v1_20260507:triaxis"": 1}",webdav://13730b09/발송/범선/기절용사와 암살공주/#08/bg/kya08_030_e.psd,51354_kya08_030_e.psd,발송/범선/기절용사와 암살공주/#08/bg/kya08_030_e.psd,webdav:/13730b09/발송/범선/기절용사와 암살공주/#08/bg,/Users/saintiron/Projects/Imagine/thumbnails/51354_kya08_030_e_thumb.png,psd,,,Five vertical pillars against a bright blue sky with clouds.,"[""pillars"", ""sky"", ""clouds"", ""architecture"", ""balcony"", ""blue"", ""white""]",background,,,,unknown_legacy,parse_fallback_legacy,"pre-fix: psd-tools failed, fell back to thumbnail-only",repair_required,parse_fallback_legacy,,,,,,,webdav:/13730b09/발송/범선/기절용사와 암살공주/#08/bg,visual:blind-random-q0007:51354,diverse_rank=6; source_count=1; visual_group=visual:blind-random-q0007:51354
blind-random-q0007,"다음 요소가 함께 보이고 하나 이상은 뚜렷한 배경: 푸른 하늘, 돌기둥, 골목 (실내, 현대 건축 분위기) / 제외 조건: 소품 단독",blind_random,,29552,6,"mv,triaxis","{""mv"": 12, ""triaxis"": 6}","{""blind_random_v1_20260507:mv"": 12, ""blind_random_v1_20260507:triaxis"": 6}",webdav://13730b09/발송작품/작품/세일러문/#30/1/256.psd,29552_256.psd,발송작품/작품/세일러문/#30/1/256.psd,발송작품/작품/세일러문/#30/1,/Users/saintiron/Projects/Imagine/thumbnails/29552_256_thumb.png,psd,,,A view from inside a modern building looking out through a window at green trees and a clear blue sky.,"[""window"", ""modern_architecture"", ""greenery"", ""clear_sky"", ""anime_style"", ""indoor_view"", ""peaceful""]",background,indoor,,,unknown_legacy,parse_fallback_legacy,"pre-fix: psd-tools failed, fell back to thumbnail-only",repair_required,parse_fallback_legacy,,,,,,,발송작품/작품/세일러문/#30/1,visual:blind-random-q0007:48473,diverse_rank=2; source_count=1; visual_group=visual:blind-random-q0007:48473
blind-random-q0007,"다음 요소가 함께 보이고 하나 이상은 뚜렷한 배경: 푸른 하늘, 돌기둥, 골목 (실내, 현대 건축 분위기) / 제외 조건: 소품 단독",blind_random,,56801,6,mv,"{""mv"": 6}","{""blind_random_v1_20260507:mv"": 6}",webdav://13730b09/발송/외주 회사/빔 studio/메탈#07/bg/MR07_270_BG.psd,56801_MR07_270_BG.psd,발송/외주 회사/빔 studio/메탈#07/bg/MR07_270_BG.psd,bg,/Users/saintiron/Projects/Imagine/thumbnails/56801_MR07_270_BG_thumb.png,psd,5330,1249,Modern building exterior with concrete walls and glass windows,"[""concrete"", ""glass"", ""building"", ""windows"", ""architecture"", ""modern"", ""urban"", ""structure""]",background,,,,Qwen/Qwen3.5-9B,,,ok,,,,,,,,bg,visual:blind-random-q0007:56801,diverse_rank=7; source_count=2; visual_group=visual:blind-random-q0007:56801
blind-random-q0007,"다음 요소가 함께 보이고 하나 이상은 뚜렷한 배경: 푸른 하늘, 돌기둥, 골목 (실내, 현대 건축 분위기) / 제외 조건: 소품 단독",blind_random,,30390,11,vv,"{""vv"": 11}","{""blind_random_v1_20260507:vv"": 11}",webdav://13730b09/발송/범선/작품 쫑/다윈즈게임/장소/도시 낮/dwg05_235.psd,dwg05_235.psd,발송/범선/작품 쫑/다윈즈게임/장소/도시 낮/dwg05_235.psd,발송/범선/작품 쫑/다윈즈게임/장소/도시 낮,/Users/saintiron/Projects/Imagine/thumbnails/dwg05_235_thumb.png,psd,1942,2251,"Under a covered urban walkway, concrete pillars and yellow tactile paving guide the eye toward a dimly lit, quiet street.","[""urban"", ""twilight"", ""concrete"", ""tactile_paving"", ""modern_architecture"", ""melancholic"", ""realistic""]",background,urban,,,unknown_legacy,parse_fallback_legacy,"pre-fix: psd-tools failed, fell back to thumbnail-only",repair_required,parse_fallback_legacy,,,,,,,발송/범선/작품 쫑/다윈즈게임/장소/도시 낮,visual:blind-random-q0007:30390,diverse_rank=4; source_count=2; visual_group=visual:blind-random-q0007:30390
blind-random-q0007,"다음 요소가 함께 보이고 하나 이상은 뚜렷한 배경: 푸른 하늘, 돌기둥, 골목 (실내, 현대 건축 분위기) / 제외 조건: 소품 단독",blind_random,,29937,21,mv,"{""mv"": 21}","{""blind_random_v1_20260507:mv"": 21}",webdav://13730b09/발송/범선/작품 쫑/다윈즈게임/장소/도시 낮/dwg01_165.psd,dwg01_165.psd,발송/범선/작품 쫑/다윈즈게임/장소/도시 낮/dwg01_165.psd,발송/범선/작품 쫑/다윈즈게임/장소/도시 낮,/Users/saintiron/Projects/Imagine/thumbnails/dwg01_165_thumb.png,psd,2095,2008,"A modern urban street scene with a pedestrian crossing, surrounded by contemporary buildings under clear skies.","[""urban"", ""modern architecture"", ""pedestrian crossing"", ""clear sky"", ""noon"", ""3d render""]",background,urban,,,unknown_legacy,parse_fallback_legacy,"pre-fix: psd-tools failed, fell back to thumbnail-only",repair_required,parse_fallback_legacy,,,,,,,발송/범선/작품 쫑/다윈즈게임/장소/도시 낮,visual:blind-random-q0007:29937,diverse_rank=3; source_count=2; visual_group=visual:blind-random-q0007:29937
blind-random-q0007,"다음 요소가 함께 보이고 하나 이상은 뚜렷한 배경: 푸른 하늘, 돌기둥, 골목 (실내, 현대 건축 분위기) / 제외 조건: 소품 단독",blind_random,,38066,21,vv,"{""vv"": 21}","{""blind_random_v1_20260507:vv"": 21}",webdav://13730b09/발송작품/작품/켄신/켄신-122.jpg,38066_켄신-122.jpg,발송작품/작품/켄신/켄신-122.jpg,webdav:/13730b09/발송작품/작품/켄신,/Users/saintiron/Projects/Imagine/thumbnails/38066_켄신-122_thumb.png,jpg,,,A tranquil rural scene featuring a traditional Japanese tiled roof and stone wall under a clear blue sky.,"[""traditional_japanese"", ""rural"", ""painterly"", ""stone_wall"", ""tiled_roof"", ""peaceful"", ""cool_color_palette""]",background,rural,,,unknown_legacy,,,repair_required,parse_fallback_legacy,,,,,,,webdav:/13730b09/발송작품/작품/켄신,visual:blind-random-q0007:38066,diverse_rank=5; source_count=1; visual_group=visual:blind-random-q0007:38066
blind-random-q0007,"다음 요소가 함께 보이고 하나 이상은 뚜렷한 배경: 푸른 하늘, 돌기둥, 골목 (실내, 현대 건축 분위기) / 제외 조건: 소품 단독",blind_random,,56921,21,fts,"{""fts"": 21}","{""blind_random_v1_20260507:fts"": 21}",webdav://13730b09/발송/외주 회사/빔 studio/귀인환등초/bg/KGS_01_164.psd,56921_KGS_01_164.psd,발송/외주 회사/빔 studio/귀인환등초/bg/KGS_01_164.psd,bg,/Users/saintiron/Projects/Imagine/thumbnails/56921_KGS_01_164_thumb.png,psd,2339,1653,Anime-style scene with a ghostly figure and a girl in a traditional room,"[""anime"", ""ghost"", ""girl"", ""traditional room"", ""shoji screen"", ""furniture"", ""transparency"", ""line art""]",illustration,,,,Qwen/Qwen3.5-9B,,,ok,,,,,,,,bg,visual:blind-random-q0007:56921,diverse_rank=8; source_count=2; visual_group=visual:blind-random-q0007:56921
blind-random-q0008,"다음 요소가 함께 보이고 하나 이상은 뚜렷한 배경: 푸른 하늘, 비, 난간 (학교 분위기) / 제외 조건: 인물, 전투 장면",blind_random,,39189,1,"mv,triaxis","{""mv"": 17, ""triaxis"": 1}","{""blind_random_v1_20260507:mv"": 17, ""blind_random_v1_20260507:triaxis"": 1}",webdav://13730b09/예비/크랑베르무/장소/학교/grb02_255.psd,39189_grb02_255.psd,예비/크랑베르무/장소/학교/grb02_255.psd,webdav:/13730b09/예비/크랑베르무/장소/학교,/Users/saintiron/Projects/Imagine/thumbnails/39189_grb02_255_thumb.png,psd,,,"A serene anime-style school building under a clear blue sky with fluffy clouds, surrounded by lush green trees.","[""school"", ""anime"", ""pastel"", ""summer"", ""peaceful"", ""modern_architecture"", ""trees"", ""clouds"", ""bright_light""]",background,urban,,,unknown_legacy,parse_fallback_legacy,"pre-fix: psd-tools failed, fell back to thumbnail-only",repair_required,parse_fallback_legacy,,,,,,,webdav:/13730b09/예비/크랑베르무/장소/학교,visual:blind-random-q0008:39189,diverse_rank=1; source_count=2; visual_group=visual:blind-random-q0008:39189
blind-random-q0008,"다음 요소가 함께 보이고 하나 이상은 뚜렷한 배경: 푸른 하늘, 비, 난간 (학교 분위기) / 제외 조건: 인물, 전투 장면",blind_random,,48428,1,"triaxis,vv","{""triaxis"": 26, ""vv"": 1}","{""blind_random_v1_20260507:triaxis"": 26, ""blind_random_v1_20260507:vv"": 1}",webdav://13730b09/발송/외주 회사/뱅가드/26/#01/bg/VS10_01_064_GENZU.psd,48428_VS10_01_064_GENZU.psd,발송/외주 회사/뱅가드/26/#01/bg/VS10_01_064_GENZU.psd,발송/외주 회사/뱅가드/26/#01/bg,/Users/saintiron/Projects/Imagine/thumbnails/48428_VS10_01_064_GENZU_thumb.png,psd,,,A view of a blue sky with clouds through a fence.,"[""sky"", ""clouds"", ""fence"", ""blue"", ""architecture"", ""outdoor"", ""day"", ""perspective""]",photo,,,,unknown_legacy,parse_fallback_legacy,"pre-fix: psd-tools failed, fell back to thumbnail-only",repair_required,parse_fallback_legacy,,,,,,,발송/외주 회사/뱅가드/26/#01/bg,visual:blind-random-q0008:48428,diverse_rank=7; source_count=1; visual_group=visual:blind-random-q0008:48428
blind-random-q0008,"다음 요소가 함께 보이고 하나 이상은 뚜렷한 배경: 푸른 하늘, 비, 난간 (학교 분위기) / 제외 조건: 인물, 전투 장면",blind_random,,39060,6,mv,"{""mv"": 6}","{""blind_random_v1_20260507:mv"": 6}",webdav://13730b09/예비/크랑베르무/장소/학교교실/grb02_161.psd,39060_grb02_161.psd,예비/크랑베르무/장소/학교교실/grb02_161.psd,webdav:/13730b09/예비/크랑베르무/장소/학교교실,/Users/saintiron/Projects/Imagine/thumbnails/39060_grb02_161_thumb.png,psd,,,"A quiet classroom with a large blackboard, a bulletin board with papers, and a window showing a bright sky and distant buildings.","[""classroom"", ""blackboard"", ""bulletin_board"", ""window"", ""school"", ""anime"", ""peaceful"", ""modern"", ""noon"", ""clear_sky""]",background,indoor,,,unknown_legacy,parse_fallback_legacy,"pre-fix: psd-tools failed, fell back to thumbnail-only",repair_required,parse_fallback_legacy,,,,,,,webdav:/13730b09/예비/크랑베르무/장소/학교교실,visual:blind-random-q0008:39060,diverse_rank=2; source_count=1; visual_group=visual:blind-random-q0008:39060
blind-random-q0008,"다음 요소가 함께 보이고 하나 이상은 뚜렷한 배경: 푸른 하늘, 비, 난간 (학교 분위기) / 제외 조건: 인물, 전투 장면",blind_random,,39435,6,"mv,triaxis","{""mv"": 7, ""triaxis"": 6}","{""blind_random_v1_20260507:mv"": 7, ""blind_random_v1_20260507:triaxis"": 6}",webdav://13730b09/예비/크랑베르무/장소/체육관/grb03_068_166.psd,39435_grb03_068_166.psd,예비/크랑베르무/장소/체육관/grb03_068_166.psd,webdav:/13730b09/예비/크랑베르무/장소/체육관,/Users/saintiron/Projects/Imagine/thumbnails/39435_grb03_068_166_thumb.png,psd,,,Modern school building with flagpoles and green trees under a blue sky.,"[""school"", ""building"", ""flag"", ""trees"", ""blue sky"", ""architecture"", ""anime"", ""daytime""]",illustration,,,,unknown_legacy,parse_fallback_legacy,"pre-fix: psd-tools failed, fell back to thumbnail-only",repair_required,parse_fallback_legacy,,,,,,,webdav:/13730b09/예비/크랑베르무/장소/체육관,visual:blind-random-q0008:39435,diverse_rank=4; source_count=1; visual_group=visual:blind-random-q0008:39435
blind-random-q0008,"다음 요소가 함께 보이고 하나 이상은 뚜렷한 배경: 푸른 하늘, 비, 난간 (학교 분위기) / 제외 조건: 인물, 전투 장면",blind_random,,56968,6,fts,"{""fts"": 6}","{""blind_random_v1_20260507:fts"": 6}",webdav://13730b09/발송/외주 회사/빔 studio/귀인환등초/bg/KGS_01_171.psd,56968_KGS_01_171.psd,발송/외주 회사/빔 studio/귀인환등초/bg/KGS_01_171.psd,bg,/Users/saintiron/Projects/Imagine/thumbnails/56968_KGS_01_171_thumb.png,psd,2339,2030,A translucent anime girl stands in a lush green forest under a blue sky.,"[""anime girl"", ""forest"", ""trees"", ""blue sky"", ""clouds"", ""translucent figure"", ""traditional house""]",illustration,,,,Qwen/Qwen3.5-9B,,,ok,,,,,,,,bg,visual:blind-random-q0008:56968,diverse_rank=8; source_count=1; visual_group=visual:blind-random-q0008:56968
blind-random-q0008,"다음 요소가 함께 보이고 하나 이상은 뚜렷한 배경: 푸른 하늘, 비, 난간 (학교 분위기) / 제외 조건: 인물, 전투 장면",blind_random,,30763,11,mv,"{""mv"": 11}","{""blind_random_v1_20260507:mv"": 11}",webdav://13730b09/발송작품/작품/세일러문/#33/1/222_236_244_254.psd,222_236_244_254.psd,발송작품/작품/세일러문/#33/1/222_236_244_254.psd,발송작품/작품/세일러문/#33/1,/Users/saintiron/Projects/Imagine/thumbnails/222_236_244_254_thumb.png,psd,2214,2067,"A dark, stormy sky looms over a flat, shadowed horizon.",[],background,outdoor,,,unknown_legacy,parse_fallback_legacy,"pre-fix: psd-tools failed, fell back to thumbnail-only",repair_required,parse_fallback_legacy,,,,,,,발송작품/작품/세일러문/#33/1,visual:blind-random-q0008:30763,diverse_rank=5; source_count=1; visual_group=visual:blind-random-q0008:30763
blind-random-q0008,"다음 요소가 함께 보이고 하나 이상은 뚜렷한 배경: 푸른 하늘, 비, 난간 (학교 분위기) / 제외 조건: 인물, 전투 장면",blind_random,,30328,21,vv,"{""vv"": 21}","{""blind_random_v1_20260507:vv"": 21}",webdav://13730b09/발송/범선/작품 쫑/다윈즈게임/장소/도시 낮/dwg05_204.psd,dwg05_204.psd,발송/범선/작품 쫑/다윈즈게임/장소/도시 낮/dwg05_204.psd,발송/범선/작품 쫑/다윈즈게임/장소/도시 낮,/Users/saintiron/Projects/Imagine/thumbnails/dwg05_204_thumb.png,psd,2451,1232,"A lone figure stands on a rooftop under a vast blue sky, silhouetted against clouds.","[""anime"", ""landscape"", ""rooftop"", ""silhouette"", ""blue_sky"", ""clouds"", ""serene"", ""digital_art""]",illustration,,,,unknown_legacy,parse_fallback_legacy,"pre-fix: psd-tools failed, fell back to thumbnail-only",repair_required,parse_fallback_legacy,,,,,,,발송/범선/작품 쫑/다윈즈게임/장소/도시 낮,visual:blind-random-q0008:56947,diverse_rank=3; source_count=1; visual_group=visual:blind-random-q0008:56947
blind-random-q0008,"다음 요소가 함께 보이고 하나 이상은 뚜렷한 배경: 푸른 하늘, 비, 난간 (학교 분위기) / 제외 조건: 인물, 전투 장면",blind_random,,39285,21,fts,"{""fts"": 21}","{""blind_random_v1_20260507:fts"": 21}",webdav://13730b09/예비/크랑베르무/장소/학교/grb08_175.psd,39285_grb08_175.psd,예비/크랑베르무/장소/학교/grb08_175.psd,webdav:/13730b09/예비/크랑베르무/장소/학교,/Users/saintiron/Projects/Imagine/thumbnails/39285_grb08_175_thumb.png,psd,,,"A sketch of a young girl in a hoodie, standing on a sidewalk with subtle color accents.",[],character,,,,unknown_legacy,parse_fallback_legacy,"pre-fix: psd-tools failed, fell back to thumbnail-only",repair_required,parse_fallback_legacy,,,,,,,webdav:/13730b09/예비/크랑베르무/장소/학교,visual:blind-random-q0008:39226,diverse_rank=6; source_count=2; visual_group=visual:blind-random-q0008:39226
blind-random-q0009,"다음 요소가 함께 보이고 하나 이상은 뚜렷한 배경: 바다, 전선, 폐허 (실내, 상점가 분위기) / 제외 조건: 추상 텍스처, 소품 단독",blind_random,,39510,1,vv,"{""vv"": 1}","{""blind_random_v1_20260507:vv"": 1}",webdav://13730b09/예비/크랑베르무/장소/전투/7/grb13_088_BG2.psd,39510_grb13_088_BG2.psd,예비/크랑베르무/장소/전투/7/grb13_088_BG2.psd,webdav:/13730b09/예비/크랑베르무/장소/전투/7,/Users/saintiron/Projects/Imagine/thumbnails/39510_grb13_088_BG2_thumb.png,psd,,,Abstract blue texture resembling organic or cosmic patterns.,"[""abstract"", ""blue"", ""texture"", ""organic"", ""cosmic"", ""digital art"", ""fluid"", ""pattern""]",texture,,,,unknown_legacy,parse_fallback_legacy,"pre-fix: psd-tools failed, fell back to thumbnail-only",repair_required,parse_fallback_legacy,,,,,,,webdav:/13730b09/예비/크랑베르무/장소/전투/7,visual:blind-random-q0009:39510,diverse_rank=1; source_count=1; visual_group=visual:blind-random-q0009:39510
blind-random-q0009,"다음 요소가 함께 보이고 하나 이상은 뚜렷한 배경: 바다, 전선, 폐허 (실내, 상점가 분위기) / 제외 조건: 추상 텍스처, 소품 단독",blind_random,,51282,1,mv,"{""mv"": 1}","{""blind_random_v1_20260507:mv"": 1}",webdav://13730b09/발송/범선/기절용사와 암살공주/#09/bg/kya09_120.psd,51282_kya09_120.psd,발송/범선/기절용사와 암살공주/#09/bg/kya09_120.psd,webdav:/13730b09/발송/범선/기절용사와 암살공주/#09/bg,/Users/saintiron/Projects/Imagine/thumbnails/51282_kya09_120_thumb.png,psd,,,"Beach scene with food stalls, umbrellas, and a floating platform in blue water.","[""beach"", ""food stalls"", ""umbrella"", ""floating platform"", ""water"", ""sand"", ""stone wall"", ""deck""]",background,,,,unknown_legacy,parse_fallback_legacy,"pre-fix: psd-tools failed, fell back to thumbnail-only",repair_required,parse_fallback_legacy,,,,,,,webdav:/13730b09/발송/범선/기절용사와 암살공주/#09/bg,visual:blind-random-q0009:51282,diverse_rank=5; source_count=1; visual_group=visual:blind-random-q0009:51282
blind-random-q0009,"다음 요소가 함께 보이고 하나 이상은 뚜렷한 배경: 바다, 전선, 폐허 (실내, 상점가 분위기) / 제외 조건: 추상 텍스처, 소품 단독",blind_random,,56856,6,fts,"{""fts"": 6}","{""blind_random_v1_20260507:fts"": 6}",webdav://13730b09/발송/외주 회사/빔 studio/귀인환등초/0313-re/KGS_01_376_R.psd,56856_KGS_01_376_R.psd,발송/외주 회사/빔 studio/귀인환등초/0313-re/KGS_01_376_R.psd,0313-re,/Users/saintiron/Projects/Imagine/thumbnails/56856_KGS_01_376_R_thumb.png,psd,2339,1653,Traditional Japanese room with sliding door opening to a misty garden,"[""shoji screen"", ""parasol"", ""straw hat"", ""wooden frame"", ""sliding door"", ""garden view"", ""blue wall"", ""tatami mat""]",illustration,,,,Qwen/Qwen3.5-9B,,,ok,,,,,,,,0313-re,visual:blind-random-q0009:56856,diverse_rank=2; source_count=1; visual_group=visual:blind-random-q0009:56856
blind-random-q0009,"다음 요소가 함께 보이고 하나 이상은 뚜렷한 배경: 바다, 전선, 폐허 (실내, 상점가 분위기) / 제외 조건: 추상 텍스처, 소품 단독",blind_random,,57454,6,triaxis,"{""triaxis"": 6}","{""blind_random_v1_20260507:triaxis"": 6}",webdav://13730b09/예비/작품2/대마도학원35시험 소대/제작회사BG/건물/페허도시 러브호텔외관 밤.psd,57454_페허도시 러브호텔외관 밤.psd,예비/작품2/대마도학원35시험 소대/제작회사BG/건물/페허도시 러브호텔외관 밤.psd,건물,/Users/saintiron/Projects/Imagine/thumbnails/57454_페허도시 러브호텔외관 밤_thumb.png,psd,2210,1718,Abandoned hotel exterior at night with scattered debris and dim lighting,"[""abandoned"", ""hotel"", ""night"", ""debris"", ""urban"", ""darkness""]",background,,,,Qwen/Qwen3.5-9B,,,ok,,,,,,,,건물,visual:blind-random-q0009:57454,diverse_rank=6; source_count=1; visual_group=visual:blind-random-q0009:57454
blind-random-q0009,"다음 요소가 함께 보이고 하나 이상은 뚜렷한 배경: 바다, 전선, 폐허 (실내, 상점가 분위기) / 제외 조건: 추상 텍스처, 소품 단독",blind_random,,31100,11,mv,"{""mv"": 11}","{""blind_random_v1_20260507:mv"": 11}",/Users/saintiron/imageDB/마캬베리즈무/실내소품/022.psd,022.psd,022.psd,실내소품,/Users/saintiron/Projects/Imagine/thumbnails/022_thumb.png,psd,1701,1177,"Outdoor furniture set with stools, chairs, table, and umbrella against wood paneling.","[""stools"", ""chairs"", ""table"", ""umbrella"", ""wood paneling"", ""outdoor furniture"", ""patio set"", ""dining area""]",item,,,,Qwen/Qwen3.5-9B,vision_done,,ok,,,,,,,,실내소품,visual:blind-random-q0009:31100,diverse_rank=3; source_count=1; visual_group=visual:blind-random-q0009:31100
blind-random-q0009,"다음 요소가 함께 보이고 하나 이상은 뚜렷한 배경: 바다, 전선, 폐허 (실내, 상점가 분위기) / 제외 조건: 추상 텍스처, 소품 단독",blind_random,,39721,11,vv,"{""vv"": 11}","{""blind_random_v1_20260507:vv"": 11}",webdav://13730b09/예비/크랑베르무/장소/전투/6/grb12_323.psd,39721_grb12_323.psd,예비/크랑베르무/장소/전투/6/grb12_323.psd,webdav:/13730b09/예비/크랑베르무/장소/전투/6,/Users/saintiron/Projects/Imagine/thumbnails/39721_grb12_323_thumb.png,psd,,,Abstract dark blue textured background with subtle purple highlights.,"[""abstract"", ""texture"", ""blue"", ""purple"", ""dark"", ""digital art"", ""background"", ""noise""]",texture,,,,unknown_legacy,parse_fallback_legacy,"pre-fix: psd-tools failed, fell back to thumbnail-only",repair_required,parse_fallback_legacy,,,,,,,webdav:/13730b09/예비/크랑베르무/장소/전투/6,visual:blind-random-q0009:51276,diverse_rank=7; source_count=1; visual_group=visual:blind-random-q0009:51276
blind-random-q0009,"다음 요소가 함께 보이고 하나 이상은 뚜렷한 배경: 바다, 전선, 폐허 (실내, 상점가 분위기) / 제외 조건: 추상 텍스처, 소품 단독",blind_random,,29590,21,vv,"{""vv"": 21}","{""blind_random_v1_20260507:vv"": 21}",webdav://13730b09/발송작품/작품/세일러문/#30/1/311_314_316.psd,29590_311_314_316.psd,발송작품/작품/세일러문/#30/1/311_314_316.psd,발송작품/작품/세일러문/#30/1,/Users/saintiron/Projects/Imagine/thumbnails/29590_311_314_316_thumb.png,psd,,,Horizontal speed lines with earth tones,"[""speed_line"", ""motion"", ""earth_tones"", ""horizontal"", ""abstract""]",effect,,,,unknown_legacy,parse_fallback_legacy,"pre-fix: psd-tools failed, fell back to thumbnail-only",repair_required,parse_fallback_legacy,,,,,,,발송작품/작품/세일러문/#30/1,visual:blind-random-q0009:53332,diverse_rank=4; source_count=1; visual_group=visual:blind-random-q0009:53332
blind-random-q0009,"다음 요소가 함께 보이고 하나 이상은 뚜렷한 배경: 바다, 전선, 폐허 (실내, 상점가 분위기) / 제외 조건: 추상 텍스처, 소품 단독",blind_random,,38238,21,mv,"{""mv"": 21}","{""blind_random_v1_20260507:mv"": 21}",webdav://13730b09/발송작품/작품/켄신/켄신367.JPG,38238_켄신367.JPG,발송작품/작품/켄신/켄신367.JPG,webdav:/13730b09/발송작품/작품/켄신,/Users/saintiron/Projects/Imagine/thumbnails/38238_켄신367_thumb.png,jpg,,,"A serene coastal dock with lush green trees, a weathered railing, and traditional boats under a clear blue sky.","[""coastal"", ""dock"", ""trees"", ""boats"", ""anime"", ""summer"", ""peaceful"", ""traditional"", ""clear_sky""]",background,outdoor,,,unknown_legacy,,,repair_required,parse_fallback_legacy,,,,,,,webdav:/13730b09/발송작품/작품/켄신,visual:blind-random-q0009:38238,diverse_rank=8; source_count=1; visual_group=visual:blind-random-q0009:38238
blind-random-q0010,"다음 요소가 함께 보이고 하나 이상은 뚜렷한 배경: 전선, 도로, 별 (야외 분위기) / 제외 조건: 텍스트 중심",blind_random,,57449,1,"mv,triaxis","{""mv"": 2, ""triaxis"": 1}","{""blind_random_v1_20260507:mv"": 2, ""blind_random_v1_20260507:triaxis"": 1}",webdav://13730b09/예비/작품2/대마도학원35시험 소대/제작회사BG/건물/타케루의 집 외관 낮.psd,57449_타케루의 집 외관 낮.psd,예비/작품2/대마도학원35시험 소대/제작회사BG/건물/타케루의 집 외관 낮.psd,건물,/Users/saintiron/Projects/Imagine/thumbnails/57449_타케루의 집 외관 낮_thumb.png,psd,2768,1951,"A street scene with a two-story building, power lines, and modern buildings in the background.","[""street"", ""building"", ""power lines"", ""sky"", ""trees"", ""road"", ""fence"", ""signboard""]",illustration,,,,Qwen/Qwen3.5-9B,,,ok,,,,,,,,건물,visual:blind-random-q0010:57449,diverse_rank=1; source_count=1; visual_group=visual:blind-random-q0010:57449
blind-random-q0010,"다음 요소가 함께 보이고 하나 이상은 뚜렷한 배경: 전선, 도로, 별 (야외 분위기) / 제외 조건: 텍스트 중심",blind_random,,30209,6,"mv,vv","{""mv"": 6, ""vv"": 8}","{""blind_random_v1_20260507:mv"": 6, ""blind_random_v1_20260507:vv"": 8}",webdav://13730b09/발송/범선/작품 쫑/다윈즈게임/장소/도시 낮/dwg03_192_R.psd,dwg03_192_R.psd,발송/범선/작품 쫑/다윈즈게임/장소/도시 낮/dwg03_192_R.psd,발송/범선/작품 쫑/다윈즈게임/장소/도시 낮,/Users/saintiron/Projects/Imagine/thumbnails/dwg03_192_R_thumb.png,psd,1744,2106,"A close-up of a road with white painted markings, including the text '9#F', under soft lighting.","[""road"", ""street"", ""pavement"", ""white_lines"", ""text_on_road"", ""9#F"", ""3d_render"", ""cool_color_palette"", ""calm_mood""]",other,,,,unknown_legacy,parse_fallback_legacy,"pre-fix: psd-tools failed, fell back to thumbnail-only",repair_required,parse_fallback_legacy,,,,,,,발송/범선/작품 쫑/다윈즈게임/장소/도시 낮,visual:blind-random-q0010:30209,diverse_rank=2; source_count=1; visual_group=visual:blind-random-q0010:30209
blind-random-q0010,"다음 요소가 함께 보이고 하나 이상은 뚜렷한 배경: 전선, 도로, 별 (야외 분위기) / 제외 조건: 텍스트 중심",blind_random,,41967,6,"mv,triaxis,vv","{""mv"": 44, ""triaxis"": 6, ""vv"": 26}","{""blind_random_v1_20260507:mv"": 44, ""blind_random_v1_20260507:triaxis"": 6, ""blind_random_v1_20260507:vv"": 26}",webdav://13730b09/예비/크랑베르무/장소/마을/grb08_099_104.psd,41967_grb08_099_104.psd,예비/크랑베르무/장소/마을/grb08_099_104.psd,webdav:/13730b09/예비/크랑베르무/장소/마을,/Users/saintiron/Projects/Imagine/thumbnails/41967_grb08_099_104_thumb.png,psd,,,"A serene anime-style urban street at sunset, framed by power lines and trees against a vibrant orange sky.","[""anime"", ""sunset"", ""urban"", ""power lines"", ""trees"", ""orange sky"", ""serene"", ""imagine_dl_cq67tlim""]",illustration,,,,unknown_legacy,parse_fallback_legacy,"pre-fix: psd-tools failed, fell back to thumbnail-only",repair_required,parse_fallback_legacy,,,,,,,webdav:/13730b09/예비/크랑베르무/장소/마을,visual:blind-random-q0010:41967,diverse_rank=5; source_count=2; visual_group=visual:blind-random-q0010:41967
blind-random-q0010,"다음 요소가 함께 보이고 하나 이상은 뚜렷한 배경: 전선, 도로, 별 (야외 분위기) / 제외 조건: 텍스트 중심",blind_random,,58570,6,"mv,triaxis,vv","{""mv"": 46, ""triaxis"": 10, ""vv"": 6}","{""blind_random_v1_20260507:mv"": 46, ""blind_random_v1_20260507:triaxis"": 10, ""blind_random_v1_20260507:vv"": 6}",webdav://13730b09/예비/작품2/대마도학원35시험 소대/BG/TM#05_146.psd,58570_TM#05_146.psd,예비/작품2/대마도학원35시험 소대/BG/TM#05_146.psd,BG,/Users/saintiron/Projects/Imagine/thumbnails/58570_TM#05_146_thumb.png,psd,1979,1392,"Night scene with brick wall, trees, power lines, and streetlight under cloudy sky.","[""night"", ""brick wall"", ""trees"", ""power lines"", ""streetlight"", ""clouds"", ""sky""]",background,,,,Qwen/Qwen3.5-9B,,,ok,,,,,,,,BG,visual:blind-random-q0010:58570,diverse_rank=7; source_count=1; visual_group=visual:blind-random-q0010:58570
blind-random-q0010,"다음 요소가 함께 보이고 하나 이상은 뚜렷한 배경: 전선, 도로, 별 (야외 분위기) / 제외 조건: 텍스트 중심",blind_random,,41883,11,"triaxis,vv","{""triaxis"": 19, ""vv"": 11}","{""blind_random_v1_20260507:triaxis"": 19, ""blind_random_v1_20260507:vv"": 11}",webdav://13730b09/예비/크랑베르무/장소/마을/grb03_077.psd,41883_grb03_077.psd,예비/크랑베르무/장소/마을/grb03_077.psd,webdav:/13730b09/예비/크랑베르무/장소/마을,/Users/saintiron/Projects/Imagine/thumbnails/41883_grb03_077_thumb.png,psd,,,"A road stretches under a vivid red sky, with houses and trees lining the sides.","[""anime"", ""red sky"", ""road"", ""mysterious"", ""imagine_dl_cq67tlim""]",illustration,,,,unknown_legacy,parse_fallback_legacy,"pre-fix: psd-tools failed, fell back to thumbnail-only",repair_required,parse_fallback_legacy,,,,,,,webdav:/13730b09/예비/크랑베르무/장소/마을,visual:blind-random-q0010:41883,diverse_rank=3; source_count=2; visual_group=visual:blind-random-q0010:41883
blind-random-q0010,"다음 요소가 함께 보이고 하나 이상은 뚜렷한 배경: 전선, 도로, 별 (야외 분위기) / 제외 조건: 텍스트 중심",blind_random,,47667,11,triaxis,"{""triaxis"": 11}","{""blind_random_v1_20260507:triaxis"": 11}",webdav://13730b09/발송/외주 회사/뱅가드/26/#08/bg/VS10_08_023_GENZU.psd,47667_VS10_08_023_GENZU.psd,발송/외주 회사/뱅가드/26/#08/bg/VS10_08_023_GENZU.psd,발송/외주 회사/뱅가드/26/#08/bg,/Users/saintiron/Projects/Imagine/thumbnails/47667_VS10_08_023_GENZU_thumb.png,psd,,,A serene sunset over a sandy field with power lines and trees.,"[""sunset"", ""field"", ""trees"", ""power lines"", ""sky"", ""sand"", ""landscape"", ""peaceful""]",background,,,,unknown_legacy,parse_fallback_legacy,"pre-fix: psd-tools failed, fell back to thumbnail-only",repair_required,parse_fallback_legacy,,,,,,,발송/외주 회사/뱅가드/26/#08/bg,visual:blind-random-q0010:47667,diverse_rank=6; source_count=1; visual_group=visual:blind-random-q0010:47667
blind-random-q0010,"다음 요소가 함께 보이고 하나 이상은 뚜렷한 배경: 전선, 도로, 별 (야외 분위기) / 제외 조건: 텍스트 중심",blind_random,,56817,11,mv,"{""mv"": 11}","{""blind_random_v1_20260507:mv"": 11}",webdav://13730b09/발송/외주 회사/빔 studio/나카무라/re/GNK_04_190_bg_take1_r.psd,56817_GNK_04_190_bg_take1_r.psd,발송/외주 회사/빔 studio/나카무라/re/GNK_04_190_bg_take1_r.psd,re,/Users/saintiron/Projects/Imagine/thumbnails/56817_GNK_04_190_bg_take1_r_thumb.png,psd,1754,2036,"A sunny suburban street lined with houses, fences, and greenery under a blue sky.","[""street"", ""houses"", ""fences"", ""trees"", ""power lines"", ""sky"", ""residential"", ""suburban""]",illustration,,,,Qwen/Qwen3.5-9B,,,ok,,,,,,,,re,visual:blind-random-q0010:56817,diverse_rank=8; source_count=1; visual_group=visual:blind-random-q0010:56817
blind-random-q0010,"다음 요소가 함께 보이고 하나 이상은 뚜렷한 배경: 전선, 도로, 별 (야외 분위기) / 제외 조건: 텍스트 중심",blind_random,,46560,21,mv,"{""mv"": 21}","{""blind_random_v1_20260507:mv"": 21}",webdav://13730b09/발송작품/작품/Fate/sankouBG/보도/hokawasuu_board_027.psd,46560_hokawasuu_board_027.psd,발송작품/작품/Fate/sankouBG/보도/hokawasuu_board_027.psd,webdav:/13730b09/발송작품/작품/Fate/sankouBG/보도,/Users/saintiron/Projects/Imagine/thumbnails/46560_hokawasuu_board_027_thumb.png,psd,,,A winding road curves through a quiet town at sunset.,"[""road"", ""sunset"", ""trees"", ""guardrail"", ""buildings"", ""landscape"", ""anime"", ""digital art""]",background,,,,unknown_legacy,parse_fallback_legacy,"pre-fix: psd-tools failed, fell back to thumbnail-only",repair_required,parse_fallback_legacy,,,,,,,webdav:/13730b09/발송작품/작품/Fate/sankouBG/보도,visual:blind-random-q0010:46560,diverse_rank=4; source_count=1; visual_group=visual:blind-random-q0010:46560
blind-random-q0011,"다음 요소가 함께 보이는 배경: 다리, 안개 (학교, 마을 분위기) / 제외 조건: 전투 장면",blind_random,,32315,1,triaxis,"{""triaxis"": 1}","{""blind_random_v1_20260507:triaxis"": 1}",webdav://13730b09/발송4/범선/종말투어링/#07/bg/syt07_019.psd,32315_syt07_019.psd,발송4/범선/종말투어링/#07/bg/syt07_019.psd,발송4/범선/종말투어링/#07/bg,/Users/saintiron/Projects/Imagine/thumbnails/32315_syt07_019_thumb.png,psd,,,"A serene anime-style urban landscape featuring a bridge spanning a wide river under a bright blue sky with fluffy clouds, surrounded by lush greenery and distant cityscape.","[""anime"", ""bridge"", ""river"", ""cityscape"", ""summer"", ""peaceful"", ""urban"", ""blue sky"", ""green trees"", ""clouds"", ""modern architecture""]",background,urban,,,unknown_legacy,parse_fallback_legacy,"pre-fix: psd-tools failed, fell back to thumbnail-only",repair_required,parse_fallback_legacy,,,,,,,발송4/범선/종말투어링/#07/bg,visual:blind-random-q0011:32315,diverse_rank=1; source_count=1; visual_group=visual:blind-random-q0011:32315
blind-random-q0011,"다음 요소가 함께 보이는 배경: 다리, 안개 (학교, 마을 분위기) / 제외 조건: 전투 장면",blind_random,,41027,1,vv,"{""vv"": 1}","{""blind_random_v1_20260507:vv"": 1}",webdav://13730b09/예비/크랑베르무/장소/잡것/grb09_013_023.psd,41027_grb09_013_023.psd,예비/크랑베르무/장소/잡것/grb09_013_023.psd,webdav:/13730b09/예비/크랑베르무/장소/잡것,/Users/saintiron/Projects/Imagine/thumbnails/41027_grb09_013_023_thumb.png,psd,,,"A rainy, dimly lit street in a traditional Japanese neighborhood, with wet pavement reflecting the gloomy sky and a lone tree standing by a fence.","[""rainy"", ""dusk"", ""traditional japanese architecture"", ""anime"", ""mysterious"", ""autumn"", ""dark atmosphere""]",background,Cities,Dusk,Rainy,unknown_legacy,parse_fallback_legacy,"pre-fix: psd-tools failed, fell back to thumbnail-only",repair_required,parse_fallback_legacy,,,,,,,webdav:/13730b09/예비/크랑베르무/장소/잡것,visual:blind-random-q0011:41027,diverse_rank=7; source_count=1; visual_group=visual:blind-random-q0011:41027
blind-random-q0011,"다음 요소가 함께 보이는 배경: 다리, 안개 (학교, 마을 분위기) / 제외 조건: 전투 장면",blind_random,,28725,6,vv,"{""vv"": 6}","{""blind_random_v1_20260507:vv"": 6}",/Users/saintiron/imageDB/마캬베리즈무/장소/강다외부/agm03_250.psd,agm03_250.psd,agm03_250.psd,강다외부,/Users/saintiron/Projects/Imagine/thumbnails/agm03_250_thumb.png,psd,1651,1169,A concrete staircase and hallway with industrial pipes and large windows.,"[""staircase"", ""concrete"", ""hallway"", ""pipes"", ""windows"", ""industrial"", ""architecture"", ""floor""]",background,,,,Qwen/Qwen3.5-9B,vision_done,,ok,,,,,,,,강다외부,visual:blind-random-q0011:39220,diverse_rank=2; source_count=1; visual_group=visual:blind-random-q0011:39220
blind-random-q0011,"다음 요소가 함께 보이는 배경: 다리, 안개 (학교, 마을 분위기) / 제외 조건: 전투 장면",blind_random,,39226,6,"mv,triaxis","{""mv"": 6, ""triaxis"": 20}","{""blind_random_v1_20260507:mv"": 6, ""blind_random_v1_20260507:triaxis"": 20}",webdav://13730b09/예비/크랑베르무/장소/학교/grb02_164.psd,39226_grb02_164.psd,예비/크랑베르무/장소/학교/grb02_164.psd,webdav:/13730b09/예비/크랑베르무/장소/학교,/Users/saintiron/Projects/Imagine/thumbnails/39226_grb02_164_thumb.png,psd,,,"A serene courtyard of a school building with lush green trees, benches, and a clear blue sky.","[""school"", ""courtyard"", ""anime"", ""summer"", ""peaceful"", ""academic"", ""trees"", ""benches"", ""bright""]",background,outdoor,,,unknown_legacy,parse_fallback_legacy,"pre-fix: psd-tools failed, fell back to thumbnail-only",repair_required,parse_fallback_legacy,,,,,,,webdav:/13730b09/예비/크랑베르무/장소/학교,visual:blind-random-q0011:39226,diverse_rank=5; source_count=3; visual_group=visual:blind-random-q0011:39226
blind-random-q0011,"다음 요소가 함께 보이는 배경: 다리, 안개 (학교, 마을 분위기) / 제외 조건: 전투 장면",blind_random,,53050,6,triaxis,"{""triaxis"": 6}","{""blind_random_v1_20260507:triaxis"": 6}",webdav://13730b09/발송/범선/기절용사와 암살공주/장소/마을/kya07_040_BGonly.psd,53050_kya07_040_BGonly.psd,발송/범선/기절용사와 암살공주/장소/마을/kya07_040_BGonly.psd,webdav:/13730b09/발송/범선/기절용사와 암살공주/장소/마을,/Users/saintiron/Projects/Imagine/thumbnails/53050_kya07_040_BGonly_thumb.png,psd,,,"A sunny medieval village square with buildings, a well, and a castle in the distance.","[""village"", ""square"", ""well"", ""buildings"", ""castle"", ""trees"", ""flags"", ""cobblestone""]",background,,,,unknown_legacy,parse_fallback_legacy,"pre-fix: psd-tools failed, fell back to thumbnail-only",repair_required,parse_fallback_legacy,,,,,,,webdav:/13730b09/발송/범선/기절용사와 암살공주/장소/마을,visual:blind-random-q0011:53050,diverse_rank=8; source_count=1; visual_group=visual:blind-random-q0011:53050
blind-random-q0011,"다음 요소가 함께 보이는 배경: 다리, 안개 (학교, 마을 분위기) / 제외 조건: 전투 장면",blind_random,,39263,11,fts,"{""fts"": 11}","{""blind_random_v1_20260507:fts"": 11}",webdav://13730b09/예비/크랑베르무/장소/학교/grb08_129.psd,39263_grb08_129.psd,예비/크랑베르무/장소/학교/grb08_129.psd,webdav:/13730b09/예비/크랑베르무/장소/학교,/Users/saintiron/Projects/Imagine/thumbnails/39263_grb08_129_thumb.png,psd,,,透明的线稿少女形象叠加在教室公告板前，背景为冷色调。,"[""anime"", ""portrait"", ""transparent_lineart"", ""school_board"", ""cool_color_palette"", ""serene_mood"", ""digital_art""]",illustration,,,,unknown_legacy,parse_fallback_legacy,"pre-fix: psd-tools failed, fell back to thumbnail-only",repair_required,parse_fallback_legacy,,,,,,,webdav:/13730b09/예비/크랑베르무/장소/학교,visual:blind-random-q0011:39263,diverse_rank=3; source_count=3; visual_group=visual:blind-random-q0011:39263
blind-random-q0011,"다음 요소가 함께 보이는 배경: 다리, 안개 (학교, 마을 분위기) / 제외 조건: 전투 장면",blind_random,,46769,11,vv,"{""vv"": 11}","{""blind_random_v1_20260507:vv"": 11}",webdav://13730b09/발송작품/작품/Fate/BG.참고/kyoukai_soto_07.psd,46769_kyoukai_soto_07.psd,발송작품/작품/Fate/BG.참고/kyoukai_soto_07.psd,webdav:/13730b09/발송작품/작품/Fate/BG.참고,/Users/saintiron/Projects/Imagine/thumbnails/46769_kyoukai_soto_07_thumb.png,psd,,,A dark church gate with no light at the entrance.,"[""church"", ""night"", ""gate"", ""darkness"", ""anime"", ""blue"", ""atmosphere"", ""silhouette""]",illustration,,,,unknown_legacy,parse_fallback_legacy,"pre-fix: psd-tools failed, fell back to thumbnail-only",repair_required,parse_fallback_legacy,,,,,,,webdav:/13730b09/발송작품/작품/Fate/BG.참고,visual:blind-random-q0011:46520,diverse_rank=6; source_count=1; visual_group=visual:blind-random-q0011:46520
blind-random-q0011,"다음 요소가 함께 보이는 배경: 다리, 안개 (학교, 마을 분위기) / 제외 조건: 전투 장면",blind_random,,39171,21,fts,"{""fts"": 21}","{""blind_random_v1_20260507:fts"": 21}",webdav://13730b09/예비/크랑베르무/장소/학교/grb02_179.psd,39171_grb02_179.psd,예비/크랑베르무/장소/학교/grb02_179.psd,webdav:/13730b09/예비/크랑베르무/장소/학교,/Users/saintiron/Projects/Imagine/thumbnails/39171_grb02_179_thumb.png,psd,,,A translucent anime-style portrait overlays a serene outdoor scene with a building and greenery.,"[""anime"", ""portrait"", ""overlay"", ""serene"", ""outdoor"", ""translucent"", ""digital""]",illustration,,,,unknown_legacy,parse_fallback_legacy,"pre-fix: psd-tools failed, fell back to thumbnail-only",repair_required,parse_fallback_legacy,,,,,,,webdav:/13730b09/예비/크랑베르무/장소/학교,visual:blind-random-q0011:39171,diverse_rank=4; source_count=3; visual_group=visual:blind-random-q0011:39171
blind-random-q0012,"다음 요소가 함께 보이고 하나 이상은 뚜렷한 배경: 노을, 선반, 책상 (야외, 밝은 낮 분위기) / 제외 조건: 근접 얼굴, 전투 장면",blind_random,,33060,1,"mv,triaxis","{""mv"": 30, ""triaxis"": 1}","{""blind_random_v1_20260507:mv"": 30, ""blind_random_v1_20260507:triaxis"": 1}",webdav://13730b09/발송4/범선/작품 쫑/후시/장소/잡것/nfb08_177.psd,33060_nfb08_177.psd,발송4/범선/작품 쫑/후시/장소/잡것/nfb08_177.psd,webdav:/13730b09/발송4/범선/작품 쫑/후시/장소/잡것,/Users/saintiron/Projects/Imagine/thumbnails/33060_nfb08_177_thumb.png,psd,,,"A serene outdoor setting with a table set for a meal, surrounded by lush green forest under bright daylight.","[""forest"", ""outdoor"", ""anime"", ""table"", ""dinner"", ""peaceful"", ""summer"", ""natural_light""]",background,outdoor,,,unknown_legacy,parse_fallback_legacy,"pre-fix: psd-tools failed, fell back to thumbnail-only",repair_required,parse_fallback_legacy,,,,,,,webdav:/13730b09/발송4/범선/작품 쫑/후시/장소/잡것,visual:blind-random-q0012:33060,diverse_rank=1; source_count=1; visual_group=visual:blind-random-q0012:33060
blind-random-q0012,"다음 요소가 함께 보이고 하나 이상은 뚜렷한 배경: 노을, 선반, 책상 (야외, 밝은 낮 분위기) / 제외 조건: 근접 얼굴, 전투 장면",blind_random,,46507,1,vv,"{""vv"": 1}","{""blind_random_v1_20260507:vv"": 1}",webdav://13730b09/발송작품/작품/Fate/sankouBG/kennooka_retacchi_hosoku.psd,46507_kennooka_retacchi_hosoku.psd,발송작품/작품/Fate/sankouBG/kennooka_retacchi_hosoku.psd,webdav:/13730b09/발송작품/작품/Fate/sankouBG,/Users/saintiron/Projects/Imagine/thumbnails/46507_kennooka_retacchi_hosoku_thumb.png,psd,,,Comparison of 3D model and art retouched ground with swords,"[""ground"", ""swords"", ""retouch"", ""3d"", ""texture"", ""comparison"", ""digital art"", ""reference""]",illustration,,,,unknown_legacy,parse_fallback_legacy,"pre-fix: psd-tools failed, fell back to thumbnail-only",repair_required,parse_fallback_legacy,,,,,,,webdav:/13730b09/발송작품/작품/Fate/sankouBG,visual:blind-random-q0012:46507,diverse_rank=5; source_count=1; visual_group=visual:blind-random-q0012:46507
blind-random-q0012,"다음 요소가 함께 보이고 하나 이상은 뚜렷한 배경: 노을, 선반, 책상 (야외, 밝은 낮 분위기) / 제외 조건: 근접 얼굴, 전투 장면",blind_random,,39391,6,"mv,triaxis","{""mv"": 41, ""triaxis"": 6}","{""blind_random_v1_20260507:mv"": 41, ""blind_random_v1_20260507:triaxis"": 6}",webdav://13730b09/예비/크랑베르무/장소/켐핑장/grb11_204.psd,39391_grb11_204.psd,예비/크랑베르무/장소/켐핑장/grb11_204.psd,webdav:/13730b09/예비/크랑베르무/장소/켐핑장,/Users/saintiron/Projects/Imagine/thumbnails/39391_grb11_204_thumb.png,psd,,,Sunset over a river with mountains and a campfire on the shore.,"[""sunset"", ""river"", ""campfire"", ""mountains"", ""nature"", ""peaceful"", ""scenic"", ""art""]",background,,,,unknown_legacy,parse_fallback_legacy,"pre-fix: psd-tools failed, fell back to thumbnail-only",repair_required,parse_fallback_legacy,,,,,,,webdav:/13730b09/예비/크랑베르무/장소/켐핑장,visual:blind-random-q0012:39391,diverse_rank=2; source_count=2; visual_group=visual:blind-random-q0012:39391
blind-random-q0012,"다음 요소가 함께 보이고 하나 이상은 뚜렷한 배경: 노을, 선반, 책상 (야외, 밝은 낮 분위기) / 제외 조건: 근접 얼굴, 전투 장면",blind_random,,46366,6,vv,"{""vv"": 6}","{""blind_random_v1_20260507:vv"": 6}",webdav://13730b09/발송작품/작품/Fate/FT25_197_211_235_BG_rrr.psd,46366_FT25_197_211_235_BG_rrr.psd,발송작품/작품/Fate/FT25_197_211_235_BG_rrr.psd,webdav:/13730b09/발송작품/작품/Fate,/Users/saintiron/Projects/Imagine/thumbnails/46366_FT25_197_211_235_BG_rrr_thumb.png,psd,,,A battlefield scene with fallen soldiers and a blood-stained sword.,"[""battlefield"", ""sword"", ""soldiers"", ""war"", ""fallen"", ""dusk"", ""horror"", ""fantasy""]",illustration,,,,unknown_legacy,parse_fallback_legacy,"pre-fix: psd-tools failed, fell back to thumbnail-only",repair_required,parse_fallback_legacy,,,,,,,webdav:/13730b09/발송작품/작품/Fate,visual:blind-random-q0012:46366,diverse_rank=6; source_count=1; visual_group=visual:blind-random-q0012:46366
blind-random-q0012,"다음 요소가 함께 보이고 하나 이상은 뚜렷한 배경: 노을, 선반, 책상 (야외, 밝은 낮 분위기) / 제외 조건: 근접 얼굴, 전투 장면",blind_random,,39403,11,"mv,triaxis","{""mv"": 34, ""triaxis"": 11}","{""blind_random_v1_20260507:mv"": 34, ""blind_random_v1_20260507:triaxis"": 11}",webdav://13730b09/예비/크랑베르무/장소/켐핑장/grb11_217.psd,39403_grb11_217.psd,예비/크랑베르무/장소/켐핑장/grb11_217.psd,webdav:/13730b09/예비/크랑베르무/장소/켐핑장,/Users/saintiron/Projects/Imagine/thumbnails/39403_grb11_217_thumb.png,psd,,,A translucent sheet floats over a forest at sunset.,"[""sunset"", ""forest"", ""sheet"", ""sky"", ""nature"", ""light"", ""clouds"", ""trees""]",illustration,,,,unknown_legacy,parse_fallback_legacy,"pre-fix: psd-tools failed, fell back to thumbnail-only",repair_required,parse_fallback_legacy,,,,,,,webdav:/13730b09/예비/크랑베르무/장소/켐핑장,visual:blind-random-q0012:39403,diverse_rank=3; source_count=2; visual_group=visual:blind-random-q0012:39403
blind-random-q0012,"다음 요소가 함께 보이고 하나 이상은 뚜렷한 배경: 노을, 선반, 책상 (야외, 밝은 낮 분위기) / 제외 조건: 근접 얼굴, 전투 장면",blind_random,,46777,11,vv,"{""vv"": 11}","{""blind_random_v1_20260507:vv"": 11}",webdav://13730b09/발송작품/작품/Fate/BG.참고/kyoukai_soto_shikichi_tokusyoku_02.psd,46777_kyoukai_soto_shikichi_tokusyoku_02.psd,발송작품/작품/Fate/BG.참고/kyoukai_soto_shikichi_tokusyoku_02.psd,webdav:/13730b09/발송작품/작품/Fate/BG.참고,/Users/saintiron/Projects/Imagine/thumbnails/46777_kyoukai_soto_shikichi_tokusyoku_02_thumb.png,psd,,,Storyboard comparing Hi-Con and No-Mal color variations for scenes 081-112.,"[""Storyboard"", ""Animation"", ""Character Design"", ""Color Study"", ""Hi-Con"", ""No-Mal"", ""Sketch"", ""Concept Art""]",illustration,,,,unknown_legacy,parse_fallback_legacy,"pre-fix: psd-tools failed, fell back to thumbnail-only",repair_required,parse_fallback_legacy,,,,,,,webdav:/13730b09/발송작품/작품/Fate/BG.참고,visual:blind-random-q0012:46526,diverse_rank=7; source_count=1; visual_group=visual:blind-random-q0012:46526
blind-random-q0012,"다음 요소가 함께 보이고 하나 이상은 뚜렷한 배경: 노을, 선반, 책상 (야외, 밝은 낮 분위기) / 제외 조건: 근접 얼굴, 전투 장면",blind_random,,41568,21,triaxis,"{""triaxis"": 21}","{""blind_random_v1_20260507:triaxis"": 21}",webdav://13730b09/예비/크랑베르무/장소/병원/grb07_024.psd,41568_grb07_024.psd,예비/크랑베르무/장소/병원/grb07_024.psd,webdav:/13730b09/예비/크랑베르무/장소/병원,/Users/saintiron/Projects/Imagine/thumbnails/41568_grb07_024_thumb.png,psd,,,"A cozy room bathed in golden sunset light through a window with curtains, featuring a wall-mounted power strip and a hanging lamp.","[""sunset"", ""window"", ""curtains"", ""power_strip"", ""lamp"", ""anime"", ""cozy"", ""warm_light""]",background,Interior,Sunset,Clear,unknown_legacy,parse_fallback_legacy,"pre-fix: psd-tools failed, fell back to thumbnail-only",repair_required,parse_fallback_legacy,,,,,,,webdav:/13730b09/예비/크랑베르무/장소/병원,visual:blind-random-q0012:41568,diverse_rank=4; source_count=1; visual_group=visual:blind-random-q0012:41568
blind-random-q0012,"다음 요소가 함께 보이고 하나 이상은 뚜렷한 배경: 노을, 선반, 책상 (야외, 밝은 낮 분위기) / 제외 조건: 근접 얼굴, 전투 장면",blind_random,,41953,21,vv,"{""vv"": 21}","{""blind_random_v1_20260507:vv"": 21}",webdav://13730b09/예비/크랑베르무/장소/마을/grb07_051B.psd,41953_grb07_051B.psd,예비/크랑베르무/장소/마을/grb07_051B.psd,webdav:/13730b09/예비/크랑베르무/장소/마을,/Users/saintiron/Projects/Imagine/thumbnails/41953_grb07_051B_thumb.png,psd,,,Line art sketch of a character in side profile against a purple sky,[],character,,,,unknown_legacy,parse_fallback_legacy,"pre-fix: psd-tools failed, fell back to thumbnail-only",repair_required,parse_fallback_legacy,,,,,,,webdav:/13730b09/예비/크랑베르무/장소/마을,visual:blind-random-q0012:41953,diverse_rank=8; source_count=1; visual_group=visual:blind-random-q0012:41953
blind-random-q0013,"다음 요소가 함께 보이는 배경: 커튼, 동굴 벽 (현대 건축 분위기) / 제외 조건: 추상 텍스처",blind_random,,28732,1,vv,"{""vv"": 1}","{""blind_random_v1_20260507:vv"": 1}",/Users/saintiron/imageDB/마캬베리즈무/장소/강다외부/agm03_262.psd,agm03_262.psd,agm03_262.psd,강다외부,/Users/saintiron/Projects/Imagine/thumbnails/agm03_262_thumb.png,psd,2090,4279,Vertical texture and concrete parking structure with pillars and pipes,"[""texture"", ""concrete"", ""pillars"", ""pipes"", ""parking"", ""architecture"", ""vertical"", ""minimal""]",background,,,,Qwen/Qwen3.5-9B,vision_done,,ok,,,,,,,,강다외부,visual:blind-random-q0013:28732,diverse_rank=1; source_count=1; visual_group=visual:blind-random-q0013:28732
blind-random-q0013,"다음 요소가 함께 보이는 배경: 커튼, 동굴 벽 (현대 건축 분위기) / 제외 조건: 추상 텍스처",blind_random,,31477,1,triaxis,"{""triaxis"": 1}","{""blind_random_v1_20260507:triaxis"": 1}",/Users/saintiron/imageDB/마캬베리즈무/실내소품/NM#02_017.psd,NM#02_017.psd,NM#02_017.psd,실내소품,/Users/saintiron/Projects/Imagine/thumbnails/NM#02_017_thumb.png,psd,1685,1191,Green curtain partially covering a window in a room interior,"[""curtain"", ""window"", ""wall"", ""interior"", ""green"", ""light"", ""room""]",background,,,,Qwen/Qwen3.5-9B,vision_done,,ok,,,,,,,,실내소품,visual:blind-random-q0013:31477,diverse_rank=5; source_count=1; visual_group=visual:blind-random-q0013:31477
blind-random-q0013,"다음 요소가 함께 보이는 배경: 커튼, 동굴 벽 (현대 건축 분위기) / 제외 조건: 추상 텍스처",blind_random,,34865,6,vv,"{""vv"": 6}","{""blind_random_v1_20260507:vv"": 6}",webdav://13730b09/발송4/범선/작품 쫑/후시/장소/대장간/nfb04_288_r.psd,34865_nfb04_288_r.psd,발송4/범선/작품 쫑/후시/장소/대장간/nfb04_288_r.psd,webdav:/13730b09/발송4/범선/작품 쫑/후시/장소/대장간,/Users/saintiron/Projects/Imagine/thumbnails/34865_nfb04_288_r_thumb.png,psd,,,"A dimly lit indoor scene with a green curtain and stone wall, suggesting a quiet, somber atmosphere.","[""indoor"", ""night"", ""green_curtain"", ""stone_wall"", ""anime"", ""melancholic"", ""dim_lighting""]",background,indoor,,,unknown_legacy,parse_fallback_legacy,"pre-fix: psd-tools failed, fell back to thumbnail-only",repair_required,parse_fallback_legacy,,,,,,,webdav:/13730b09/발송4/범선/작품 쫑/후시/장소/대장간,visual:blind-random-q0013:34867,diverse_rank=2; source_count=1; visual_group=visual:blind-random-q0013:34867
blind-random-q0013,"다음 요소가 함께 보이는 배경: 커튼, 동굴 벽 (현대 건축 분위기) / 제외 조건: 추상 텍스처",blind_random,,51851,6,"fts,triaxis","{""fts"": 6, ""triaxis"": 9}","{""blind_random_v1_20260507:fts"": 6, ""blind_random_v1_20260507:triaxis"": 9}",webdav://13730b09/발송/범선/기절용사와 암살공주/장소/동굴/kya02_200.psd,51851_kya02_200.psd,발송/범선/기절용사와 암살공주/장소/동굴/kya02_200.psd,webdav:/13730b09/발송/범선/기절용사와 암살공주/장소/동굴,/Users/saintiron/Projects/Imagine/thumbnails/51851_kya02_200_thumb.png,psd,,,Cave interior with ancient carvings and glowing light sources,"[""cave"", ""carvings"", ""light"", ""stone"", ""ancient""]",illustration,,,,unknown_legacy,parse_fallback_legacy,"pre-fix: psd-tools failed, fell back to thumbnail-only",repair_required,parse_fallback_legacy,,,,,,,webdav:/13730b09/발송/범선/기절용사와 암살공주/장소/동굴,visual:blind-random-q0013:51851,diverse_rank=6; source_count=1; visual_group=visual:blind-random-q0013:51851
blind-random-q0013,"다음 요소가 함께 보이는 배경: 커튼, 동굴 벽 (현대 건축 분위기) / 제외 조건: 추상 텍스처",blind_random,,30287,11,"triaxis,vv","{""triaxis"": 11, ""vv"": 28}","{""blind_random_v1_20260507:triaxis"": 11, ""blind_random_v1_20260507:vv"": 28}",webdav://13730b09/발송/범선/작품 쫑/다윈즈게임/장소/도시 낮/dwg05_014_015_BG1.psd,dwg05_014_015_BG1.psd,발송/범선/작품 쫑/다윈즈게임/장소/도시 낮/dwg05_014_015_BG1.psd,발송/범선/작품 쫑/다윈즈게임/장소/도시 낮,/Users/saintiron/Projects/Imagine/thumbnails/dwg05_014_015_BG1_thumb.png,psd,2653,1824,A modern building facade with evenly spaced windows under clear daylight.,[],background,urban,,,unknown_legacy,parse_fallback_legacy,"pre-fix: psd-tools failed, fell back to thumbnail-only",repair_required,parse_fallback_legacy,,,,,,,발송/범선/작품 쫑/다윈즈게임/장소/도시 낮,visual:blind-random-q0013:60323,diverse_rank=3; source_count=2; visual_group=visual:blind-random-q0013:60323
blind-random-q0013,"다음 요소가 함께 보이는 배경: 커튼, 동굴 벽 (현대 건축 분위기) / 제외 조건: 추상 텍스처",blind_random,,39873,11,vv,"{""vv"": 11}","{""blind_random_v1_20260507:vv"": 11}",webdav://13730b09/예비/크랑베르무/장소/전투/6/grb12_274_BG1.psd,39873_grb12_274_BG1.psd,예비/크랑베르무/장소/전투/6/grb12_274_BG1.psd,webdav:/13730b09/예비/크랑베르무/장소/전투/6,/Users/saintiron/Projects/Imagine/thumbnails/39873_grb12_274_BG1_thumb.png,psd,,,"A mysterious doorway in a purple-hued stone wall, leading into darkness.","[""Dungeons"", ""Mysterious"", ""Purple"", ""Ancient Architecture"", ""Low Lighting"", ""Digital Painting""]",background,Dungeons,Night,Overcast,unknown_legacy,parse_fallback_legacy,"pre-fix: psd-tools failed, fell back to thumbnail-only",repair_required,parse_fallback_legacy,,,,,,,webdav:/13730b09/예비/크랑베르무/장소/전투/6,visual:blind-random-q0013:39873,diverse_rank=7; source_count=1; visual_group=visual:blind-random-q0013:39873
blind-random-q0013,"다음 요소가 함께 보이는 배경: 커튼, 동굴 벽 (현대 건축 분위기) / 제외 조건: 추상 텍스처",blind_random,,30031,21,mv,"{""mv"": 21}","{""blind_random_v1_20260507:mv"": 21}",webdav://13730b09/발송/범선/작품 쫑/다윈즈게임/장소/도시 낮/dwg02_086.psd,dwg02_086.psd,발송/범선/작품 쫑/다윈즈게임/장소/도시 낮/dwg02_086.psd,발송/범선/작품 쫑/다윈즈게임/장소/도시 낮,/Users/saintiron/Projects/Imagine/thumbnails/dwg02_086_thumb.png,psd,2263,1374,"A blue tarp covers an object in front of a modern building, with a yellow caution tape and green plants nearby.","[""urban"", ""modern_architecture"", ""blue_tarp"", ""caution_tape"", ""green_plants"", ""anime_style""]",background,urban,,,unknown_legacy,parse_fallback_legacy,"pre-fix: psd-tools failed, fell back to thumbnail-only",repair_required,parse_fallback_legacy,,,,,,,발송/범선/작품 쫑/다윈즈게임/장소/도시 낮,visual:blind-random-q0013:30031,diverse_rank=4; source_count=2; visual_group=visual:blind-random-q0013:30031
blind-random-q0013,"다음 요소가 함께 보이는 배경: 커튼, 동굴 벽 (현대 건축 분위기) / 제외 조건: 추상 텍스처",blind_random,,39019,21,vv,"{""vv"": 21}","{""blind_random_v1_20260507:vv"": 21}",webdav://13730b09/예비/크랑베르무/장소/홍콩/grb04_047.psd,39019_grb04_047.psd,예비/크랑베르무/장소/홍콩/grb04_047.psd,webdav:/13730b09/예비/크랑베르무/장소/홍콩,/Users/saintiron/Projects/Imagine/thumbnails/39019_grb04_047_thumb.png,psd,,,"Abstract textured surface with gradient from light blue to dark gray, evoking a cold, atmospheric mood.","[""abstract"", ""texture"", ""blue_gradient"", ""dark"", ""melancholic"", ""painterly""]",background,abstract,,,unknown_legacy,parse_fallback_legacy,"pre-fix: psd-tools failed, fell back to thumbnail-only",repair_required,parse_fallback_legacy,,,,,,,webdav:/13730b09/예비/크랑베르무/장소/홍콩,visual:blind-random-q0013:39019,diverse_rank=8; source_count=1; visual_group=visual:blind-random-q0013:39019
blind-random-q0014,"다음 요소가 함께 보이고 하나 이상은 뚜렷한 배경: 커튼, 푸른 하늘, 숲 (야외 분위기) / 제외 조건: 근접 얼굴",blind_random,,41267,1,vv,"{""vv"": 1}","{""blind_random_v1_20260507:vv"": 1}",webdav://13730b09/예비/크랑베르무/장소/신사/grb02_069_072.psd,41267_grb02_069_072.psd,예비/크랑베르무/장소/신사/grb02_069_072.psd,webdav:/13730b09/예비/크랑베르무/장소/신사,/Users/saintiron/Projects/Imagine/thumbnails/41267_grb02_069_072_thumb.png,psd,,,Anime character sketch overlaying a scenic landscape with a stone lantern and tree,"[""anime"", ""character sketch"", ""landscape"", ""stone lantern"", ""tree"", ""blue sky"", ""clouds"", ""greenery"", ""art illustration""]",illustration,,,,unknown_legacy,parse_fallback_legacy,"pre-fix: psd-tools failed, fell back to thumbnail-only",repair_required,parse_fallback_legacy,,,,,,,webdav:/13730b09/예비/크랑베르무/장소/신사,visual:blind-random-q0014:41267,diverse_rank=1; source_count=1; visual_group=visual:blind-random-q0014:41267
blind-random-q0014,"다음 요소가 함께 보이고 하나 이상은 뚜렷한 배경: 커튼, 푸른 하늘, 숲 (야외 분위기) / 제외 조건: 근접 얼굴",blind_random,,48154,1,mv,"{""mv"": 1}","{""blind_random_v1_20260507:mv"": 1}",webdav://13730b09/발송/외주 회사/뱅가드/26/#04/bg/VS10_04_040_genzu.psd,48154_VS10_04_040_genzu.psd,발송/외주 회사/뱅가드/26/#04/bg/VS10_04_040_genzu.psd,발송/외주 회사/뱅가드/26/#04/bg,/Users/saintiron/Projects/Imagine/thumbnails/48154_VS10_04_040_genzu_thumb.png,psd,,,"Outdoor scene with wooden tables, red umbrellas, and greenery.","[""outdoor"", ""tables"", ""umbrellas"", ""greenery"", ""nature"", ""park"", ""relaxation"", ""summer""]",background,,,,unknown_legacy,parse_fallback_legacy,"pre-fix: psd-tools failed, fell back to thumbnail-only",repair_required,parse_fallback_legacy,,,,,,,발송/외주 회사/뱅가드/26/#04/bg,visual:blind-random-q0014:48154,diverse_rank=5; source_count=1; visual_group=visual:blind-random-q0014:48154
blind-random-q0014,"다음 요소가 함께 보이고 하나 이상은 뚜렷한 배경: 커튼, 푸른 하늘, 숲 (야외 분위기) / 제외 조건: 근접 얼굴",blind_random,,56947,1,"fts,triaxis","{""fts"": 1, ""triaxis"": 1}","{""blind_random_v1_20260507:fts"": 1, ""blind_random_v1_20260507:triaxis"": 1}",webdav://13730b09/발송/외주 회사/빔 studio/귀인환등초/bg/KGS_01_336.psd,56947_KGS_01_336.psd,발송/외주 회사/빔 studio/귀인환등초/bg/KGS_01_336.psd,bg,/Users/saintiron/Projects/Imagine/thumbnails/56947_KGS_01_336_thumb.png,psd,2339,1653,A serene sky with fluffy clouds and a thatched roof corner.,"[""sky"", ""clouds"", ""thatched roof"", ""grass"", ""blue sky"", ""white clouds"", ""rural"", ""peaceful""]",background,,,,Qwen/Qwen3.5-9B,,,ok,,,,,,,,bg,visual:blind-random-q0014:56947,diverse_rank=8; source_count=3; visual_group=visual:blind-random-q0014:56947
blind-random-q0014,"다음 요소가 함께 보이고 하나 이상은 뚜렷한 배경: 커튼, 푸른 하늘, 숲 (야외 분위기) / 제외 조건: 근접 얼굴",blind_random,,46697,6,vv,"{""vv"": 6}","{""blind_random_v1_20260507:vv"": 6}",webdav://13730b09/발송작품/작품/Fate/BG.참고/fn18_046_s1.psd,46697_fn18_046_s1.psd,발송작품/작품/Fate/BG.참고/fn18_046_s1.psd,webdav:/13730b09/발송작품/작품/Fate/BG.참고,/Users/saintiron/Projects/Imagine/thumbnails/46697_fn18_046_s1_thumb.png,psd,,,Dark forest scene with a blue night sky and silhouetted trees.,"[""forest"", ""night"", ""blue"", ""silhouette"", ""trees"", ""dark"", ""sky"", ""landscape""]",background,,,,unknown_legacy,parse_fallback_legacy,"pre-fix: psd-tools failed, fell back to thumbnail-only",repair_required,parse_fallback_legacy,,,,,,,webdav:/13730b09/발송작품/작품/Fate/BG.참고,visual:blind-random-q0014:46697,diverse_rank=2; source_count=1; visual_group=visual:blind-random-q0014:46697
blind-random-q0014,"다음 요소가 함께 보이고 하나 이상은 뚜렷한 배경: 커튼, 푸른 하늘, 숲 (야외 분위기) / 제외 조건: 근접 얼굴",blind_random,,56933,6,"fts,triaxis","{""fts"": 7, ""triaxis"": 6}","{""blind_random_v1_20260507:fts"": 7, ""blind_random_v1_20260507:triaxis"": 6}",webdav://13730b09/발송/외주 회사/빔 studio/귀인환등초/bg/KGS_01_380.psd,56933_KGS_01_380.psd,발송/외주 회사/빔 studio/귀인환등초/bg/KGS_01_380.psd,bg,/Users/saintiron/Projects/Imagine/thumbnails/56933_KGS_01_380_thumb.png,psd,2339,1653,A white spider hangs from a tree branch surrounded by green leaves against a blue sky.,"[""spider"", ""tree branch"", ""leaves"", ""sky"", ""illustration""]",illustration,,,,Qwen/Qwen3.5-9B,,,ok,,,,,,,,bg,visual:blind-random-q0014:56933,diverse_rank=6; source_count=3; visual_group=visual:blind-random-q0014:56933
blind-random-q0014,"다음 요소가 함께 보이고 하나 이상은 뚜렷한 배경: 커튼, 푸른 하늘, 숲 (야외 분위기) / 제외 조건: 근접 얼굴",blind_random,,51700,11,"mv,triaxis,vv","{""mv"": 39, ""triaxis"": 22, ""vv"": 11}","{""blind_random_v1_20260507:mv"": 39, ""blind_random_v1_20260507:triaxis"": 22, ""blind_random_v1_20260507:vv"": 11}",webdav://13730b09/발송/범선/기절용사와 암살공주/#07/bg/kya07_122.psd,51700_kya07_122.psd,발송/범선/기절용사와 암살공주/#07/bg/kya07_122.psd,webdav:/13730b09/발송/범선/기절용사와 암살공주/#07/bg,/Users/saintiron/Projects/Imagine/thumbnails/51700_kya07_122_thumb.png,psd,,,A serene green meadow with trees under a bright sky.,"[""meadow"", ""trees"", ""sky"", ""grass"", ""nature""]",background,,,,unknown_legacy,parse_fallback_legacy,"pre-fix: psd-tools failed, fell back to thumbnail-only",repair_required,parse_fallback_legacy,,,,,,,webdav:/13730b09/발송/범선/기절용사와 암살공주/#07/bg,visual:blind-random-q0014:51700,diverse_rank=3; source_count=1; visual_group=visual:blind-random-q0014:51700
blind-random-q0014,"다음 요소가 함께 보이고 하나 이상은 뚜렷한 배경: 커튼, 푸른 하늘, 숲 (야외 분위기) / 제외 조건: 근접 얼굴",blind_random,,60223,11,mv,"{""mv"": 11}","{""blind_random_v1_20260507:mv"": 11}",webdav://13730b09/예비/마법과고교의 우등생/#11/bg/MKY11_242.psd,60223_MKY11_242.psd,예비/마법과고교의 우등생/#11/bg/MKY11_242.psd,bg,/Users/saintiron/Projects/Imagine/thumbnails/60223_MKY11_242_thumb.png,psd,1869,1313,A bright blue sky with fluffy clouds over a green tree line.,"[""sky"", ""clouds"", ""trees"", ""nature"", ""blue"", ""green"", ""daytime"", ""landscape""]",background,,,,Qwen/Qwen3.5-9B,,,ok,,,,,,,,bg,visual:blind-random-q0014:60223,diverse_rank=7; source_count=3; visual_group=visual:blind-random-q0014:60223
blind-random-q0014,"다음 요소가 함께 보이고 하나 이상은 뚜렷한 배경: 커튼, 푸른 하늘, 숲 (야외 분위기) / 제외 조건: 근접 얼굴",blind_random,,38835,21,"triaxis,vv","{""triaxis"": 47, ""vv"": 21}","{""blind_random_v1_20260507:triaxis"": 47, ""blind_random_v1_20260507:vv"": 21}",webdav://13730b09/발송/범선/사카모토/bg/SD_19_275_genzu_b.psd,38835_SD_19_275_genzu_b.psd,발송/범선/사카모토/bg/SD_19_275_genzu_b.psd,webdav:/13730b09/발송/범선/사카모토/bg,/Users/saintiron/Projects/Imagine/thumbnails/38835_SD_19_275_genzu_b_thumb.png,psd,,,"A serene forest scene under a bright blue sky with scattered clouds, featuring a faint outline of a character's head and ears above the treeline.","[""anime"", ""forest"", ""sky"", ""peaceful"", ""summer"", ""outdoor"", ""natural_light"", ""background"", ""character_outline""]",background,outdoor,,,unknown_legacy,parse_fallback_legacy,"pre-fix: psd-tools failed, fell back to thumbnail-only",repair_required,parse_fallback_legacy,,,,,,,webdav:/13730b09/발송/범선/사카모토/bg,visual:blind-random-q0014:38835,diverse_rank=4; source_count=1; visual_group=visual:blind-random-q0014:38835
blind-random-q0015,"다음 요소가 함께 보이고 하나 이상은 뚜렷한 배경: 난간, 노을, 가로등 / 제외 조건: 텍스트 중심",blind_random,,47890,1,"triaxis,vv","{""triaxis"": 26, ""vv"": 1}","{""blind_random_v1_20260507:triaxis"": 26, ""blind_random_v1_20260507:vv"": 1}",webdav://13730b09/발송/외주 회사/뱅가드/26/#06/bg/VS10_06_304_GENZU.psd,47890_VS10_06_304_GENZU.psd,발송/외주 회사/뱅가드/26/#06/bg/VS10_06_304_GENZU.psd,발송/외주 회사/뱅가드/26/#06/bg,/Users/saintiron/Projects/Imagine/thumbnails/47890_VS10_06_304_GENZU_thumb.png,psd,,,A night view of a city from a bridge with stars above.,"[""night"", ""city"", ""bridge"", ""stars"", ""sky"", ""railing"", ""landscape"", ""urban""]",background,,,,unknown_legacy,parse_fallback_legacy,"pre-fix: psd-tools failed, fell back to thumbnail-only",repair_required,parse_fallback_legacy,,,,,,,발송/외주 회사/뱅가드/26/#06/bg,visual:blind-random-q0015:47890,diverse_rank=3; source_count=1; visual_group=visual:blind-random-q0015:47890
blind-random-q0015,"다음 요소가 함께 보이고 하나 이상은 뚜렷한 배경: 난간, 노을, 가로등 / 제외 조건: 텍스트 중심",blind_random,,58021,1,mv,"{""mv"": 1}","{""blind_random_v1_20260507:mv"": 1}",webdav://13730b09/예비/작품2/대마도학원35시험 소대/제작회사BG/#2/TM#02_273.psd,58021_TM#02_273.psd,예비/작품2/대마도학원35시험 소대/제작회사BG/#2/TM#02_273.psd,#2,/Users/saintiron/Projects/Imagine/thumbnails/58021_TM#02_273_thumb.png,psd,2335,1647,"Dark, moody night scene with trees, a lamp post, and a small structure.","[""trees"", ""lamp post"", ""night"", ""dark"", ""structure""]",illustration,,,,Qwen/Qwen3.5-9B,,,ok,,,,,,,,#2,visual:blind-random-q0015:58021,diverse_rank=6; source_count=1; visual_group=visual:blind-random-q0015:58021
blind-random-q0015,"다음 요소가 함께 보이고 하나 이상은 뚜렷한 배경: 난간, 노을, 가로등 / 제외 조건: 텍스트 중심",blind_random,,41931,6,vv,"{""vv"": 6}","{""blind_random_v1_20260507:vv"": 6}",webdav://13730b09/예비/크랑베르무/장소/마을/grb03_098.psd,41931_grb03_098.psd,예비/크랑베르무/장소/마을/grb03_098.psd,webdav:/13730b09/예비/크랑베르무/장소/마을,/Users/saintiron/Projects/Imagine/thumbnails/41931_grb03_098_thumb.png,psd,,,"A narrow street under a blood-red sky, with closed shutters and utility poles casting long shadows.","[""anime"", ""red sky"", ""urban street"", ""mysterious"", ""ominous"", ""closed shutters"", ""utility poles"", ""dark tones""]",illustration,,,,unknown_legacy,parse_fallback_legacy,"pre-fix: psd-tools failed, fell back to thumbnail-only",repair_required,parse_fallback_legacy,,,,,,,webdav:/13730b09/예비/크랑베르무/장소/마을,visual:blind-random-q0015:41931,diverse_rank=1; source_count=1; visual_group=visual:blind-random-q0015:41931
blind-random-q0015,"다음 요소가 함께 보이고 하나 이상은 뚜렷한 배경: 난간, 노을, 가로등 / 제외 조건: 텍스트 중심",blind_random,,58573,6,mv,"{""mv"": 6}","{""blind_random_v1_20260507:mv"": 6}",webdav://13730b09/예비/작품2/대마도학원35시험 소대/BG/TM#05_149.psd,58573_TM#05_149.psd,예비/작품2/대마도학원35시험 소대/BG/TM#05_149.psd,BG,/Users/saintiron/Projects/Imagine/thumbnails/58573_TM#05_149_thumb.png,psd,1676,1187,Night scene with streetlight illuminating dark trees and a pole.,"[""streetlight"", ""trees"", ""pole"", ""night"", ""forest"", ""darkness"", ""sky""]",background,,,,Qwen/Qwen3.5-9B,,,ok,,,,,,,,BG,visual:blind-random-q0015:58573,diverse_rank=7; source_count=1; visual_group=visual:blind-random-q0015:58573
blind-random-q0015,"다음 요소가 함께 보이고 하나 이상은 뚜렷한 배경: 난간, 노을, 가로등 / 제외 조건: 텍스트 중심",blind_random,,48022,11,triaxis,"{""triaxis"": 11}","{""blind_random_v1_20260507:triaxis"": 11}",webdav://13730b09/발송/외주 회사/뱅가드/26/#04/New Folder/VS10_04_354_GENZU.psd,48022_VS10_04_354_GENZU.psd,발송/외주 회사/뱅가드/26/#04/New Folder/VS10_04_354_GENZU.psd,발송/외주 회사/뱅가드/26/#04/New Folder,/Users/saintiron/Projects/Imagine/thumbnails/48022_VS10_04_354_GENZU_thumb.png,psd,,,"Anime-style outdoor scene with stairs, railings, and trees at sunset.","[""anime"", ""outdoor"", ""stairs"", ""sunset"", ""trees"", ""railings"", ""wooden"", ""landscape""]",background,,,,unknown_legacy,parse_fallback_legacy,"pre-fix: psd-tools failed, fell back to thumbnail-only",repair_required,parse_fallback_legacy,,,,,,,발송/외주 회사/뱅가드/26/#04/New Folder,visual:blind-random-q0015:31409,diverse_rank=2; source_count=1; visual_group=visual:blind-random-q0015:31409
blind-random-q0015,"다음 요소가 함께 보이고 하나 이상은 뚜렷한 배경: 난간, 노을, 가로등 / 제외 조건: 텍스트 중심",blind_random,,57398,11,vv,"{""vv"": 11}","{""blind_random_v1_20260507:vv"": 11}",webdav://13730b09/예비/작품2/대마도학원35시험 소대/제작회사BG/건물/TM#01_134_200.psd,57398_TM#01_134_200.psd,예비/작품2/대마도학원35시험 소대/제작회사BG/건물/TM#01_134_200.psd,건물,/Users/saintiron/Projects/Imagine/thumbnails/57398_TM#01_134_200_thumb.png,psd,2325,1639,Dark industrial building with metal framework under cloudy night sky,"[""building"", ""metal"", ""night"", ""clouds"", ""industrial"", ""satellite"", ""railing"", ""concrete""]",background,,,,Qwen/Qwen3.5-9B,,,ok,,,,,,,,건물,visual:blind-random-q0015:57384,diverse_rank=4; source_count=1; visual_group=visual:blind-random-q0015:57384
blind-random-q0015,"다음 요소가 함께 보이고 하나 이상은 뚜렷한 배경: 난간, 노을, 가로등 / 제외 조건: 텍스트 중심",blind_random,,58499,11,mv,"{""mv"": 11}","{""blind_random_v1_20260507:mv"": 11}",webdav://13730b09/예비/작품2/대마도학원35시험 소대/보도/타케루의 집 외관.psd,58499_타케루의 집 외관.psd,예비/작품2/대마도학원35시험 소대/보도/타케루의 집 외관.psd,보도,/Users/saintiron/Projects/Imagine/thumbnails/58499_타케루의 집 외관_thumb.png,psd,2774,1951,Night view of a traditional Japanese house with modern buildings in background,"[""night"", ""traditional house"", ""modern buildings"", ""streetlights"", ""power lines"", ""urban"", ""residential"", ""dark sky""]",illustration,,,,Qwen/Qwen3.5-9B,,,ok,,,,,,,,보도,visual:blind-random-q0015:58499,diverse_rank=8; source_count=1; visual_group=visual:blind-random-q0015:58499
blind-random-q0015,"다음 요소가 함께 보이고 하나 이상은 뚜렷한 배경: 난간, 노을, 가로등 / 제외 조건: 텍스트 중심",blind_random,,48108,21,triaxis,"{""triaxis"": 21}","{""blind_random_v1_20260507:triaxis"": 21}",webdav://13730b09/발송/외주 회사/뱅가드/26/#04/bg/VS10_04_045_048_GENZU.psd,48108_VS10_04_045_048_GENZU.psd,발송/외주 회사/뱅가드/26/#04/bg/VS10_04_045_048_GENZU.psd,발송/외주 회사/뱅가드/26/#04/bg,/Users/saintiron/Projects/Imagine/thumbnails/48108_VS10_04_045_048_GENZU_thumb.png,psd,,,Anime-style sunset scene with stairs and trees,"[""anime"", ""sunset"", ""stairs"", ""trees"", ""sky"", ""railing"", ""landscape"", ""overlay""]",illustration,,,,unknown_legacy,parse_fallback_legacy,"pre-fix: psd-tools failed, fell back to thumbnail-only",repair_required,parse_fallback_legacy,,,,,,,발송/외주 회사/뱅가드/26/#04/bg,visual:blind-random-q0015:48108,diverse_rank=5; source_count=1; visual_group=visual:blind-random-q0015:48108
blind-random-q0016,"다음 요소가 함께 보이고 하나 이상은 뚜렷한 배경: 책장, 가로등, 침대 / 제외 조건: 소품 단독",blind_random,,41207,1,"mv,triaxis","{""mv"": 8, ""triaxis"": 1}","{""blind_random_v1_20260507:mv"": 8, ""blind_random_v1_20260507:triaxis"": 1}",webdav://13730b09/예비/크랑베르무/장소/안나의집/grb06_278_R.psd,41207_grb06_278_R.psd,예비/크랑베르무/장소/안나의집/grb06_278_R.psd,webdav:/13730b09/예비/크랑베르무/장소/안나의집,/Users/saintiron/Projects/Imagine/thumbnails/41207_grb06_278_R_thumb.png,psd,,,"A dimly lit classic study with bookshelves, framed paintings, and a red lamp.","[""study"", ""bookshelf"", ""paintings"", ""lamp"", ""anime"", ""classic"", ""evening""]",background,Interior,Evening,Indoor,unknown_legacy,parse_fallback_legacy,"pre-fix: psd-tools failed, fell back to thumbnail-only",repair_required,parse_fallback_legacy,,,,,,,webdav:/13730b09/예비/크랑베르무/장소/안나의집,visual:blind-random-q0016:41207,diverse_rank=4; source_count=3; visual_group=visual:blind-random-q0016:41207
blind-random-q0016,"다음 요소가 함께 보이고 하나 이상은 뚜렷한 배경: 책장, 가로등, 침대 / 제외 조건: 소품 단독",blind_random,,58180,1,"mv,triaxis,vv","{""mv"": 21, ""triaxis"": 15, ""vv"": 1}","{""blind_random_v1_20260507:mv"": 21, ""blind_random_v1_20260507:triaxis"": 15, ""blind_random_v1_20260507:vv"": 1}",webdav://13730b09/예비/작품2/대마도학원35시험 소대/제작회사BG/#1/TM#01_088.psd,58180_TM#01_088.psd,예비/작품2/대마도학원35시험 소대/제작회사BG/#1/TM#01_088.psd,#1,/Users/saintiron/Projects/Imagine/thumbnails/58180_TM#01_088_thumb.png,psd,1667,1194,"A room corner with a bookshelf, window, and wooden furniture.","[""bookshelf"", ""window"", ""wall"", ""furniture"", ""plant"", ""bed"", ""shelves"", ""indoor""]",background,,,,Qwen/Qwen3.5-9B,,,ok,,,,,,,,#1,visual:blind-random-q0016:58180,diverse_rank=8; source_count=1; visual_group=visual:blind-random-q0016:58180
blind-random-q0016,"다음 요소가 함께 보이고 하나 이상은 뚜렷한 배경: 책장, 가로등, 침대 / 제외 조건: 소품 단독",blind_random,,38605,6,"triaxis,vv","{""triaxis"": 9, ""vv"": 6}","{""blind_random_v1_20260507:triaxis"": 9, ""blind_random_v1_20260507:vv"": 6}",webdav://13730b09/발송작품/작품/유루유리/#11/1/yr11_179.psd,38605_yr11_179.psd,발송작품/작품/유루유리/#11/1/yr11_179.psd,webdav:/13730b09/발송작품/작품/유루유리/#11/1,/Users/saintiron/Projects/Imagine/thumbnails/38605_yr11_179_thumb.png,psd,,,"A cozy bedroom with a blue curtain, wooden bed frame, and a desk lamp.","[""bedroom"", ""anime"", ""pastel"", ""peaceful"", ""indoor"", ""modern""]",background,indoor,,,unknown_legacy,parse_fallback_legacy,"pre-fix: psd-tools failed, fell back to thumbnail-only",repair_required,parse_fallback_legacy,,,,,,,webdav:/13730b09/발송작품/작품/유루유리/#11/1,visual:blind-random-q0016:38605,diverse_rank=1; source_count=3; visual_group=visual:blind-random-q0016:38605
blind-random-q0016,"다음 요소가 함께 보이고 하나 이상은 뚜렷한 배경: 책장, 가로등, 침대 / 제외 조건: 소품 단독",blind_random,,41064,6,triaxis,"{""triaxis"": 6}","{""blind_random_v1_20260507:triaxis"": 6}",webdav://13730b09/예비/크랑베르무/장소/안나의집/grb04_219.psd,41064_grb04_219.psd,예비/크랑베르무/장소/안나의집/grb04_219.psd,webdav:/13730b09/예비/크랑베르무/장소/안나의집,/Users/saintiron/Projects/Imagine/thumbnails/41064_grb04_219_thumb.png,psd,,,A vintage-style lamp sits on a marble countertop beside a window.,"[""lamp"", ""window"", ""marble"", ""vintage"", ""interior"", ""design"", ""lighting"", ""classic""]",illustration,,,,unknown_legacy,parse_fallback_legacy,"pre-fix: psd-tools failed, fell back to thumbnail-only",repair_required,parse_fallback_legacy,,,,,,,webdav:/13730b09/예비/크랑베르무/장소/안나의집,visual:blind-random-q0016:41064,diverse_rank=5; source_count=3; visual_group=visual:blind-random-q0016:41064
blind-random-q0016,"다음 요소가 함께 보이고 하나 이상은 뚜렷한 배경: 책장, 가로등, 침대 / 제외 조건: 소품 단독",blind_random,,38592,11,vv,"{""vv"": 11}","{""blind_random_v1_20260507:vv"": 11}",webdav://13730b09/발송작품/작품/유루유리/#11/1/yr11_165.psd,38592_yr11_165.psd,발송작품/작품/유루유리/#11/1/yr11_165.psd,webdav:/13730b09/발송작품/작품/유루유리/#11/1,/Users/saintiron/Projects/Imagine/thumbnails/38592_yr11_165_thumb.png,psd,,,"A cozy room corner with a wooden bookshelf filled with colorful books and storage boxes, next to a light-colored door with a handle and a wall switch.","[""anime"", ""bookshelf"", ""door"", ""storage"", ""pastel"", ""still_life"", ""cozy"", ""interior""]",illustration,,,,unknown_legacy,parse_fallback_legacy,"pre-fix: psd-tools failed, fell back to thumbnail-only",repair_required,parse_fallback_legacy,,,,,,,webdav:/13730b09/발송작품/작품/유루유리/#11/1,visual:blind-random-q0016:38592,diverse_rank=2; source_count=3; visual_group=visual:blind-random-q0016:38592
blind-random-q0016,"다음 요소가 함께 보이고 하나 이상은 뚜렷한 배경: 책장, 가로등, 침대 / 제외 조건: 소품 단독",blind_random,,41220,11,triaxis,"{""triaxis"": 11}","{""blind_random_v1_20260507:triaxis"": 11}",webdav://13730b09/예비/크랑베르무/장소/안나의집/grb06_292.psd,41220_grb06_292.psd,예비/크랑베르무/장소/안나의집/grb06_292.psd,webdav:/13730b09/예비/크랑베르무/장소/안나의집,/Users/saintiron/Projects/Imagine/thumbnails/41220_grb06_292_thumb.png,psd,,,"A dimly lit bedroom with a large bed, wooden nightstand, and blue curtains.","[""bedroom"", ""night"", ""classic"", ""cartoon"", ""dim lighting""]",background,bedroom,night,unknown,unknown_legacy,parse_fallback_legacy,"pre-fix: psd-tools failed, fell back to thumbnail-only",repair_required,parse_fallback_legacy,,,,,,,webdav:/13730b09/예비/크랑베르무/장소/안나의집,visual:blind-random-q0016:41220,diverse_rank=6; source_count=3; visual_group=visual:blind-random-q0016:41220
blind-random-q0016,"다음 요소가 함께 보이고 하나 이상은 뚜렷한 배경: 책장, 가로등, 침대 / 제외 조건: 소품 단독",blind_random,,31158,21,vv,"{""vv"": 21}","{""blind_random_v1_20260507:vv"": 21}",/Users/saintiron/imageDB/마캬베리즈무/실내소품/171_km03.psd,171_km03.psd,171_km03.psd,실내소품,/Users/saintiron/Projects/Imagine/thumbnails/171_km03_thumb.png,psd,1685,1191,"A tidy office scene with shelves, desk, and stacked books.","[""office"", ""shelves"", ""desk"", ""books"", ""binders"", ""storage"", ""furniture"", ""indoor""]",background,,,,Qwen/Qwen3.5-9B,vision_done,,ok,,,,,,,,실내소품,visual:blind-random-q0016:31158,diverse_rank=3; source_count=1; visual_group=visual:blind-random-q0016:31158
blind-random-q0016,"다음 요소가 함께 보이고 하나 이상은 뚜렷한 배경: 책장, 가로등, 침대 / 제외 조건: 소품 단독",blind_random,,38539,21,"triaxis,vv","{""triaxis"": 21, ""vv"": 26}","{""blind_random_v1_20260507:triaxis"": 21, ""blind_random_v1_20260507:vv"": 26}",webdav://13730b09/발송작품/작품/유루유리/#11/1/yr11_069.psd,38539_yr11_069.psd,발송작품/작품/유루유리/#11/1/yr11_069.psd,webdav:/13730b09/발송작품/작품/유루유리/#11/1,/Users/saintiron/Projects/Imagine/thumbnails/38539_yr11_069_thumb.png,psd,,,"A minimalist anime-style illustration of a neatly made bed with a light blue sheet, set against a wooden headboard and soft lighting.","[""bed"", ""anime"", ""pastel"", ""minimalist"", ""serene"", ""still_life"", ""wooden_headboard"", ""light_blue_sheet""]",illustration,,,,unknown_legacy,parse_fallback_legacy,"pre-fix: psd-tools failed, fell back to thumbnail-only",repair_required,parse_fallback_legacy,,,,,,,webdav:/13730b09/발송작품/작품/유루유리/#11/1,visual:blind-random-q0016:38539,diverse_rank=7; source_count=3; visual_group=visual:blind-random-q0016:38539
blind-random-q0017,"다음 요소가 함께 보이는 배경: 창문, 책장 (현대 건축, 야외 분위기)",blind_random,,57352,1,"fts,triaxis,vv","{""fts"": 1, ""triaxis"": 1, ""vv"": 18}","{""blind_random_v1_20260507:fts"": 1, ""blind_random_v1_20260507:triaxis"": 1, ""blind_random_v1_20260507:vv"": 18}",webdav://13730b09/예비/작품2/대마도학원35시험 소대/택처/창문.psd,57352_창문.psd,예비/작품2/대마도학원35시험 소대/택처/창문.psd,택처,/Users/saintiron/Projects/Imagine/thumbnails/57352_창문_thumb.png,psd,1701,1701,A four-pane window frame with a modern design.,"[""window"", ""frame"", ""pane"", ""modern"", ""gray"", ""rectangular"", ""interior""]",item,,,,Qwen/Qwen3.5-9B,,,ok,,,,,,,,택처,visual:blind-random-q0017:57352,diverse_rank=4; source_count=1; visual_group=visual:blind-random-q0017:57352
blind-random-q0017,"다음 요소가 함께 보이는 배경: 창문, 책장 (현대 건축, 야외 분위기)",blind_random,,58181,1,"triaxis,vv","{""triaxis"": 2, ""vv"": 1}","{""blind_random_v1_20260507:triaxis"": 2, ""blind_random_v1_20260507:vv"": 1}",webdav://13730b09/예비/작품2/대마도학원35시험 소대/제작회사BG/#1/TM#01_089_091.psd,58181_TM#01_089_091.psd,예비/작품2/대마도학원35시험 소대/제작회사BG/#1/TM#01_089_091.psd,#1,/Users/saintiron/Projects/Imagine/thumbnails/58181_TM#01_089_091_thumb.png,psd,1688,1197,"Minimalist interior corner with plant, shelf, and window frame.","[""plant"", ""shelf"", ""window"", ""wall"", ""book"", ""vase"", ""modern"", ""interior""]",illustration,,,,Qwen/Qwen3.5-9B,,,ok,,,,,,,,#1,visual:blind-random-q0017:58181,diverse_rank=8; source_count=1; visual_group=visual:blind-random-q0017:58181
blind-random-q0017,"다음 요소가 함께 보이는 배경: 창문, 책장 (현대 건축, 야외 분위기)",blind_random,,31481,6,"triaxis,vv","{""triaxis"": 23, ""vv"": 6}","{""blind_random_v1_20260507:triaxis"": 23, ""blind_random_v1_20260507:vv"": 6}",/Users/saintiron/imageDB/마캬베리즈무/실내소품/NM#03_020.psd,NM#03_020.psd,NM#03_020.psd,실내소품,/Users/saintiron/Projects/Imagine/thumbnails/NM#03_020_thumb.png,psd,2808,1988,A window with green curtains and a view of trees outside.,"[""window"", ""curtains"", ""trees"", ""sky"", ""wall""]",background,,,,Qwen/Qwen3.5-9B,vision_done,,ok,,,,,,,,실내소품,visual:blind-random-q0017:31481,diverse_rank=1; source_count=1; visual_group=visual:blind-random-q0017:31481
blind-random-q0017,"다음 요소가 함께 보이는 배경: 창문, 책장 (현대 건축, 야외 분위기)",blind_random,,38580,6,"triaxis,vv","{""triaxis"": 6, ""vv"": 12}","{""blind_random_v1_20260507:triaxis"": 6, ""blind_random_v1_20260507:vv"": 12}",webdav://13730b09/발송작품/작품/유루유리/#11/1/yr11_149.psd,38580_yr11_149.psd,발송작품/작품/유루유리/#11/1/yr11_149.psd,webdav:/13730b09/발송작품/작품/유루유리/#11/1,/Users/saintiron/Projects/Imagine/thumbnails/38580_yr11_149_thumb.png,psd,,,"A view through a modern window with foggy, green-tinted outdoor scenery, suggesting a tranquil spring day.","[""window"", ""fog"", ""spring"", ""modern"", ""anime"", ""peaceful"", ""indoor"", ""outdoor""]",background,indoor,,,unknown_legacy,parse_fallback_legacy,"pre-fix: psd-tools failed, fell back to thumbnail-only",repair_required,parse_fallback_legacy,,,,,,,webdav:/13730b09/발송작품/작품/유루유리/#11/1,visual:blind-random-q0017:38580,diverse_rank=5; source_count=1; visual_group=visual:blind-random-q0017:38580
blind-random-q0017,"다음 요소가 함께 보이는 배경: 창문, 책장 (현대 건축, 야외 분위기)",blind_random,,41871,11,vv,"{""vv"": 11}","{""blind_random_v1_20260507:vv"": 11}",webdav://13730b09/예비/크랑베르무/장소/마을/grb03_022.psd,41871_grb03_022.psd,예비/크랑베르무/장소/마을/grb03_022.psd,webdav:/13730b09/예비/크랑베르무/장소/마을,/Users/saintiron/Projects/Imagine/thumbnails/41871_grb03_022_thumb.png,psd,,,A quiet residential building facade with frosted windows and a weathered air conditioner unit under a tiled roof.,"[""Anime"", ""Japanese Architecture"", ""Dusk"", ""Quiet Street"", ""Residential Building"", ""Frosted Windows"", ""Air Conditioner"", ""Cool Color Palette""]",background,Cities,Dusk,Clear,unknown_legacy,parse_fallback_legacy,"pre-fix: psd-tools failed, fell back to thumbnail-only",repair_required,parse_fallback_legacy,,,,,,,webdav:/13730b09/예비/크랑베르무/장소/마을,visual:blind-random-q0017:41871,diverse_rank=2; source_count=1; visual_group=visual:blind-random-q0017:41871
blind-random-q0017,"다음 요소가 함께 보이는 배경: 창문, 책장 (현대 건축, 야외 분위기)",blind_random,,57419,11,"mv,triaxis","{""mv"": 18, ""triaxis"": 11}","{""blind_random_v1_20260507:mv"": 18, ""blind_random_v1_20260507:triaxis"": 11}",webdav://13730b09/예비/작품2/대마도학원35시험 소대/제작회사BG/건물/TM#02_110.psd,57419_TM#02_110.psd,예비/작품2/대마도학원35시험 소대/제작회사BG/건물/TM#02_110.psd,건물,/Users/saintiron/Projects/Imagine/thumbnails/57419_TM#02_110_thumb.png,psd,6803,2876,"Dark, angled view of a modern building facade at night.","[""building"", ""windows"", ""night"", ""architecture"", ""darkness"", ""modern"", ""facade""]",background,,,,Qwen/Qwen3.5-9B,,,ok,,,,,,,,건물,visual:blind-random-q0017:57419,diverse_rank=6; source_count=1; visual_group=visual:blind-random-q0017:57419
blind-random-q0017,"다음 요소가 함께 보이는 배경: 창문, 책장 (현대 건축, 야외 분위기)",blind_random,,46438,21,"mv,triaxis","{""mv"": 21, ""triaxis"": 42}","{""blind_random_v1_20260507:mv"": 21, ""blind_random_v1_20260507:triaxis"": 42}",webdav://13730b09/발송작품/작품/Fate/sankouBG/FN01_075_078A_T1.psd,46438_FN01_075_078A_T1.psd,발송작품/작품/Fate/sankouBG/FN01_075_078A_T1.psd,webdav:/13730b09/발송작품/작품/Fate/sankouBG,/Users/saintiron/Projects/Imagine/thumbnails/46438_FN01_075_078A_T1_thumb.png,psd,,,A modern building with large pillars and a view of greenery outside.,"[""architecture"", ""modern"", ""building"", ""pillars"", ""greenery"", ""outdoor"", ""anime"", ""background""]",background,,,,unknown_legacy,parse_fallback_legacy,"pre-fix: psd-tools failed, fell back to thumbnail-only",repair_required,parse_fallback_legacy,,,,,,,webdav:/13730b09/발송작품/작품/Fate/sankouBG,visual:blind-random-q0017:46438,diverse_rank=3; source_count=1; visual_group=visual:blind-random-q0017:46438
blind-random-q0017,"다음 요소가 함께 보이는 배경: 창문, 책장 (현대 건축, 야외 분위기)",blind_random,,49738,21,triaxis,"{""triaxis"": 21}","{""blind_random_v1_20260507:triaxis"": 21}",webdav://13730b09/발송/외주 회사/뱅가드/25/#04/bg/VS9_04_053_GENZU.psd,49738_VS9_04_053_GENZU.psd,발송/외주 회사/뱅가드/25/#04/bg/VS9_04_053_GENZU.psd,발송/외주 회사/뱅가드/25/#04/bg,/Users/saintiron/Projects/Imagine/thumbnails/49738_VS9_04_053_GENZU_thumb.png,psd,,,"Bright, angular windows in a futuristic architectural design.","[""architecture"", ""windows"", ""futuristic"", ""minimalist"", ""interior"", ""light"", ""modern"", ""design""]",background,,,,unknown_legacy,parse_fallback_legacy,"pre-fix: psd-tools failed, fell back to thumbnail-only",repair_required,parse_fallback_legacy,,,,,,,발송/외주 회사/뱅가드/25/#04/bg,visual:blind-random-q0017:49738,diverse_rank=7; source_count=1; visual_group=visual:blind-random-q0017:49738
blind-random-q0018,"다음 요소가 한 화면에 함께 보이는 배경: 벽돌 벽, 노을, 나무, 돌기둥 (상점가, 현대 건축 분위기)",blind_random,,46382,1,"fts,triaxis","{""fts"": 1, ""triaxis"": 1}","{""blind_random_v1_20260507:fts"": 1, ""blind_random_v1_20260507:triaxis"": 1}",webdav://13730b09/발송작품/작품/Fate/벽돌.psd,46382_벽돌.psd,발송작품/작품/Fate/벽돌.psd,webdav:/13730b09/발송작품/작품/Fate,/Users/saintiron/Projects/Imagine/thumbnails/46382_벽돌_thumb.png,psd,,,A textured brick wall pattern with a muted brown color scheme.,"[""brick"", ""wall"", ""texture"", ""pattern"", ""brown"", ""architecture"", ""masonry"", ""background""]",texture,,,,unknown_legacy,parse_fallback_legacy,"pre-fix: psd-tools failed, fell back to thumbnail-only",repair_required,parse_fallback_legacy,,,,,,,webdav:/13730b09/발송작품/작품/Fate,visual:blind-random-q0018:46382,diverse_rank=4; source_count=1; visual_group=visual:blind-random-q0018:46382
blind-random-q0018,"다음 요소가 한 화면에 함께 보이는 배경: 벽돌 벽, 노을, 나무, 돌기둥 (상점가, 현대 건축 분위기)",blind_random,,52075,1,mv,"{""mv"": 1}","{""blind_random_v1_20260507:mv"": 1}",webdav://13730b09/발송/범선/기절용사와 암살공주/장소/길드/kya06_173.psd,52075_kya06_173.psd,발송/범선/기절용사와 암살공주/장소/길드/kya06_173.psd,webdav:/13730b09/발송/범선/기절용사와 암살공주/장소/길드,/Users/saintiron/Projects/Imagine/thumbnails/52075_kya06_173_thumb.png,psd,,,A stone wall with wooden beams and a window frame.,"[""stone wall"", ""wooden beams"", ""window frame"", ""architecture"", ""building"", ""texture"", ""structure""]",illustration,,,,unknown_legacy,parse_fallback_legacy,"pre-fix: psd-tools failed, fell back to thumbnail-only",repair_required,parse_fallback_legacy,,,,,,,webdav:/13730b09/발송/범선/기절용사와 암살공주/장소/길드,visual:blind-random-q0018:52075,diverse_rank=7; source_count=1; visual_group=visual:blind-random-q0018:52075
blind-random-q0018,"다음 요소가 한 화면에 함께 보이는 배경: 벽돌 벽, 노을, 나무, 돌기둥 (상점가, 현대 건축 분위기)",blind_random,,33480,6,vv,"{""vv"": 6}","{""blind_random_v1_20260507:vv"": 6}",webdav://13730b09/발송4/범선/작품 쫑/후시/장소/마을/nfb04_102.psd,33480_nfb04_102.psd,발송4/범선/작품 쫑/후시/장소/마을/nfb04_102.psd,webdav:/13730b09/발송4/범선/작품 쫑/후시/장소/마을,/Users/saintiron/Projects/Imagine/thumbnails/33480_nfb04_102_thumb.png,psd,,,"A quiet medieval stone wall with a wooden window, bathed in golden dusk light.","[""medieval"", ""dusk"", ""stone_wall"", ""anime"", ""golden_light"", ""serene""]",background,urban,dusk,clear,unknown_legacy,parse_fallback_legacy,"pre-fix: psd-tools failed, fell back to thumbnail-only",repair_required,parse_fallback_legacy,,,,,,,webdav:/13730b09/발송4/범선/작품 쫑/후시/장소/마을,visual:blind-random-q0018:33480,diverse_rank=1; source_count=1; visual_group=visual:blind-random-q0018:33480
blind-random-q0018,"다음 요소가 한 화면에 함께 보이는 배경: 벽돌 벽, 노을, 나무, 돌기둥 (상점가, 현대 건축 분위기)",blind_random,,60168,6,fts,"{""fts"": 6}","{""blind_random_v1_20260507:fts"": 6}",webdav://13730b09/예비/마법과고교의 우등생/#11/bg/MKY11_012.psd,60168_MKY11_012.psd,예비/마법과고교의 우등생/#11/bg/MKY11_012.psd,bg,/Users/saintiron/Projects/Imagine/thumbnails/60168_MKY11_012_thumb.png,psd,1754,1252,Traditional Chinese interior with blue screens and wooden architecture,"[""screens"", ""wood"", ""architecture"", ""blue"", ""traditional"", ""indoor"", ""dark""]",background,,,,Qwen/Qwen3.5-9B,,,ok,,,,,,,,bg,visual:blind-random-q0018:60168,diverse_rank=8; source_count=1; visual_group=visual:blind-random-q0018:60168
blind-random-q0018,"다음 요소가 한 화면에 함께 보이는 배경: 벽돌 벽, 노을, 나무, 돌기둥 (상점가, 현대 건축 분위기)",blind_random,,41103,11,vv,"{""vv"": 11}","{""blind_random_v1_20260507:vv"": 11}",webdav://13730b09/예비/크랑베르무/장소/안나의집/grb08_088_094_R.psd,41103_grb08_088_094_R.psd,예비/크랑베르무/장소/안나의집/grb08_088_094_R.psd,webdav:/13730b09/예비/크랑베르무/장소/안나의집,/Users/saintiron/Projects/Imagine/thumbnails/41103_grb08_088_094_R_thumb.png,psd,,,A warmly lit building entrance with ivy and a wooden pillar.,"[""building"", ""entrance"", ""ivy"", ""warm"", ""night"", ""architecture"", ""window"", ""door""]",illustration,,,,unknown_legacy,parse_fallback_legacy,"pre-fix: psd-tools failed, fell back to thumbnail-only",repair_required,parse_fallback_legacy,,,,,,,webdav:/13730b09/예비/크랑베르무/장소/안나의집,visual:blind-random-q0018:41919,diverse_rank=2; source_count=1; visual_group=visual:blind-random-q0018:41919
blind-random-q0018,"다음 요소가 한 화면에 함께 보이는 배경: 벽돌 벽, 노을, 나무, 돌기둥 (상점가, 현대 건축 분위기)",blind_random,,47609,11,"mv,triaxis","{""mv"": 11, ""triaxis"": 38}","{""blind_random_v1_20260507:mv"": 11, ""blind_random_v1_20260507:triaxis"": 38}",webdav://13730b09/발송/외주 회사/뱅가드/26/#08/bg/VS10_08_098_GENZU.psd,47609_VS10_08_098_GENZU.psd,발송/외주 회사/뱅가드/26/#08/bg/VS10_08_098_GENZU.psd,발송/외주 회사/뱅가드/26/#08/bg,/Users/saintiron/Projects/Imagine/thumbnails/47609_VS10_08_098_GENZU_thumb.png,psd,,,Dark wooden beams and blue brick walls in a dimly lit room.,"[""architecture"", ""interior"", ""wood"", ""brick"", ""dark"", ""blue"", ""beam"", ""wall""]",background,,,,unknown_legacy,parse_fallback_legacy,"pre-fix: psd-tools failed, fell back to thumbnail-only",repair_required,parse_fallback_legacy,,,,,,,발송/외주 회사/뱅가드/26/#08/bg,visual:blind-random-q0018:47609,diverse_rank=5; source_count=1; visual_group=visual:blind-random-q0018:47609
blind-random-q0018,"다음 요소가 한 화면에 함께 보이는 배경: 벽돌 벽, 노을, 나무, 돌기둥 (상점가, 현대 건축 분위기)",blind_random,,40856,21,vv,"{""vv"": 21}","{""blind_random_v1_20260507:vv"": 21}",webdav://13730b09/예비/크랑베르무/장소/전투/1/grb01_162.psd,40856_grb01_162.psd,예비/크랑베르무/장소/전투/1/grb01_162.psd,webdav:/13730b09/예비/크랑베르무/장소/전투/1,/Users/saintiron/Projects/Imagine/thumbnails/40856_grb01_162_thumb.png,psd,,,"A young girl with blonde hair peeks from behind a stone archway in a dimly lit, ruined courtyard.","[""anime"", ""girl"", ""blonde"", ""peeking"", ""ruins"", ""purple"", ""curious""]",character,,,,unknown_legacy,parse_fallback_legacy,"pre-fix: psd-tools failed, fell back to thumbnail-only",repair_required,parse_fallback_legacy,,,,,,,webdav:/13730b09/예비/크랑베르무/장소/전투/1,visual:blind-random-q0018:40856,diverse_rank=3; source_count=1; visual_group=visual:blind-random-q0018:40856
blind-random-q0018,"다음 요소가 한 화면에 함께 보이는 배경: 벽돌 벽, 노을, 나무, 돌기둥 (상점가, 현대 건축 분위기)",blind_random,,53068,21,mv,"{""mv"": 21}","{""blind_random_v1_20260507:mv"": 21}",webdav://13730b09/발송/범선/기절용사와 암살공주/장소/마을/kya07_134.psd,53068_kya07_134.psd,발송/범선/기절용사와 암살공주/장소/마을/kya07_134.psd,webdav:/13730b09/발송/범선/기절용사와 암살공주/장소/마을,/Users/saintiron/Projects/Imagine/thumbnails/53068_kya07_134_thumb.png,psd,,,A brick wall with a window and a wooden door.,"[""brick wall"", ""window"", ""door"", ""wood"", ""sketch lines""]",background,,,,unknown_legacy,parse_fallback_legacy,"pre-fix: psd-tools failed, fell back to thumbnail-only",repair_required,parse_fallback_legacy,,,,,,,webdav:/13730b09/발송/범선/기절용사와 암살공주/장소/마을,visual:blind-random-q0018:30522,diverse_rank=6; source_count=1; visual_group=visual:blind-random-q0018:30522
blind-random-q0019,"다음 요소가 함께 보이는 배경: 숲, 폐허 / 제외 조건: 소품 단독",blind_random,,32589,1,triaxis,"{""triaxis"": 1}","{""blind_random_v1_20260507:triaxis"": 1}",webdav://13730b09/발송4/범선/종말투어링/#01/bg/syt01_329_1e.psd,32589_syt01_329_1e.psd,발송4/범선/종말투어링/#01/bg/syt01_329_1e.psd,발송4/범선/종말투어링/#01/bg,/Users/saintiron/Projects/Imagine/thumbnails/32589_syt01_329_1e_thumb.png,psd,,,"A sun-drenched forest with overgrown ruins, blending nature and decay in a serene, dreamlike setting.","[""fantasy"", ""golden_hour"", ""summer"", ""ethereal"", ""anime"", ""ruined_architecture"", ""overgrown_forest"", ""multi_layered_depth""]",background,fantasy,,,unknown_legacy,parse_fallback_legacy,"pre-fix: psd-tools failed, fell back to thumbnail-only",repair_required,parse_fallback_legacy,,,,,,,발송4/범선/종말투어링/#01/bg,visual:blind-random-q0019:32589,diverse_rank=1; source_count=2; visual_group=visual:blind-random-q0019:32589
blind-random-q0019,"다음 요소가 함께 보이는 배경: 숲, 폐허 / 제외 조건: 소품 단독",blind_random,,33363,1,fts,"{""fts"": 1}","{""blind_random_v1_20260507:fts"": 1}","webdav://13730b09/발송4/범선/작품 쫑/후시/장소/숲,자연/nfb12_096.psd",33363_nfb12_096.psd,"발송4/범선/작품 쫑/후시/장소/숲,자연/nfb12_096.psd","webdav:/13730b09/발송4/범선/작품 쫑/후시/장소/숲,자연",/Users/saintiron/Projects/Imagine/thumbnails/33363_nfb12_096_thumb.png,psd,,,unknown,[],character,,,,unknown_legacy,parse_fallback_legacy,"pre-fix: psd-tools failed, fell back to thumbnail-only",repair_required,parse_fallback_legacy,,,,,,,"webdav:/13730b09/발송4/범선/작품 쫑/후시/장소/숲,자연",visual:blind-random-q0019:33363,diverse_rank=5; source_count=1; visual_group=visual:blind-random-q0019:33363
blind-random-q0019,"다음 요소가 함께 보이는 배경: 숲, 폐허 / 제외 조건: 소품 단독",blind_random,,46616,6,vv,"{""vv"": 6}","{""blind_random_v1_20260507:vv"": 6}",webdav://13730b09/발송작품/작품/Fate/BG.참고/003.jpg,46616_003.jpg,발송작품/작품/Fate/BG.참고/003.jpg,webdav:/13730b09/발송작품/작품/Fate/BG.참고,/Users/saintiron/Projects/Imagine/thumbnails/46616_003_thumb.png,jpg,,,Snowy forest with bare trees and red Japanese text overlay.,"[""snow"", ""forest"", ""trees"", ""winter"", ""nature"", ""japanese text"", ""overcast"", ""bare branches""]",photo,,,,unknown_legacy,,,repair_required,parse_fallback_legacy,,,,,,,webdav:/13730b09/발송작품/작품/Fate/BG.참고,visual:blind-random-q0019:46616,diverse_rank=2; source_count=1; visual_group=visual:blind-random-q0019:46616
blind-random-q0019,"다음 요소가 함께 보이는 배경: 숲, 폐허 / 제외 조건: 소품 단독",blind_random,,53160,6,fts,"{""fts"": 6}","{""blind_random_v1_20260507:fts"": 6}",webdav://13730b09/발송/범선/기절용사와 암살공주/장소/숲/kya03_175.psd,53160_kya03_175.psd,발송/범선/기절용사와 암살공주/장소/숲/kya03_175.psd,webdav:/13730b09/발송/범선/기절용사와 암살공주/장소/숲,/Users/saintiron/Projects/Imagine/thumbnails/53160_kya03_175_thumb.png,psd,,,Two translucent anime characters stand in a lush green forest.,"[""anime"", ""forest"", ""trees"", ""translucent"", ""characters""]",illustration,,,,unknown_legacy,parse_fallback_legacy,"pre-fix: psd-tools failed, fell back to thumbnail-only",repair_required,parse_fallback_legacy,,,,,,,webdav:/13730b09/발송/범선/기절용사와 암살공주/장소/숲,visual:blind-random-q0019:53160,diverse_rank=6; source_count=2; visual_group=visual:blind-random-q0019:53160
blind-random-q0019,"다음 요소가 함께 보이는 배경: 숲, 폐허 / 제외 조건: 소품 단독",blind_random,,39401,11,mv,"{""mv"": 11}","{""blind_random_v1_20260507:mv"": 11}",webdav://13730b09/예비/크랑베르무/장소/켐핑장/grb11_215.psd,39401_grb11_215.psd,예비/크랑베르무/장소/켐핑장/grb11_215.psd,webdav:/13730b09/예비/크랑베르무/장소/켐핑장,/Users/saintiron/Projects/Imagine/thumbnails/39401_grb11_215_thumb.png,psd,,,Sunset over a serene riverbank with a campfire and forest path.,"[""sunset"", ""river"", ""campfire"", ""forest"", ""path"", ""nature"", ""peaceful"", ""scenic""]",illustration,,,,unknown_legacy,parse_fallback_legacy,"pre-fix: psd-tools failed, fell back to thumbnail-only",repair_required,parse_fallback_legacy,,,,,,,webdav:/13730b09/예비/크랑베르무/장소/켐핑장,visual:blind-random-q0019:39401,diverse_rank=3; source_count=1; visual_group=visual:blind-random-q0019:39401
blind-random-q0019,"다음 요소가 함께 보이는 배경: 숲, 폐허 / 제외 조건: 소품 단독",blind_random,,40901,11,"triaxis,vv","{""triaxis"": 33, ""vv"": 11}","{""blind_random_v1_20260507:triaxis"": 33, ""blind_random_v1_20260507:vv"": 11}",webdav://13730b09/예비/크랑베르무/장소/전투/1/grb01_212_R.psd,40901_grb01_212_R.psd,예비/크랑베르무/장소/전투/1/grb01_212_R.psd,webdav:/13730b09/예비/크랑베르무/장소/전투/1,/Users/saintiron/Projects/Imagine/thumbnails/40901_grb01_212_R_thumb.png,psd,,,"A ruined cathedral stands amidst a dense forest under a starry purple sky, with a distant lake reflecting the twilight glow.","[""ruined cathedral"", ""anime art"", ""night scene"", ""forest"", ""starry sky"", ""melancholy"", ""fantasy landscape""]",illustration,,,,unknown_legacy,parse_fallback_legacy,"pre-fix: psd-tools failed, fell back to thumbnail-only",repair_required,parse_fallback_legacy,,,,,,,webdav:/13730b09/예비/크랑베르무/장소/전투/1,visual:blind-random-q0019:40901,diverse_rank=7; source_count=1; visual_group=visual:blind-random-q0019:40901
blind-random-q0019,"다음 요소가 함께 보이는 배경: 숲, 폐허 / 제외 조건: 소품 단독",blind_random,,32587,21,vv,"{""vv"": 21}","{""blind_random_v1_20260507:vv"": 21}",webdav://13730b09/발송4/범선/종말투어링/#01/bg/syt01_327_1e.psd,32587_syt01_327_1e.psd,발송4/범선/종말투어링/#01/bg/syt01_327_1e.psd,발송4/범선/종말투어링/#01/bg,/Users/saintiron/Projects/Imagine/thumbnails/32587_syt01_327_1e_thumb.png,psd,,,"An abandoned building overgrown with greenery, set against a warm, sunlit forest backdrop.","[""landscape"", ""anime"", ""abandoned building"", ""overgrown"", ""forest"", ""serene"", ""warm lighting"", ""nature reclaiming""]",illustration,,,,unknown_legacy,parse_fallback_legacy,"pre-fix: psd-tools failed, fell back to thumbnail-only",repair_required,parse_fallback_legacy,,,,,,,발송4/범선/종말투어링/#01/bg,visual:blind-random-q0019:32587,diverse_rank=4; source_count=2; visual_group=visual:blind-random-q0019:32587
blind-random-q0019,"다음 요소가 함께 보이는 배경: 숲, 폐허 / 제외 조건: 소품 단독",blind_random,,53158,21,fts,"{""fts"": 21}","{""blind_random_v1_20260507:fts"": 21}",webdav://13730b09/발송/범선/기절용사와 암살공주/장소/숲/kya03_172.psd,53158_kya03_172.psd,발송/범선/기절용사와 암살공주/장소/숲/kya03_172.psd,webdav:/13730b09/발송/범선/기절용사와 암살공주/장소/숲,/Users/saintiron/Projects/Imagine/thumbnails/53158_kya03_172_thumb.png,psd,,,Two translucent anime characters stand in a lush green forest.,"[""anime"", ""forest"", ""trees"", ""translucent"", ""characters"", ""green"", ""overlay""]",illustration,,,,unknown_legacy,parse_fallback_legacy,"pre-fix: psd-tools failed, fell back to thumbnail-only",repair_required,parse_fallback_legacy,,,,,,,webdav:/13730b09/발송/범선/기절용사와 암살공주/장소/숲,visual:blind-random-q0019:53158,diverse_rank=8; source_count=2; visual_group=visual:blind-random-q0019:53158
blind-random-q0020,"다음 요소가 함께 보이는 배경: 계단, 달 (자연, 밝은 낮 분위기) / 제외 조건: 근접 얼굴",blind_random,,33310,1,triaxis,"{""triaxis"": 1}","{""blind_random_v1_20260507:triaxis"": 1}","webdav://13730b09/발송4/범선/작품 쫑/후시/장소/숲,자연/nfb11_313.psd",33310_nfb11_313.psd,"발송4/범선/작품 쫑/후시/장소/숲,자연/nfb11_313.psd","webdav:/13730b09/발송4/범선/작품 쫑/후시/장소/숲,자연",/Users/saintiron/Projects/Imagine/thumbnails/33310_nfb11_313_thumb.png,psd,,,A serene anime-style night scene with a bright blue moon and stars above a forest.,"[""moon"", ""night"", ""stars"", ""forest"", ""anime"", ""serene"", ""blue moon""]",illustration,,,,unknown_legacy,parse_fallback_legacy,"pre-fix: psd-tools failed, fell back to thumbnail-only",repair_required,parse_fallback_legacy,,,,,,,"webdav:/13730b09/발송4/범선/작품 쫑/후시/장소/숲,자연",visual:blind-random-q0020:33310,diverse_rank=1; source_count=3; visual_group=visual:blind-random-q0020:33310
blind-random-q0020,"다음 요소가 함께 보이는 배경: 계단, 달 (자연, 밝은 낮 분위기) / 제외 조건: 근접 얼굴",blind_random,,42078,1,fts,"{""fts"": 1}","{""blind_random_v1_20260507:fts"": 1}",webdav://13730b09/예비/크랑베르무/장소/달/grb13_024.psd,42078_grb13_024.psd,예비/크랑베르무/장소/달/grb13_024.psd,webdav:/13730b09/예비/크랑베르무/장소/달,/Users/saintiron/Projects/Imagine/thumbnails/42078_grb13_024_thumb.png,psd,,,Abstract pink and purple circular shapes on textured background.,"[""abstract"", ""pink"", ""purple"", ""texture"", ""circles"", ""art"", ""digital"", ""pattern""]",texture,,,,unknown_legacy,parse_fallback_legacy,"pre-fix: psd-tools failed, fell back to thumbnail-only",repair_required,parse_fallback_legacy,,,,,,,webdav:/13730b09/예비/크랑베르무/장소/달,visual:blind-random-q0020:42078,diverse_rank=5; source_count=2; visual_group=visual:blind-random-q0020:42078
blind-random-q0020,"다음 요소가 함께 보이는 배경: 계단, 달 (자연, 밝은 낮 분위기) / 제외 조건: 근접 얼굴",blind_random,,48050,1,vv,"{""vv"": 1}","{""blind_random_v1_20260507:vv"": 1}",webdav://13730b09/발송/외주 회사/뱅가드/26/#04/bg/VS10_04_074_GENZU.psd,48050_VS10_04_074_GENZU.psd,발송/외주 회사/뱅가드/26/#04/bg/VS10_04_074_GENZU.psd,발송/외주 회사/뱅가드/26/#04/bg,/Users/saintiron/Projects/Imagine/thumbnails/48050_VS10_04_074_GENZU_thumb.png,psd,,,A translucent anime girl stands on stairs in a sepia-toned scene.,"[""anime"", ""ghost"", ""stairs"", ""sepia"", ""portrait"", ""translucent"", ""anime girl"", ""staircase""]",illustration,,,,unknown_legacy,parse_fallback_legacy,"pre-fix: psd-tools failed, fell back to thumbnail-only",repair_required,parse_fallback_legacy,,,,,,,발송/외주 회사/뱅가드/26/#04/bg,visual:blind-random-q0020:48050,diverse_rank=7; source_count=1; visual_group=visual:blind-random-q0020:48050
blind-random-q0020,"다음 요소가 함께 보이는 배경: 계단, 달 (자연, 밝은 낮 분위기) / 제외 조건: 근접 얼굴",blind_random,,42080,6,fts,"{""fts"": 6}","{""blind_random_v1_20260507:fts"": 6}",webdav://13730b09/예비/크랑베르무/장소/달/grb13_047.psd,42080_grb13_047.psd,예비/크랑베르무/장소/달/grb13_047.psd,webdav:/13730b09/예비/크랑베르무/장소/달,/Users/saintiron/Projects/Imagine/thumbnails/42080_grb13_047_thumb.png,psd,,,A pink and purple textured surface featuring numerous circular patterns resembling craters or bubbles.,"[""texture"", ""abstract"", ""pink"", ""purple"", ""circular patterns"", ""craters"", ""artistic"", ""surface"", ""patterned"", ""macro""]",,,,,unknown_legacy,parse_fallback_legacy,"pre-fix: psd-tools failed, fell back to thumbnail-only",repair_required,parse_fallback_legacy,,,,,,,webdav:/13730b09/예비/크랑베르무/장소/달,visual:blind-random-q0020:42080,diverse_rank=2; source_count=2; visual_group=visual:blind-random-q0020:42080
blind-random-q0020,"다음 요소가 함께 보이는 배경: 계단, 달 (자연, 밝은 낮 분위기) / 제외 조건: 근접 얼굴",blind_random,,49108,6,triaxis,"{""triaxis"": 6}","{""blind_random_v1_20260507:triaxis"": 6}",webdav://13730b09/발송/외주 회사/뱅가드/25/#12/bg/VS9_12_419_GENZU.psd,49108_VS9_12_419_GENZU.psd,발송/외주 회사/뱅가드/25/#12/bg/VS9_12_419_GENZU.psd,발송/외주 회사/뱅가드/25/#12/bg,/Users/saintiron/Projects/Imagine/thumbnails/49108_VS9_12_419_GENZU_thumb.png,psd,,,A bright full moon shines through dark clouds in a starry night sky.,"[""moon"", ""night"", ""sky"", ""clouds"", ""stars"", ""full moon"", ""dark blue"", ""space""]",illustration,,,,unknown_legacy,parse_fallback_legacy,"pre-fix: psd-tools failed, fell back to thumbnail-only",repair_required,parse_fallback_legacy,,,,,,,발송/외주 회사/뱅가드/25/#12/bg,visual:blind-random-q0020:49108,diverse_rank=8; source_count=1; visual_group=visual:blind-random-q0020:49108
blind-random-q0020,"다음 요소가 함께 보이는 배경: 계단, 달 (자연, 밝은 낮 분위기) / 제외 조건: 근접 얼굴",blind_random,,33339,11,triaxis,"{""triaxis"": 11}","{""blind_random_v1_20260507:triaxis"": 11}","webdav://13730b09/발송4/범선/작품 쫑/후시/장소/숲,자연/nfb12_068.psd",33339_nfb12_068.psd,"발송4/범선/작품 쫑/후시/장소/숲,자연/nfb12_068.psd","webdav:/13730b09/발송4/범선/작품 쫑/후시/장소/숲,자연",/Users/saintiron/Projects/Imagine/thumbnails/33339_nfb12_068_thumb.png,psd,,,A moonlit forest path surrounded by dense trees under a clear night sky.,"[""forest"", ""night"", ""moon"", ""anime"", ""blue"", ""mysterious""]",background,Forest,Night,Clear,unknown_legacy,parse_fallback_legacy,"pre-fix: psd-tools failed, fell back to thumbnail-only",repair_required,parse_fallback_legacy,,,,,,,"webdav:/13730b09/발송4/범선/작품 쫑/후시/장소/숲,자연",visual:blind-random-q0020:33339,diverse_rank=3; source_count=3; visual_group=visual:blind-random-q0020:33339
blind-random-q0020,"다음 요소가 함께 보이는 배경: 계단, 달 (자연, 밝은 낮 분위기) / 제외 조건: 근접 얼굴",blind_random,,39420,11,mv,"{""mv"": 11}","{""blind_random_v1_20260507:mv"": 11}",webdav://13730b09/예비/크랑베르무/장소/켐핑장/grb11_240.psd,39420_grb11_240.psd,예비/크랑베르무/장소/켐핑장/grb11_240.psd,webdav:/13730b09/예비/크랑베르무/장소/켐핑장,/Users/saintiron/Projects/Imagine/thumbnails/39420_grb11_240_thumb.png,psd,,,A serene forest path beside a glowing river at dusk.,"[""forest"", ""river"", ""path"", ""dusk"", ""nature"", ""scenery"", ""peaceful"", ""landscape""]",background,,,,unknown_legacy,parse_fallback_legacy,"pre-fix: psd-tools failed, fell back to thumbnail-only",repair_required,parse_fallback_legacy,,,,,,,webdav:/13730b09/예비/크랑베르무/장소/켐핑장,visual:blind-random-q0020:39420,diverse_rank=6; source_count=1; visual_group=visual:blind-random-q0020:39420
blind-random-q0020,"다음 요소가 함께 보이는 배경: 계단, 달 (자연, 밝은 낮 분위기) / 제외 조건: 근접 얼굴",blind_random,,33395,21,triaxis,"{""triaxis"": 21}","{""blind_random_v1_20260507:triaxis"": 21}","webdav://13730b09/발송4/범선/작품 쫑/후시/장소/숲,자연/nfb12_244.psd",33395_nfb12_244.psd,"발송4/범선/작품 쫑/후시/장소/숲,자연/nfb12_244.psd","webdav:/13730b09/발송4/범선/작품 쫑/후시/장소/숲,자연",/Users/saintiron/Projects/Imagine/thumbnails/33395_nfb12_244_thumb.png,psd,,,A fallen log rests in a grassy field under soft daylight.,"[""log"", ""grass"", ""nature"", ""anime"", ""serene""]",background,Nature,Day,Clear,unknown_legacy,parse_fallback_legacy,"pre-fix: psd-tools failed, fell back to thumbnail-only",repair_required,parse_fallback_legacy,,,,,,,"webdav:/13730b09/발송4/범선/작품 쫑/후시/장소/숲,자연",visual:blind-random-q0020:33395,diverse_rank=4; source_count=3; visual_group=visual:blind-random-q0020:33395
blind-random-q0021,"다음 요소가 함께 보이는 배경: 돌기둥, 전선 (조용한 분위기) / 제외 조건: 인물, 추상 텍스처",blind_random,,28712,1,mv,"{""mv"": 1}","{""blind_random_v1_20260507:mv"": 1}",/Users/saintiron/imageDB/마캬베리즈무/장소/강다외부/agm03_219.psd,agm03_219.psd,agm03_219.psd,강다외부,/Users/saintiron/Projects/Imagine/thumbnails/agm03_219_thumb.png,psd,1812,1204,"An empty industrial corridor with pillars, pipes, and a bright exit.","[""corridor"", ""pillars"", ""pipes"", ""industrial"", ""concrete"", ""windows"", ""empty"", ""overcast""]",background,,,,Qwen/Qwen3.5-9B,vision_done,,ok,,,,,,,,강다외부,visual:blind-random-q0021:28712,diverse_rank=1; source_count=2; visual_group=visual:blind-random-q0021:28712
blind-random-q0021,"다음 요소가 함께 보이는 배경: 돌기둥, 전선 (조용한 분위기) / 제외 조건: 인물, 추상 텍스처",blind_random,,28780,1,triaxis,"{""triaxis"": 1}","{""blind_random_v1_20260507:triaxis"": 1}",/Users/saintiron/imageDB/마캬베리즈무/장소/강다외부/agm03_323.psd,agm03_323.psd,agm03_323.psd,강다외부,/Users/saintiron/Projects/Imagine/thumbnails/agm03_323_thumb.png,psd,2603,1180,Modern architectural interior with concrete pillars and industrial lighting fixtures.,"[""architecture"", ""concrete"", ""lighting"", ""industrial"", ""pillars"", ""ceiling"", ""modern""]",background,,,,Qwen/Qwen3.5-9B,vision_done,,ok,,,,,,,,강다외부,visual:blind-random-q0021:28780,diverse_rank=4; source_count=2; visual_group=visual:blind-random-q0021:28780
blind-random-q0021,"다음 요소가 함께 보이는 배경: 돌기둥, 전선 (조용한 분위기) / 제외 조건: 인물, 추상 텍스처",blind_random,,57347,1,vv,"{""vv"": 1}","{""blind_random_v1_20260507:vv"": 1}",webdav://13730b09/예비/작품2/대마도학원35시험 소대/택처/바닥소재.psd,57347_바닥소재.psd,예비/작품2/대마도학원35시험 소대/택처/바닥소재.psd,택처,/Users/saintiron/Projects/Imagine/thumbnails/57347_바닥소재_thumb.png,psd,1110,1109,Abstract textured surface resembling cracked earth or dried mud in sepia tones.,"[""texture"", ""cracked"", ""earth"", ""dried mud"", ""sepia"", ""abstract"", ""pattern"", ""surface""]",texture,,,,Qwen/Qwen3.5-9B,,,ok,,,,,,,,택처,visual:blind-random-q0021:57347,diverse_rank=8; source_count=1; visual_group=visual:blind-random-q0021:57347
blind-random-q0021,"다음 요소가 함께 보이는 배경: 돌기둥, 전선 (조용한 분위기) / 제외 조건: 인물, 추상 텍스처",blind_random,,33414,6,mv,"{""mv"": 6}","{""blind_random_v1_20260507:mv"": 6}",webdav://13730b09/발송4/범선/작품 쫑/후시/장소/미궁 앞/nfb06_080.psd,33414_nfb06_080.psd,발송4/범선/작품 쫑/후시/장소/미궁 앞/nfb06_080.psd,webdav:/13730b09/발송4/범선/작품 쫑/후시/장소/미궁 앞,/Users/saintiron/Projects/Imagine/thumbnails/33414_nfb06_080_thumb.png,psd,,,"A collection of tools and materials on a wooden surface, including a knife, rope, and other items.","[""tool"", ""utility"", ""lineart"", ""monochrome"", ""wooden_surface""]",item,,,,unknown_legacy,parse_fallback_legacy,"pre-fix: psd-tools failed, fell back to thumbnail-only",repair_required,parse_fallback_legacy,,,,,,,webdav:/13730b09/발송4/범선/작품 쫑/후시/장소/미궁 앞,visual:blind-random-q0021:33414,diverse_rank=2; source_count=1; visual_group=visual:blind-random-q0021:33414
blind-random-q0021,"다음 요소가 함께 보이는 배경: 돌기둥, 전선 (조용한 분위기) / 제외 조건: 인물, 추상 텍스처",blind_random,,50659,6,vv,"{""vv"": 6}","{""blind_random_v1_20260507:vv"": 6}",webdav://13730b09/발송/범선/기절용사와 암살공주/#11/bg/kya11_008_LE.psd,50659_kya11_008_LE.psd,발송/범선/기절용사와 암살공주/#11/bg/kya11_008_LE.psd,webdav:/13730b09/발송/범선/기절용사와 암살공주/#11/bg,/Users/saintiron/Projects/Imagine/thumbnails/50659_kya11_008_LE_thumb.png,psd,,,"Horizontal motion blur with streaks of brown, white, and green.","[""motion blur"", ""horizontal streaks"", ""brown"", ""white"", ""green"", ""abstract"", ""blurry"", ""streaks""]",effect,,,,unknown_legacy,parse_fallback_legacy,"pre-fix: psd-tools failed, fell back to thumbnail-only",repair_required,parse_fallback_legacy,,,,,,,webdav:/13730b09/발송/범선/기절용사와 암살공주/#11/bg,visual:blind-random-q0021:50659,diverse_rank=5; source_count=1; visual_group=visual:blind-random-q0021:50659
blind-random-q0021,"다음 요소가 함께 보이는 배경: 돌기둥, 전선 (조용한 분위기) / 제외 조건: 인물, 추상 텍스처",blind_random,,46387,11,vv,"{""vv"": 11}","{""blind_random_v1_20260507:vv"": 11}",webdav://13730b09/발송작품/작품/Fate/sozai/FN14_060_T1 copy.psd,46387_FN14_060_T1 copy.psd,발송작품/작품/Fate/sozai/FN14_060_T1 copy.psd,webdav:/13730b09/발송작품/작품/Fate/sozai,/Users/saintiron/Projects/Imagine/thumbnails/46387_FN14_060_T1 copy_thumb.png,psd,,,Abstract composition of dark blue textured columns and panels.,"[""abstract"", ""columns"", ""blue"", ""texture"", ""geometric"", ""dark"", ""modern"", ""minimalist""]",texture,,,,unknown_legacy,parse_fallback_legacy,"pre-fix: psd-tools failed, fell back to thumbnail-only",repair_required,parse_fallback_legacy,,,,,,,webdav:/13730b09/발송작품/작품/Fate/sozai,visual:blind-random-q0021:46387,diverse_rank=6; source_count=1; visual_group=visual:blind-random-q0021:46387
blind-random-q0021,"다음 요소가 함께 보이는 배경: 돌기둥, 전선 (조용한 분위기) / 제외 조건: 인물, 추상 텍스처",blind_random,,39872,21,vv,"{""vv"": 21}","{""blind_random_v1_20260507:vv"": 21}",webdav://13730b09/예비/크랑베르무/장소/전투/6/grb12_272.psd,39872_grb12_272.psd,예비/크랑베르무/장소/전투/6/grb12_272.psd,webdav:/13730b09/예비/크랑베르무/장소/전투/6,/Users/saintiron/Projects/Imagine/thumbnails/39872_grb12_272_thumb.png,psd,,,"Abstract crystalline texture with purple and blue hues, featuring layered architectural silhouettes","[""crystal"", ""abstract"", ""purple"", ""blue"", ""tileable"", ""digital_art""]",texture,,,,unknown_legacy,parse_fallback_legacy,"pre-fix: psd-tools failed, fell back to thumbnail-only",repair_required,parse_fallback_legacy,,,,,,,webdav:/13730b09/예비/크랑베르무/장소/전투/6,visual:blind-random-q0021:39872,diverse_rank=3; source_count=1; visual_group=visual:blind-random-q0021:39872
blind-random-q0021,"다음 요소가 함께 보이는 배경: 돌기둥, 전선 (조용한 분위기) / 제외 조건: 인물, 추상 텍스처",blind_random,,52916,21,mv,"{""mv"": 21}","{""blind_random_v1_20260507:mv"": 21}",webdav://13730b09/발송/범선/기절용사와 암살공주/장소/마을/kya01_166.psd,52916_kya01_166.psd,발송/범선/기절용사와 암살공주/장소/마을/kya01_166.psd,webdav:/13730b09/발송/범선/기절용사와 암살공주/장소/마을,/Users/saintiron/Projects/Imagine/thumbnails/52916_kya01_166_thumb.png,psd,,,A narrow cobblestone alleyway with wooden buildings and barrels in the foreground.,"[""alleyway"", ""cobblestone"", ""wooden buildings"", ""barrels"", ""jars"", ""archway"", ""street lamp"", ""sky""]",background,,,,unknown_legacy,parse_fallback_legacy,"pre-fix: psd-tools failed, fell back to thumbnail-only",repair_required,parse_fallback_legacy,,,,,,,webdav:/13730b09/발송/범선/기절용사와 암살공주/장소/마을,visual:blind-random-q0021:52916,diverse_rank=7; source_count=1; visual_group=visual:blind-random-q0021:52916
blind-random-q0022,"다음 요소가 한 화면에 함께 보이는 배경: 비, 도로, 벽돌 벽, 밤하늘 (산업 시설 분위기) / 제외 조건: 추상 텍스처",blind_random,,30136,1,vv,"{""vv"": 1}","{""blind_random_v1_20260507:vv"": 1}",webdav://13730b09/발송/범선/작품 쫑/다윈즈게임/장소/도시 낮/dwg03_005.psd,dwg03_005.psd,발송/범선/작품 쫑/다윈즈게임/장소/도시 낮/dwg03_005.psd,발송/범선/작품 쫑/다윈즈게임/장소/도시 낮,/Users/saintiron/Projects/Imagine/thumbnails/dwg03_005_thumb.png,psd,2370,1674,"A clean, gray cobblestone pavement under bright daylight, suggesting an urban street or plaza.",[],background,urban,,,unknown_legacy,parse_fallback_legacy,"pre-fix: psd-tools failed, fell back to thumbnail-only",repair_required,parse_fallback_legacy,,,,,,,발송/범선/작품 쫑/다윈즈게임/장소/도시 낮,visual:blind-random-q0022:30136,diverse_rank=1; source_count=1; visual_group=visual:blind-random-q0022:30136
blind-random-q0022,"다음 요소가 한 화면에 함께 보이는 배경: 비, 도로, 벽돌 벽, 밤하늘 (산업 시설 분위기) / 제외 조건: 추상 텍스처",blind_random,,35424,1,mv,"{""mv"": 1}","{""blind_random_v1_20260507:mv"": 1}",webdav://13730b09/발송4/범선/작품 쫑/후시/보도/TX-1201/yuka1.psd,35424_yuka1.psd,발송4/범선/작품 쫑/후시/보도/TX-1201/yuka1.psd,webdav:/13730b09/발송4/범선/작품 쫑/후시/보도/TX-1201,/Users/saintiron/Projects/Imagine/thumbnails/35424_yuka1_thumb.png,psd,,,"A dark blue brick wall under nighttime lighting, creating a moody urban atmosphere.","[""brick_wall"", ""night"", ""urban"", ""dark"", ""industrial"", ""melancholic""]",background,urban,,,unknown_legacy,parse_fallback_legacy,"pre-fix: psd-tools failed, fell back to thumbnail-only",repair_required,parse_fallback_legacy,,,,,,,webdav:/13730b09/발송4/범선/작품 쫑/후시/보도/TX-1201,visual:blind-random-q0022:35424,diverse_rank=5; source_count=1; visual_group=visual:blind-random-q0022:35424
blind-random-q0022,"다음 요소가 한 화면에 함께 보이는 배경: 비, 도로, 벽돌 벽, 밤하늘 (산업 시설 분위기) / 제외 조건: 추상 텍스처",blind_random,,41359,6,triaxis,"{""triaxis"": 6}","{""blind_random_v1_20260507:triaxis"": 6}",webdav://13730b09/예비/크랑베르무/장소/신사/grb10_177.psd,41359_grb10_177.psd,예비/크랑베르무/장소/신사/grb10_177.psd,webdav:/13730b09/예비/크랑베르무/장소/신사,/Users/saintiron/Projects/Imagine/thumbnails/41359_grb10_177_thumb.png,psd,,,"A quiet, rainy night in a coastal Japanese neighborhood with traditional houses and a winding road.","[""night"", ""rain"", ""coastal"", ""Japanese houses"", ""anime"", ""quiet"", ""autumn"", ""dim lighting""]",background,Cities,night,rainy,unknown_legacy,parse_fallback_legacy,"pre-fix: psd-tools failed, fell back to thumbnail-only",repair_required,parse_fallback_legacy,,,,,,,webdav:/13730b09/예비/크랑베르무/장소/신사,visual:blind-random-q0022:41359,diverse_rank=2; source_count=1; visual_group=visual:blind-random-q0022:41359
blind-random-q0022,"다음 요소가 한 화면에 함께 보이는 배경: 비, 도로, 벽돌 벽, 밤하늘 (산업 시설 분위기) / 제외 조건: 추상 텍스처",blind_random,,53084,6,vv,"{""vv"": 6}","{""blind_random_v1_20260507:vv"": 6}",webdav://13730b09/발송/범선/기절용사와 암살공주/장소/마을/kya07_158.psd,53084_kya07_158.psd,발송/범선/기절용사와 암살공주/장소/마을/kya07_158.psd,webdav:/13730b09/발송/범선/기절용사와 암살공주/장소/마을,/Users/saintiron/Projects/Imagine/thumbnails/53084_kya07_158_thumb.png,psd,,,A brick wall texture with a vertical wooden beam overlay.,"[""brick"", ""wall"", ""wood"", ""beam"", ""texture"", ""pattern"", ""stone"", ""construction""]",texture,,,,unknown_legacy,parse_fallback_legacy,"pre-fix: psd-tools failed, fell back to thumbnail-only",repair_required,parse_fallback_legacy,,,,,,,webdav:/13730b09/발송/범선/기절용사와 암살공주/장소/마을,visual:blind-random-q0022:53084,diverse_rank=6; source_count=1; visual_group=visual:blind-random-q0022:53084
blind-random-q0022,"다음 요소가 한 화면에 함께 보이는 배경: 비, 도로, 벽돌 벽, 밤하늘 (산업 시설 분위기) / 제외 조건: 추상 텍스처",blind_random,,51757,11,mv,"{""mv"": 11}","{""blind_random_v1_20260507:mv"": 11}",webdav://13730b09/발송/범선/기절용사와 암살공주/#07/bg/kya07_132.psd,51757_kya07_132.psd,발송/범선/기절용사와 암살공주/#07/bg/kya07_132.psd,webdav:/13730b09/발송/범선/기절용사와 암살공주/#07/bg,/Users/saintiron/Projects/Imagine/thumbnails/51757_kya07_132_thumb.png,psd,,,A brick wall under a blue sky with faint character overlays.,"[""brick wall"", ""sky"", ""clouds"", ""overlays"", ""architecture"", ""nature"", ""anime style""]",background,,,,unknown_legacy,parse_fallback_legacy,"pre-fix: psd-tools failed, fell back to thumbnail-only",repair_required,parse_fallback_legacy,,,,,,,webdav:/13730b09/발송/범선/기절용사와 암살공주/#07/bg,visual:blind-random-q0022:51757,diverse_rank=3; source_count=1; visual_group=visual:blind-random-q0022:51757
blind-random-q0022,"다음 요소가 한 화면에 함께 보이는 배경: 비, 도로, 벽돌 벽, 밤하늘 (산업 시설 분위기) / 제외 조건: 추상 텍스처",blind_random,,60077,11,fts,"{""fts"": 11}","{""blind_random_v1_20260507:fts"": 11}",webdav://13730b09/예비/마법과고교의 우등생/#13/BG/mky13_316.psd,60077_mky13_316.psd,예비/마법과고교의 우등생/#13/BG/mky13_316.psd,BG,/Users/saintiron/Projects/Imagine/thumbnails/60077_mky13_316_thumb.png,psd,2385,1278,Sketch of a flowing dress design with color notes and layout guides.,"[""dress"", ""sketch"", ""design"", ""fabric"", ""color notes"", ""layout"", ""anime""]",illustration,,,,Qwen/Qwen3.5-9B,,,ok,,,,,,,,BG,visual:blind-random-q0022:60257,diverse_rank=7; source_count=1; visual_group=visual:blind-random-q0022:60257
blind-random-q0022,"다음 요소가 한 화면에 함께 보이는 배경: 비, 도로, 벽돌 벽, 밤하늘 (산업 시설 분위기) / 제외 조건: 추상 텍스처",blind_random,,46668,21,mv,"{""mv"": 21}","{""blind_random_v1_20260507:mv"": 21}",webdav://13730b09/발송작품/작품/Fate/BG.참고/FN14_050_T1.psd,46668_FN14_050_T1.psd,발송작품/작품/Fate/BG.참고/FN14_050_T1.psd,webdav:/13730b09/발송작품/작품/Fate/BG.참고,/Users/saintiron/Projects/Imagine/thumbnails/46668_FN14_050_T1_thumb.png,psd,,,"A dark, textured stone wall with architectural details in blue tones.","[""architecture"", ""stone"", ""wall"", ""blue"", ""texture"", ""dark"", ""detail"", ""structure""]",background,,,,unknown_legacy,parse_fallback_legacy,"pre-fix: psd-tools failed, fell back to thumbnail-only",repair_required,parse_fallback_legacy,,,,,,,webdav:/13730b09/발송작품/작품/Fate/BG.참고,visual:blind-random-q0022:46668,diverse_rank=4; source_count=1; visual_group=visual:blind-random-q0022:46668
blind-random-q0022,"다음 요소가 한 화면에 함께 보이는 배경: 비, 도로, 벽돌 벽, 밤하늘 (산업 시설 분위기) / 제외 조건: 추상 텍스처",blind_random,,33759,22,vv,"{""vv"": 22}","{""blind_random_v1_20260507:vv"": 22}",webdav://13730b09/발송4/범선/작품 쫑/후시/장소/로네느의집 실험실/nfb05_036.psd,33759_nfb05_036.psd,발송4/범선/작품 쫑/후시/장소/로네느의집 실험실/nfb05_036.psd,webdav:/13730b09/발송4/범선/작품 쫑/후시/장소/로네느의집 실험실,/Users/saintiron/Projects/Imagine/thumbnails/33759_nfb05_036_thumb.png,psd,,,Dark stone wall with a wooden frame on the left,"[""stone"", ""wall"", ""dark"", ""wooden frame"", ""texture"", ""tileable""]",texture,,,,unknown_legacy,parse_fallback_legacy,"pre-fix: psd-tools failed, fell back to thumbnail-only",repair_required,parse_fallback_legacy,,,,,,,webdav:/13730b09/발송4/범선/작품 쫑/후시/장소/로네느의집 실험실,visual:blind-random-q0022:33759,diverse_rank=8; source_count=1; visual_group=visual:blind-random-q0022:33759
blind-random-q0023,"다음 요소가 함께 보이는 배경: 밤하늘, 전선 (현대 건축 분위기) / 제외 조건: 전투 장면, 캐릭터",blind_random,,58489,1,vv,"{""vv"": 1}","{""blind_random_v1_20260507:vv"": 1}",webdav://13730b09/예비/작품2/대마도학원35시험 소대/보도/아르케미스트 제5연구소 타워외벽위.psd,58489_아르케미스트 제5연구소 타워외벽위.psd,예비/작품2/대마도학원35시험 소대/보도/아르케미스트 제5연구소 타워외벽위.psd,보도,/Users/saintiron/Projects/Imagine/thumbnails/58489_아르케미스트 제5연구소 타워외벽위_thumb.png,psd,2625,1790,Night view of a concrete rooftop with city buildings in the background.,"[""rooftop"", ""concrete"", ""night"", ""cityscape"", ""buildings""]",illustration,,,,Qwen/Qwen3.5-9B,,,ok,,,,,,,,보도,visual:blind-random-q0023:58489,diverse_rank=1; source_count=1; visual_group=visual:blind-random-q0023:58489
blind-random-q0023,"다음 요소가 함께 보이는 배경: 밤하늘, 전선 (현대 건축 분위기) / 제외 조건: 전투 장면, 캐릭터",blind_random,,58577,1,mv,"{""mv"": 1}","{""blind_random_v1_20260507:mv"": 1}",webdav://13730b09/예비/작품2/대마도학원35시험 소대/BG/TM#05_154_157.psd,58577_TM#05_154_157.psd,예비/작품2/대마도학원35시험 소대/BG/TM#05_154_157.psd,BG,/Users/saintiron/Projects/Imagine/thumbnails/58577_TM#05_154_157_thumb.png,psd,1675,1187,Night scene with modern buildings under a starry sky with clouds.,"[""night"", ""buildings"", ""sky"", ""stars"", ""clouds"", ""windows"", ""roof"", ""lights""]",illustration,,,,Qwen/Qwen3.5-9B,,,ok,,,,,,,,BG,visual:blind-random-q0023:58577,diverse_rank=8; source_count=1; visual_group=visual:blind-random-q0023:58577
blind-random-q0023,"다음 요소가 함께 보이는 배경: 밤하늘, 전선 (현대 건축 분위기) / 제외 조건: 전투 장면, 캐릭터",blind_random,,40326,6,fts,"{""fts"": 6}","{""blind_random_v1_20260507:fts"": 6}",webdav://13730b09/예비/크랑베르무/장소/전투/4/grb08_043.psd,40326_grb08_043.psd,예비/크랑베르무/장소/전투/4/grb08_043.psd,webdav:/13730b09/예비/크랑베르무/장소/전투/4,/Users/saintiron/Projects/Imagine/thumbnails/40326_grb08_043_thumb.png,psd,,,angelic figure,"[""angel"", ""anime"", ""blue"", ""white"", ""divine"", ""light"", ""sky""]",illustration,,,,unknown_legacy,parse_fallback_legacy,"pre-fix: psd-tools failed, fell back to thumbnail-only",repair_required,parse_fallback_legacy,,,,,,,webdav:/13730b09/예비/크랑베르무/장소/전투/4,visual:blind-random-q0023:40326,diverse_rank=2; source_count=2; visual_group=visual:blind-random-q0023:40326
blind-random-q0023,"다음 요소가 함께 보이는 배경: 밤하늘, 전선 (현대 건축 분위기) / 제외 조건: 전투 장면, 캐릭터",blind_random,,40991,6,vv,"{""vv"": 6}","{""blind_random_v1_20260507:vv"": 6}",webdav://13730b09/예비/크랑베르무/장소/전투/1/grb01_090.psd,40991_grb01_090.psd,예비/크랑베르무/장소/전투/1/grb01_090.psd,webdav:/13730b09/예비/크랑베르무/장소/전투/1,/Users/saintiron/Projects/Imagine/thumbnails/40991_grb01_090_thumb.png,psd,,,"A ruined cityscape under a vibrant, star-filled night sky with soft clouds and pastel hues.","[""anime"", ""destroyed city"", ""starry sky"", ""post-apocalyptic"", ""melancholic"", ""night scene"", ""ruins"", ""starfield"", ""pastel colors"", ""clouds"", ""architecture""]",illustration,,,,unknown_legacy,parse_fallback_legacy,"pre-fix: psd-tools failed, fell back to thumbnail-only",repair_required,parse_fallback_legacy,,,,,,,webdav:/13730b09/예비/크랑베르무/장소/전투/1,visual:blind-random-q0023:40991,diverse_rank=5; source_count=1; visual_group=visual:blind-random-q0023:40991
blind-random-q0023,"다음 요소가 함께 보이는 배경: 밤하늘, 전선 (현대 건축 분위기) / 제외 조건: 전투 장면, 캐릭터",blind_random,,40215,11,fts,"{""fts"": 11}","{""blind_random_v1_20260507:fts"": 11}",webdav://13730b09/예비/크랑베르무/장소/전투/4/grb07_231.psd,40215_grb07_231.psd,예비/크랑베르무/장소/전투/4/grb07_231.psd,webdav:/13730b09/예비/크랑베르무/장소/전투/4,/Users/saintiron/Projects/Imagine/thumbnails/40215_grb07_231_thumb.png,psd,,,Purple and blue cracked marble texture,"[""stone"", ""marble"", ""cracked"", ""purple"", ""blue"", ""texture"", ""tileable""]",texture,,,,unknown_legacy,parse_fallback_legacy,"pre-fix: psd-tools failed, fell back to thumbnail-only",repair_required,parse_fallback_legacy,,,,,,,webdav:/13730b09/예비/크랑베르무/장소/전투/4,visual:blind-random-q0023:40215,diverse_rank=3; source_count=2; visual_group=visual:blind-random-q0023:40215
blind-random-q0023,"다음 요소가 함께 보이는 배경: 밤하늘, 전선 (현대 건축 분위기) / 제외 조건: 전투 장면, 캐릭터",blind_random,,41693,11,"mv,triaxis","{""mv"": 12, ""triaxis"": 11}","{""blind_random_v1_20260507:mv"": 12, ""blind_random_v1_20260507:triaxis"": 11}",webdav://13730b09/예비/크랑베르무/장소/만게츠의집/grb05_024.psd,41693_grb05_024.psd,예비/크랑베르무/장소/만게츠의집/grb05_024.psd,webdav:/13730b09/예비/크랑베르무/장소/만게츠의집,/Users/saintiron/Projects/Imagine/thumbnails/41693_grb05_024_thumb.png,psd,,,A serene anime-style view of modern buildings under a clear blue sky with soft clouds.,"[""anime"", ""modern architecture"", ""clear sky"", ""pastel colors"", ""serene"", ""daytime""]",background,Cities,day,clear,unknown_legacy,parse_fallback_legacy,"pre-fix: psd-tools failed, fell back to thumbnail-only",repair_required,parse_fallback_legacy,,,,,,,webdav:/13730b09/예비/크랑베르무/장소/만게츠의집,visual:blind-random-q0023:41693,diverse_rank=6; source_count=1; visual_group=visual:blind-random-q0023:41693
blind-random-q0023,"다음 요소가 함께 보이는 배경: 밤하늘, 전선 (현대 건축 분위기) / 제외 조건: 전투 장면, 캐릭터",blind_random,,30125,21,"mv,triaxis","{""mv"": 26, ""triaxis"": 21}","{""blind_random_v1_20260507:mv"": 26, ""blind_random_v1_20260507:triaxis"": 21}",webdav://13730b09/발송/범선/작품 쫑/다윈즈게임/장소/도시 낮/dwg02_312.psd,dwg02_312.psd,발송/범선/작품 쫑/다윈즈게임/장소/도시 낮/dwg02_312.psd,발송/범선/작품 쫑/다윈즈게임/장소/도시 낮,/Users/saintiron/Projects/Imagine/thumbnails/dwg02_312_thumb.png,psd,1744,3838,"A towering modern building stands against a clear blue sky, capturing the stark elegance of urban architecture under bright daylight.","[""urban"", ""modern_architecture"", ""blue_sky"", ""anime_style"", ""high_rise"", ""noon_light"", ""clear_weather""]",background,urban,,,unknown_legacy,parse_fallback_legacy,"pre-fix: psd-tools failed, fell back to thumbnail-only",repair_required,parse_fallback_legacy,,,,,,,발송/범선/작품 쫑/다윈즈게임/장소/도시 낮,visual:blind-random-q0023:30125,diverse_rank=4; source_count=1; visual_group=visual:blind-random-q0023:30125
blind-random-q0023,"다음 요소가 함께 보이는 배경: 밤하늘, 전선 (현대 건축 분위기) / 제외 조건: 전투 장면, 캐릭터",blind_random,,40402,21,fts,"{""fts"": 21}","{""blind_random_v1_20260507:fts"": 21}",webdav://13730b09/예비/크랑베르무/장소/전투/3/grb05_112.psd,40402_grb05_112.psd,예비/크랑베르무/장소/전투/3/grb05_112.psd,webdav:/13730b09/예비/크랑베르무/장소/전투/3,/Users/saintiron/Projects/Imagine/thumbnails/40402_grb05_112_thumb.png,psd,,,Dark green textured fabric with mottled pattern,"[""fabric"", ""textured"", ""mottled"", ""dark green"", ""teal"", ""woven""]",texture,,,,unknown_legacy,parse_fallback_legacy,"pre-fix: psd-tools failed, fell back to thumbnail-only",repair_required,parse_fallback_legacy,,,,,,,webdav:/13730b09/예비/크랑베르무/장소/전투/3,visual:blind-random-q0023:40402,diverse_rank=7; source_count=1; visual_group=visual:blind-random-q0023:40402
blind-random-q0024,"다음 요소가 함께 보이는 배경: 비, 계단 (밝은 낮 분위기) / 제외 조건: 텍스트 중심",blind_random,,47582,1,"triaxis,vv","{""triaxis"": 2, ""vv"": 1}","{""blind_random_v1_20260507:triaxis"": 2, ""blind_random_v1_20260507:vv"": 1}",webdav://13730b09/발송/외주 회사/뱅가드/26/#08/bg/VS10_08_061_GENZU.psd,47582_VS10_08_061_GENZU.psd,발송/외주 회사/뱅가드/26/#08/bg/VS10_08_061_GENZU.psd,발송/외주 회사/뱅가드/26/#08/bg,/Users/saintiron/Projects/Imagine/thumbnails/47582_VS10_08_061_GENZU_thumb.png,psd,,,Vertical view of concrete stairs with white stripes and green moss.,"[""stairs"", ""concrete"", ""moss"", ""vertical"", ""architecture"", ""texture"", ""pattern"", ""urban""]",texture,,,,unknown_legacy,parse_fallback_legacy,"pre-fix: psd-tools failed, fell back to thumbnail-only",repair_required,parse_fallback_legacy,,,,,,,발송/외주 회사/뱅가드/26/#08/bg,visual:blind-random-q0024:47582,diverse_rank=1; source_count=1; visual_group=visual:blind-random-q0024:47582
blind-random-q0024,"다음 요소가 함께 보이는 배경: 비, 계단 (밝은 낮 분위기) / 제외 조건: 텍스트 중심",blind_random,,48406,1,"triaxis,vv","{""triaxis"": 1, ""vv"": 18}","{""blind_random_v1_20260507:triaxis"": 1, ""blind_random_v1_20260507:vv"": 18}",webdav://13730b09/발송/외주 회사/뱅가드/26/#01/bg/VS10_01_120_GENZU.psd,48406_VS10_01_120_GENZU.psd,발송/외주 회사/뱅가드/26/#01/bg/VS10_01_120_GENZU.psd,발송/외주 회사/뱅가드/26/#01/bg,/Users/saintiron/Projects/Imagine/thumbnails/48406_VS10_01_120_GENZU_thumb.png,psd,,,Weathered concrete stairs with scattered leaves and moss.,"[""stairs"", ""concrete"", ""leaves"", ""moss"", ""urban"", ""texture"", ""nature"", ""decay""]",texture,,,,unknown_legacy,parse_fallback_legacy,"pre-fix: psd-tools failed, fell back to thumbnail-only",repair_required,parse_fallback_legacy,,,,,,,발송/외주 회사/뱅가드/26/#01/bg,visual:blind-random-q0024:48406,diverse_rank=5; source_count=1; visual_group=visual:blind-random-q0024:48406
blind-random-q0024,"다음 요소가 함께 보이는 배경: 비, 계단 (밝은 낮 분위기) / 제외 조건: 텍스트 중심",blind_random,,57951,1,"mv,vv","{""mv"": 1, ""vv"": 33}","{""blind_random_v1_20260507:mv"": 1, ""blind_random_v1_20260507:vv"": 33}",webdav://13730b09/예비/작품2/대마도학원35시험 소대/제작회사BG/#2/TM#02_198.psd,57951_TM#02_198.psd,예비/작품2/대마도학원35시험 소대/제작회사BG/#2/TM#02_198.psd,#2,/Users/saintiron/Projects/Imagine/thumbnails/57951_TM#02_198_thumb.png,psd,1681,1196,Dark blue-toned staircase leading to a building with railings and trees,"[""staircase"", ""railings"", ""trees"", ""building"", ""blue tone"", ""night"", ""sketch lines""]",background,,,,Qwen/Qwen3.5-9B,,,ok,,,,,,,,#2,visual:blind-random-q0024:57951,diverse_rank=8; source_count=1; visual_group=visual:blind-random-q0024:57951
blind-random-q0024,"다음 요소가 함께 보이는 배경: 비, 계단 (밝은 낮 분위기) / 제외 조건: 텍스트 중심",blind_random,,30261,6,fts,"{""fts"": 6}","{""blind_random_v1_20260507:fts"": 6}",webdav://13730b09/발송/범선/작품 쫑/다윈즈게임/장소/도시 낮/dwg04_020.psd,dwg04_020.psd,발송/범선/작품 쫑/다윈즈게임/장소/도시 낮/dwg04_020.psd,발송/범선/작품 쫑/다윈즈게임/장소/도시 낮,/Users/saintiron/Projects/Imagine/thumbnails/dwg04_020_thumb.png,psd,2496,1744,Blue gradient light effect,"[""light"", ""gradient"", ""blue"", ""glow"", ""aura""]",effect,,,,unknown_legacy,parse_fallback_legacy,"pre-fix: psd-tools failed, fell back to thumbnail-only",repair_required,parse_fallback_legacy,,,,,,,발송/범선/작품 쫑/다윈즈게임/장소/도시 낮,visual:blind-random-q0024:30261,diverse_rank=2; source_count=2; visual_group=visual:blind-random-q0024:30261
blind-random-q0024,"다음 요소가 함께 보이는 배경: 비, 계단 (밝은 낮 분위기) / 제외 조건: 텍스트 중심",blind_random,,48047,6,"triaxis,vv","{""triaxis"": 36, ""vv"": 6}","{""blind_random_v1_20260507:triaxis"": 36, ""blind_random_v1_20260507:vv"": 6}",webdav://13730b09/발송/외주 회사/뱅가드/26/#04/bg/VS10_04_069_GENZU.psd,48047_VS10_04_069_GENZU.psd,발송/외주 회사/뱅가드/26/#04/bg/VS10_04_069_GENZU.psd,발송/외주 회사/뱅가드/26/#04/bg,/Users/saintiron/Projects/Imagine/thumbnails/48047_VS10_04_069_GENZU_thumb.png,psd,,,"Two characters stand on a staircase in a stylized, semi-transparent illustration.","[""anime"", ""illustration"", ""stairs"", ""characters"", ""transparency"", ""digital art"", ""school"", ""overlay""]",illustration,,,,unknown_legacy,parse_fallback_legacy,"pre-fix: psd-tools failed, fell back to thumbnail-only",repair_required,parse_fallback_legacy,,,,,,,발송/외주 회사/뱅가드/26/#04/bg,visual:blind-random-q0024:48055,diverse_rank=6; source_count=2; visual_group=visual:blind-random-q0024:48055
blind-random-q0024,"다음 요소가 함께 보이는 배경: 비, 계단 (밝은 낮 분위기) / 제외 조건: 텍스트 중심",blind_random,,41202,11,triaxis,"{""triaxis"": 11}","{""blind_random_v1_20260507:triaxis"": 11}",webdav://13730b09/예비/크랑베르무/장소/안나의집/grb02_112.psd,41202_grb02_112.psd,예비/크랑베르무/장소/안나의집/grb02_112.psd,webdav:/13730b09/예비/크랑베르무/장소/안나의집,/Users/saintiron/Projects/Imagine/thumbnails/41202_grb02_112_thumb.png,psd,,,"A rainy night view through a metal gate, with a modern house illuminated in the distance.","[""night"", ""rain"", ""gated"", ""modern"", ""anime"", ""mysterious"", ""outdoor"", ""dark"", ""greenery""]",background,Outdoor,Night,Rainy,unknown_legacy,parse_fallback_legacy,"pre-fix: psd-tools failed, fell back to thumbnail-only",repair_required,parse_fallback_legacy,,,,,,,webdav:/13730b09/예비/크랑베르무/장소/안나의집,visual:blind-random-q0024:41202,diverse_rank=3; source_count=1; visual_group=visual:blind-random-q0024:41202
blind-random-q0024,"다음 요소가 함께 보이는 배경: 비, 계단 (밝은 낮 분위기) / 제외 조건: 텍스트 중심",blind_random,,30591,21,fts,"{""fts"": 21}","{""blind_random_v1_20260507:fts"": 21}",webdav://13730b09/발송/범선/작품 쫑/다윈즈게임/장소/도시 낮/dwg08_305.psd,dwg08_305.psd,발송/범선/작품 쫑/다윈즈게임/장소/도시 낮/dwg08_305.psd,발송/범선/작품 쫑/다윈즈게임/장소/도시 낮,/Users/saintiron/Projects/Imagine/output/thumbnails/webdav_13730b09_dwg08_305_29fb5d0e4cac_thumb.png,psd,1822,1270,"A sketch of a face on lined paper, with a blurred outdoor background.",[],illustration,,,,unknown_legacy,parse_fallback_legacy,"pre-fix: psd-tools failed, fell back to thumbnail-only",repair_required,parse_fallback_legacy,,,,,,,발송/범선/작품 쫑/다윈즈게임/장소/도시 낮,visual:blind-random-q0024:30591,diverse_rank=4; source_count=2; visual_group=visual:blind-random-q0024:30591
blind-random-q0024,"다음 요소가 함께 보이는 배경: 비, 계단 (밝은 낮 분위기) / 제외 조건: 텍스트 중심",blind_random,,48112,21,"triaxis,vv","{""triaxis"": 21, ""vv"": 29}","{""blind_random_v1_20260507:triaxis"": 21, ""blind_random_v1_20260507:vv"": 29}",webdav://13730b09/발송/외주 회사/뱅가드/26/#04/bg/VS10_04_054_058_GENZU.psd,48112_VS10_04_054_058_GENZU.psd,발송/외주 회사/뱅가드/26/#04/bg/VS10_04_054_058_GENZU.psd,발송/외주 회사/뱅가드/26/#04/bg,/Users/saintiron/Projects/Imagine/thumbnails/48112_VS10_04_054_058_GENZU_thumb.png,psd,,,"Two anime characters stand on stone steps in a warm, golden setting.","[""anime"", ""stairs"", ""golden"", ""characters"", ""outdoors"", ""artwork"", ""digital"", ""scene""]",illustration,,,,unknown_legacy,parse_fallback_legacy,"pre-fix: psd-tools failed, fell back to thumbnail-only",repair_required,parse_fallback_legacy,,,,,,,발송/외주 회사/뱅가드/26/#04/bg,visual:blind-random-q0024:48112,diverse_rank=7; source_count=2; visual_group=visual:blind-random-q0024:48112
blind-random-q0025,"다음 요소가 함께 보이는 배경: 푸른 하늘, 돌기둥 (마을 분위기)",blind_random,,32916,1,"triaxis,vv","{""triaxis"": 9, ""vv"": 1}","{""blind_random_v1_20260507:triaxis"": 9, ""blind_random_v1_20260507:vv"": 1}",webdav://13730b09/발송작품/작품/원피스/1/44-097_102.psd,32916_44-097_102.psd,발송작품/작품/원피스/1/44-097_102.psd,webdav:/13730b09/발송작품/작품/원피스/1,/Users/saintiron/Projects/Imagine/thumbnails/32916_44-097_102_thumb.png,psd,,,A serene fantasy landscape with towering rock spires under a vast blue sky dotted with fluffy clouds.,"[""fantasy"", ""anime"", ""rock formations"", ""blue sky"", ""clouds"", ""peaceful"", ""outdoor"", ""summer""]",background,fantasy,,,unknown_legacy,parse_fallback_legacy,"pre-fix: psd-tools failed, fell back to thumbnail-only",repair_required,parse_fallback_legacy,,,,,,,webdav:/13730b09/발송작품/작품/원피스/1,visual:blind-random-q0025:32916,diverse_rank=1; source_count=1; visual_group=visual:blind-random-q0025:32916
blind-random-q0025,"다음 요소가 함께 보이는 배경: 푸른 하늘, 돌기둥 (마을 분위기)",blind_random,,33569,1,"triaxis,vv","{""triaxis"": 1, ""vv"": 2}","{""blind_random_v1_20260507:triaxis"": 1, ""blind_random_v1_20260507:vv"": 2}",webdav://13730b09/발송4/범선/작품 쫑/후시/장소/마을/nfb08_292_BGonly.psd,33569_nfb08_292_BGonly.psd,발송4/범선/작품 쫑/후시/장소/마을/nfb08_292_BGonly.psd,webdav:/13730b09/발송4/범선/작품 쫑/후시/장소/마을,/Users/saintiron/Projects/Imagine/thumbnails/33569_nfb08_292_BGonly_thumb.png,psd,,,"A serene anime-style village nestled among green hills, featuring a prominent stone tower and wooden houses under a soft, cloudy sky.","[""village"", ""tower"", ""anime"", ""peaceful"", ""pastel"", ""mountains"", ""wooden houses"", ""sunset"", ""illustration""]",illustration,,,,unknown_legacy,parse_fallback_legacy,"pre-fix: psd-tools failed, fell back to thumbnail-only",repair_required,parse_fallback_legacy,,,,,,,webdav:/13730b09/발송4/범선/작품 쫑/후시/장소/마을,visual:blind-random-q0025:33569,diverse_rank=5; source_count=1; visual_group=visual:blind-random-q0025:33569
blind-random-q0025,"다음 요소가 함께 보이는 배경: 푸른 하늘, 돌기둥 (마을 분위기)",blind_random,,40591,6,triaxis,"{""triaxis"": 6}","{""blind_random_v1_20260507:triaxis"": 6}",webdav://13730b09/예비/크랑베르무/장소/전투/2/grb03_306.psd,40591_grb03_306.psd,예비/크랑베르무/장소/전투/2/grb03_306.psd,webdav:/13730b09/예비/크랑베르무/장소/전투/2,/Users/saintiron/Projects/Imagine/thumbnails/40591_grb03_306_thumb.png,psd,,,"Ancient stone pillars stand in a desolate, starlit landscape under a vibrant aurora sky.","[""ancient ruins"", ""aurora"", ""starlit sky"", ""mysterious"", ""anime art"", ""desert landscape"", ""stone pillars""]",background,Dungeons,night,clear,unknown_legacy,parse_fallback_legacy,"pre-fix: psd-tools failed, fell back to thumbnail-only",repair_required,parse_fallback_legacy,,,,,,,webdav:/13730b09/예비/크랑베르무/장소/전투/2,visual:blind-random-q0025:40591,diverse_rank=2; source_count=1; visual_group=visual:blind-random-q0025:40591
blind-random-q0025,"다음 요소가 함께 보이는 배경: 푸른 하늘, 돌기둥 (마을 분위기)",blind_random,,41942,6,"triaxis,vv","{""triaxis"": 27, ""vv"": 6}","{""blind_random_v1_20260507:triaxis"": 27, ""blind_random_v1_20260507:vv"": 6}",webdav://13730b09/예비/크랑베르무/장소/마을/grb05_009.psd,41942_grb05_009.psd,예비/크랑베르무/장소/마을/grb05_009.psd,webdav:/13730b09/예비/크랑베르무/장소/마을,/Users/saintiron/Projects/Imagine/thumbnails/41942_grb05_009_thumb.png,psd,,,"A sunny day in a quiet Japanese neighborhood with traditional buildings, a shrine marker, and a crosswalk under a clear blue sky.","[""anime"", ""Japanese street"", ""shrine"", ""crosswalk"", ""traditional architecture"", ""sunny day"", ""blue sky"", ""beige buildings"", ""anime art""]",illustration,,,,unknown_legacy,parse_fallback_legacy,"pre-fix: psd-tools failed, fell back to thumbnail-only",repair_required,parse_fallback_legacy,,,,,,,webdav:/13730b09/예비/크랑베르무/장소/마을,visual:blind-random-q0025:41942,diverse_rank=6; source_count=2; visual_group=visual:blind-random-q0025:41942
blind-random-q0025,"다음 요소가 함께 보이는 배경: 푸른 하늘, 돌기둥 (마을 분위기)",blind_random,,32355,11,vv,"{""vv"": 11}","{""blind_random_v1_20260507:vv"": 11}",webdav://13730b09/발송4/범선/종말투어링/#07/bg/syt07_060.psd,32355_syt07_060.psd,발송4/범선/종말투어링/#07/bg/syt07_060.psd,발송4/범선/종말투어링/#07/bg,/Users/saintiron/Projects/Imagine/thumbnails/32355_syt07_060_thumb.png,psd,,,"A towering industrial structure stands amidst lush greenery under a vibrant blue sky with fluffy clouds, evoking a serene, nature-integrated urban scene.","[""anime"", ""urban"", ""industrial"", ""greenery"", ""blue sky"", ""summer"", ""peaceful"", ""architecture"", ""nature"", ""clear weather""]",background,urban,,,unknown_legacy,parse_fallback_legacy,"pre-fix: psd-tools failed, fell back to thumbnail-only",repair_required,parse_fallback_legacy,,,,,,,발송4/범선/종말투어링/#07/bg,visual:blind-random-q0025:32355,diverse_rank=3; source_count=1; visual_group=visual:blind-random-q0025:32355
blind-random-q0025,"다음 요소가 함께 보이는 배경: 푸른 하늘, 돌기둥 (마을 분위기)",blind_random,,52788,11,"mv,triaxis","{""mv"": 11, ""triaxis"": 38}","{""blind_random_v1_20260507:mv"": 11, ""blind_random_v1_20260507:triaxis"": 38}",webdav://13730b09/발송/범선/기절용사와 암살공주/장소/마을/kya02_001.psd,52788_kya02_001.psd,발송/범선/기절용사와 암살공주/장소/마을/kya02_001.psd,webdav:/13730b09/발송/범선/기절용사와 암살공주/장소/마을,/Users/saintiron/Projects/Imagine/thumbnails/52788_kya02_001_thumb.png,psd,,,A picturesque village nestled in a valley with vineyards and hills under a soft sky.,"[""village"", ""vineyards"", ""hills"", ""sky"", ""buildings"", ""trees"", ""path"", ""landscape""]",illustration,,,,unknown_legacy,parse_fallback_legacy,"pre-fix: psd-tools failed, fell back to thumbnail-only",repair_required,parse_fallback_legacy,,,,,,,webdav:/13730b09/발송/범선/기절용사와 암살공주/장소/마을,visual:blind-random-q0025:51354,diverse_rank=7; source_count=1; visual_group=visual:blind-random-q0025:51354
blind-random-q0025,"다음 요소가 함께 보이는 배경: 푸른 하늘, 돌기둥 (마을 분위기)",blind_random,,41921,21,fts,"{""fts"": 21}","{""blind_random_v1_20260507:fts"": 21}",webdav://13730b09/예비/크랑베르무/장소/마을/grb11_109.psd,41921_grb11_109.psd,예비/크랑베르무/장소/마을/grb11_109.psd,webdav:/13730b09/예비/크랑베르무/장소/마을,/Users/saintiron/Projects/Imagine/thumbnails/41921_grb11_109_thumb.png,psd,,,Anime girl silhouette against a starry night sky with urban elements.,"[""anime"", ""night"", ""stars"", ""silhouette"", ""urban"", ""serene""]",illustration,,,,unknown_legacy,parse_fallback_legacy,"pre-fix: psd-tools failed, fell back to thumbnail-only",repair_required,parse_fallback_legacy,,,,,,,webdav:/13730b09/예비/크랑베르무/장소/마을,visual:blind-random-q0025:41921,diverse_rank=4; source_count=2; visual_group=visual:blind-random-q0025:41921
blind-random-q0025,"다음 요소가 함께 보이는 배경: 푸른 하늘, 돌기둥 (마을 분위기)",blind_random,,46463,21,triaxis,"{""triaxis"": 21}","{""blind_random_v1_20260507:triaxis"": 21}",webdav://13730b09/발송작품/작품/Fate/sankouBG/fn16_018.psd,46463_fn16_018.psd,발송작품/작품/Fate/sankouBG/fn16_018.psd,webdav:/13730b09/발송작품/작품/Fate/sankouBG,/Users/saintiron/Projects/Imagine/thumbnails/46463_fn16_018_thumb.png,psd,,,A bright blue sky with clouds over a stone wall and trees.,"[""sky"", ""clouds"", ""wall"", ""trees"", ""anime"", ""blue"", ""day"", ""nature""]",illustration,,,,unknown_legacy,parse_fallback_legacy,"pre-fix: psd-tools failed, fell back to thumbnail-only",repair_required,parse_fallback_legacy,,,,,,,webdav:/13730b09/발송작품/작품/Fate/sankouBG,visual:blind-random-q0025:51529,diverse_rank=8; source_count=1; visual_group=visual:blind-random-q0025:51529
blind-random-q0026,"다음 요소가 함께 보이고 하나 이상은 뚜렷한 배경: 별, 책장, 커튼 (도시 분위기)",blind_random,,30663,1,"triaxis,vv","{""triaxis"": 10, ""vv"": 1}","{""blind_random_v1_20260507:triaxis"": 10, ""blind_random_v1_20260507:vv"": 1}",webdav://13730b09/발송작품/작품/세일러문/#30/1/218_220_222_227_229.psd,30663_218_220_222_227_229.psd,발송작품/작품/세일러문/#30/1/218_220_222_227_229.psd,발송작품/작품/세일러문/#30/1,/Users/saintiron/Projects/Imagine/thumbnails/30663_218_220_222_227_229_thumb.png,psd,,,"A nighttime cityscape viewed through a transparent, angular window, with stars visible in the sky and illuminated streets below.","[""night"", ""cityscape"", ""anime"", ""stars"", ""window"", ""urban"", ""blue_tone"", ""illustration""]",illustration,,,,unknown_legacy,parse_fallback_legacy,"pre-fix: psd-tools failed, fell back to thumbnail-only",repair_required,parse_fallback_legacy,,,,,,,발송작품/작품/세일러문/#30/1,visual:blind-random-q0026:30663,diverse_rank=3; source_count=1; visual_group=visual:blind-random-q0026:30663
blind-random-q0026,"다음 요소가 함께 보이고 하나 이상은 뚜렷한 배경: 별, 책장, 커튼 (도시 분위기)",blind_random,,41383,1,triaxis,"{""triaxis"": 1}","{""blind_random_v1_20260507:triaxis"": 1}",webdav://13730b09/예비/크랑베르무/장소/신게츠의집/grb06_215.psd,41383_grb06_215.psd,예비/크랑베르무/장소/신게츠의집/grb06_215.psd,webdav:/13730b09/예비/크랑베르무/장소/신게츠의집,/Users/saintiron/Projects/Imagine/thumbnails/41383_grb06_215_thumb.png,psd,,,"Anime character sketch visible through a window curtain at night, with a starry sky and city lights in the background.","[""anime"", ""character sketch"", ""window curtain"", ""night scene"", ""starry sky"", ""city lights"", ""blue tones"", ""contemplative""]",illustration,,,,unknown_legacy,parse_fallback_legacy,"pre-fix: psd-tools failed, fell back to thumbnail-only",repair_required,parse_fallback_legacy,,,,,,,webdav:/13730b09/예비/크랑베르무/장소/신게츠의집,visual:blind-random-q0026:41383,diverse_rank=7; source_count=1; visual_group=visual:blind-random-q0026:41383
blind-random-q0026,"다음 요소가 함께 보이고 하나 이상은 뚜렷한 배경: 별, 책장, 커튼 (도시 분위기)",blind_random,,30510,6,fts,"{""fts"": 6}","{""blind_random_v1_20260507:fts"": 6}",webdav://13730b09/발송/범선/작품 쫑/다윈즈게임/장소/도시 낮/dwg06_028.psd,dwg06_028.psd,발송/범선/작품 쫑/다윈즈게임/장소/도시 낮/dwg06_028.psd,발송/범선/작품 쫑/다윈즈게임/장소/도시 낮,/Users/saintiron/Projects/Imagine/thumbnails/dwg06_028_thumb.png,psd,1968,1232,A sketch-style portrait with warm lighting and dynamic line work.,[],illustration,,,,unknown_legacy,parse_fallback_legacy,"pre-fix: psd-tools failed, fell back to thumbnail-only",repair_required,parse_fallback_legacy,,,,,,,발송/범선/작품 쫑/다윈즈게임/장소/도시 낮,visual:blind-random-q0026:30492,diverse_rank=4; source_count=3; visual_group=visual:blind-random-q0026:30492
blind-random-q0026,"다음 요소가 함께 보이고 하나 이상은 뚜렷한 배경: 별, 책장, 커튼 (도시 분위기)",blind_random,,31478,6,"mv,triaxis,vv","{""mv"": 24, ""triaxis"": 6, ""vv"": 13}","{""blind_random_v1_20260507:mv"": 24, ""blind_random_v1_20260507:triaxis"": 6, ""blind_random_v1_20260507:vv"": 13}",/Users/saintiron/imageDB/마캬베리즈무/실내소품/NM#02_026.psd,NM#02_026.psd,NM#02_026.psd,실내소품,/Users/saintiron/Projects/Imagine/thumbnails/NM#02_026_thumb.png,psd,1685,1191,Two shelves filled with colorful books against a beige wall.,"[""bookshelves"", ""books"", ""wall"", ""wood"", ""anime"", ""interior"", ""shelf"", ""colorful""]",background,,,,Qwen/Qwen3.5-9B,vision_done,,ok,,,,,,,,실내소품,visual:blind-random-q0026:31478,diverse_rank=8; source_count=2; visual_group=visual:blind-random-q0026:31478
blind-random-q0026,"다음 요소가 함께 보이고 하나 이상은 뚜렷한 배경: 별, 책장, 커튼 (도시 분위기)",blind_random,,30373,11,fts,"{""fts"": 11}","{""blind_random_v1_20260507:fts"": 11}",webdav://13730b09/발송/범선/작품 쫑/다윈즈게임/장소/도시 낮/dwg05_226.psd,dwg05_226.psd,발송/범선/작품 쫑/다윈즈게임/장소/도시 낮/dwg05_226.psd,발송/범선/작품 쫑/다윈즈게임/장소/도시 낮,/Users/saintiron/Projects/Imagine/thumbnails/dwg05_226_thumb.png,psd,5750,2423,"A flat, textured gray surface with subtle variations in tone and grain.",[],background,abstract,,,unknown_legacy,parse_fallback_legacy,"pre-fix: psd-tools failed, fell back to thumbnail-only",repair_required,parse_fallback_legacy,,,,,,,발송/범선/작품 쫑/다윈즈게임/장소/도시 낮,visual:blind-random-q0026:30373,diverse_rank=1; source_count=3; visual_group=visual:blind-random-q0026:30373
blind-random-q0026,"다음 요소가 함께 보이고 하나 이상은 뚜렷한 배경: 별, 책장, 커튼 (도시 분위기)",blind_random,,31665,11,triaxis,"{""triaxis"": 11}","{""blind_random_v1_20260507:triaxis"": 11}",/Users/saintiron/imageDB/마캬베리즈무/실내소품/아이의방4.psd,아이의방4.psd,아이의방4.psd,실내소품,/Users/saintiron/Projects/Imagine/thumbnails/아이의방4_thumb.png,psd,2828,1994,"A bright bedroom with a bed, desk, and large windows overlooking a city.","[""bed"", ""desk"", ""windows"", ""rugs"", ""bookshelves"", ""curtains"", ""cityscape"", ""door""]",background,,,,Qwen/Qwen3.5-9B,vision_done,,ok,,,,,,,,실내소품,visual:blind-random-q0026:39052,diverse_rank=5; source_count=2; visual_group=visual:blind-random-q0026:39052
blind-random-q0026,"다음 요소가 함께 보이고 하나 이상은 뚜렷한 배경: 별, 책장, 커튼 (도시 분위기)",blind_random,,29986,21,fts,"{""fts"": 21}","{""blind_random_v1_20260507:fts"": 21}",webdav://13730b09/발송/범선/작품 쫑/다윈즈게임/장소/도시 낮/dwg01_413_r.psd,dwg01_413_r.psd,발송/범선/작품 쫑/다윈즈게임/장소/도시 낮/dwg01_413_r.psd,발송/범선/작품 쫑/다윈즈게임/장소/도시 낮,/Users/saintiron/Projects/Imagine/thumbnails/dwg01_413_r_thumb.png,psd,1744,1552,Wooden fence with green plants above,"[""fence"", ""wooden"", ""greenery"", ""outdoor"", ""garden""]",item,,,,unknown_legacy,parse_fallback_legacy,"pre-fix: psd-tools failed, fell back to thumbnail-only",repair_required,parse_fallback_legacy,,,,,,,발송/범선/작품 쫑/다윈즈게임/장소/도시 낮,visual:blind-random-q0026:29986,diverse_rank=2; source_count=3; visual_group=visual:blind-random-q0026:29986
blind-random-q0026,"다음 요소가 함께 보이고 하나 이상은 뚜렷한 배경: 별, 책장, 커튼 (도시 분위기)",blind_random,,41904,21,vv,"{""vv"": 21}","{""blind_random_v1_20260507:vv"": 21}",webdav://13730b09/예비/크랑베르무/장소/마을/grb04_350.psd,41904_grb04_350.psd,예비/크랑베르무/장소/마을/grb04_350.psd,webdav:/13730b09/예비/크랑베르무/장소/마을,/Users/saintiron/Projects/Imagine/thumbnails/41904_grb04_350_thumb.png,psd,,,"A translucent anime girl stands on a sidewalk beside a metal railing, her form fading into the background against a tiled wall and wooden gate.","[""ghost"", ""anime"", ""translucent"", ""sidewalk"", ""railing"", ""mysterious"", ""melancholic"", ""illustration""]",illustration,,,,unknown_legacy,parse_fallback_legacy,"pre-fix: psd-tools failed, fell back to thumbnail-only",repair_required,parse_fallback_legacy,,,,,,,webdav:/13730b09/예비/크랑베르무/장소/마을,visual:blind-random-q0026:41904,diverse_rank=6; source_count=1; visual_group=visual:blind-random-q0026:41904
blind-random-q0027,"다음 요소가 함께 보이는 배경: 비, 침대 (야외, 도시 분위기) / 제외 조건: 전투 장면",blind_random,,30232,1,triaxis,"{""triaxis"": 1}","{""blind_random_v1_20260507:triaxis"": 1}",webdav://13730b09/발송/범선/작품 쫑/다윈즈게임/장소/도시 낮/dwg03_205_R.psd,dwg03_205_R.psd,발송/범선/작품 쫑/다윈즈게임/장소/도시 낮/dwg03_205_R.psd,발송/범선/작품 쫑/다윈즈게임/장소/도시 낮,/Users/saintiron/Projects/Imagine/thumbnails/dwg03_205_R_thumb.png,psd,4999,1243,"A rainy urban alleyway at night, with a trash can and a red mailbox under dim lighting, bordered by a green hedge.","[""rain"", ""night"", ""urban"", ""anime"", ""melancholic"", ""alleyway"", ""trash_can"", ""mailbox"", ""green_hedge""]",background,urban,,,unknown_legacy,parse_fallback_legacy,"pre-fix: psd-tools failed, fell back to thumbnail-only",repair_required,parse_fallback_legacy,,,,,,,발송/범선/작품 쫑/다윈즈게임/장소/도시 낮,visual:blind-random-q0027:30232,diverse_rank=1; source_count=1; visual_group=visual:blind-random-q0027:30232
blind-random-q0027,"다음 요소가 함께 보이는 배경: 비, 침대 (야외, 도시 분위기) / 제외 조건: 전투 장면",blind_random,,30777,1,"mv,vv","{""mv"": 1, ""vv"": 38}","{""blind_random_v1_20260507:mv"": 1, ""blind_random_v1_20260507:vv"": 38}",webdav://13730b09/발송작품/작품/세일러문/#33/1/259.psd,259.psd,발송작품/작품/세일러문/#33/1/259.psd,발송작품/작품/세일러문/#33/1,/Users/saintiron/Projects/Imagine/thumbnails/259_thumb.png,psd,2743,1975,"A dark, empty urban pavement at night, with distant city lights visible in the background.","[""urban"", ""night"", ""concrete"", ""cityscape"", ""distant_buildings"", ""empty_street"", ""3d_render""]",background,urban,,,unknown_legacy,parse_fallback_legacy,"pre-fix: psd-tools failed, fell back to thumbnail-only",repair_required,parse_fallback_legacy,,,,,,,발송작품/작품/세일러문/#33/1,visual:blind-random-q0027:30777,diverse_rank=4; source_count=1; visual_group=visual:blind-random-q0027:30777
blind-random-q0027,"다음 요소가 함께 보이는 배경: 비, 침대 (야외, 도시 분위기) / 제외 조건: 전투 장면",blind_random,,58027,1,vv,"{""vv"": 1}","{""blind_random_v1_20260507:vv"": 1}",webdav://13730b09/예비/작품2/대마도학원35시험 소대/제작회사BG/#2/TM#02_279.psd,58027_TM#02_279.psd,예비/작품2/대마도학원35시험 소대/제작회사BG/#2/TM#02_279.psd,#2,/Users/saintiron/Projects/Imagine/thumbnails/58027_TM#02_279_thumb.png,psd,1668,1186,Night scene of ruined city with distant glowing skyscrapers under cloudy sky,"[""ruins"", ""night"", ""skyscrapers"", ""clouds"", ""debris"", ""darkness"", ""urban""]",illustration,,,,Qwen/Qwen3.5-9B,,,ok,,,,,,,,#2,visual:blind-random-q0027:58027,diverse_rank=7; source_count=1; visual_group=visual:blind-random-q0027:58027
blind-random-q0027,"다음 요소가 함께 보이는 배경: 비, 침대 (야외, 도시 분위기) / 제외 조건: 전투 장면",blind_random,,40774,6,vv,"{""vv"": 6}","{""blind_random_v1_20260507:vv"": 6}",webdav://13730b09/예비/크랑베르무/장소/전투/1/grb01_074.psd,40774_grb01_074.psd,예비/크랑베르무/장소/전투/1/grb01_074.psd,webdav:/13730b09/예비/크랑베르무/장소/전투/1,/Users/saintiron/Projects/Imagine/thumbnails/40774_grb01_074_thumb.png,psd,,,"A ruined cityscape under a starry, colorful sky, evoking a sense of quiet devastation and beauty.","[""destroyed city"", ""anime art"", ""post-apocalyptic"", ""starry sky"", ""purple twilight"", ""ruins"", ""melancholy"", ""imagine_dl_z260p_3r""]",illustration,,,,unknown_legacy,parse_fallback_legacy,"pre-fix: psd-tools failed, fell back to thumbnail-only",repair_required,parse_fallback_legacy,,,,,,,webdav:/13730b09/예비/크랑베르무/장소/전투/1,visual:blind-random-q0027:40774,diverse_rank=2; source_count=2; visual_group=visual:blind-random-q0027:40774
blind-random-q0027,"다음 요소가 함께 보이는 배경: 비, 침대 (야외, 도시 분위기) / 제외 조건: 전투 장면",blind_random,,41720,6,triaxis,"{""triaxis"": 6}","{""blind_random_v1_20260507:triaxis"": 6}",webdav://13730b09/예비/크랑베르무/장소/만게츠의집/grb04_276.psd,41720_grb04_276.psd,예비/크랑베르무/장소/만게츠의집/grb04_276.psd,webdav:/13730b09/예비/크랑베르무/장소/만게츠의집,/Users/saintiron/Projects/Imagine/thumbnails/41720_grb04_276_thumb.png,psd,,,"A round table with a rainbow-colored surface sits on a patterned rug in a softly lit room, with faint anime-style line art overlays suggesting a dreamy or sketchy atmosphere.","[""anime"", ""rainbow table"", ""dreamy"", ""pastel"", ""illustration"", ""lineart overlay"", ""bedroom"", ""rug"", ""iridescent""]",illustration,,,,unknown_legacy,parse_fallback_legacy,"pre-fix: psd-tools failed, fell back to thumbnail-only",repair_required,parse_fallback_legacy,,,,,,,webdav:/13730b09/예비/크랑베르무/장소/만게츠의집,visual:blind-random-q0027:41197,diverse_rank=5; source_count=1; visual_group=visual:blind-random-q0027:41197
blind-random-q0027,"다음 요소가 함께 보이는 배경: 비, 침대 (야외, 도시 분위기) / 제외 조건: 전투 장면",blind_random,,42119,6,mv,"{""mv"": 6}","{""blind_random_v1_20260507:mv"": 6}",webdav://13730b09/예비/크랑베르무/장소/놀이터 공원/grb08_245.psd,42119_grb08_245.psd,예비/크랑베르무/장소/놀이터 공원/grb08_245.psd,webdav:/13730b09/예비/크랑베르무/장소/놀이터 공원,/Users/saintiron/Projects/Imagine/thumbnails/42119_grb08_245_thumb.png,psd,,,"Night scene with stars, clouds, and a fence in front of a lit building.","[""night"", ""stars"", ""clouds"", ""fence"", ""building"", ""lights"", ""blue"", ""sky""]",background,,,,unknown_legacy,parse_fallback_legacy,"pre-fix: psd-tools failed, fell back to thumbnail-only",repair_required,parse_fallback_legacy,,,,,,,webdav:/13730b09/예비/크랑베르무/장소/놀이터 공원,visual:blind-random-q0027:42119,diverse_rank=8; source_count=1; visual_group=visual:blind-random-q0027:42119
blind-random-q0027,"다음 요소가 함께 보이는 배경: 비, 침대 (야외, 도시 분위기) / 제외 조건: 전투 장면",blind_random,,40771,11,vv,"{""vv"": 11}","{""blind_random_v1_20260507:vv"": 11}",webdav://13730b09/예비/크랑베르무/장소/전투/1/grb01_069_R1.psd,40771_grb01_069_R1.psd,예비/크랑베르무/장소/전투/1/grb01_069_R1.psd,webdav:/13730b09/예비/크랑베르무/장소/전투/1,/Users/saintiron/Projects/Imagine/thumbnails/40771_grb01_069_R1_thumb.png,psd,,,"A panoramic view of a ruined town under a starry, twilight sky with vibrant purple and pink hues.","[""destroyed town"", ""twilight"", ""starry sky"", ""post-apocalyptic"", ""digital illustration"", ""purple palette"", ""melancholic"", ""imagine_dl_z260p_3r""]",illustration,,,,unknown_legacy,parse_fallback_legacy,"pre-fix: psd-tools failed, fell back to thumbnail-only",repair_required,parse_fallback_legacy,,,,,,,webdav:/13730b09/예비/크랑베르무/장소/전투/1,visual:blind-random-q0027:40771,diverse_rank=6; source_count=2; visual_group=visual:blind-random-q0027:40771
blind-random-q0027,"다음 요소가 함께 보이는 배경: 비, 침대 (야외, 도시 분위기) / 제외 조건: 전투 장면",blind_random,,39240,21,triaxis,"{""triaxis"": 21}","{""blind_random_v1_20260507:triaxis"": 21}",webdav://13730b09/예비/크랑베르무/장소/학교/grb06_176.psd,39240_grb06_176.psd,예비/크랑베르무/장소/학교/grb06_176.psd,webdav:/13730b09/예비/크랑베르무/장소/학교,/Users/saintiron/Projects/Imagine/thumbnails/39240_grb06_176_thumb.png,psd,,,"Two anime-style girls standing under umbrellas in a rainy urban setting, rendered in sketch form.","[""anime"", ""sketch"", ""rain"", ""umbrella"", ""girls"", ""monochrome"", ""urban"", ""standing""]",character,,,,unknown_legacy,parse_fallback_legacy,"pre-fix: psd-tools failed, fell back to thumbnail-only",repair_required,parse_fallback_legacy,,,,,,,webdav:/13730b09/예비/크랑베르무/장소/학교,visual:blind-random-q0027:39240,diverse_rank=3; source_count=1; visual_group=visual:blind-random-q0027:39240
blind-random-q0028,"다음 요소가 함께 보이고 하나 이상은 뚜렷한 배경: 커튼, 골목, 창문",blind_random,,31186,1,"mv,triaxis","{""mv"": 1, ""triaxis"": 17}","{""blind_random_v1_20260507:mv"": 1, ""blind_random_v1_20260507:triaxis"": 17}",/Users/saintiron/imageDB/마캬베리즈무/실내소품/1_2_5.psd,1_2_5.psd,1_2_5.psd,실내소품,/Users/saintiron/Projects/Imagine/thumbnails/1_2_5_thumb.png,psd,7780,5921,"A collection of interior design elements including curtains, plants, and furniture.","[""curtains"", ""plants"", ""door"", ""window"", ""furniture"", ""wall art"", ""railing"", ""vases""]",item,,,,Qwen/Qwen3.5-9B,vision_done,,ok,,,,,,,,실내소품,visual:blind-random-q0028:31186,diverse_rank=1; source_count=3; visual_group=visual:blind-random-q0028:31186
blind-random-q0028,"다음 요소가 함께 보이고 하나 이상은 뚜렷한 배경: 커튼, 골목, 창문",blind_random,,35345,1,"triaxis,vv","{""triaxis"": 8, ""vv"": 1}","{""blind_random_v1_20260507:triaxis"": 8, ""blind_random_v1_20260507:vv"": 1}",webdav://13730b09/발송4/범선/작품 쫑/후시/장소/고아원/nfb10_119.psd,35345_nfb10_119.psd,발송4/범선/작품 쫑/후시/장소/고아원/nfb10_119.psd,webdav:/13730b09/발송4/범선/작품 쫑/후시/장소/고아원,/Users/saintiron/Projects/Imagine/thumbnails/35345_nfb10_119_thumb.png,psd,,,"A view from an indoor window with a gray curtain, looking out onto a garden with a wrought iron fence and distant buildings under a clear sky.","[""anime"", ""window"", ""curtain"", ""garden"", ""fence"", ""historical"", ""peaceful"", ""noon"", ""clear sky""]",background,indoor,,,unknown_legacy,parse_fallback_legacy,"pre-fix: psd-tools failed, fell back to thumbnail-only",repair_required,parse_fallback_legacy,,,,,,,webdav:/13730b09/발송4/범선/작품 쫑/후시/장소/고아원,visual:blind-random-q0028:35345,diverse_rank=6; source_count=1; visual_group=visual:blind-random-q0028:35345
blind-random-q0028,"다음 요소가 함께 보이고 하나 이상은 뚜렷한 배경: 커튼, 골목, 창문",blind_random,,31083,6,triaxis,"{""triaxis"": 6}","{""blind_random_v1_20260507:triaxis"": 6}",/Users/saintiron/imageDB/마캬베리즈무/실내소품/001_R_hg04.psd,001_R_hg04.psd,001_R_hg04.psd,실내소품,/Users/saintiron/Projects/Imagine/thumbnails/001_R_hg04_thumb.png,psd,2025,1311,A bright window with pink curtains and a view of green trees outside.,"[""window"", ""curtains"", ""trees"", ""sky"", ""wooden frame"", ""tassels"", ""indoor"", ""daytime""]",background,,,,Qwen/Qwen3.5-9B,vision_done,,ok,,,,,,,,실내소품,visual:blind-random-q0028:31083,diverse_rank=2; source_count=3; visual_group=visual:blind-random-q0028:31083
blind-random-q0028,"다음 요소가 함께 보이고 하나 이상은 뚜렷한 배경: 커튼, 골목, 창문",blind_random,,53042,6,mv,"{""mv"": 6}","{""blind_random_v1_20260507:mv"": 6}",webdav://13730b09/발송/범선/기절용사와 암살공주/장소/마을/kya07_031.psd,53042_kya07_031.psd,발송/범선/기절용사와 암살공주/장소/마을/kya07_031.psd,webdav:/13730b09/발송/범선/기절용사와 암살공주/장소/마을,/Users/saintiron/Projects/Imagine/thumbnails/53042_kya07_031_thumb.png,psd,,,A medieval European street with stone buildings and cobblestone path.,"[""street"", ""stone"", ""cobblestone"", ""buildings"", ""windows"", ""doors"", ""plants"", ""signs""]",background,,,,unknown_legacy,parse_fallback_legacy,"pre-fix: psd-tools failed, fell back to thumbnail-only",repair_required,parse_fallback_legacy,,,,,,,webdav:/13730b09/발송/범선/기절용사와 암살공주/장소/마을,visual:blind-random-q0028:53078,diverse_rank=7; source_count=1; visual_group=visual:blind-random-q0028:53078
blind-random-q0028,"다음 요소가 함께 보이고 하나 이상은 뚜렷한 배경: 커튼, 골목, 창문",blind_random,,31114,11,triaxis,"{""triaxis"": 11}","{""blind_random_v1_20260507:triaxis"": 11}",/Users/saintiron/imageDB/마캬베리즈무/실내소품/066_bg_hg25.psd,066_bg_hg25.psd,066_bg_hg25.psd,실내소품,/Users/saintiron/Projects/Imagine/thumbnails/066_bg_hg25_thumb.png,psd,2028,1344,A bright window with teal curtains in a room with light blue walls.,"[""window"", ""curtains"", ""wall"", ""wood paneling"", ""gold trim"", ""trees"", ""sky""]",background,,,,Qwen/Qwen3.5-9B,vision_done,,ok,,,,,,,,실내소품,visual:blind-random-q0028:31114,diverse_rank=3; source_count=3; visual_group=visual:blind-random-q0028:31114
blind-random-q0028,"다음 요소가 함께 보이고 하나 이상은 뚜렷한 배경: 커튼, 골목, 창문",blind_random,,41940,21,vv,"{""vv"": 21}","{""blind_random_v1_20260507:vv"": 21}",webdav://13730b09/예비/크랑베르무/장소/마을/grb04_363.psd,41940_grb04_363.psd,예비/크랑베르무/장소/마을/grb04_363.psd,webdav:/13730b09/예비/크랑베르무/장소/마을,/Users/saintiron/Projects/Imagine/thumbnails/41940_grb04_363_thumb.png,psd,,,"A tranquil anime-style depiction of a Japanese neighborhood street with houses, utility poles, and a clear blue sky.","[""anime"", ""Japanese street"", ""residential neighborhood"", ""blue sky"", ""utility poles"", ""anime art"", ""serene"", ""illustration""]",illustration,,,,unknown_legacy,parse_fallback_legacy,"pre-fix: psd-tools failed, fell back to thumbnail-only",repair_required,parse_fallback_legacy,,,,,,,webdav:/13730b09/예비/크랑베르무/장소/마을,visual:blind-random-q0028:39052,diverse_rank=4; source_count=1; visual_group=visual:blind-random-q0028:39052
blind-random-q0028,"다음 요소가 함께 보이고 하나 이상은 뚜렷한 배경: 커튼, 골목, 창문",blind_random,,58533,21,mv,"{""mv"": 21}","{""blind_random_v1_20260507:mv"": 21}",webdav://13730b09/예비/작품2/대마도학원35시험 소대/보도/주택가 참고/2e1c15335b593169b6a73f5477ed0260.jpg,58533_2e1c15335b593169b6a73f5477ed0260.jpg,예비/작품2/대마도학원35시험 소대/보도/주택가 참고/2e1c15335b593169b6a73f5477ed0260.jpg,주택가 참고,/Users/saintiron/Projects/Imagine/thumbnails/58533_2e1c15335b593169b6a73f5477ed0260_thumb.png,jpg,1920,1440,Modern house with concrete walls and glass balcony in urban setting,"[""house"", ""concrete"", ""balcony"", ""street"", ""sign"", ""fence"", ""trees"", ""road""]",photo,,,,Qwen/Qwen3.5-9B,,,ok,,,,,,,,주택가 참고,visual:blind-random-q0028:58533,diverse_rank=5; source_count=1; visual_group=visual:blind-random-q0028:58533
blind-random-q0028,"다음 요소가 함께 보이고 하나 이상은 뚜렷한 배경: 커튼, 골목, 창문",blind_random,,33535,22,"triaxis,vv","{""triaxis"": 39, ""vv"": 22}","{""blind_random_v1_20260507:triaxis"": 39, ""blind_random_v1_20260507:vv"": 22}",webdav://13730b09/발송4/범선/작품 쫑/후시/장소/마을/nfb08_110_113.psd,33535_nfb08_110_113.psd,발송4/범선/작품 쫑/후시/장소/마을/nfb08_110_113.psd,webdav:/13730b09/발송4/범선/작품 쫑/후시/장소/마을,/Users/saintiron/Projects/Imagine/thumbnails/33535_nfb08_110_113_thumb.png,psd,,,A quiet medieval alleyway with stone buildings and wooden window frames under a clear sky.,"[""medieval"", ""alleyway"", ""stone buildings"", ""anime art"", ""calm"", ""daytime""]",background,Cities,day,clear,unknown_legacy,parse_fallback_legacy,"pre-fix: psd-tools failed, fell back to thumbnail-only",repair_required,parse_fallback_legacy,,,,,,,webdav:/13730b09/발송4/범선/작품 쫑/후시/장소/마을,visual:blind-random-q0028:33535,diverse_rank=8; source_count=1; visual_group=visual:blind-random-q0028:33535
blind-random-q0029,"다음 요소가 한 화면에 함께 보이는 배경: 나무, 노을, 눈, 벽돌 벽 (현대 건축, 야외 분위기) / 제외 조건: 캐릭터, 추상 텍스처",blind_random,,41050,6,triaxis,"{""triaxis"": 6}","{""blind_random_v1_20260507:triaxis"": 6}",webdav://13730b09/예비/크랑베르무/장소/잡것/grb07_293_297.psd,41050_grb07_293_297.psd,예비/크랑베르무/장소/잡것/grb07_293_297.psd,webdav:/13730b09/예비/크랑베르무/장소/잡것,/Users/saintiron/Projects/Imagine/thumbnails/41050_grb07_293_297_thumb.png,psd,,,Snow-covered trees and building with red handwritten notes.,"[""snow"", ""trees"", ""building"", ""winter"", ""handwritten"", ""red"", ""note"", ""architecture""]",illustration,,,,unknown_legacy,parse_fallback_legacy,"pre-fix: psd-tools failed, fell back to thumbnail-only",repair_required,parse_fallback_legacy,,,,,,,webdav:/13730b09/예비/크랑베르무/장소/잡것,visual:blind-random-q0029:41050,diverse_rank=1; source_count=1; visual_group=visual:blind-random-q0029:41050
blind-random-q0029,"다음 요소가 한 화면에 함께 보이는 배경: 나무, 노을, 눈, 벽돌 벽 (현대 건축, 야외 분위기) / 제외 조건: 캐릭터, 추상 텍스처",blind_random,,42043,6,vv,"{""vv"": 6}","{""blind_random_v1_20260507:vv"": 6}",webdav://13730b09/예비/크랑베르무/장소/마을/grb13_313.psd,42043_grb13_313.psd,예비/크랑베르무/장소/마을/grb13_313.psd,webdav:/13730b09/예비/크랑베르무/장소/마을,/Users/saintiron/Projects/Imagine/thumbnails/42043_grb13_313_thumb.png,psd,,,"A modern street view featuring a building with a large, closed blue corrugated metal gate and a grey entrance door, set against a backdrop of industrial architecture.","[""modern architecture"", ""corrugated metal"", ""street view"", ""urban environment"", ""blue gate"", ""grey building"", ""industrial design"", ""minimalist"", ""shutter"", ""street corner""]",,,,,unknown_legacy,parse_fallback_legacy,"pre-fix: psd-tools failed, fell back to thumbnail-only",repair_required,parse_fallback_legacy,,,,,,,webdav:/13730b09/예비/크랑베르무/장소/마을,visual:blind-random-q0029:42043,diverse_rank=4; source_count=2; visual_group=visual:blind-random-q0029:42043
blind-random-q0029,"다음 요소가 한 화면에 함께 보이는 배경: 나무, 노을, 눈, 벽돌 벽 (현대 건축, 야외 분위기) / 제외 조건: 캐릭터, 추상 텍스처",blind_random,,48060,6,"mv,triaxis","{""mv"": 6, ""triaxis"": 16}","{""blind_random_v1_20260507:mv"": 6, ""blind_random_v1_20260507:triaxis"": 16}",webdav://13730b09/발송/외주 회사/뱅가드/26/#04/bg/VS10_04_033_GENZU_2배단가.psd,48060_VS10_04_033_GENZU_2배단가.psd,발송/외주 회사/뱅가드/26/#04/bg/VS10_04_033_GENZU_2배단가.psd,발송/외주 회사/뱅가드/26/#04/bg,/Users/saintiron/Projects/Imagine/thumbnails/48060_VS10_04_033_GENZU_2배단가_thumb.png,psd,,,Modern architectural entrance with wooden pillars and green trees.,"[""architecture"", ""entrance"", ""trees"", ""wood"", ""modern"", ""sky"", ""building"", ""design""]",illustration,,,,unknown_legacy,parse_fallback_legacy,"pre-fix: psd-tools failed, fell back to thumbnail-only",repair_required,parse_fallback_legacy,,,,,,,발송/외주 회사/뱅가드/26/#04/bg,visual:blind-random-q0029:48060,diverse_rank=7; source_count=1; visual_group=visual:blind-random-q0029:48060
blind-random-q0029,"다음 요소가 한 화면에 함께 보이는 배경: 나무, 노을, 눈, 벽돌 벽 (현대 건축, 야외 분위기) / 제외 조건: 캐릭터, 추상 텍스처",blind_random,,41918,11,vv,"{""vv"": 11}","{""blind_random_v1_20260507:vv"": 11}",webdav://13730b09/예비/크랑베르무/장소/마을/grb04_362.psd,41918_grb04_362.psd,예비/크랑베르무/장소/마을/grb04_362.psd,webdav:/13730b09/예비/크랑베르무/장소/마을,/Users/saintiron/Projects/Imagine/thumbnails/41918_grb04_362_thumb.png,psd,,,"A quiet residential street under a clear blue sky, with concrete walls, utility poles, and lush green trees lining the sidewalk.","[""anime"", ""residential"", ""summer"", ""sunny"", ""calm"", ""street"", ""utility poles"", ""concrete wall"", ""green trees""]",background,Cities,day,sunny,unknown_legacy,parse_fallback_legacy,"pre-fix: psd-tools failed, fell back to thumbnail-only",repair_required,parse_fallback_legacy,,,,,,,webdav:/13730b09/예비/크랑베르무/장소/마을,visual:blind-random-q0029:41909,diverse_rank=2; source_count=2; visual_group=visual:blind-random-q0029:41909
blind-random-q0029,"다음 요소가 한 화면에 함께 보이는 배경: 나무, 노을, 눈, 벽돌 벽 (현대 건축, 야외 분위기) / 제외 조건: 캐릭터, 추상 텍스처",blind_random,,46401,11,"triaxis,vv","{""triaxis"": 11, ""vv"": 37}","{""blind_random_v1_20260507:triaxis"": 11, ""blind_random_v1_20260507:vv"": 37}",webdav://13730b09/발송작품/작품/Fate/sozai/monooki_sozai_5.psd,46401_monooki_sozai_5.psd,발송작품/작품/Fate/sozai/monooki_sozai_5.psd,webdav:/13730b09/발송작품/작품/Fate/sozai,/Users/saintiron/Projects/Imagine/thumbnails/46401_monooki_sozai_5_thumb.png,psd,,,A collage of textured wall surfaces in brick and concrete styles.,"[""wall"", ""texture"", ""brick"", ""concrete"", ""collage"", ""architecture"", ""material"", ""surface""]",texture,,,,unknown_legacy,parse_fallback_legacy,"pre-fix: psd-tools failed, fell back to thumbnail-only",repair_required,parse_fallback_legacy,,,,,,,webdav:/13730b09/발송작품/작품/Fate/sozai,visual:blind-random-q0029:46401,diverse_rank=5; source_count=1; visual_group=visual:blind-random-q0029:46401
blind-random-q0029,"다음 요소가 한 화면에 함께 보이는 배경: 나무, 노을, 눈, 벽돌 벽 (현대 건축, 야외 분위기) / 제외 조건: 캐릭터, 추상 텍스처",blind_random,,50728,11,mv,"{""mv"": 11}","{""blind_random_v1_20260507:mv"": 11}",webdav://13730b09/발송/범선/기절용사와 암살공주/#11/bg/kya11_127_LS.psd,50728_kya11_127_LS.psd,발송/범선/기절용사와 암살공주/#11/bg/kya11_127_LS.psd,webdav:/13730b09/발송/범선/기절용사와 암살공주/#11/bg,/Users/saintiron/Projects/Imagine/thumbnails/50728_kya11_127_LS_thumb.png,psd,,,Anime-style buildings with wooden beams and green plants in window boxes.,"[""buildings"", ""wooden beams"", ""window boxes"", ""green plants"", ""stone walls"", ""anime style"", ""urban architecture""]",illustration,,,,unknown_legacy,parse_fallback_legacy,"pre-fix: psd-tools failed, fell back to thumbnail-only",repair_required,parse_fallback_legacy,,,,,,,webdav:/13730b09/발송/범선/기절용사와 암살공주/#11/bg,visual:blind-random-q0029:50728,diverse_rank=8; source_count=1; visual_group=visual:blind-random-q0029:50728
blind-random-q0029,"다음 요소가 한 화면에 함께 보이는 배경: 나무, 노을, 눈, 벽돌 벽 (현대 건축, 야외 분위기) / 제외 조건: 캐릭터, 추상 텍스처",blind_random,,32333,21,triaxis,"{""triaxis"": 21}","{""blind_random_v1_20260507:triaxis"": 21}",webdav://13730b09/발송4/범선/종말투어링/#07/bg/syt07_038.psd,32333_syt07_038.psd,발송4/범선/종말투어링/#07/bg/syt07_038.psd,발송4/범선/종말투어링/#07/bg,/Users/saintiron/Projects/Imagine/thumbnails/32333_syt07_038_thumb.png,psd,,,A serene summer day with lush green trees and a mysterious metallic archway under a bright blue sky with fluffy clouds.,"[""anime"", ""outdoor"", ""summer"", ""trees"", ""archway"", ""blue_sky"", ""peaceful"", ""vibrant"", ""modern_architecture""]",background,outdoor,,,unknown_legacy,parse_fallback_legacy,"pre-fix: psd-tools failed, fell back to thumbnail-only",repair_required,parse_fallback_legacy,,,,,,,발송4/범선/종말투어링/#07/bg,visual:blind-random-q0029:32333,diverse_rank=3; source_count=1; visual_group=visual:blind-random-q0029:32333
blind-random-q0029,"다음 요소가 한 화면에 함께 보이는 배경: 나무, 노을, 눈, 벽돌 벽 (현대 건축, 야외 분위기) / 제외 조건: 캐릭터, 추상 텍스처",blind_random,,41100,21,vv,"{""vv"": 21}","{""blind_random_v1_20260507:vv"": 21}",webdav://13730b09/예비/크랑베르무/장소/안나의집/grb08_086_R.psd,41100_grb08_086_R.psd,예비/크랑베르무/장소/안나의집/grb08_086_R.psd,webdav:/13730b09/예비/크랑베르무/장소/안나의집,/Users/saintiron/Projects/Imagine/thumbnails/41100_grb08_086_R_thumb.png,psd,,,Sunlit brick wall with climbing ivy and ornate gate.,"[""wall"", ""ivy"", ""gate"", ""brick"", ""sunlight"", ""architecture"", ""garden"", ""residential""]",illustration,,,,unknown_legacy,parse_fallback_legacy,"pre-fix: psd-tools failed, fell back to thumbnail-only",repair_required,parse_fallback_legacy,,,,,,,webdav:/13730b09/예비/크랑베르무/장소/안나의집,visual:blind-random-q0029:41100,diverse_rank=6; source_count=1; visual_group=visual:blind-random-q0029:41100
blind-random-q0030,"다음 요소가 함께 보이는 배경: 벽돌 벽, 나무 (상점가, 학교 분위기) / 제외 조건: 소품 단독",blind_random,,31252,1,vv,"{""vv"": 1}","{""blind_random_v1_20260507:vv"": 1}",/Users/saintiron/imageDB/마캬베리즈무/실내소품/AVG06_12-002_BG.psd,AVG06_12-002_BG.psd,AVG06_12-002_BG.psd,실내소품,/Users/saintiron/Projects/Imagine/thumbnails/AVG06_12-002_BG_thumb.png,psd,1845,1301,A brick wall with a mounted TV and framed pictures on a shelf.,"[""brick wall"", ""television"", ""picture frames"", ""shelf"", ""interior design""]",background,,,,Qwen/Qwen3.5-9B,vision_done,,ok,,,,,,,,실내소품,visual:blind-random-q0030:31252,diverse_rank=1; source_count=1; visual_group=visual:blind-random-q0030:31252
blind-random-q0030,"다음 요소가 함께 보이는 배경: 벽돌 벽, 나무 (상점가, 학교 분위기) / 제외 조건: 소품 단독",blind_random,,52794,2,triaxis,"{""triaxis"": 2}","{""blind_random_v1_20260507:triaxis"": 2}",webdav://13730b09/발송/범선/기절용사와 암살공주/장소/마을/kya02_028_R.psd,52794_kya02_028_R.psd,발송/범선/기절용사와 암살공주/장소/마을/kya02_028_R.psd,webdav:/13730b09/발송/범선/기절용사와 암살공주/장소/마을,/Users/saintiron/Projects/Imagine/thumbnails/52794_kya02_028_R_thumb.png,psd,,,Brick wall texture with faint sketch overlay and blue gradient edge.,"[""brick"", ""wall"", ""texture"", ""sketch"", ""blue"", ""yellow"", ""gradient"", ""overlay""]",texture,,,,unknown_legacy,parse_fallback_legacy,"pre-fix: psd-tools failed, fell back to thumbnail-only",repair_required,parse_fallback_legacy,,,,,,,webdav:/13730b09/발송/범선/기절용사와 암살공주/장소/마을,visual:blind-random-q0030:52794,diverse_rank=8; source_count=2; visual_group=visual:blind-random-q0030:52794
blind-random-q0030,"다음 요소가 함께 보이는 배경: 벽돌 벽, 나무 (상점가, 학교 분위기) / 제외 조건: 소품 단독",blind_random,,52739,6,vv,"{""vv"": 6}","{""blind_random_v1_20260507:vv"": 6}",webdav://13730b09/발송/범선/기절용사와 암살공주/장소/마을/kya03_061.psd,52739_kya03_061.psd,발송/범선/기절용사와 암살공주/장소/마을/kya03_061.psd,webdav:/13730b09/발송/범선/기절용사와 암살공주/장소/마을,/Users/saintiron/Projects/Imagine/thumbnails/52739_kya03_061_thumb.png,psd,,,A wooden bench sits in front of a concrete block wall with greenery below.,"[""concrete wall"", ""wooden bench"", ""greenery"", ""outdoor"", ""urban"", ""daylight"", ""background""]",background,,,,unknown_legacy,parse_fallback_legacy,"pre-fix: psd-tools failed, fell back to thumbnail-only",repair_required,parse_fallback_legacy,,,,,,,webdav:/13730b09/발송/범선/기절용사와 암살공주/장소/마을,visual:blind-random-q0030:52739,diverse_rank=2; source_count=2; visual_group=visual:blind-random-q0030:52739
blind-random-q0030,"다음 요소가 함께 보이는 배경: 벽돌 벽, 나무 (상점가, 학교 분위기) / 제외 조건: 소품 단독",blind_random,,60338,6,fts,"{""fts"": 6}","{""blind_random_v1_20260507:fts"": 6}",webdav://13730b09/예비/마법과고교의 우등생/#11/bg/MKY11_221.psd,60338_MKY11_221.psd,예비/마법과고교의 우등생/#11/bg/MKY11_221.psd,bg,/Users/saintiron/Projects/Imagine/thumbnails/60338_MKY11_221_thumb.png,psd,4696,1252,Anime-style character with flowing hair in a dimly lit corridor.,"[""anime character"", ""corridor"", ""dark lighting"", ""blue tones"", ""motion blur"", ""vertical lines"", ""fantasy aesthetic""]",illustration,,,,Qwen/Qwen3.5-9B,,,ok,,,,,,,,bg,visual:blind-random-q0030:60338,diverse_rank=5; source_count=2; visual_group=visual:blind-random-q0030:60338
blind-random-q0030,"다음 요소가 함께 보이는 배경: 벽돌 벽, 나무 (상점가, 학교 분위기) / 제외 조건: 소품 단독",blind_random,,46406,11,"mv,triaxis","{""mv"": 11, ""triaxis"": 35}","{""blind_random_v1_20260507:mv"": 11, ""blind_random_v1_20260507:triaxis"": 35}",webdav://13730b09/발송작품/작품/Fate/sozai/쏘스2.psd,46406_쏘스2.psd,발송작품/작품/Fate/sozai/쏘스2.psd,webdav:/13730b09/발송작품/작품/Fate/sozai,/Users/saintiron/Projects/Imagine/thumbnails/46406_쏘스2_thumb.png,psd,,,A collage of various brick and stone wall textures.,"[""brick"", ""stone"", ""wall"", ""texture"", ""masonry"", ""construction"", ""pattern"", ""material""]",texture,,,,unknown_legacy,parse_fallback_legacy,"pre-fix: psd-tools failed, fell back to thumbnail-only",repair_required,parse_fallback_legacy,,,,,,,webdav:/13730b09/발송작품/작품/Fate/sozai,visual:blind-random-q0030:46406,diverse_rank=3; source_count=1; visual_group=visual:blind-random-q0030:46406
blind-random-q0030,"다음 요소가 함께 보이는 배경: 벽돌 벽, 나무 (상점가, 학교 분위기) / 제외 조건: 소품 단독",blind_random,,60447,11,fts,"{""fts"": 11}","{""blind_random_v1_20260507:fts"": 11}",webdav://13730b09/예비/마법과고교의 우등생/#09/210730/MKY#09_191.psd,60447_MKY#09_191.psd,예비/마법과고교의 우등생/#09/210730/MKY#09_191.psd,210730,/Users/saintiron/Projects/Imagine/thumbnails/60447_MKY#09_191_thumb.png,psd,1770,1240,,,,,,,Qwen/Qwen3.5-9B,,,repair_required,caption_model_marked_but_empty,,,,,,,210730,visual:blind-random-q0030:60447,diverse_rank=6; source_count=1; visual_group=visual:blind-random-q0030:60447
blind-random-q0030,"다음 요소가 함께 보이는 배경: 벽돌 벽, 나무 (상점가, 학교 분위기) / 제외 조건: 소품 단독",blind_random,,52402,21,"mv,triaxis","{""mv"": 21, ""triaxis"": 30}","{""blind_random_v1_20260507:mv"": 21, ""blind_random_v1_20260507:triaxis"": 30}",webdav://13730b09/발송/범선/기절용사와 암살공주/장소/유적지/kya04_073.psd,52402_kya04_073.psd,발송/범선/기절용사와 암살공주/장소/유적지/kya04_073.psd,webdav:/13730b09/발송/범선/기절용사와 암살공주/장소/유적지,/Users/saintiron/Projects/Imagine/thumbnails/52402_kya04_073_thumb.png,psd,,,"A tree grows through a brick wall in a misty, dimly lit alleyway.","[""tree"", ""brick wall"", ""mist"", ""alleyway"", ""stone pillars"", ""fog"", ""urban decay""]",background,,,,unknown_legacy,parse_fallback_legacy,"pre-fix: psd-tools failed, fell back to thumbnail-only",repair_required,parse_fallback_legacy,,,,,,,webdav:/13730b09/발송/범선/기절용사와 암살공주/장소/유적지,visual:blind-random-q0030:52402,diverse_rank=4; source_count=1; visual_group=visual:blind-random-q0030:52402
blind-random-q0030,"다음 요소가 함께 보이는 배경: 벽돌 벽, 나무 (상점가, 학교 분위기) / 제외 조건: 소품 단독",blind_random,,60264,21,fts,"{""fts"": 21}","{""blind_random_v1_20260507:fts"": 21}",webdav://13730b09/예비/마법과고교의 우등생/#11/bg/MKY11_211.psd,60264_MKY11_211.psd,예비/마법과고교의 우등생/#11/bg/MKY11_211.psd,bg,/Users/saintiron/Projects/Imagine/thumbnails/60264_MKY11_211_thumb.png,psd,1754,1252,Anime-style girl with red eyes and a school uniform stands in front of a building.,"[""anime"", ""girl"", ""school uniform"", ""building"", ""windows"", ""red eyes"", ""blue tones""]",illustration,,,,Qwen/Qwen3.5-9B,,,ok,,,,,,,,bg,visual:blind-random-q0030:60264,diverse_rank=7; source_count=2; visual_group=visual:blind-random-q0030:60264
blind-random-q0031,"다음 요소가 함께 보이는 배경: 바다, 벽돌 벽 / 제외 조건: 인물",blind_random,,33180,1,vv,"{""vv"": 1}","{""blind_random_v1_20260507:vv"": 1}",webdav://13730b09/발송4/범선/작품 쫑/후시/장소/실내들/nfb03_117.psd,33180_nfb03_117.psd,발송4/범선/작품 쫑/후시/장소/실내들/nfb03_117.psd,webdav:/13730b09/발송4/범선/작품 쫑/후시/장소/실내들,/Users/saintiron/Projects/Imagine/thumbnails/33180_nfb03_117_thumb.png,psd,,,Anime-style illustration of ghostly figures against a blue-toned brick wall.,"[""anime"", ""ghostly"", ""brick wall"", ""blue tones"", ""mysterious"", ""silhouettes""]",illustration,,,,unknown_legacy,parse_fallback_legacy,"pre-fix: psd-tools failed, fell back to thumbnail-only",repair_required,parse_fallback_legacy,,,,,,,webdav:/13730b09/발송4/범선/작품 쫑/후시/장소/실내들,visual:blind-random-q0031:33180,diverse_rank=1; source_count=1; visual_group=visual:blind-random-q0031:33180
blind-random-q0031,"다음 요소가 함께 보이는 배경: 바다, 벽돌 벽 / 제외 조건: 인물",blind_random,,53062,1,"mv,triaxis","{""mv"": 1, ""triaxis"": 39}","{""blind_random_v1_20260507:mv"": 1, ""blind_random_v1_20260507:triaxis"": 39}",webdav://13730b09/발송/범선/기절용사와 암살공주/장소/마을/kya07_061_1.psd,53062_kya07_061_1.psd,발송/범선/기절용사와 암살공주/장소/마을/kya07_061_1.psd,webdav:/13730b09/발송/범선/기절용사와 암살공주/장소/마을,/Users/saintiron/Projects/Imagine/thumbnails/53062_kya07_061_1_thumb.png,psd,,,"A brick wall with benches, bushes, and a barrel in an outdoor setting.","[""brick wall"", ""benches"", ""bushes"", ""barrel"", ""cobblestone path"", ""greenery"", ""outdoor"", ""wall""]",background,,,,unknown_legacy,parse_fallback_legacy,"pre-fix: psd-tools failed, fell back to thumbnail-only",repair_required,parse_fallback_legacy,,,,,,,webdav:/13730b09/발송/범선/기절용사와 암살공주/장소/마을,visual:blind-random-q0031:53062,diverse_rank=4; source_count=4; visual_group=visual:blind-random-q0031:53062
blind-random-q0031,"다음 요소가 함께 보이는 배경: 바다, 벽돌 벽 / 제외 조건: 인물",blind_random,,46397,2,triaxis,"{""triaxis"": 2}","{""blind_random_v1_20260507:triaxis"": 2}",webdav://13730b09/발송작품/작품/Fate/sozai/monooki_sozai_11.psd,46397_monooki_sozai_11.psd,발송작품/작품/Fate/sozai/monooki_sozai_11.psd,webdav:/13730b09/발송작품/작품/Fate/sozai,/Users/saintiron/Projects/Imagine/thumbnails/46397_monooki_sozai_11_thumb.png,psd,,,"Dark, textured brick wall with a subtle light gradient.","[""brick"", ""wall"", ""texture"", ""dark"", ""grunge"", ""pattern"", ""background"", ""masonry""]",texture,,,,unknown_legacy,parse_fallback_legacy,"pre-fix: psd-tools failed, fell back to thumbnail-only",repair_required,parse_fallback_legacy,,,,,,,webdav:/13730b09/발송작품/작품/Fate/sozai,visual:blind-random-q0031:46397,diverse_rank=7; source_count=1; visual_group=visual:blind-random-q0031:46397
blind-random-q0031,"다음 요소가 함께 보이는 배경: 바다, 벽돌 벽 / 제외 조건: 인물",blind_random,,52821,6,triaxis,"{""triaxis"": 6}","{""blind_random_v1_20260507:triaxis"": 6}",webdav://13730b09/발송/범선/기절용사와 암살공주/장소/마을/kya02_075.psd,52821_kya02_075.psd,발송/범선/기절용사와 암살공주/장소/마을/kya02_075.psd,webdav:/13730b09/발송/범선/기절용사와 암살공주/장소/마을,/Users/saintiron/Projects/Imagine/thumbnails/52821_kya02_075_thumb.png,psd,,,Close-up of rectangular stone tiles in a brick pattern.,"[""stone"", ""tiles"", ""brick pattern"", ""texture"", ""beige"", ""grey"", ""pavement""]",texture,,,,unknown_legacy,parse_fallback_legacy,"pre-fix: psd-tools failed, fell back to thumbnail-only",repair_required,parse_fallback_legacy,,,,,,,webdav:/13730b09/발송/범선/기절용사와 암살공주/장소/마을,visual:blind-random-q0031:52821,diverse_rank=2; source_count=4; visual_group=visual:blind-random-q0031:52821
blind-random-q0031,"다음 요소가 함께 보이는 배경: 바다, 벽돌 벽 / 제외 조건: 인물",blind_random,,57358,6,mv,"{""mv"": 6}","{""blind_random_v1_20260507:mv"": 6}",webdav://13730b09/예비/작품2/대마도학원35시험 소대/제작회사BG/건물/AT03_108BR.psd,57358_AT03_108BR.psd,예비/작품2/대마도학원35시험 소대/제작회사BG/건물/AT03_108BR.psd,건물,/Users/saintiron/Projects/Imagine/thumbnails/57358_AT03_108BR_thumb.png,psd,2338,1653,"A stone wall with a fence, trash bin, and city skyline in the background.","[""stone wall"", ""fence"", ""trash bin"", ""city skyline"", ""grass"", ""trees"", ""blue sky"", ""clouds""]",background,,,,Qwen/Qwen3.5-9B,,,ok,,,,,,,,건물,visual:blind-random-q0031:57358,diverse_rank=5; source_count=1; visual_group=visual:blind-random-q0031:57358
blind-random-q0031,"다음 요소가 함께 보이는 배경: 바다, 벽돌 벽 / 제외 조건: 인물",blind_random,,60268,6,fts,"{""fts"": 6}","{""blind_random_v1_20260507:fts"": 6}",webdav://13730b09/예비/마법과고교의 우등생/#11/bg/MKY11_217.psd,60268_MKY11_217.psd,예비/마법과고교의 우등생/#11/bg/MKY11_217.psd,bg,/Users/saintiron/Projects/Imagine/thumbnails/60268_MKY11_217_thumb.png,psd,2513,1755,Anime-style character sketch with blue lines and yellow tones,"[""anime"", ""sketch"", ""character"", ""blue lines"", ""yellow tones""]",illustration,,,,Qwen/Qwen3.5-9B,,,ok,,,,,,,,bg,visual:blind-random-q0031:60268,diverse_rank=8; source_count=1; visual_group=visual:blind-random-q0031:60268
blind-random-q0031,"다음 요소가 함께 보이는 배경: 바다, 벽돌 벽 / 제외 조건: 인물",blind_random,,52983,11,mv,"{""mv"": 11}","{""blind_random_v1_20260507:mv"": 11}",webdav://13730b09/발송/범선/기절용사와 암살공주/장소/마을/kya01_236 copy.psd,52983_kya01_236 copy.psd,발송/범선/기절용사와 암살공주/장소/마을/kya01_236 copy.psd,webdav:/13730b09/발송/범선/기절용사와 암살공주/장소/마을,/Users/saintiron/Projects/Imagine/thumbnails/52983_kya01_236 copy_thumb.png,psd,,,A sketch of a person drawn on a weathered wall between two windows.,"[""wall"", ""windows"", ""sketch"", ""person"", ""graffiti"", ""texture"", ""blue"", ""yellow""]",illustration,,,,unknown_legacy,parse_fallback_legacy,"pre-fix: psd-tools failed, fell back to thumbnail-only",repair_required,parse_fallback_legacy,,,,,,,webdav:/13730b09/발송/범선/기절용사와 암살공주/장소/마을,visual:blind-random-q0031:30269,diverse_rank=3; source_count=4; visual_group=visual:blind-random-q0031:30269
blind-random-q0031,"다음 요소가 함께 보이는 배경: 바다, 벽돌 벽 / 제외 조건: 인물",blind_random,,53082,21,vv,"{""vv"": 21}","{""blind_random_v1_20260507:vv"": 21}",webdav://13730b09/발송/범선/기절용사와 암살공주/장소/마을/kya07_155.psd,53082_kya07_155.psd,발송/범선/기절용사와 암살공주/장소/마을/kya07_155.psd,webdav:/13730b09/발송/범선/기절용사와 암살공주/장소/마을,/Users/saintiron/Projects/Imagine/thumbnails/53082_kya07_155_thumb.png,psd,,,A ghostly anime girl's face is superimposed over a brick wall.,"[""anime"", ""ghost"", ""brick wall"", ""portrait"", ""overlay"", ""sketch"", ""wooden beam""]",illustration,,,,unknown_legacy,parse_fallback_legacy,"pre-fix: psd-tools failed, fell back to thumbnail-only",repair_required,parse_fallback_legacy,,,,,,,webdav:/13730b09/발송/범선/기절용사와 암살공주/장소/마을,visual:blind-random-q0031:51276,diverse_rank=6; source_count=4; visual_group=visual:blind-random-q0031:51276
blind-random-q0032,"다음 요소가 한 화면에 함께 보이는 배경: 계단, 노을, 숲, 커튼 (상점가, 전통 건축 분위기) / 제외 조건: 소품 단독",blind_random,,48136,1,"triaxis,vv","{""triaxis"": 1, ""vv"": 22}","{""blind_random_v1_20260507:triaxis"": 1, ""blind_random_v1_20260507:vv"": 22}",webdav://13730b09/발송/외주 회사/뱅가드/26/#04/bg/VS10_04_339_349_352_r_GENZU.psd,48136_VS10_04_339_349_352_r_GENZU.psd,발송/외주 회사/뱅가드/26/#04/bg/VS10_04_339_349_352_r_GENZU.psd,발송/외주 회사/뱅가드/26/#04/bg,/Users/saintiron/Projects/Imagine/thumbnails/48136_VS10_04_339_349_352_r_GENZU_thumb.png,psd,,,"Anime-style scene with a house, trees, and stairs at sunset.","[""anime"", ""sunset"", ""house"", ""trees"", ""stairs"", ""railing"", ""wooden"", ""landscape""]",background,,,,unknown_legacy,parse_fallback_legacy,"pre-fix: psd-tools failed, fell back to thumbnail-only",repair_required,parse_fallback_legacy,,,,,,,발송/외주 회사/뱅가드/26/#04/bg,visual:blind-random-q0032:48136,diverse_rank=1; source_count=2; visual_group=visual:blind-random-q0032:48136
blind-random-q0032,"다음 요소가 한 화면에 함께 보이는 배경: 계단, 노을, 숲, 커튼 (상점가, 전통 건축 분위기) / 제외 조건: 소품 단독",blind_random,,50777,1,mv,"{""mv"": 1}","{""blind_random_v1_20260507:mv"": 1}",webdav://13730b09/발송/범선/기절용사와 암살공주/#11/bg/kya11_187_LS_R.psd,50777_kya11_187_LS_R.psd,발송/범선/기절용사와 암살공주/#11/bg/kya11_187_LS_R.psd,webdav:/13730b09/발송/범선/기절용사와 암살공주/#11/bg,/Users/saintiron/Projects/Imagine/thumbnails/50777_kya11_187_LS_R_thumb.png,psd,,,A narrow street with traditional buildings and large ceramic jars in the foreground.,"[""street"", ""buildings"", ""ceramic jars"", ""traditional architecture"", ""overcast sky"", ""wooden structures"", ""stone walls""]",illustration,,,,unknown_legacy,parse_fallback_legacy,"pre-fix: psd-tools failed, fell back to thumbnail-only",repair_required,parse_fallback_legacy,,,,,,,webdav:/13730b09/발송/범선/기절용사와 암살공주/#11/bg,visual:blind-random-q0032:50777,diverse_rank=8; source_count=1; visual_group=visual:blind-random-q0032:50777
blind-random-q0032,"다음 요소가 한 화면에 함께 보이는 배경: 계단, 노을, 숲, 커튼 (상점가, 전통 건축 분위기) / 제외 조건: 소품 단독",blind_random,,48042,6,"triaxis,vv","{""triaxis"": 6, ""vv"": 14}","{""blind_random_v1_20260507:triaxis"": 6, ""blind_random_v1_20260507:vv"": 14}",webdav://13730b09/발송/외주 회사/뱅가드/26/#04/bg/VS10_04_062_GENZU.psd,48042_VS10_04_062_GENZU.psd,발송/외주 회사/뱅가드/26/#04/bg/VS10_04_062_GENZU.psd,발송/외주 회사/뱅가드/26/#04/bg,/Users/saintiron/Projects/Imagine/thumbnails/48042_VS10_04_062_GENZU_thumb.png,psd,,,Sunset view of stone steps with trees and a pergola.,"[""sunset"", ""stone steps"", ""trees"", ""pergola"", ""architecture"", ""landscape"", ""warm tones"", ""peaceful""]",background,,,,unknown_legacy,parse_fallback_legacy,"pre-fix: psd-tools failed, fell back to thumbnail-only",repair_required,parse_fallback_legacy,,,,,,,발송/외주 회사/뱅가드/26/#04/bg,visual:blind-random-q0032:48042,diverse_rank=2; source_count=2; visual_group=visual:blind-random-q0032:48042
blind-random-q0032,"다음 요소가 한 화면에 함께 보이는 배경: 계단, 노을, 숲, 커튼 (상점가, 전통 건축 분위기) / 제외 조건: 소품 단독",blind_random,,56900,6,mv,"{""mv"": 6}","{""blind_random_v1_20260507:mv"": 6}",webdav://13730b09/발송/외주 회사/빔 studio/귀인환등초/bg/KGS_01_096.psd,56900_KGS_01_096.psd,발송/외주 회사/빔 studio/귀인환등초/bg/KGS_01_096.psd,bg,/Users/saintiron/Projects/Imagine/thumbnails/56900_KGS_01_096_thumb.png,psd,2401,1701,Traditional Japanese-style building with sliding doors and a flowering tree.,"[""Japanese architecture"", ""sliding doors"", ""flowering tree"", ""wooden beams"", ""shoji screens"", ""green leaves"", ""red flowers"", ""thatched roof""]",illustration,,,,Qwen/Qwen3.5-9B,,,ok,,,,,,,,bg,visual:blind-random-q0032:56900,diverse_rank=5; source_count=1; visual_group=visual:blind-random-q0032:56900
blind-random-q0032,"다음 요소가 한 화면에 함께 보이는 배경: 계단, 노을, 숲, 커튼 (상점가, 전통 건축 분위기) / 제외 조건: 소품 단독",blind_random,,41268,11,vv,"{""vv"": 11}","{""blind_random_v1_20260507:vv"": 11}",webdav://13730b09/예비/크랑베르무/장소/신사/grb02_070.psd,41268_grb02_070.psd,예비/크랑베르무/장소/신사/grb02_070.psd,webdav:/13730b09/예비/크랑베르무/장소/신사,/Users/saintiron/Projects/Imagine/thumbnails/41268_grb02_070_thumb.png,psd,,,A serene anime-style shrine surrounded by lush greenery and stone steps leading up to its red torii gate.,"[""shrine"", ""anime"", ""torii"", ""greenery"", ""serene"", ""stone steps"", ""traditional japanese architecture""]",illustration,,,,unknown_legacy,parse_fallback_legacy,"pre-fix: psd-tools failed, fell back to thumbnail-only",repair_required,parse_fallback_legacy,,,,,,,webdav:/13730b09/예비/크랑베르무/장소/신사,visual:blind-random-q0032:41268,diverse_rank=3; source_count=1; visual_group=visual:blind-random-q0032:41268
blind-random-q0032,"다음 요소가 한 화면에 함께 보이는 배경: 계단, 노을, 숲, 커튼 (상점가, 전통 건축 분위기) / 제외 조건: 소품 단독",blind_random,,46360,11,triaxis,"{""triaxis"": 11}","{""blind_random_v1_20260507:triaxis"": 11}",webdav://13730b09/발송작품/작품/Fate/FN14_016_BG2_T1.psd,46360_FN14_016_BG2_T1.psd,발송작품/작품/Fate/FN14_016_BG2_T1.psd,webdav:/13730b09/발송작품/작품/Fate,/Users/saintiron/Projects/Imagine/thumbnails/46360_FN14_016_BG2_T1_thumb.png,psd,,,A serene twilight scene with traditional rooftops and distant city lights.,"[""twilight"", ""rooftops"", ""cityscape"", ""trees"", ""electric poles"", ""sky"", ""traditional architecture"", ""peaceful""]",illustration,,,,unknown_legacy,parse_fallback_legacy,"pre-fix: psd-tools failed, fell back to thumbnail-only",repair_required,parse_fallback_legacy,,,,,,,webdav:/13730b09/발송작품/작품/Fate,visual:blind-random-q0032:46360,diverse_rank=6; source_count=1; visual_group=visual:blind-random-q0032:46360
blind-random-q0032,"다음 요소가 한 화면에 함께 보이는 배경: 계단, 노을, 숲, 커튼 (상점가, 전통 건축 분위기) / 제외 조건: 소품 단독",blind_random,,40807,21,vv,"{""vv"": 21}","{""blind_random_v1_20260507:vv"": 21}",webdav://13730b09/예비/크랑베르무/장소/전투/1/grb01_101.psd,40807_grb01_101.psd,예비/크랑베르무/장소/전투/1/grb01_101.psd,webdav:/13730b09/예비/크랑베르무/장소/전투/1,/Users/saintiron/Projects/Imagine/thumbnails/40807_grb01_101_thumb.png,psd,,,"A mysterious, multi-level stone staircase in a grand, ancient building with purple light streaming through arched windows.","[""Dungeons"", ""Classical architecture"", ""Purple lighting"", ""Staircase"", ""Mysterious"", ""Nighttime"", ""Ancient building""]",background,Dungeons,Night,Clear,unknown_legacy,parse_fallback_legacy,"pre-fix: psd-tools failed, fell back to thumbnail-only",repair_required,parse_fallback_legacy,,,,,,,webdav:/13730b09/예비/크랑베르무/장소/전투/1,visual:blind-random-q0032:40807,diverse_rank=4; source_count=1; visual_group=visual:blind-random-q0032:40807
blind-random-q0032,"다음 요소가 한 화면에 함께 보이는 배경: 계단, 노을, 숲, 커튼 (상점가, 전통 건축 분위기) / 제외 조건: 소품 단독",blind_random,,53064,21,mv,"{""mv"": 21}","{""blind_random_v1_20260507:mv"": 21}",webdav://13730b09/발송/범선/기절용사와 암살공주/장소/마을/kya07_063.psd,53064_kya07_063.psd,발송/범선/기절용사와 암살공주/장소/마을/kya07_063.psd,webdav:/13730b09/발송/범선/기절용사와 암살공주/장소/마을,/Users/saintiron/Projects/Imagine/thumbnails/53064_kya07_063_thumb.png,psd,,,"A courtyard with a bench, tree, barrels, and stone walls under soft light.","[""courtyard"", ""bench"", ""tree"", ""stone wall"", ""barrels"", ""wooden crates"", ""potted plants"", ""windows""]",background,,,,unknown_legacy,parse_fallback_legacy,"pre-fix: psd-tools failed, fell back to thumbnail-only",repair_required,parse_fallback_legacy,,,,,,,webdav:/13730b09/발송/범선/기절용사와 암살공주/장소/마을,visual:blind-random-q0032:53064,diverse_rank=7; source_count=1; visual_group=visual:blind-random-q0032:53064
blind-random-q0033,"다음 요소가 함께 보이고 하나 이상은 뚜렷한 배경: 소파, 비, 커튼 (비 오는 분위기) / 제외 조건: 캐릭터",blind_random,,41240,1,triaxis,"{""triaxis"": 1}","{""blind_random_v1_20260507:triaxis"": 1}",webdav://13730b09/예비/크랑베르무/장소/실내들/grb09_018.psd,41240_grb09_018.psd,예비/크랑베르무/장소/실내들/grb09_018.psd,webdav:/13730b09/예비/크랑베르무/장소/실내들,/Users/saintiron/Projects/Imagine/thumbnails/41240_grb09_018_thumb.png,psd,,,"A black grand piano sits in a dimly lit room, with a large window revealing a rainy, autumnal cityscape outside. A peach-colored curtain hangs to the side, and the scene exudes quiet introspection.","[""piano"", ""window"", ""rainy day"", ""autumn"", ""anime art"", ""contemplative"", ""dark tones"", ""curtain"", ""cityscape""]",illustration,,,,unknown_legacy,parse_fallback_legacy,"pre-fix: psd-tools failed, fell back to thumbnail-only",repair_required,parse_fallback_legacy,,,,,,,webdav:/13730b09/예비/크랑베르무/장소/실내들,visual:blind-random-q0033:41240,diverse_rank=1; source_count=2; visual_group=visual:blind-random-q0033:41240
blind-random-q0033,"다음 요소가 함께 보이고 하나 이상은 뚜렷한 배경: 소파, 비, 커튼 (비 오는 분위기) / 제외 조건: 캐릭터",blind_random,,41245,1,vv,"{""vv"": 1}","{""blind_random_v1_20260507:vv"": 1}",webdav://13730b09/예비/크랑베르무/장소/실내들/grb09_026.psd,41245_grb09_026.psd,예비/크랑베르무/장소/실내들/grb09_026.psd,webdav:/13730b09/예비/크랑베르무/장소/실내들,/Users/saintiron/Projects/Imagine/thumbnails/41245_grb09_026_thumb.png,psd,,,"A translucent figure sits on a floor mat in a dimly lit room, casting a faint shadow against wooden flooring near a window with curtains.","[""ghost"", ""anime"", ""mysterious"", ""translucent"", ""room"", ""window"", ""curtains"", ""floor"", ""shadow""]",illustration,,,,unknown_legacy,parse_fallback_legacy,"pre-fix: psd-tools failed, fell back to thumbnail-only",repair_required,parse_fallback_legacy,,,,,,,webdav:/13730b09/예비/크랑베르무/장소/실내들,visual:blind-random-q0033:41245,diverse_rank=5; source_count=2; visual_group=visual:blind-random-q0033:41245
blind-random-q0033,"다음 요소가 함께 보이고 하나 이상은 뚜렷한 배경: 소파, 비, 커튼 (비 오는 분위기) / 제외 조건: 캐릭터",blind_random,,31237,6,"triaxis,vv","{""triaxis"": 10, ""vv"": 6}","{""blind_random_v1_20260507:triaxis"": 10, ""blind_random_v1_20260507:vv"": 6}",/Users/saintiron/imageDB/마캬베리즈무/실내소품/apart-inside-2.psd,apart-inside-2.psd,apart-inside-2.psd,실내소품,/Users/saintiron/Projects/Imagine/thumbnails/apart-inside-2_thumb.png,psd,1578,1142,"A living room with a sectional sofa, coffee table, and large window.","[""sofa"", ""coffee table"", ""window"", ""curtains"", ""plant"", ""floor"", ""building"", ""wall""]",background,,,,Qwen/Qwen3.5-9B,vision_done,,ok,,,,,,,,실내소품,visual:blind-random-q0033:31237,diverse_rank=2; source_count=1; visual_group=visual:blind-random-q0033:31237
blind-random-q0033,"다음 요소가 함께 보이고 하나 이상은 뚜렷한 배경: 소파, 비, 커튼 (비 오는 분위기) / 제외 조건: 캐릭터",blind_random,,60288,6,mv,"{""mv"": 6}","{""blind_random_v1_20260507:mv"": 6}",webdav://13730b09/예비/마법과고교의 우등생/#11/bg/MKY11_100.psd,60288_MKY11_100.psd,예비/마법과고교의 우등생/#11/bg/MKY11_100.psd,bg,/Users/saintiron/Projects/Imagine/thumbnails/60288_MKY11_100_thumb.png,psd,2340,1654,Four semi-transparent anime characters stand in a room with a blue screen and plant.,"[""anime"", ""characters"", ""blue screen"", ""plant"", ""transparency"", ""room"", ""door""]",illustration,,,,Qwen/Qwen3.5-9B,,,ok,,,,,,,,bg,visual:blind-random-q0033:60288,diverse_rank=8; source_count=1; visual_group=visual:blind-random-q0033:60288
blind-random-q0033,"다음 요소가 함께 보이고 하나 이상은 뚜렷한 배경: 소파, 비, 커튼 (비 오는 분위기) / 제외 조건: 캐릭터",blind_random,,42178,11,vv,"{""vv"": 11}","{""blind_random_v1_20260507:vv"": 11}",webdav://13730b09/예비/크랑베르무/장소/네네의집/grb11_139.psd,42178_grb11_139.psd,예비/크랑베르무/장소/네네의집/grb11_139.psd,webdav:/13730b09/예비/크랑베르무/장소/네네의집,/Users/saintiron/Projects/Imagine/thumbnails/42178_grb11_139_thumb.png,psd,,,"A character with a translucent, ghostly appearance stands in a warmly lit living room featuring a beige sofa, a dark coffee table, and traditional Japanese-style folding screens.","[""anime"", ""translucent character"", ""living room"", ""ghost"", ""folding screens"", ""sacred gear"", ""interior design"", ""soft lighting"", ""minimalist furniture"", ""character design""]",,,,,unknown_legacy,parse_fallback_legacy,"pre-fix: psd-tools failed, fell back to thumbnail-only",repair_required,parse_fallback_legacy,,,,,,,webdav:/13730b09/예비/크랑베르무/장소/네네의집,visual:blind-random-q0033:47578,diverse_rank=3; source_count=1; visual_group=visual:blind-random-q0033:47578
blind-random-q0033,"다음 요소가 함께 보이고 하나 이상은 뚜렷한 배경: 소파, 비, 커튼 (비 오는 분위기) / 제외 조건: 캐릭터",blind_random,,46565,11,triaxis,"{""triaxis"": 11}","{""blind_random_v1_20260507:triaxis"": 11}",webdav://13730b09/발송작품/작품/Fate/sankouBG/보도/hokawasuu_board_032.psd,46565_hokawasuu_board_032.psd,발송작품/작품/Fate/sankouBG/보도/hokawasuu_board_032.psd,webdav:/13730b09/발송작품/작품/Fate/sankouBG/보도,/Users/saintiron/Projects/Imagine/thumbnails/46565_hokawasuu_board_032_thumb.png,psd,,,A rainy night scene with a small building and streetlights.,"[""rain"", ""night"", ""streetlights"", ""building"", ""road"", ""trees"", ""pavement"", ""atmospheric""]",illustration,,,,unknown_legacy,parse_fallback_legacy,"pre-fix: psd-tools failed, fell back to thumbnail-only",repair_required,parse_fallback_legacy,,,,,,,webdav:/13730b09/발송작품/작품/Fate/sankouBG/보도,visual:blind-random-q0033:46565,diverse_rank=6; source_count=1; visual_group=visual:blind-random-q0033:46565
blind-random-q0033,"다음 요소가 함께 보이고 하나 이상은 뚜렷한 배경: 소파, 비, 커튼 (비 오는 분위기) / 제외 조건: 캐릭터",blind_random,,39052,21,triaxis,"{""triaxis"": 21}","{""blind_random_v1_20260507:triaxis"": 21}",webdav://13730b09/예비/크랑베르무/장소/학교교실/grb02_152_155-R.psd,39052_grb02_152_155-R.psd,예비/크랑베르무/장소/학교교실/grb02_152_155-R.psd,webdav:/13730b09/예비/크랑베르무/장소/학교교실,/Users/saintiron/Projects/Imagine/thumbnails/39052_grb02_152_155-R_thumb.png,psd,,,"A view from a window with a light blue curtain, looking out onto a sunny, modern apartment building complex.","[""window"", ""curtain"", ""apartment"", ""urban"", ""anime"", ""sunny"", ""modern"", ""peaceful""]",background,urban,,,unknown_legacy,parse_fallback_legacy,"pre-fix: psd-tools failed, fell back to thumbnail-only",repair_required,parse_fallback_legacy,,,,,,,webdav:/13730b09/예비/크랑베르무/장소/학교교실,visual:blind-random-q0033:51140,diverse_rank=4; source_count=1; visual_group=visual:blind-random-q0033:51140
blind-random-q0033,"다음 요소가 함께 보이고 하나 이상은 뚜렷한 배경: 소파, 비, 커튼 (비 오는 분위기) / 제외 조건: 캐릭터",blind_random,,51097,21,mv,"{""mv"": 21}","{""blind_random_v1_20260507:mv"": 21}",webdav://13730b09/발송/범선/기절용사와 암살공주/#09/bg/kya09_166.psd,51097_kya09_166.psd,발송/범선/기절용사와 암살공주/#09/bg/kya09_166.psd,webdav:/13730b09/발송/범선/기절용사와 암살공주/#09/bg,/Users/saintiron/Projects/Imagine/thumbnails/51097_kya09_166_thumb.png,psd,,,"A circular platform on water with two characters, one translucent and one solid.","[""platform"", ""water"", ""sky"", ""rope"", ""pole"", ""character"", ""translucent figure"", ""anime style""]",background,,,,unknown_legacy,parse_fallback_legacy,"pre-fix: psd-tools failed, fell back to thumbnail-only",repair_required,parse_fallback_legacy,,,,,,,webdav:/13730b09/발송/범선/기절용사와 암살공주/#09/bg,visual:blind-random-q0033:41243,diverse_rank=7; source_count=1; visual_group=visual:blind-random-q0033:41243
blind-random-q0034,"다음 요소가 함께 보이고 하나 이상은 뚜렷한 배경: 돌기둥, 폐허, 구름 (마을, 야외 분위기) / 제외 조건: 추상 텍스처",blind_random,,40875,1,"triaxis,vv","{""triaxis"": 1, ""vv"": 12}","{""blind_random_v1_20260507:triaxis"": 1, ""blind_random_v1_20260507:vv"": 12}",webdav://13730b09/예비/크랑베르무/장소/전투/1/grb01_181.psd,40875_grb01_181.psd,예비/크랑베르무/장소/전투/1/grb01_181.psd,webdav:/13730b09/예비/크랑베르무/장소/전투/1,/Users/saintiron/Projects/Imagine/thumbnails/40875_grb01_181_thumb.png,psd,,,"A ruined village under a starry, colorful night sky with a lone tower standing amidst broken walls and rubble.","[""ruins"", ""night sky"", ""stars"", ""anime"", ""village"", ""mysterious"", ""melancholic"", ""fantasy"", ""imagine_dl_z260p_3r""]",illustration,,,,unknown_legacy,parse_fallback_legacy,"pre-fix: psd-tools failed, fell back to thumbnail-only",repair_required,parse_fallback_legacy,,,,,,,webdav:/13730b09/예비/크랑베르무/장소/전투/1,visual:blind-random-q0034:40875,diverse_rank=4; source_count=1; visual_group=visual:blind-random-q0034:40875
blind-random-q0034,"다음 요소가 함께 보이고 하나 이상은 뚜렷한 배경: 돌기둥, 폐허, 구름 (마을, 야외 분위기) / 제외 조건: 추상 텍스처",blind_random,,41962,1,fts,"{""fts"": 1}","{""blind_random_v1_20260507:fts"": 1}",webdav://13730b09/예비/크랑베르무/장소/마을/grb08_091.psd,41962_grb08_091.psd,예비/크랑베르무/장소/마을/grb08_091.psd,webdav:/13730b09/예비/크랑베르무/장소/마을,/Users/saintiron/Projects/Imagine/thumbnails/41962_grb08_091_thumb.png,psd,,,unknown,[],character,,,,unknown_legacy,parse_fallback_legacy,"pre-fix: psd-tools failed, fell back to thumbnail-only",repair_required,parse_fallback_legacy,,,,,,,webdav:/13730b09/예비/크랑베르무/장소/마을,visual:blind-random-q0034:41962,diverse_rank=7; source_count=2; visual_group=visual:blind-random-q0034:41962
blind-random-q0034,"다음 요소가 함께 보이고 하나 이상은 뚜렷한 배경: 돌기둥, 폐허, 구름 (마을, 야외 분위기) / 제외 조건: 추상 텍스처",blind_random,,38164,6,mv,"{""mv"": 6}","{""blind_random_v1_20260507:mv"": 6}",webdav://13730b09/발송작품/작품/켄신/켄신-243.JPG,38164_켄신-243.JPG,발송작품/작품/켄신/켄신-243.JPG,webdav:/13730b09/발송작품/작품/켄신,/Users/saintiron/Projects/Imagine/thumbnails/38164_켄신-243_thumb.png,jpg,,,"A serene mountain landscape under a bright blue sky with fluffy clouds, featuring rugged rock formations in the foreground.","[""mountains"", ""sky"", ""clouds"", ""rock"", ""anime"", ""outdoor"", ""peaceful"", ""natural"", ""blue"", ""white""]",background,outdoor,,,unknown_legacy,,,repair_required,parse_fallback_legacy,,,,,,,webdav:/13730b09/발송작품/작품/켄신,visual:blind-random-q0034:38164,diverse_rank=1; source_count=1; visual_group=visual:blind-random-q0034:38164
blind-random-q0034,"다음 요소가 함께 보이고 하나 이상은 뚜렷한 배경: 돌기둥, 폐허, 구름 (마을, 야외 분위기) / 제외 조건: 추상 텍스처",blind_random,,39865,6,vv,"{""vv"": 6}","{""blind_random_v1_20260507:vv"": 6}",webdav://13730b09/예비/크랑베르무/장소/전투/6/grb12_258.psd,39865_grb12_258.psd,예비/크랑베르무/장소/전투/6/grb12_258.psd,webdav:/13730b09/예비/크랑베르무/장소/전투/6,/Users/saintiron/Projects/Imagine/thumbnails/39865_grb12_258_thumb.png,psd,,,"Abstract digital texture with purple and blue hues, featuring fragmented architectural forms and glowing accents.","[""abstract"", ""digital"", ""texture"", ""purple"", ""blue"", ""architectural"", ""glow"", ""fragmented""]",texture,,,,unknown_legacy,parse_fallback_legacy,"pre-fix: psd-tools failed, fell back to thumbnail-only",repair_required,parse_fallback_legacy,,,,,,,webdav:/13730b09/예비/크랑베르무/장소/전투/6,visual:blind-random-q0034:39865,diverse_rank=5; source_count=2; visual_group=visual:blind-random-q0034:39865
blind-random-q0034,"다음 요소가 함께 보이고 하나 이상은 뚜렷한 배경: 돌기둥, 폐허, 구름 (마을, 야외 분위기) / 제외 조건: 추상 텍스처",blind_random,,40701,6,triaxis,"{""triaxis"": 6}","{""blind_random_v1_20260507:triaxis"": 6}",webdav://13730b09/예비/크랑베르무/장소/전투/2/grb03_205.psd,40701_grb03_205.psd,예비/크랑베르무/장소/전투/2/grb03_205.psd,webdav:/13730b09/예비/크랑베르무/장소/전투/2,/Users/saintiron/Projects/Imagine/thumbnails/40701_grb03_205_thumb.png,psd,,,Ancient stone pillars stand in a canyon under a starry sky with glowing auroras.,"[""ancient ruins"", ""starry sky"", ""aurora"", ""canyon"", ""mysterious"", ""anime"", ""night"", ""stone pillars""]",background,Dungeons,night,clear,unknown_legacy,parse_fallback_legacy,"pre-fix: psd-tools failed, fell back to thumbnail-only",repair_required,parse_fallback_legacy,,,,,,,webdav:/13730b09/예비/크랑베르무/장소/전투/2,visual:blind-random-q0034:40701,diverse_rank=8; source_count=1; visual_group=visual:blind-random-q0034:40701
blind-random-q0034,"다음 요소가 함께 보이고 하나 이상은 뚜렷한 배경: 돌기둥, 폐허, 구름 (마을, 야외 분위기) / 제외 조건: 추상 텍스처",blind_random,,39648,11,triaxis,"{""triaxis"": 11}","{""blind_random_v1_20260507:triaxis"": 11}",webdav://13730b09/예비/크랑베르무/장소/전투/6/grb12_005.psd,39648_grb12_005.psd,예비/크랑베르무/장소/전투/6/grb12_005.psd,webdav:/13730b09/예비/크랑베르무/장소/전투/6,/Users/saintiron/Projects/Imagine/thumbnails/39648_grb12_005_thumb.png,psd,,,"Dark, jagged ruins under a stormy sky with a central tower.","[""ruins"", ""dark"", ""stormy"", ""tower"", ""jagged"", ""night"", ""atmospheric"", ""fantasy""]",background,,,,unknown_legacy,parse_fallback_legacy,"pre-fix: psd-tools failed, fell back to thumbnail-only",repair_required,parse_fallback_legacy,,,,,,,webdav:/13730b09/예비/크랑베르무/장소/전투/6,visual:blind-random-q0034:39648,diverse_rank=2; source_count=2; visual_group=visual:blind-random-q0034:39648
blind-random-q0034,"다음 요소가 함께 보이고 하나 이상은 뚜렷한 배경: 돌기둥, 폐허, 구름 (마을, 야외 분위기) / 제외 조건: 추상 텍스처",blind_random,,32903,21,triaxis,"{""triaxis"": 21}","{""blind_random_v1_20260507:triaxis"": 21}",webdav://13730b09/발송작품/작품/원피스/1/44-059B.psd,32903_44-059B.psd,발송작품/작품/원피스/1/44-059B.psd,webdav:/13730b09/발송작품/작품/원피스/1,/Users/saintiron/Projects/Imagine/thumbnails/32903_44-059B_thumb.png,psd,,,"A desolate, cracked landscape with ancient stone pillars and sparse greenery, evoking a forgotten ruin under a clear sky.","[""fantasy"", ""ruins"", ""cracked_ground"", ""stone_pillars"", ""spring"", ""melancholic"", ""anime"", ""deserted"", ""ancient""]",background,fantasy,,,unknown_legacy,parse_fallback_legacy,"pre-fix: psd-tools failed, fell back to thumbnail-only",repair_required,parse_fallback_legacy,,,,,,,webdav:/13730b09/발송작품/작품/원피스/1,visual:blind-random-q0034:40919,diverse_rank=3; source_count=1; visual_group=visual:blind-random-q0034:40919
blind-random-q0034,"다음 요소가 함께 보이고 하나 이상은 뚜렷한 배경: 돌기둥, 폐허, 구름 (마을, 야외 분위기) / 제외 조건: 추상 텍스처",blind_random,,41985,21,fts,"{""fts"": 21}","{""blind_random_v1_20260507:fts"": 21}",webdav://13730b09/예비/크랑베르무/장소/마을/grb09_105.psd,41985_grb09_105.psd,예비/크랑베르무/장소/마을/grb09_105.psd,webdav:/13730b09/예비/크랑베르무/장소/마을,/Users/saintiron/Projects/Imagine/thumbnails/41985_grb09_105_thumb.png,psd,,,A translucent anime-style figure stands before a fence at night.,"[""anime"", ""night"", ""translucent"", ""figure"", ""fence"", ""trees"", ""house"", ""blue""]",illustration,,,,unknown_legacy,parse_fallback_legacy,"pre-fix: psd-tools failed, fell back to thumbnail-only",repair_required,parse_fallback_legacy,,,,,,,webdav:/13730b09/예비/크랑베르무/장소/마을,visual:blind-random-q0034:41985,diverse_rank=6; source_count=2; visual_group=visual:blind-random-q0034:41985
blind-random-q0035,"다음 요소가 한 화면에 함께 보이는 배경: 폐허, 골목, 돌기둥, 간판 (산업 시설, 밝은 낮 분위기) / 제외 조건: 전투 장면",blind_random,,40603,1,triaxis,"{""triaxis"": 1}","{""blind_random_v1_20260507:triaxis"": 1}",webdav://13730b09/예비/크랑베르무/장소/전투/2/grb03_291.psd,40603_grb03_291.psd,예비/크랑베르무/장소/전투/2/grb03_291.psd,webdav:/13730b09/예비/크랑베르무/장소/전투/2,/Users/saintiron/Projects/Imagine/thumbnails/40603_grb03_291_thumb.png,psd,,,"A dimly lit ancient ruin with broken stone pillars and cracked pathways, evoking a sense of mystery and decay.","[""ruins"", ""ancient"", ""mysterious"", ""pixel art"", ""night"", ""overcast"", ""purple"", ""gray"", ""broken pillars"", ""cracked stone""]",background,Dungeons,Night,Overcast,unknown_legacy,parse_fallback_legacy,"pre-fix: psd-tools failed, fell back to thumbnail-only",repair_required,parse_fallback_legacy,,,,,,,webdav:/13730b09/예비/크랑베르무/장소/전투/2,visual:blind-random-q0035:40603,diverse_rank=1; source_count=2; visual_group=visual:blind-random-q0035:40603
blind-random-q0035,"다음 요소가 한 화면에 함께 보이는 배경: 폐허, 골목, 돌기둥, 간판 (산업 시설, 밝은 낮 분위기) / 제외 조건: 전투 장면",blind_random,,57393,1,"mv,triaxis","{""mv"": 1, ""triaxis"": 14}","{""blind_random_v1_20260507:mv"": 1, ""blind_random_v1_20260507:triaxis"": 14}",webdav://13730b09/예비/작품2/대마도학원35시험 소대/제작회사BG/건물/TM#01_110.psd,57393_TM#01_110.psd,예비/작품2/대마도학원35시험 소대/제작회사BG/건물/TM#01_110.psd,건물,/Users/saintiron/Projects/Imagine/thumbnails/57393_TM#01_110_thumb.png,psd,2325,1633,"Dark rooftop scene with metal railings, concrete pillars, and distant buildings under a starry night sky.","[""rooftop"", ""metal railings"", ""concrete pillars"", ""night sky"", ""urban buildings"", ""dark atmosphere"", ""industrial structure""]",background,,,,Qwen/Qwen3.5-9B,,,ok,,,,,,,,건물,visual:blind-random-q0035:57393,diverse_rank=4; source_count=2; visual_group=visual:blind-random-q0035:57393
blind-random-q0035,"다음 요소가 한 화면에 함께 보이는 배경: 폐허, 골목, 돌기둥, 간판 (산업 시설, 밝은 낮 분위기) / 제외 조건: 전투 장면",blind_random,,58478,1,fts,"{""fts"": 1}","{""blind_random_v1_20260507:fts"": 1}",webdav://13730b09/예비/작품2/대마도학원35시험 소대/보도/소대실 낮.psd,58478_소대실 낮.psd,예비/작품2/대마도학원35시험 소대/보도/소대실 낮.psd,보도,/Users/saintiron/Projects/Imagine/thumbnails/58478_소대실 낮_thumb.png,psd,2789,1879,Illustration of a 35 squad room with office furniture and lockers.,"[""office"", ""lockers"", ""sofa"", ""desk"", ""computer"", ""window"", ""ceiling fan""]",illustration,,,,Qwen/Qwen3.5-9B,,,ok,,,,,,,,보도,visual:blind-random-q0035:58478,diverse_rank=7; source_count=1; visual_group=visual:blind-random-q0035:58478
blind-random-q0035,"다음 요소가 한 화면에 함께 보이는 배경: 폐허, 골목, 돌기둥, 간판 (산업 시설, 밝은 낮 분위기) / 제외 조건: 전투 장면",blind_random,,40704,6,triaxis,"{""triaxis"": 6}","{""blind_random_v1_20260507:triaxis"": 6}",webdav://13730b09/예비/크랑베르무/장소/전투/2/grb03_211.psd,40704_grb03_211.psd,예비/크랑베르무/장소/전투/2/grb03_211.psd,webdav:/13730b09/예비/크랑베르무/장소/전투/2,/Users/saintiron/Projects/Imagine/thumbnails/40704_grb03_211_thumb.png,psd,,,Ancient stone pillars stand in a desolate canyon under a starry sky with glowing auroras.,"[""ancient ruins"", ""night sky"", ""aurora"", ""canyon"", ""mysterious"", ""anime art""]",background,Dungeons,night,clear,unknown_legacy,parse_fallback_legacy,"pre-fix: psd-tools failed, fell back to thumbnail-only",repair_required,parse_fallback_legacy,,,,,,,webdav:/13730b09/예비/크랑베르무/장소/전투/2,visual:blind-random-q0035:40704,diverse_rank=5; source_count=2; visual_group=visual:blind-random-q0035:40704
blind-random-q0035,"다음 요소가 한 화면에 함께 보이는 배경: 폐허, 골목, 돌기둥, 간판 (산업 시설, 밝은 낮 분위기) / 제외 조건: 전투 장면",blind_random,,41850,6,vv,"{""vv"": 6}","{""blind_random_v1_20260507:vv"": 6}",webdav://13730b09/예비/크랑베르무/장소/마을/gbr02_132_R1.psd,41850_gbr02_132_R1.psd,예비/크랑베르무/장소/마을/gbr02_132_R1.psd,webdav:/13730b09/예비/크랑베르무/장소/마을,/Users/saintiron/Projects/Imagine/thumbnails/41850_gbr02_132_R1_thumb.png,psd,,,"A tranquil Japanese street corner featuring a traditional shrine stone, closed shopfronts, and a quiet road under a clear sky.","[""anime"", ""japanese street"", ""shrine stone"", ""closed shop"", ""quiet street"", ""blue sky"", ""anime art"", ""urban landscape"", ""traditional shrine""]",illustration,,,,unknown_legacy,parse_fallback_legacy,"pre-fix: psd-tools failed, fell back to thumbnail-only",repair_required,parse_fallback_legacy,,,,,,,webdav:/13730b09/예비/크랑베르무/장소/마을,visual:blind-random-q0035:41850,diverse_rank=8; source_count=1; visual_group=visual:blind-random-q0035:41850
blind-random-q0035,"다음 요소가 한 화면에 함께 보이는 배경: 폐허, 골목, 돌기둥, 간판 (산업 시설, 밝은 낮 분위기) / 제외 조건: 전투 장면",blind_random,,32958,11,vv,"{""vv"": 11}","{""blind_random_v1_20260507:vv"": 11}",webdav://13730b09/발송4/범선/작품 쫑/후시/nfb_BD1巻版権.psd,32958_nfb_BD1巻版権.psd,발송4/범선/작품 쫑/후시/nfb_BD1巻版権.psd,webdav:/13730b09/발송4/범선/작품 쫑/후시,/Users/saintiron/Projects/Imagine/thumbnails/32958_nfb_BD1巻版権_thumb.png,psd,,,"A vibrant anime-style illustration of a bustling street market with colorful laundry lines, stone buildings, and market stalls under a bright blue sky.","[""anime"", ""landscape"", ""market"", ""laundry"", ""street"", ""vibrant"", ""cheerful"", ""digital_art""]",illustration,,,,unknown_legacy,parse_fallback_legacy,"pre-fix: psd-tools failed, fell back to thumbnail-only",repair_required,parse_fallback_legacy,,,,,,,webdav:/13730b09/발송4/범선/작품 쫑/후시,visual:blind-random-q0035:32958,diverse_rank=2; source_count=1; visual_group=visual:blind-random-q0035:32958
blind-random-q0035,"다음 요소가 한 화면에 함께 보이는 배경: 폐허, 골목, 돌기둥, 간판 (산업 시설, 밝은 낮 분위기) / 제외 조건: 전투 장면",blind_random,,57447,11,fts,"{""fts"": 11}","{""blind_random_v1_20260507:fts"": 11}",webdav://13730b09/예비/작품2/대마도학원35시험 소대/제작회사BG/건물/아르케미스트 제5연구소 전경 낮.psd,57447_아르케미스트 제5연구소 전경 낮.psd,예비/작품2/대마도학원35시험 소대/제작회사BG/건물/아르케미스트 제5연구소 전경 낮.psd,건물,/Users/saintiron/Projects/Imagine/thumbnails/57447_아르케미스트 제5연구소 전경 낮_thumb.png,psd,2505,2024,A futuristic research facility surrounded by a ruined cityscape.,"[""research facility"", ""futuristic architecture"", ""ruined city"", ""concrete structures"", ""aerial view"", ""daytime""]",illustration,,,,Qwen/Qwen3.5-9B,,,ok,,,,,,,,건물,visual:blind-random-q0035:58483,diverse_rank=6; source_count=2; visual_group=visual:blind-random-q0035:58483
blind-random-q0035,"다음 요소가 한 화면에 함께 보이는 배경: 폐허, 골목, 돌기둥, 간판 (산업 시설, 밝은 낮 분위기) / 제외 조건: 전투 장면",blind_random,,29943,21,vv,"{""vv"": 21}","{""blind_random_v1_20260507:vv"": 21}",webdav://13730b09/발송/범선/작품 쫑/다윈즈게임/장소/도시 낮/dwg01_202.psd,dwg01_202.psd,발송/범선/작품 쫑/다윈즈게임/장소/도시 낮/dwg01_202.psd,발송/범선/작품 쫑/다윈즈게임/장소/도시 낮,/Users/saintiron/Projects/Imagine/thumbnails/dwg01_202_thumb.png,psd,2093,1766,A quiet street in a modern Japanese neighborhood with green trees and closed shop doors under bright daylight.,"[""urban"", ""anime"", ""modern_apartment"", ""summer"", ""peaceful"", ""clear_sky"", ""shallow_depth""]",background,urban,,,unknown_legacy,parse_fallback_legacy,"pre-fix: psd-tools failed, fell back to thumbnail-only",repair_required,parse_fallback_legacy,,,,,,,발송/범선/작품 쫑/다윈즈게임/장소/도시 낮,visual:blind-random-q0035:29943,diverse_rank=3; source_count=1; visual_group=visual:blind-random-q0035:29943
blind-random-q0036,"다음 요소가 함께 보이고 하나 이상은 뚜렷한 배경: 전선, 노을, 구름 (밝은 낮 분위기) / 제외 조건: 텍스트 중심",blind_random,,60276,1,fts,"{""fts"": 1}","{""blind_random_v1_20260507:fts"": 1}",webdav://13730b09/예비/마법과고교의 우등생/#11/bg/MKY11_252.psd,60276_MKY11_252.psd,예비/마법과고교의 우등생/#11/bg/MKY11_252.psd,bg,/Users/saintiron/Projects/Imagine/thumbnails/60276_MKY11_252_thumb.png,psd,1754,1252,Close-up sketch of a man's face with green and blue lines.,"[""face"", ""sketch"", ""green lines"", ""blue lines"", ""eyes"", ""mouth"", ""ears""]",illustration,,,,Qwen/Qwen3.5-9B,,,ok,,,,,,,,bg,visual:blind-random-q0036:60276,diverse_rank=6; source_count=1; visual_group=visual:blind-random-q0036:60276
blind-random-q0036,"다음 요소가 함께 보이고 하나 이상은 뚜렷한 배경: 전선, 노을, 구름 (밝은 낮 분위기) / 제외 조건: 텍스트 중심",blind_random,,32295,6,"triaxis,vv","{""triaxis"": 10, ""vv"": 6}","{""blind_random_v1_20260507:triaxis"": 10, ""blind_random_v1_20260507:vv"": 6}",webdav://13730b09/발송4/범선/종말투어링/#07/bg/syt07_001.psd,32295_syt07_001.psd,발송4/범선/종말투어링/#07/bg/syt07_001.psd,발송4/범선/종말투어링/#07/bg,/Users/saintiron/Projects/Imagine/thumbnails/32295_syt07_001_thumb.png,psd,,,"A weathered industrial estate sign hangs amidst tangled power lines under a vast, bright blue sky with fluffy clouds, evoking a sense of quiet abandonment in a rural industrial setting.","[""anime"", ""industrial"", ""rural"", ""melancholic"", ""summer"", ""clear_sky"", ""power_lines"", ""rusty_sign"", ""blue_sky"", ""clouds"", ""abandoned""]",background,urban,,,unknown_legacy,parse_fallback_legacy,"pre-fix: psd-tools failed, fell back to thumbnail-only",repair_required,parse_fallback_legacy,,,,,,,발송4/범선/종말투어링/#07/bg,visual:blind-random-q0036:32295,diverse_rank=1; source_count=1; visual_group=visual:blind-random-q0036:32295
blind-random-q0036,"다음 요소가 함께 보이고 하나 이상은 뚜렷한 배경: 전선, 노을, 구름 (밝은 낮 분위기) / 제외 조건: 텍스트 중심",blind_random,,51561,6,"mv,triaxis,vv","{""mv"": 6, ""triaxis"": 14, ""vv"": 19}","{""blind_random_v1_20260507:mv"": 6, ""blind_random_v1_20260507:triaxis"": 14, ""blind_random_v1_20260507:vv"": 19}",webdav://13730b09/발송/범선/기절용사와 암살공주/OP/bg/kyaOP_036.psd,51561_kyaOP_036.psd,발송/범선/기절용사와 암살공주/OP/bg/kyaOP_036.psd,webdav:/13730b09/발송/범선/기절용사와 암살공주/OP/bg,/Users/saintiron/Projects/Imagine/thumbnails/51561_kyaOP_036_thumb.png,psd,,,Bright blue sky with scattered white clouds and black borders,"[""sky"", ""clouds"", ""blue"", ""white"", ""nature"", ""atmosphere"", ""daytime"", ""horizon""]",background,,,,unknown_legacy,parse_fallback_legacy,"pre-fix: psd-tools failed, fell back to thumbnail-only",repair_required,parse_fallback_legacy,,,,,,,webdav:/13730b09/발송/범선/기절용사와 암살공주/OP/bg,visual:blind-random-q0036:51561,diverse_rank=7; source_count=1; visual_group=visual:blind-random-q0036:51561
blind-random-q0036,"다음 요소가 함께 보이고 하나 이상은 뚜렷한 배경: 전선, 노을, 구름 (밝은 낮 분위기) / 제외 조건: 텍스트 중심",blind_random,,42060,11,"triaxis,vv","{""triaxis"": 20, ""vv"": 11}","{""blind_random_v1_20260507:triaxis"": 20, ""blind_random_v1_20260507:vv"": 11}",webdav://13730b09/예비/크랑베르무/장소/마을/grb13_333.psd,42060_grb13_333.psd,예비/크랑베르무/장소/마을/grb13_333.psd,webdav:/13730b09/예비/크랑베르무/장소/마을,/Users/saintiron/Projects/Imagine/thumbnails/42060_grb13_333_thumb.png,psd,,,"A bright, anime-style illustration of a clear blue sky filled with fluffy white clouds, featuring the tops of a utility pole and buildings in the corner.","[""sky"", ""clouds"", ""anime"", ""blue"", ""background"", ""cloudy"", ""daytime"", ""nature"", ""artwork""]",,,,,unknown_legacy,parse_fallback_legacy,"pre-fix: psd-tools failed, fell back to thumbnail-only",repair_required,parse_fallback_legacy,,,,,,,webdav:/13730b09/예비/크랑베르무/장소/마을,visual:blind-random-q0036:42060,diverse_rank=2; source_count=1; visual_group=visual:blind-random-q0036:42060
blind-random-q0036,"다음 요소가 함께 보이고 하나 이상은 뚜렷한 배경: 전선, 노을, 구름 (밝은 낮 분위기) / 제외 조건: 텍스트 중심",blind_random,,48690,11,"triaxis,vv","{""triaxis"": 11, ""vv"": 24}","{""blind_random_v1_20260507:triaxis"": 11, ""blind_random_v1_20260507:vv"": 24}",webdav://13730b09/발송/외주 회사/뱅가드/24/#02/bg/VS8_02_363_GENZU.psd,48690_VS8_02_363_GENZU.psd,발송/외주 회사/뱅가드/24/#02/bg/VS8_02_363_GENZU.psd,발송/외주 회사/뱅가드/24/#02/bg,/Users/saintiron/Projects/Imagine/thumbnails/48690_VS8_02_363_GENZU_thumb.png,psd,,,A serene sky with soft clouds in warm hues.,"[""sky"", ""clouds"", ""sunset"", ""twilight"", ""peaceful"", ""nature"", ""orange"", ""purple""]",photo,,,,unknown_legacy,parse_fallback_legacy,"pre-fix: psd-tools failed, fell back to thumbnail-only",repair_required,parse_fallback_legacy,,,,,,,발송/외주 회사/뱅가드/24/#02/bg,visual:blind-random-q0036:51546,diverse_rank=4; source_count=1; visual_group=visual:blind-random-q0036:51546
blind-random-q0036,"다음 요소가 함께 보이고 하나 이상은 뚜렷한 배경: 전선, 노을, 구름 (밝은 낮 분위기) / 제외 조건: 텍스트 중심",blind_random,,57813,11,mv,"{""mv"": 11}","{""blind_random_v1_20260507:mv"": 11}",webdav://13730b09/예비/작품2/대마도학원35시험 소대/제작회사BG/#2/TM#02_014_2.psd,57813_TM#02_014_2.psd,예비/작품2/대마도학원35시험 소대/제작회사BG/#2/TM#02_014_2.psd,#2,/Users/saintiron/Projects/Imagine/thumbnails/57813_TM#02_014_2_thumb.png,psd,2320,3025,"Blue sky with clouds, trees, and a lamp post against white background","[""sky"", ""clouds"", ""trees"", ""lamp post"", ""blue"", ""white"", ""green"", ""outdoor""]",background,,,,Qwen/Qwen3.5-9B,,,ok,,,,,,,,#2,visual:blind-random-q0036:57813,diverse_rank=8; source_count=1; visual_group=visual:blind-random-q0036:57813
blind-random-q0036,"다음 요소가 함께 보이고 하나 이상은 뚜렷한 배경: 전선, 노을, 구름 (밝은 낮 분위기) / 제외 조건: 텍스트 중심",blind_random,,30492,21,fts,"{""fts"": 21}","{""blind_random_v1_20260507:fts"": 21}",webdav://13730b09/발송/범선/작품 쫑/다윈즈게임/장소/도시 낮/dwg06_020.psd,dwg06_020.psd,발송/범선/작품 쫑/다윈즈게임/장소/도시 낮/dwg06_020.psd,발송/범선/작품 쫑/다윈즈게임/장소/도시 낮,/Users/saintiron/Projects/Imagine/thumbnails/dwg06_020_thumb.png,psd,2325,1653,Yellow light streaks overlaying a window scene,"[""light"", ""glow"", ""transparency"", ""dynamic"", ""warm""]",effect,,,,unknown_legacy,parse_fallback_legacy,"pre-fix: psd-tools failed, fell back to thumbnail-only",repair_required,parse_fallback_legacy,,,,,,,발송/범선/작품 쫑/다윈즈게임/장소/도시 낮,visual:blind-random-q0036:30492,diverse_rank=3; source_count=1; visual_group=visual:blind-random-q0036:30492
blind-random-q0036,"다음 요소가 함께 보이고 하나 이상은 뚜렷한 배경: 전선, 노을, 구름 (밝은 낮 분위기) / 제외 조건: 텍스트 중심",blind_random,,41116,21,vv,"{""vv"": 21}","{""blind_random_v1_20260507:vv"": 21}",webdav://13730b09/예비/크랑베르무/장소/안나의집/grb08_105.psd,41116_grb08_105.psd,예비/크랑베르무/장소/안나의집/grb08_105.psd,webdav:/13730b09/예비/크랑베르무/장소/안나의집,/Users/saintiron/Projects/Imagine/thumbnails/41116_grb08_105_thumb.png,psd,,,"Two translucent figures stand on a quiet street as the sun sets behind them, casting a warm, golden glow over the scene.","[""anime"", ""ghost"", ""sunset"", ""street"", ""melancholy"", ""translucent"", ""orange sky"", ""trees"", ""power lines"", ""quiet street"", ""imagine_dl_m37a152c""]",illustration,,,,unknown_legacy,parse_fallback_legacy,"pre-fix: psd-tools failed, fell back to thumbnail-only",repair_required,parse_fallback_legacy,,,,,,,webdav:/13730b09/예비/크랑베르무/장소/안나의집,visual:blind-random-q0036:41116,diverse_rank=5; source_count=1; visual_group=visual:blind-random-q0036:41116
blind-random-q0037,"다음 요소가 함께 보이고 하나 이상은 뚜렷한 배경: 창문, 난간, 도로 (전통 건축 분위기) / 제외 조건: 근접 얼굴, 소품 단독",blind_random,,38550,1,vv,"{""vv"": 1}","{""blind_random_v1_20260507:vv"": 1}",webdav://13730b09/발송작품/작품/유루유리/#11/1/yr11_114.psd,38550_yr11_114.psd,발송작품/작품/유루유리/#11/1/yr11_114.psd,webdav:/13730b09/발송작품/작품/유루유리/#11/1,/Users/saintiron/Projects/Imagine/thumbnails/38550_yr11_114_thumb.png,psd,,,"A traditional Japanese room with shoji screens and wooden flooring, bathed in soft natural light.","[""traditional_japanese"", ""shoji_screens"", ""wooden_floor"", ""indoor"", ""peaceful"", ""natural_light""]",background,indoor,,,unknown_legacy,parse_fallback_legacy,"pre-fix: psd-tools failed, fell back to thumbnail-only",repair_required,parse_fallback_legacy,,,,,,,webdav:/13730b09/발송작품/작품/유루유리/#11/1,visual:blind-random-q0037:38550,diverse_rank=1; source_count=2; visual_group=visual:blind-random-q0037:38550
blind-random-q0037,"다음 요소가 함께 보이고 하나 이상은 뚜렷한 배경: 창문, 난간, 도로 (전통 건축 분위기) / 제외 조건: 근접 얼굴, 소품 단독",blind_random,,51622,1,"mv,triaxis,vv","{""mv"": 12, ""triaxis"": 1, ""vv"": 39}","{""blind_random_v1_20260507:mv"": 12, ""blind_random_v1_20260507:triaxis"": 1, ""blind_random_v1_20260507:vv"": 39}",webdav://13730b09/발송/범선/기절용사와 암살공주/#07/bg/kya07_296_298.psd,51622_kya07_296_298.psd,발송/범선/기절용사와 암살공주/#07/bg/kya07_296_298.psd,webdav:/13730b09/발송/범선/기절용사와 암살공주/#07/bg,/Users/saintiron/Projects/Imagine/thumbnails/51622_kya07_296_298_thumb.png,psd,,,A tilted view of a building's facade with arched windows and balconies.,"[""building"", ""windows"", ""balconies"", ""arches"", ""columns"", ""railing"", ""architecture""]",illustration,,,,unknown_legacy,parse_fallback_legacy,"pre-fix: psd-tools failed, fell back to thumbnail-only",repair_required,parse_fallback_legacy,,,,,,,webdav:/13730b09/발송/범선/기절용사와 암살공주/#07/bg,visual:blind-random-q0037:51622,diverse_rank=5; source_count=1; visual_group=visual:blind-random-q0037:51622
blind-random-q0037,"다음 요소가 함께 보이고 하나 이상은 뚜렷한 배경: 창문, 난간, 도로 (전통 건축 분위기) / 제외 조건: 근접 얼굴, 소품 단독",blind_random,,31152,6,vv,"{""vv"": 6}","{""blind_random_v1_20260507:vv"": 6}",/Users/saintiron/imageDB/마캬베리즈무/실내소품/167_bg_Ha09.psd,167_bg_Ha09.psd,167_bg_Ha09.psd,실내소품,/Users/saintiron/Projects/Imagine/thumbnails/167_bg_Ha09_thumb.png,psd,2872,1809,Detailed view of ornate blue and white architectural elements with decorative moldings and balustrades.,"[""architecture"", ""balustrade"", ""moldings"", ""ornate"", ""blue"", ""white"", ""interior""]",background,,,,Qwen/Qwen3.5-9B,vision_done,,ok,,,,,,,,실내소품,visual:blind-random-q0037:56813,diverse_rank=2; source_count=1; visual_group=visual:blind-random-q0037:56813
blind-random-q0037,"다음 요소가 함께 보이고 하나 이상은 뚜렷한 배경: 창문, 난간, 도로 (전통 건축 분위기) / 제외 조건: 근접 얼굴, 소품 단독",blind_random,,50780,6,mv,"{""mv"": 6}","{""blind_random_v1_20260507:mv"": 6}",webdav://13730b09/발송/범선/기절용사와 암살공주/#11/bg/kya11_191_LS.psd,50780_kya11_191_LS.psd,발송/범선/기절용사와 암살공주/#11/bg/kya11_191_LS.psd,webdav:/13730b09/발송/범선/기절용사와 암살공주/#11/bg,/Users/saintiron/Projects/Imagine/thumbnails/50780_kya11_191_LS_thumb.png,psd,,,A narrow alleyway with brick walls and a stone-paved floor.,"[""alleyway"", ""brick wall"", ""stone pavement"", ""window"", ""building"", ""narrow passage"", ""urban"", ""outdoor""]",background,,,,unknown_legacy,parse_fallback_legacy,"pre-fix: psd-tools failed, fell back to thumbnail-only",repair_required,parse_fallback_legacy,,,,,,,webdav:/13730b09/발송/범선/기절용사와 암살공주/#11/bg,visual:blind-random-q0037:56869,diverse_rank=6; source_count=1; visual_group=visual:blind-random-q0037:56869
blind-random-q0037,"다음 요소가 함께 보이고 하나 이상은 뚜렷한 배경: 창문, 난간, 도로 (전통 건축 분위기) / 제외 조건: 근접 얼굴, 소품 단독",blind_random,,38555,11,vv,"{""vv"": 11}","{""blind_random_v1_20260507:vv"": 11}",webdav://13730b09/발송작품/작품/유루유리/#11/1/yr11_119.psd,38555_yr11_119.psd,발송작품/작품/유루유리/#11/1/yr11_119.psd,webdav:/13730b09/발송작품/작품/유루유리/#11/1,/Users/saintiron/Projects/Imagine/thumbnails/38555_yr11_119_thumb.png,psd,,,"A traditional Japanese room with shoji screens and a skylight, bathed in soft natural light.","[""traditional_japanese"", ""shoji_screen"", ""skylight"", ""indoor"", ""peaceful"", ""natural_light""]",background,indoor,,,unknown_legacy,parse_fallback_legacy,"pre-fix: psd-tools failed, fell back to thumbnail-only",repair_required,parse_fallback_legacy,,,,,,,webdav:/13730b09/발송작품/작품/유루유리/#11/1,visual:blind-random-q0037:38555,diverse_rank=3; source_count=2; visual_group=visual:blind-random-q0037:38555
blind-random-q0037,"다음 요소가 함께 보이고 하나 이상은 뚜렷한 배경: 창문, 난간, 도로 (전통 건축 분위기) / 제외 조건: 근접 얼굴, 소품 단독",blind_random,,58059,11,mv,"{""mv"": 11}","{""blind_random_v1_20260507:mv"": 11}",webdav://13730b09/예비/작품2/대마도학원35시험 소대/제작회사BG/#2/TM#02_325.psd,58059_TM#02_325.psd,예비/작품2/대마도학원35시험 소대/제작회사BG/#2/TM#02_325.psd,#2,/Users/saintiron/Projects/Imagine/thumbnails/58059_TM#02_325_thumb.png,psd,1681,1186,A grand building with trees and a pathway in a dimly lit scene.,"[""building"", ""trees"", ""pathway"", ""streetlights"", ""night"", ""architecture"", ""monochrome"", ""symmetry""]",background,,,,Qwen/Qwen3.5-9B,,,ok,,,,,,,,#2,visual:blind-random-q0037:58059,diverse_rank=7; source_count=1; visual_group=visual:blind-random-q0037:58059
blind-random-q0037,"다음 요소가 함께 보이고 하나 이상은 뚜렷한 배경: 창문, 난간, 도로 (전통 건축 분위기) / 제외 조건: 근접 얼굴, 소품 단독",blind_random,,30276,21,triaxis,"{""triaxis"": 21}","{""blind_random_v1_20260507:triaxis"": 21}",webdav://13730b09/발송/범선/작품 쫑/다윈즈게임/장소/도시 낮/dwg05_005.psd,dwg05_005.psd,발송/범선/작품 쫑/다윈즈게임/장소/도시 낮/dwg05_005.psd,발송/범선/작품 쫑/다윈즈게임/장소/도시 낮,/Users/saintiron/Projects/Imagine/thumbnails/dwg05_005_thumb.png,psd,5223,1535,A minimalist urban building facade with evenly spaced windows under a clear sky.,[],background,urban,,,unknown_legacy,parse_fallback_legacy,"pre-fix: psd-tools failed, fell back to thumbnail-only",repair_required,parse_fallback_legacy,,,,,,,발송/범선/작품 쫑/다윈즈게임/장소/도시 낮,visual:blind-random-q0037:30276,diverse_rank=4; source_count=1; visual_group=visual:blind-random-q0037:30276
blind-random-q0037,"다음 요소가 함께 보이고 하나 이상은 뚜렷한 배경: 창문, 난간, 도로 (전통 건축 분위기) / 제외 조건: 근접 얼굴, 소품 단독",blind_random,,42048,21,vv,"{""vv"": 21}","{""blind_random_v1_20260507:vv"": 21}",webdav://13730b09/예비/크랑베르무/장소/마을/grb13_317.psd,42048_grb13_317.psd,예비/크랑베르무/장소/마을/grb13_317.psd,webdav:/13730b09/예비/크랑베르무/장소/마을,/Users/saintiron/Projects/Imagine/thumbnails/42048_grb13_317_thumb.png,psd,,,"An anime-style scene featuring a translucent, ghostly figure standing before a closed metal gate in a blue-tinted, misty environment.","[""anime"", ""ghost"", ""translucent"", ""gate"", ""foggy"", ""blue"", ""surreal"", ""spirit"", ""street"", ""atmospheric""]",,,,,unknown_legacy,parse_fallback_legacy,"pre-fix: psd-tools failed, fell back to thumbnail-only",repair_required,parse_fallback_legacy,,,,,,,webdav:/13730b09/예비/크랑베르무/장소/마을,visual:blind-random-q0037:42048,diverse_rank=8; source_count=1; visual_group=visual:blind-random-q0037:42048
blind-random-q0038,"다음 요소가 함께 보이는 배경: 비, 선반 / 제외 조건: 텍스트 중심",blind_random,,47562,1,"mv,vv","{""mv"": 1, ""vv"": 11}","{""blind_random_v1_20260507:mv"": 1, ""blind_random_v1_20260507:vv"": 11}",webdav://13730b09/발송/외주 회사/뱅가드/26/#09/bg/VS10_09_314_GENZU.psd,47562_VS10_09_314_GENZU.psd,발송/외주 회사/뱅가드/26/#09/bg/VS10_09_314_GENZU.psd,발송/외주 회사/뱅가드/26/#09/bg,/Users/saintiron/Projects/Imagine/thumbnails/47562_VS10_09_314_GENZU_thumb.png,psd,,,Blank canvas with black borders and red handwritten text.,"[""canvas"", ""black"", ""white"", ""red"", ""handwritten"", ""text"", ""border"", ""blank""]",ui_element,,,,unknown_legacy,parse_fallback_legacy,"pre-fix: psd-tools failed, fell back to thumbnail-only",repair_required,parse_fallback_legacy,,,,,,,발송/외주 회사/뱅가드/26/#09/bg,visual:blind-random-q0038:47562,diverse_rank=2; source_count=1; visual_group=visual:blind-random-q0038:47562
blind-random-q0038,"다음 요소가 함께 보이는 배경: 비, 선반 / 제외 조건: 텍스트 중심",blind_random,,49468,1,vv,"{""vv"": 1}","{""blind_random_v1_20260507:vv"": 1}",webdav://13730b09/발송/외주 회사/뱅가드/25/#07/bg/VS9_07_028_GENZU.psd,49468_VS9_07_028_GENZU.psd,발송/외주 회사/뱅가드/25/#07/bg/VS9_07_028_GENZU.psd,발송/외주 회사/뱅가드/25/#07/bg,/Users/saintiron/Projects/Imagine/thumbnails/49468_VS9_07_028_GENZU_thumb.png,psd,,,Anime scene with a character running in a park.,"[""anime"", ""running"", ""park"", ""sky"", ""cityscape"", ""grass"", ""trees"", ""blue""]",illustration,,,,unknown_legacy,parse_fallback_legacy,"pre-fix: psd-tools failed, fell back to thumbnail-only",repair_required,parse_fallback_legacy,,,,,,,발송/외주 회사/뱅가드/25/#07/bg,visual:blind-random-q0038:49468,diverse_rank=5; source_count=1; visual_group=visual:blind-random-q0038:49468
blind-random-q0038,"다음 요소가 함께 보이는 배경: 비, 선반 / 제외 조건: 텍스트 중심",blind_random,,47657,2,triaxis,"{""triaxis"": 2}","{""blind_random_v1_20260507:triaxis"": 2}",webdav://13730b09/발송/외주 회사/뱅가드/26/#08/bg/VS10_08_012_GENZU_2.psd,47657_VS10_08_012_GENZU_2.psd,발송/외주 회사/뱅가드/26/#08/bg/VS10_08_012_GENZU_2.psd,발송/외주 회사/뱅가드/26/#08/bg,/Users/saintiron/Projects/Imagine/thumbnails/47657_VS10_08_012_GENZU_2_thumb.png,psd,,,A sketch of a rainy scene with figures and a box.,"[""sketch"", ""rain"", ""figures"", ""box"", ""dark"", ""urban"", ""mood"", ""animation""]",illustration,,,,unknown_legacy,parse_fallback_legacy,"pre-fix: psd-tools failed, fell back to thumbnail-only",repair_required,parse_fallback_legacy,,,,,,,발송/외주 회사/뱅가드/26/#08/bg,visual:blind-random-q0038:47657,diverse_rank=8; source_count=2; visual_group=visual:blind-random-q0038:47657
blind-random-q0038,"다음 요소가 함께 보이는 배경: 비, 선반 / 제외 조건: 텍스트 중심",blind_random,,49182,6,vv,"{""vv"": 6}","{""blind_random_v1_20260507:vv"": 6}",webdav://13730b09/발송/외주 회사/뱅가드/25/#11/bg/VS9_11_026_033_GENZU.psd,49182_VS9_11_026_033_GENZU.psd,발송/외주 회사/뱅가드/25/#11/bg/VS9_11_026_033_GENZU.psd,발송/외주 회사/뱅가드/25/#11/bg,/Users/saintiron/Projects/Imagine/thumbnails/49182_VS9_11_026_033_GENZU_thumb.png,psd,,,"Three anime characters in a bright, minimalist scene.","[""anime"", ""characters"", ""minimalist"", ""white"", ""blue"", ""profile"", ""lighting"", ""VS9""]",illustration,,,,unknown_legacy,parse_fallback_legacy,"pre-fix: psd-tools failed, fell back to thumbnail-only",repair_required,parse_fallback_legacy,,,,,,,발송/외주 회사/뱅가드/25/#11/bg,visual:blind-random-q0038:49182,diverse_rank=3; source_count=1; visual_group=visual:blind-random-q0038:49182
blind-random-q0038,"다음 요소가 함께 보이는 배경: 비, 선반 / 제외 조건: 텍스트 중심",blind_random,,58132,6,mv,"{""mv"": 6}","{""blind_random_v1_20260507:mv"": 6}",webdav://13730b09/예비/작품2/대마도학원35시험 소대/제작회사BG/#1/TM#01_050_052.psd,58132_TM#01_050_052.psd,예비/작품2/대마도학원35시험 소대/제작회사BG/#1/TM#01_050_052.psd,#1,/Users/saintiron/Projects/Imagine/thumbnails/58132_TM#01_050_052_thumb.png,psd,1715,1190,Abstract textured surface with faint patterns and vertical lines.,"[""texture"", ""abstract"", ""pattern"", ""vertical lines"", ""neutral tones"", ""faint details"", ""surface""]",texture,,,,Qwen/Qwen3.5-9B,,,ok,,,,,,,,#1,visual:blind-random-q0038:58125,diverse_rank=6; source_count=2; visual_group=visual:blind-random-q0038:58125
blind-random-q0038,"다음 요소가 함께 보이는 배경: 비, 선반 / 제외 조건: 텍스트 중심",blind_random,,47616,11,mv,"{""mv"": 11}","{""blind_random_v1_20260507:mv"": 11}",webdav://13730b09/발송/외주 회사/뱅가드/26/#08/bg/VS10_08_106_GENZU.psd,47616_VS10_08_106_GENZU.psd,발송/외주 회사/뱅가드/26/#08/bg/VS10_08_106_GENZU.psd,발송/외주 회사/뱅가드/26/#08/bg,/Users/saintiron/Projects/Imagine/thumbnails/47616_VS10_08_106_GENZU_thumb.png,psd,,,A textured surface with a muted brown and gray color palette.,"[""texture"", ""abstract"", ""minimalist"", ""neutral"", ""grainy"", ""muted"", ""surface"", ""pattern""]",texture,,,,unknown_legacy,parse_fallback_legacy,"pre-fix: psd-tools failed, fell back to thumbnail-only",repair_required,parse_fallback_legacy,,,,,,,발송/외주 회사/뱅가드/26/#08/bg,visual:blind-random-q0038:57732,diverse_rank=1; source_count=2; visual_group=visual:blind-random-q0038:57732
blind-random-q0038,"다음 요소가 함께 보이는 배경: 비, 선반 / 제외 조건: 텍스트 중심",blind_random,,58229,11,triaxis,"{""triaxis"": 11}","{""blind_random_v1_20260507:triaxis"": 11}",webdav://13730b09/예비/작품2/대마도학원35시험 소대/제작회사BG/#1/TM#01_162.psd,58229_TM#01_162.psd,예비/작품2/대마도학원35시험 소대/제작회사BG/#1/TM#01_162.psd,#1,/Users/saintiron/Projects/Imagine/thumbnails/58229_TM#01_162_thumb.png,psd,2041,1984,"Dark room with wooden floor, shelves, and scattered debris.","[""wooden floor"", ""shelves"", ""debris"", ""dark room"", ""interior""]",background,,,,Qwen/Qwen3.5-9B,,,ok,,,,,,,,#1,visual:blind-random-q0038:58229,diverse_rank=4; source_count=2; visual_group=visual:blind-random-q0038:58229
blind-random-q0038,"다음 요소가 함께 보이는 배경: 비, 선반 / 제외 조건: 텍스트 중심",blind_random,,39304,12,triaxis,"{""triaxis"": 12}","{""blind_random_v1_20260507:triaxis"": 12}",webdav://13730b09/예비/크랑베르무/장소/학교/grb10_210.psd,39304_grb10_210.psd,예비/크랑베르무/장소/학교/grb10_210.psd,webdav:/13730b09/예비/크랑베르무/장소/학교,/Users/saintiron/Projects/Imagine/thumbnails/39304_grb10_210_thumb.png,psd,,,"Rainy night scene with a modern apartment building, glowing windows, and a dark, stormy sky.","[""rain"", ""night"", ""urban"", ""anime"", ""dramatic"", ""modern architecture"", ""stormy sky"", ""glowing windows""]",background,urban,,,unknown_legacy,parse_fallback_legacy,"pre-fix: psd-tools failed, fell back to thumbnail-only",repair_required,parse_fallback_legacy,,,,,,,webdav:/13730b09/예비/크랑베르무/장소/학교,visual:blind-random-q0038:39304,diverse_rank=7; source_count=1; visual_group=visual:blind-random-q0038:39304
blind-random-q0039,"다음 요소가 함께 보이는 배경: 비, 노을 (전통 건축 분위기) / 제외 조건: 캐릭터",blind_random,,41758,1,vv,"{""vv"": 1}","{""blind_random_v1_20260507:vv"": 1}",webdav://13730b09/예비/크랑베르무/장소/만게츠의 절/grb04_226.psd,41758_grb04_226.psd,예비/크랑베르무/장소/만게츠의 절/grb04_226.psd,webdav:/13730b09/예비/크랑베르무/장소/만게츠의 절,/Users/saintiron/Projects/Imagine/thumbnails/41758_grb04_226_thumb.png,psd,,,"A tranquil Japanese pavilion stands on stilts over calm waters at dusk, framed by a stone wall and lush greenery under a twilight sky.","[""Japanese pavilion"", ""water"", ""dusk"", ""digital illustration"", ""serene"", ""mysterious"", ""stone wall"", ""greenery"", ""twilight""]",illustration,,,,unknown_legacy,parse_fallback_legacy,"pre-fix: psd-tools failed, fell back to thumbnail-only",repair_required,parse_fallback_legacy,,,,,,,webdav:/13730b09/예비/크랑베르무/장소/만게츠의 절,visual:blind-random-q0039:41758,diverse_rank=1; source_count=3; visual_group=visual:blind-random-q0039:41758
blind-random-q0039,"다음 요소가 함께 보이는 배경: 비, 노을 (전통 건축 분위기) / 제외 조건: 캐릭터",blind_random,,41768,1,triaxis,"{""triaxis"": 1}","{""blind_random_v1_20260507:triaxis"": 1}",webdav://13730b09/예비/크랑베르무/장소/만게츠의 절/grb06_121.psd,41768_grb06_121.psd,예비/크랑베르무/장소/만게츠의 절/grb06_121.psd,webdav:/13730b09/예비/크랑베르무/장소/만게츠의 절,/Users/saintiron/Projects/Imagine/thumbnails/41768_grb06_121_thumb.png,psd,,,"A quiet, rainy day in a traditional Japanese neighborhood with tiled roofs and mossy greenery.","[""Anime"", ""Japanese architecture"", ""Rainy day"", ""Traditional houses"", ""Serene"", ""Spring"", ""Overcast""]",background,Cities,Overcast,Rainy,unknown_legacy,parse_fallback_legacy,"pre-fix: psd-tools failed, fell back to thumbnail-only",repair_required,parse_fallback_legacy,,,,,,,webdav:/13730b09/예비/크랑베르무/장소/만게츠의 절,visual:blind-random-q0039:41768,diverse_rank=5; source_count=3; visual_group=visual:blind-random-q0039:41768
blind-random-q0039,"다음 요소가 함께 보이는 배경: 비, 노을 (전통 건축 분위기) / 제외 조건: 캐릭터",blind_random,,47373,1,mv,"{""mv"": 1}","{""blind_random_v1_20260507:mv"": 1}",webdav://13730b09/발송/외주 회사/뱅가드/26/#11/bg/VS10_11_331_GENZU.psd,47373_VS10_11_331_GENZU.psd,발송/외주 회사/뱅가드/26/#11/bg/VS10_11_331_GENZU.psd,발송/외주 회사/뱅가드/26/#11/bg,/Users/saintiron/Projects/Imagine/thumbnails/47373_VS10_11_331_GENZU_thumb.png,psd,,,Traditional Japanese-style buildings with tiled roofs and wooden doors.,"[""architecture"", ""japanese"", ""traditional"", ""roof"", ""wood"", ""building"", ""anime"", ""scene""]",background,,,,unknown_legacy,parse_fallback_legacy,"pre-fix: psd-tools failed, fell back to thumbnail-only",repair_required,parse_fallback_legacy,,,,,,,발송/외주 회사/뱅가드/26/#11/bg,visual:blind-random-q0039:47373,diverse_rank=8; source_count=1; visual_group=visual:blind-random-q0039:47373
blind-random-q0039,"다음 요소가 함께 보이는 배경: 비, 노을 (전통 건축 분위기) / 제외 조건: 캐릭터",blind_random,,38231,6,triaxis,"{""triaxis"": 6}","{""blind_random_v1_20260507:triaxis"": 6}",webdav://13730b09/발송작품/작품/켄신/켄신340.JPG,38231_켄신340.JPG,발송작품/작품/켄신/켄신340.JPG,webdav:/13730b09/발송작품/작품/켄신,/Users/saintiron/Projects/Imagine/thumbnails/38231_켄신340_thumb.png,jpg,,,"A serene sunset view over a wooden pier leading to historic buildings, illuminated by streetlights against a twilight sky.","[""urban"", ""sunset"", ""pier"", ""historical buildings"", ""streetlights"", ""anime art"", ""peaceful"", ""autumn"", ""twilight""]",background,urban,,,unknown_legacy,,,repair_required,parse_fallback_legacy,,,,,,,webdav:/13730b09/발송작품/작품/켄신,visual:blind-random-q0039:38231,diverse_rank=2; source_count=2; visual_group=visual:blind-random-q0039:38231
blind-random-q0039,"다음 요소가 함께 보이는 배경: 비, 노을 (전통 건축 분위기) / 제외 조건: 캐릭터",blind_random,,37968,11,triaxis,"{""triaxis"": 11}","{""blind_random_v1_20260507:triaxis"": 11}",webdav://13730b09/발송작품/작품/켄신/외부-024.jpg,37968_외부-024.jpg,발송작품/작품/켄신/외부-024.jpg,webdav:/13730b09/발송작품/작품/켄신,/Users/saintiron/Projects/Imagine/thumbnails/37968_외부-024_thumb.png,jpg,,,"A rainy night in a traditional Korean village, with dark tiled roofs and stone walls, illuminated by a mysterious red glow on the wet ground.","[""rain"", ""night"", ""traditional_korean"", ""melancholic"", ""painterly"", ""dark"", ""red_light"", ""village""]",background,rural,,,unknown_legacy,,,repair_required,parse_fallback_legacy,,,,,,,webdav:/13730b09/발송작품/작품/켄신,visual:blind-random-q0039:37968,diverse_rank=3; source_count=2; visual_group=visual:blind-random-q0039:37968
blind-random-q0039,"다음 요소가 함께 보이는 배경: 비, 노을 (전통 건축 분위기) / 제외 조건: 캐릭터",blind_random,,41795,11,vv,"{""vv"": 11}","{""blind_random_v1_20260507:vv"": 11}",webdav://13730b09/예비/크랑베르무/장소/만게츠의 절/grb03_155.psd,41795_grb03_155.psd,예비/크랑베르무/장소/만게츠의 절/grb03_155.psd,webdav:/13730b09/예비/크랑베르무/장소/만게츠의 절,/Users/saintiron/Projects/Imagine/thumbnails/41795_grb03_155_thumb.png,psd,,,"A lone figure in a blue robe stands on a wooden pier under a crescent moon, overlooking a distant cityscape at dusk.","[""anime"", ""moon"", ""pier"", ""cityscape"", ""dusk"", ""blue robe"", ""serene"", ""contemplative"", ""tranquil"", ""crescent moon"", ""wooden pier"", ""water"", ""urban landscape"", ""nighttime"", ""imagine_dl_cq67tlim""]",illustration,,,,unknown_legacy,parse_fallback_legacy,"pre-fix: psd-tools failed, fell back to thumbnail-only",repair_required,parse_fallback_legacy,,,,,,,webdav:/13730b09/예비/크랑베르무/장소/만게츠의 절,visual:blind-random-q0039:41796,diverse_rank=6; source_count=3; visual_group=visual:blind-random-q0039:41796
blind-random-q0039,"다음 요소가 함께 보이는 배경: 비, 노을 (전통 건축 분위기) / 제외 조건: 캐릭터",blind_random,,52964,21,mv,"{""mv"": 21}","{""blind_random_v1_20260507:mv"": 21}",webdav://13730b09/발송/범선/기절용사와 암살공주/장소/마을/kya01_210.psd,52964_kya01_210.psd,발송/범선/기절용사와 암살공주/장소/마을/kya01_210.psd,webdav:/13730b09/발송/범선/기절용사와 암살공주/장소/마을,/Users/saintiron/Projects/Imagine/thumbnails/52964_kya01_210_thumb.png,psd,,,"A narrow, sunlit street with traditional buildings and stone pavement.","[""street"", ""buildings"", ""stone pavement"", ""windows"", ""pots"", ""sky"", ""trees"", ""architecture""]",background,,,,unknown_legacy,parse_fallback_legacy,"pre-fix: psd-tools failed, fell back to thumbnail-only",repair_required,parse_fallback_legacy,,,,,,,webdav:/13730b09/발송/범선/기절용사와 암살공주/장소/마을,visual:blind-random-q0039:52964,diverse_rank=4; source_count=1; visual_group=visual:blind-random-q0039:52964
blind-random-q0039,"다음 요소가 함께 보이는 배경: 비, 노을 (전통 건축 분위기) / 제외 조건: 캐릭터",blind_random,,56822,21,vv,"{""vv"": 21}","{""blind_random_v1_20260507:vv"": 21}",webdav://13730b09/발송/외주 회사/빔 studio/나카무라/rr/GNK_04_199_genzu.psd,56822_GNK_04_199_genzu.psd,발송/외주 회사/빔 studio/나카무라/rr/GNK_04_199_genzu.psd,rr,/Users/saintiron/Projects/Imagine/thumbnails/56822_GNK_04_199_genzu_thumb.png,psd,3189,1240,Storyboard sketch of residential houses with sky and trees,"[""houses"", ""sky"", ""trees"", ""power lines"", ""sketch"", ""blue sky""]",illustration,,,,Qwen/Qwen3.5-9B,,,ok,,,,,,,,rr,visual:blind-random-q0039:56822,diverse_rank=7; source_count=1; visual_group=visual:blind-random-q0039:56822
blind-random-q0040,"다음 요소가 함께 보이고 하나 이상은 뚜렷한 배경: 눈, 골목, 밤하늘 (자연, 상점가 분위기) / 제외 조건: 추상 텍스처",blind_random,,40801,1,vv,"{""vv"": 1}","{""blind_random_v1_20260507:vv"": 1}",webdav://13730b09/예비/크랑베르무/장소/전투/1/grb01_092.psd,40801_grb01_092.psd,예비/크랑베르무/장소/전투/1/grb01_092.psd,webdav:/13730b09/예비/크랑베르무/장소/전투/1,/Users/saintiron/Projects/Imagine/thumbnails/40801_grb01_092_thumb.png,psd,,,Purple motion blur effect,"[""motion blur"", ""purple"", ""dynamic"", ""high intensity""]",effect,,,,unknown_legacy,parse_fallback_legacy,"pre-fix: psd-tools failed, fell back to thumbnail-only",repair_required,parse_fallback_legacy,,,,,,,webdav:/13730b09/예비/크랑베르무/장소/전투/1,visual:blind-random-q0040:40801,diverse_rank=4; source_count=1; visual_group=visual:blind-random-q0040:40801
blind-random-q0040,"다음 요소가 함께 보이고 하나 이상은 뚜렷한 배경: 눈, 골목, 밤하늘 (자연, 상점가 분위기) / 제외 조건: 추상 텍스처",blind_random,,42001,1,triaxis,"{""triaxis"": 1}","{""blind_random_v1_20260507:triaxis"": 1}",webdav://13730b09/예비/크랑베르무/장소/마을/grb11_102_R1.psd,42001_grb11_102_R1.psd,예비/크랑베르무/장소/마을/grb11_102_R1.psd,webdav:/13730b09/예비/크랑베르무/장소/마을,/Users/saintiron/Projects/Imagine/thumbnails/42001_grb11_102_R1_thumb.png,psd,,,"A serene, starlit night scene featuring a brightly lit convenience store in a quiet Japanese neighborhood.","[""convenience store"", ""night sky"", ""stars"", ""Japanese"", ""urban landscape"", ""street lamp"", ""anime art"", ""illuminated window"", ""calm atmosphere"", ""storefront""]",,,,,unknown_legacy,parse_fallback_legacy,"pre-fix: psd-tools failed, fell back to thumbnail-only",repair_required,parse_fallback_legacy,,,,,,,webdav:/13730b09/예비/크랑베르무/장소/마을,visual:blind-random-q0040:42001,diverse_rank=8; source_count=1; visual_group=visual:blind-random-q0040:42001
blind-random-q0040,"다음 요소가 함께 보이고 하나 이상은 뚜렷한 배경: 눈, 골목, 밤하늘 (자연, 상점가 분위기) / 제외 조건: 추상 텍스처",blind_random,,30197,6,vv,"{""vv"": 6}","{""blind_random_v1_20260507:vv"": 6}",webdav://13730b09/발송/범선/작품 쫑/다윈즈게임/장소/도시 낮/dwg03_187_R.psd,dwg03_187_R.psd,발송/범선/작품 쫑/다윈즈게임/장소/도시 낮/dwg03_187_R.psd,발송/범선/작품 쫑/다윈즈게임/장소/도시 낮,/Users/saintiron/Projects/Imagine/thumbnails/dwg03_187_R_thumb.png,psd,2325,1653,"A paved urban street with a curb and white line, under clear daylight.","[""urban"", ""street"", ""curb"", ""pavement"", ""white_line"", ""daylight"", ""modern_architecture""]",background,urban,,,unknown_legacy,parse_fallback_legacy,"pre-fix: psd-tools failed, fell back to thumbnail-only",repair_required,parse_fallback_legacy,,,,,,,발송/범선/작품 쫑/다윈즈게임/장소/도시 낮,visual:blind-random-q0040:30197,diverse_rank=1; source_count=1; visual_group=visual:blind-random-q0040:30197
blind-random-q0040,"다음 요소가 함께 보이고 하나 이상은 뚜렷한 배경: 눈, 골목, 밤하늘 (자연, 상점가 분위기) / 제외 조건: 추상 텍스처",blind_random,,33215,6,fts,"{""fts"": 6}","{""blind_random_v1_20260507:fts"": 6}","webdav://13730b09/발송4/범선/작품 쫑/후시/장소/숲,자연/nfb03_129.psd",33215_nfb03_129.psd,"발송4/범선/작품 쫑/후시/장소/숲,자연/nfb03_129.psd","webdav:/13730b09/발송4/범선/작품 쫑/후시/장소/숲,자연",/Users/saintiron/Projects/Imagine/thumbnails/33215_nfb03_129_thumb.png,psd,,,Anime girl standing in a forest,"[""anime"", ""forest"", ""girl"", ""standing"", ""neutral""]",character,,,,unknown_legacy,parse_fallback_legacy,"pre-fix: psd-tools failed, fell back to thumbnail-only",repair_required,parse_fallback_legacy,,,,,,,"webdav:/13730b09/발송4/범선/작품 쫑/후시/장소/숲,자연",visual:blind-random-q0040:33215,diverse_rank=5; source_count=3; visual_group=visual:blind-random-q0040:33215
blind-random-q0040,"다음 요소가 함께 보이고 하나 이상은 뚜렷한 배경: 눈, 골목, 밤하늘 (자연, 상점가 분위기) / 제외 조건: 추상 텍스처",blind_random,,33392,11,fts,"{""fts"": 11}","{""blind_random_v1_20260507:fts"": 11}","webdav://13730b09/발송4/범선/작품 쫑/후시/장소/숲,자연/nfb12_129.psd",33392_nfb12_129.psd,"발송4/범선/작품 쫑/후시/장소/숲,자연/nfb12_129.psd","webdav:/13730b09/발송4/범선/작품 쫑/후시/장소/숲,자연",/Users/saintiron/Projects/Imagine/thumbnails/33392_nfb12_129_thumb.png,psd,,,Anime girl sketch overlay on sunset landscape,"[""anime"", ""lineart"", ""sunset"", ""landscape"", ""girl"", ""illustration""]",illustration,,,,unknown_legacy,parse_fallback_legacy,"pre-fix: psd-tools failed, fell back to thumbnail-only",repair_required,parse_fallback_legacy,,,,,,,"webdav:/13730b09/발송4/범선/작품 쫑/후시/장소/숲,자연",visual:blind-random-q0040:33392,diverse_rank=2; source_count=3; visual_group=visual:blind-random-q0040:33392
blind-random-q0040,"다음 요소가 함께 보이고 하나 이상은 뚜렷한 배경: 눈, 골목, 밤하늘 (자연, 상점가 분위기) / 제외 조건: 추상 텍스처",blind_random,,46619,11,triaxis,"{""triaxis"": 11}","{""blind_random_v1_20260507:triaxis"": 11}",webdav://13730b09/발송작품/작품/Fate/BG.참고/005.jpg,46619_005.jpg,발송작품/작품/Fate/BG.참고/005.jpg,webdav:/13730b09/발송작품/작품/Fate/BG.참고,/Users/saintiron/Projects/Imagine/thumbnails/46619_005_thumb.png,jpg,,,Orange ski shop with snow and red annotations.,"[""ski shop"", ""snow"", ""orange building"", ""stairs"", ""trees"", ""winter"", ""red marks"", ""shop""]",photo,,,,unknown_legacy,,,repair_required,parse_fallback_legacy,,,,,,,webdav:/13730b09/발송작품/작품/Fate/BG.참고,visual:blind-random-q0040:46619,diverse_rank=6; source_count=1; visual_group=visual:blind-random-q0040:46619
blind-random-q0040,"다음 요소가 함께 보이고 하나 이상은 뚜렷한 배경: 눈, 골목, 밤하늘 (자연, 상점가 분위기) / 제외 조건: 추상 텍스처",blind_random,,30653,21,"triaxis,vv","{""triaxis"": 21, ""vv"": 48}","{""blind_random_v1_20260507:triaxis"": 21, ""blind_random_v1_20260507:vv"": 48}",webdav://13730b09/발송작품/작품/세일러문/#30/1/239.psd,30653_239.psd,발송작품/작품/세일러문/#30/1/239.psd,발송작품/작품/세일러문/#30/1,/Users/saintiron/Projects/Imagine/thumbnails/30653_239_thumb.png,psd,,,"A tranquil urban street at night, illuminated by streetlights and building windows under a starry sky.","[""night"", ""cityscape"", ""anime"", ""street"", ""trees"", ""starry sky"", ""urban"", ""serene""]",illustration,,,,unknown_legacy,parse_fallback_legacy,"pre-fix: psd-tools failed, fell back to thumbnail-only",repair_required,parse_fallback_legacy,,,,,,,발송작품/작품/세일러문/#30/1,visual:blind-random-q0040:30653,diverse_rank=3; source_count=1; visual_group=visual:blind-random-q0040:30653
blind-random-q0040,"다음 요소가 함께 보이고 하나 이상은 뚜렷한 배경: 눈, 골목, 밤하늘 (자연, 상점가 분위기) / 제외 조건: 추상 텍스처",blind_random,,33344,21,fts,"{""fts"": 21}","{""blind_random_v1_20260507:fts"": 21}","webdav://13730b09/발송4/범선/작품 쫑/후시/장소/숲,자연/nfb12_073.psd",33344_nfb12_073.psd,"발송4/범선/작품 쫑/후시/장소/숲,자연/nfb12_073.psd","webdav:/13730b09/발송4/범선/작품 쫑/후시/장소/숲,자연",/Users/saintiron/Projects/Imagine/thumbnails/33344_nfb12_073_thumb.png,psd,,,Anime-style twilight sky with scattered clouds,"[""sky"", ""anime"", ""twilight"", ""clouds"", ""blue"", ""serene""]",background,sky,evening,clear,unknown_legacy,parse_fallback_legacy,"pre-fix: psd-tools failed, fell back to thumbnail-only",repair_required,parse_fallback_legacy,,,,,,,"webdav:/13730b09/발송4/범선/작품 쫑/후시/장소/숲,자연",visual:blind-random-q0040:33344,diverse_rank=7; source_count=3; visual_group=visual:blind-random-q0040:33344
