query_id,query_text,query_type,query_scope,item_id,best_rank,engines,engine_ranks,run_ranks,file_path,file_name,relative_path,folder_path,thumbnail_url,format,width,height,mc_caption,ai_tags,image_type,scene_type,time_of_day,weather,caption_model,processing_status,processing_error,metadata_status,metadata_issue,suggested_relevance,suggested_label_source,suggested_label_version,reviewer_relevance,reviewer_id,review_notes,source_group,visual_group,diversity_note
bg-complex-q0001,기절용사와 암살공주 #08/bg에서 밤하늘과 달이 함께 보이고 성이나 마을 조명이 있는 배경,complex,기절용사와 암살공주/#08/bg,51318,1,"mv,triaxis,vv","{""mv"": 1, ""triaxis"": 1, ""vv"": 1}","{""background_complex_v2_scoped_20260506:mv"": 1, ""background_complex_v2_scoped_20260506:triaxis"": 1, ""background_complex_v2_scoped_20260506:vv"": 1}",webdav://13730b09/발송/범선/기절용사와 암살공주/#08/bg/kya08_248_e_BGonly.psd,51318_kya08_248_e_BGonly.psd,발송/범선/기절용사와 암살공주/#08/bg/kya08_248_e_BGonly.psd,webdav:/13730b09/발송/범선/기절용사와 암살공주/#08/bg,/Users/saintiron/Projects/Imagine/thumbnails/51318_kya08_248_e_BGonly_thumb.png,psd,,,"A magical night scene with a castle, festive lights, and a glowing moon.","[""castle"", ""moon"", ""night"", ""festive lights"", ""buildings"", ""stars"", ""clouds"", ""village""]",background,,,,unknown_legacy,parse_fallback_legacy,"pre-fix: psd-tools failed, fell back to thumbnail-only",repair_required,parse_fallback_legacy,,,,2,manual_review,,webdav:/13730b09/발송/범선/기절용사와 암살공주/#08/bg,visual:bg-complex-q0001:51318,diverse_rank=1; source_count=8; visual_group=visual:bg-complex-q0001:51318
bg-complex-q0001,기절용사와 암살공주 #08/bg에서 밤하늘과 달이 함께 보이고 성이나 마을 조명이 있는 배경,complex,기절용사와 암살공주/#08/bg,51325,1,"fts,mv,triaxis","{""fts"": 1, ""mv"": 36, ""triaxis"": 34}","{""background_complex_v2_scoped_20260506:fts"": 1, ""background_complex_v2_scoped_20260506:mv"": 36, ""background_complex_v2_scoped_20260506:triaxis"": 34}",webdav://13730b09/발송/범선/기절용사와 암살공주/#08/bg/kya08_255_e.psd,51325_kya08_255_e.psd,발송/범선/기절용사와 암살공주/#08/bg/kya08_255_e.psd,webdav:/13730b09/발송/범선/기절용사와 암살공주/#08/bg,/Users/saintiron/Projects/Imagine/thumbnails/51325_kya08_255_e_thumb.png,psd,,,Gradient background with scattered star outlines in warm tones.,"[""stars"", ""gradient"", ""orange"", ""yellow"", ""sky""]",background,,,,unknown_legacy,parse_fallback_legacy,"pre-fix: psd-tools failed, fell back to thumbnail-only",repair_required,parse_fallback_legacy,,,,0,manual_review,,webdav:/13730b09/발송/범선/기절용사와 암살공주/#08/bg,visual:bg-complex-q0001:51325,diverse_rank=5; source_count=8; visual_group=visual:bg-complex-q0001:51325
bg-complex-q0001,기절용사와 암살공주 #08/bg에서 밤하늘과 달이 함께 보이고 성이나 마을 조명이 있는 배경,complex,기절용사와 암살공주/#08/bg,51330,2,"mv,triaxis,vv","{""mv"": 11, ""triaxis"": 22, ""vv"": 2}","{""background_complex_v2_scoped_20260506:mv"": 11, ""background_complex_v2_scoped_20260506:triaxis"": 22, ""background_complex_v2_scoped_20260506:vv"": 2}",webdav://13730b09/발송/범선/기절용사와 암살공주/#08/bg/kya08_262_266_e.psd,51330_kya08_262_266_e.psd,발송/범선/기절용사와 암살공주/#08/bg/kya08_262_266_e.psd,webdav:/13730b09/발송/범선/기절용사와 암살공주/#08/bg,/Users/saintiron/Projects/Imagine/thumbnails/51330_kya08_262_266_e_thumb.png,psd,,,Nighttime view of a European-style town with illuminated windows and layered architectural details.,"[""night"", ""buildings"", ""windows"", ""architecture"", ""European"", ""layered"", ""blue""]",illustration,,,,unknown_legacy,parse_fallback_legacy,"pre-fix: psd-tools failed, fell back to thumbnail-only",repair_required,parse_fallback_legacy,,,,,,,webdav:/13730b09/발송/범선/기절용사와 암살공주/#08/bg,visual:bg-complex-q0001:51330,diverse_rank=8; source_count=8; visual_group=visual:bg-complex-q0001:51330
bg-complex-q0001,기절용사와 암살공주 #08/bg에서 밤하늘과 달이 함께 보이고 성이나 마을 조명이 있는 배경,complex,기절용사와 암살공주/#08/bg,51362,6,"mv,triaxis","{""mv"": 6, ""triaxis"": 46}","{""background_complex_v2_scoped_20260506:mv"": 6, ""background_complex_v2_scoped_20260506:triaxis"": 46}",webdav://13730b09/발송/범선/기절용사와 암살공주/#08/bg/kya08_059_e.psd,51362_kya08_059_e.psd,발송/범선/기절용사와 암살공주/#08/bg/kya08_059_e.psd,webdav:/13730b09/발송/범선/기절용사와 암살공주/#08/bg,/Users/saintiron/Projects/Imagine/thumbnails/51362_kya08_059_e_thumb.png,psd,,,Anime-style balcony scene with two faint ghostly figures against a blue sky,"[""balcony"", ""railings"", ""sky"", ""clouds"", ""ghosts"", ""anime"", ""floor"", ""pillars""]",illustration,,,,unknown_legacy,parse_fallback_legacy,"pre-fix: psd-tools failed, fell back to thumbnail-only",repair_required,parse_fallback_legacy,,,,,,,webdav:/13730b09/발송/범선/기절용사와 암살공주/#08/bg,visual:bg-complex-q0001:51527,diverse_rank=2; source_count=8; visual_group=visual:bg-complex-q0001:51527
bg-complex-q0001,기절용사와 암살공주 #08/bg에서 밤하늘과 달이 함께 보이고 성이나 마을 조명이 있는 배경,complex,기절용사와 암살공주/#08/bg,51329,11,"mv,triaxis,vv","{""mv"": 15, ""triaxis"": 20, ""vv"": 11}","{""background_complex_v2_scoped_20260506:mv"": 15, ""background_complex_v2_scoped_20260506:triaxis"": 20, ""background_complex_v2_scoped_20260506:vv"": 11}",webdav://13730b09/발송/범선/기절용사와 암살공주/#08/bg/kya08_261_264_e.psd,51329_kya08_261_264_e.psd,발송/범선/기절용사와 암살공주/#08/bg/kya08_261_264_e.psd,webdav:/13730b09/발송/범선/기절용사와 암살공주/#08/bg,/Users/saintiron/Projects/Imagine/thumbnails/51329_kya08_261_264_e_thumb.png,psd,,,Two semi-transparent anime characters stand before a stone building at night.,"[""anime"", ""characters"", ""building"", ""night"", ""transparency"", ""windows"", ""stone""]",illustration,,,,unknown_legacy,parse_fallback_legacy,"pre-fix: psd-tools failed, fell back to thumbnail-only",repair_required,parse_fallback_legacy,,,,,,,webdav:/13730b09/발송/범선/기절용사와 암살공주/#08/bg,visual:bg-complex-q0001:51329,diverse_rank=3; source_count=8; visual_group=visual:bg-complex-q0001:51329
bg-complex-q0001,기절용사와 암살공주 #08/bg에서 밤하늘과 달이 함께 보이고 성이나 마을 조명이 있는 배경,complex,기절용사와 암살공주/#08/bg,51347,11,"fts,mv,triaxis","{""fts"": 11, ""mv"": 34, ""triaxis"": 24}","{""background_complex_v2_scoped_20260506:fts"": 11, ""background_complex_v2_scoped_20260506:mv"": 34, ""background_complex_v2_scoped_20260506:triaxis"": 24}",webdav://13730b09/발송/범선/기절용사와 암살공주/#08/bg/kya08_016_e.psd,51347_kya08_016_e.psd,발송/범선/기절용사와 암살공주/#08/bg/kya08_016_e.psd,webdav:/13730b09/발송/범선/기절용사와 암살공주/#08/bg,/Users/saintiron/Projects/Imagine/thumbnails/51347_kya08_016_e_thumb.png,psd,,,Animated sky with clouds and a floating character silhouette.,"[""sky"", ""clouds"", ""character"", ""animation"", ""blue"", ""white"", ""floating""]",background,,,,unknown_legacy,parse_fallback_legacy,"pre-fix: psd-tools failed, fell back to thumbnail-only",repair_required,parse_fallback_legacy,,,,,,,webdav:/13730b09/발송/범선/기절용사와 암살공주/#08/bg,visual:bg-complex-q0001:51347,diverse_rank=6; source_count=8; visual_group=visual:bg-complex-q0001:51347
bg-complex-q0001,기절용사와 암살공주 #08/bg에서 밤하늘과 달이 함께 보이고 성이나 마을 조명이 있는 배경,complex,기절용사와 암살공주/#08/bg,51358,21,"mv,triaxis","{""mv"": 21, ""triaxis"": 43}","{""background_complex_v2_scoped_20260506:mv"": 21, ""background_complex_v2_scoped_20260506:triaxis"": 43}",webdav://13730b09/발송/범선/기절용사와 암살공주/#08/bg/kya08_051_e.psd,51358_kya08_051_e.psd,발송/범선/기절용사와 암살공주/#08/bg/kya08_051_e.psd,webdav:/13730b09/발송/범선/기절용사와 암살공주/#08/bg,/Users/saintiron/Projects/Imagine/thumbnails/51358_kya08_051_e_thumb.png,psd,,,Two anime-style characters stand on a balcony under a blue sky.,"[""anime"", ""balcony"", ""sky"", ""clouds"", ""railings"", ""characters"", ""blue"", ""white""]",illustration,,,,unknown_legacy,parse_fallback_legacy,"pre-fix: psd-tools failed, fell back to thumbnail-only",repair_required,parse_fallback_legacy,,,,,,,webdav:/13730b09/발송/범선/기절용사와 암살공주/#08/bg,visual:bg-complex-q0001:51323,diverse_rank=4; source_count=8; visual_group=visual:bg-complex-q0001:51323
bg-complex-q0001,기절용사와 암살공주 #08/bg에서 밤하늘과 달이 함께 보이고 성이나 마을 조명이 있는 배경,complex,기절용사와 암살공주/#08/bg,51377,21,fts,"{""fts"": 21}","{""background_complex_v2_scoped_20260506:fts"": 21}",webdav://13730b09/발송/범선/기절용사와 암살공주/#08/bg/kya08_086_e.psd,51377_kya08_086_e.psd,발송/범선/기절용사와 암살공주/#08/bg/kya08_086_e.psd,webdav:/13730b09/발송/범선/기절용사와 암살공주/#08/bg,/Users/saintiron/Projects/Imagine/thumbnails/51377_kya08_086_e_thumb.png,psd,,,"Two anime characters in a sketchy, monochromatic style with a wooden divider.","[""anime"", ""sketch"", ""character"", ""wood"", ""wall""]",illustration,,,,unknown_legacy,parse_fallback_legacy,"pre-fix: psd-tools failed, fell back to thumbnail-only",repair_required,parse_fallback_legacy,,,,,,,webdav:/13730b09/발송/범선/기절용사와 암살공주/#08/bg,visual:bg-complex-q0001:51377,diverse_rank=7; source_count=8; visual_group=visual:bg-complex-q0001:51377
bg-complex-q0002,로네느의집 거실에서 창문과 책장이 함께 보이고 생활감 있는 실내 가구가 배치된 배경,complex,로네느의집/거실,33874,1,"mv,triaxis,vv","{""mv"": 1, ""triaxis"": 10, ""vv"": 4}","{""background_complex_v2_scoped_20260506:mv"": 1, ""background_complex_v2_scoped_20260506:triaxis"": 10, ""background_complex_v2_scoped_20260506:vv"": 4}",webdav://13730b09/발송4/범선/작품 쫑/후시/장소/로네느의집/거실/nfb03_060.psd,33874_nfb03_060.psd,발송4/범선/작품 쫑/후시/장소/로네느의집/거실/nfb03_060.psd,webdav:/13730b09/발송4/범선/작품 쫑/후시/장소/로네느의집/거실,/Users/saintiron/Projects/Imagine/thumbnails/33874_nfb03_060_thumb.png,psd,,,"A cozy wooden study with shelves filled with jars, books, and a lantern on the desk, bathed in soft natural light from a window.","[""indoor"", ""study"", ""wooden_cabin"", ""anime"", ""lantern"", ""shelves"", ""books"", ""jars"", ""natural_light"", ""peaceful""]",background,indoor,,,unknown_legacy,parse_fallback_legacy,"pre-fix: psd-tools failed, fell back to thumbnail-only",repair_required,parse_fallback_legacy,,,,,,,webdav:/13730b09/발송4/범선/작품 쫑/후시/장소/로네느의집/거실,visual:bg-complex-q0002:33874,diverse_rank=1; source_count=8; visual_group=visual:bg-complex-q0002:33874
bg-complex-q0002,로네느의집 거실에서 창문과 책장이 함께 보이고 생활감 있는 실내 가구가 배치된 배경,complex,로네느의집/거실,33882,1,"mv,triaxis,vv","{""mv"": 3, ""triaxis"": 1, ""vv"": 1}","{""background_complex_v2_scoped_20260506:mv"": 3, ""background_complex_v2_scoped_20260506:triaxis"": 1, ""background_complex_v2_scoped_20260506:vv"": 1}",webdav://13730b09/발송4/범선/작품 쫑/후시/장소/로네느의집/거실/nfb03_101.psd,33882_nfb03_101.psd,발송4/범선/작품 쫑/후시/장소/로네느의집/거실/nfb03_101.psd,webdav:/13730b09/발송4/범선/작품 쫑/후시/장소/로네느의집/거실,/Users/saintiron/Projects/Imagine/thumbnails/33882_nfb03_101_thumb.png,psd,,,"A cozy indoor scene with a wooden table, a brick fireplace, and a window letting in natural light.","[""indoor"", ""cozy"", ""fireplace"", ""window"", ""wooden_table"", ""anime"", ""warm_light"", ""traditional_architecture""]",background,indoor,,,unknown_legacy,parse_fallback_legacy,"pre-fix: psd-tools failed, fell back to thumbnail-only",repair_required,parse_fallback_legacy,,,,,,,webdav:/13730b09/발송4/범선/작품 쫑/후시/장소/로네느의집/거실,visual:bg-complex-q0002:33882,diverse_rank=5; source_count=8; visual_group=visual:bg-complex-q0002:33882
bg-complex-q0002,로네느의집 거실에서 창문과 책장이 함께 보이고 생활감 있는 실내 가구가 배치된 배경,complex,로네느의집/거실,33925,6,mv,"{""mv"": 6}","{""background_complex_v2_scoped_20260506:mv"": 6}",webdav://13730b09/발송4/범선/작품 쫑/후시/장소/로네느의집/거실/nfb04_153.psd,33925_nfb04_153.psd,발송4/범선/작품 쫑/후시/장소/로네느의집/거실/nfb04_153.psd,webdav:/13730b09/발송4/범선/작품 쫑/후시/장소/로네느의집/거실,/Users/saintiron/Projects/Imagine/thumbnails/33925_nfb04_153_thumb.png,psd,,,"A character stands in a warmly lit wooden room, viewed from behind, with a glowing lantern casting light on the ceiling beams and shelves.","[""anime"", ""interior"", ""wooden_room"", ""lantern"", ""back_view"", ""serene"", ""warm_light"", ""shelves"", ""ceiling_beams""]",illustration,,,,unknown_legacy,parse_fallback_legacy,"pre-fix: psd-tools failed, fell back to thumbnail-only",repair_required,parse_fallback_legacy,,,,,,,webdav:/13730b09/발송4/범선/작품 쫑/후시/장소/로네느의집/거실,visual:bg-complex-q0002:33925,diverse_rank=2; source_count=8; visual_group=visual:bg-complex-q0002:33925
bg-complex-q0002,로네느의집 거실에서 창문과 책장이 함께 보이고 생활감 있는 실내 가구가 배치된 배경,complex,로네느의집/거실,33928,6,"mv,triaxis","{""mv"": 48, ""triaxis"": 6}","{""background_complex_v2_scoped_20260506:mv"": 48, ""background_complex_v2_scoped_20260506:triaxis"": 6}",webdav://13730b09/발송4/범선/작품 쫑/후시/장소/로네느의집/거실/nfb04_157.psd,33928_nfb04_157.psd,발송4/범선/작품 쫑/후시/장소/로네느의집/거실/nfb04_157.psd,webdav:/13730b09/발송4/범선/작품 쫑/후시/장소/로네느의집/거실,/Users/saintiron/Projects/Imagine/thumbnails/33928_nfb04_157_thumb.png,psd,,,"A cozy indoor room with wooden shelves filled with jars, books, and a wolf skull, bathed in the soft glow of a sunset through a window showing autumn trees.","[""indoor"", ""sunset"", ""autumn"", ""melancholic"", ""anime"", ""wooden_shelves"", ""wolf_skull"", ""window"", ""books"", ""jars""]",background,indoor,,,unknown_legacy,parse_fallback_legacy,"pre-fix: psd-tools failed, fell back to thumbnail-only",repair_required,parse_fallback_legacy,,,,,,,webdav:/13730b09/발송4/범선/작품 쫑/후시/장소/로네느의집/거실,visual:bg-complex-q0002:34028,diverse_rank=6; source_count=8; visual_group=visual:bg-complex-q0002:34028
bg-complex-q0002,로네느의집 거실에서 창문과 책장이 함께 보이고 생활감 있는 실내 가구가 배치된 배경,complex,로네느의집/거실,33851,11,vv,"{""vv"": 11}","{""background_complex_v2_scoped_20260506:vv"": 11}",webdav://13730b09/발송4/범선/작품 쫑/후시/장소/로네느의집/거실/nfb03_027.psd,33851_nfb03_027.psd,발송4/범선/작품 쫑/후시/장소/로네느의집/거실/nfb03_027.psd,webdav:/13730b09/발송4/범선/작품 쫑/후시/장소/로네느의집/거실,/Users/saintiron/Projects/Imagine/thumbnails/33851_nfb03_027_thumb.png,psd,,,"A dimly lit traditional Japanese room with wooden beams and a glowing lantern, featuring ghostly figures and dried herbs hanging in the air.","[""indoor"", ""night"", ""ghost"", ""traditional_japanese"", ""anime"", ""ethereal"", ""wooden_room"", ""lantern"", ""dried_herbs"", ""ghostly_figures""]",background,indoor,,,unknown_legacy,parse_fallback_legacy,"pre-fix: psd-tools failed, fell back to thumbnail-only",repair_required,parse_fallback_legacy,,,,,,,webdav:/13730b09/발송4/범선/작품 쫑/후시/장소/로네느의집/거실,visual:bg-complex-q0002:33851,diverse_rank=3; source_count=8; visual_group=visual:bg-complex-q0002:33851
bg-complex-q0002,로네느의집 거실에서 창문과 책장이 함께 보이고 생활감 있는 실내 가구가 배치된 배경,complex,로네느의집/거실,33872,11,"mv,triaxis,vv","{""mv"": 11, ""triaxis"": 27, ""vv"": 12}","{""background_complex_v2_scoped_20260506:mv"": 11, ""background_complex_v2_scoped_20260506:triaxis"": 27, ""background_complex_v2_scoped_20260506:vv"": 12}",webdav://13730b09/발송4/범선/작품 쫑/후시/장소/로네느의집/거실/nfb03_058.psd,33872_nfb03_058.psd,발송4/범선/작품 쫑/후시/장소/로네느의집/거실/nfb03_058.psd,webdav:/13730b09/발송4/범선/작품 쫑/후시/장소/로네느의집/거실,/Users/saintiron/Projects/Imagine/thumbnails/33872_nfb03_058_thumb.png,psd,,,"A cozy interior scene with a wooden table holding a lantern, mortar and pestle, and a red sofa against a backdrop of bookshelves and two doors.","[""still_life"", ""cartoon"", ""cozy"", ""interior"", ""table"", ""lantern"", ""sofa"", ""bookshelf"", ""doors""]",illustration,,,,unknown_legacy,parse_fallback_legacy,"pre-fix: psd-tools failed, fell back to thumbnail-only",repair_required,parse_fallback_legacy,,,,,,,webdav:/13730b09/발송4/범선/작품 쫑/후시/장소/로네느의집/거실,visual:bg-complex-q0002:33872,diverse_rank=7; source_count=8; visual_group=visual:bg-complex-q0002:33872
bg-complex-q0002,로네느의집 거실에서 창문과 책장이 함께 보이고 생활감 있는 실내 가구가 배치된 배경,complex,로네느의집/거실,33932,21,mv,"{""mv"": 21}","{""background_complex_v2_scoped_20260506:mv"": 21}",webdav://13730b09/발송4/범선/작품 쫑/후시/장소/로네느의집/거실/nfb04_163.psd,33932_nfb04_163.psd,발송4/범선/작품 쫑/후시/장소/로네느의집/거실/nfb04_163.psd,webdav:/13730b09/발송4/범선/작품 쫑/후시/장소/로네느의집/거실,/Users/saintiron/Projects/Imagine/thumbnails/33932_nfb04_163_thumb.png,psd,,,"Two characters sit in a cozy, rustic room with wooden floors and a fireplace, surrounded by shelves and hanging herbs, suggesting a quiet, intimate moment.","[""anime"", ""group_shot"", ""cozy_room"", ""fireplace"", ""wooden_floors"", ""herbs"", ""serene_mood"", ""interior_scene""]",illustration,,,,unknown_legacy,parse_fallback_legacy,"pre-fix: psd-tools failed, fell back to thumbnail-only",repair_required,parse_fallback_legacy,,,,,,,webdav:/13730b09/발송4/범선/작품 쫑/후시/장소/로네느의집/거실,visual:bg-complex-q0002:33939,diverse_rank=4; source_count=8; visual_group=visual:bg-complex-q0002:33939
bg-complex-q0002,로네느의집 거실에서 창문과 책장이 함께 보이고 생활감 있는 실내 가구가 배치된 배경,complex,로네느의집/거실,34078,21,fts,"{""fts"": 21}","{""background_complex_v2_scoped_20260506:fts"": 21}",webdav://13730b09/발송4/범선/작품 쫑/후시/장소/로네느의집/거실/nfb07_246.psd,34078_nfb07_246.psd,발송4/범선/작품 쫑/후시/장소/로네느의집/거실/nfb07_246.psd,webdav:/13730b09/발송4/범선/작품 쫑/후시/장소/로네느의집/거실,/Users/saintiron/Projects/Imagine/thumbnails/34078_nfb07_246_thumb.png,psd,,,Sketch of abstract wooden form with layered line art and atmospheric background elements.,"[""still_life"", ""sketch"", ""wooden_form"", ""line_art"", ""atmospheric_background"", ""digital_sketch""]",illustration,,,,unknown_legacy,parse_fallback_legacy,"pre-fix: psd-tools failed, fell back to thumbnail-only",repair_required,parse_fallback_legacy,,,,,,,webdav:/13730b09/발송4/범선/작품 쫑/후시/장소/로네느의집/거실,visual:bg-complex-q0002:34023,diverse_rank=8; source_count=8; visual_group=visual:bg-complex-q0002:34023
bg-complex-q0003,홍콩사무실에서 큰 창문 너머 도시 전망이 보이고 소파나 라운지 좌석이 있는 실내 배경,complex,홍콩사무실,38992,1,"fts,mv,vv","{""fts"": 19, ""mv"": 7, ""vv"": 1}","{""background_complex_v2_scoped_20260506:fts"": 19, ""background_complex_v2_scoped_20260506:mv"": 7, ""background_complex_v2_scoped_20260506:vv"": 1}",webdav://13730b09/예비/크랑베르무/장소/홍콩사무실/grb02_147.psd,38992_grb02_147.psd,예비/크랑베르무/장소/홍콩사무실/grb02_147.psd,webdav:/13730b09/예비/크랑베르무/장소/홍콩사무실,/Users/saintiron/Projects/Imagine/thumbnails/38992_grb02_147_thumb.png,psd,,,"A detailed anime-style illustration of a cluttered office room with bookshelves, a glass cabinet, a sofa, and various decorative items. A red banner with the Chinese character '福' hangs on the wall, adding a cultural touch.","[""anime"", ""office"", ""cluttered"", ""bookshelf"", ""glass_cabinet"", ""sofa"", ""red_banner"", ""chinese_character"", ""serene"", ""illustration""]",illustration,,,,unknown_legacy,parse_fallback_legacy,"pre-fix: psd-tools failed, fell back to thumbnail-only",repair_required,parse_fallback_legacy,,,,,,,webdav:/13730b09/예비/크랑베르무/장소/홍콩사무실,visual:bg-complex-q0003:38992,diverse_rank=1; source_count=8; visual_group=visual:bg-complex-q0003:38992
bg-complex-q0003,홍콩사무실에서 큰 창문 너머 도시 전망이 보이고 소파나 라운지 좌석이 있는 실내 배경,complex,홍콩사무실,38999,1,"fts,mv,vv","{""fts"": 8, ""mv"": 1, ""vv"": 2}","{""background_complex_v2_scoped_20260506:fts"": 8, ""background_complex_v2_scoped_20260506:mv"": 1, ""background_complex_v2_scoped_20260506:vv"": 2}",webdav://13730b09/예비/크랑베르무/장소/홍콩사무실/grb04_288.psd,38999_grb04_288.psd,예비/크랑베르무/장소/홍콩사무실/grb04_288.psd,webdav:/13730b09/예비/크랑베르무/장소/홍콩사무실,/Users/saintiron/Projects/Imagine/thumbnails/38999_grb04_288_thumb.png,psd,,,"An anime-style illustration of a quiet office interior with a sofa, desk, bookshelf, and window with blinds.","[""anime"", ""office"", ""interior"", ""sofa"", ""desk"", ""bookshelf"", ""window"", ""blinds"", ""serene"", ""still_life""]",illustration,,,,unknown_legacy,parse_fallback_legacy,"pre-fix: psd-tools failed, fell back to thumbnail-only",repair_required,parse_fallback_legacy,,,,,,,webdav:/13730b09/예비/크랑베르무/장소/홍콩사무실,visual:bg-complex-q0003:38999,diverse_rank=4; source_count=8; visual_group=visual:bg-complex-q0003:38999
bg-complex-q0003,홍콩사무실에서 큰 창문 너머 도시 전망이 보이고 소파나 라운지 좌석이 있는 실내 배경,complex,홍콩사무실,39003,1,"fts,mv","{""fts"": 1, ""mv"": 11}","{""background_complex_v2_scoped_20260506:fts"": 1, ""background_complex_v2_scoped_20260506:mv"": 11}",webdav://13730b09/예비/크랑베르무/장소/홍콩사무실/grb05_003.psd,39003_grb05_003.psd,예비/크랑베르무/장소/홍콩사무실/grb05_003.psd,webdav:/13730b09/예비/크랑베르무/장소/홍콩사무실,/Users/saintiron/Projects/Imagine/thumbnails/39003_grb05_003_thumb.png,psd,,,Abstract brushed metal texture with diagonal striations and gradient lighting.,[],background,abstract,,,unknown_legacy,parse_fallback_legacy,"pre-fix: psd-tools failed, fell back to thumbnail-only",repair_required,parse_fallback_legacy,,,,,,,webdav:/13730b09/예비/크랑베르무/장소/홍콩사무실,visual:bg-complex-q0003:39003,diverse_rank=7; source_count=8; visual_group=visual:bg-complex-q0003:39003
bg-complex-q0003,홍콩사무실에서 큰 창문 너머 도시 전망이 보이고 소파나 라운지 좌석이 있는 실내 배경,complex,홍콩사무실,39000,6,"fts,mv","{""fts"": 10, ""mv"": 6}","{""background_complex_v2_scoped_20260506:fts"": 10, ""background_complex_v2_scoped_20260506:mv"": 6}",webdav://13730b09/예비/크랑베르무/장소/홍콩사무실/grb04_289.psd,39000_grb04_289.psd,예비/크랑베르무/장소/홍콩사무실/grb04_289.psd,webdav:/13730b09/예비/크랑베르무/장소/홍콩사무실,/Users/saintiron/Projects/Imagine/thumbnails/39000_grb04_289_thumb.png,psd,,,"Anime-style illustration of two characters in a room, depicted as sketch outlines with a translucent effect, surrounded by framed art and greenery.","[""anime"", ""group_shot"", ""sketch"", ""translucent"", ""interior"", ""illustration""]",illustration,,,,unknown_legacy,parse_fallback_legacy,"pre-fix: psd-tools failed, fell back to thumbnail-only",repair_required,parse_fallback_legacy,,,,,,,webdav:/13730b09/예비/크랑베르무/장소/홍콩사무실,visual:bg-complex-q0003:39000,diverse_rank=2; source_count=8; visual_group=visual:bg-complex-q0003:39000
bg-complex-q0003,홍콩사무실에서 큰 창문 너머 도시 전망이 보이고 소파나 라운지 좌석이 있는 실내 배경,complex,홍콩사무실,39008,6,"fts,mv","{""fts"": 6, ""mv"": 18}","{""background_complex_v2_scoped_20260506:fts"": 6, ""background_complex_v2_scoped_20260506:mv"": 18}",webdav://13730b09/예비/크랑베르무/장소/홍콩사무실/grb05_200.psd,39008_grb05_200.psd,예비/크랑베르무/장소/홍콩사무실/grb05_200.psd,webdav:/13730b09/예비/크랑베르무/장소/홍콩사무실,/Users/saintiron/Projects/Imagine/thumbnails/39008_grb05_200_thumb.png,psd,,,"Anime-style portrait sketch of two characters viewed through a split glass pane, with visible lineart and background elements.","[""anime"", ""portrait"", ""sketch"", ""glass_split"", ""lineart"", ""character"", ""illustration""]",illustration,,,,unknown_legacy,parse_fallback_legacy,"pre-fix: psd-tools failed, fell back to thumbnail-only",repair_required,parse_fallback_legacy,,,,,,,webdav:/13730b09/예비/크랑베르무/장소/홍콩사무실,visual:bg-complex-q0003:39008,diverse_rank=5; source_count=8; visual_group=visual:bg-complex-q0003:39008
bg-complex-q0003,홍콩사무실에서 큰 창문 너머 도시 전망이 보이고 소파나 라운지 좌석이 있는 실내 배경,complex,홍콩사무실,38994,9,"fts,mv","{""fts"": 9, ""mv"": 14}","{""background_complex_v2_scoped_20260506:fts"": 9, ""background_complex_v2_scoped_20260506:mv"": 14}",webdav://13730b09/예비/크랑베르무/장소/홍콩사무실/grb03_248.psd,38994_grb03_248.psd,예비/크랑베르무/장소/홍콩사무실/grb03_248.psd,webdav:/13730b09/예비/크랑베르무/장소/홍콩사무실,/Users/saintiron/Projects/Imagine/thumbnails/38994_grb03_248_thumb.png,psd,,,"An anime-style illustration of a character sitting alone at a table in a dimly lit room, viewed from above.","[""anime"", ""scene"", ""mysterious"", ""character"", ""table"", ""seating"", ""interior"", ""top_down_view""]",illustration,,,,unknown_legacy,parse_fallback_legacy,"pre-fix: psd-tools failed, fell back to thumbnail-only",repair_required,parse_fallback_legacy,,,,,,,webdav:/13730b09/예비/크랑베르무/장소/홍콩사무실,visual:bg-complex-q0003:38994,diverse_rank=8; source_count=8; visual_group=visual:bg-complex-q0003:38994
bg-complex-q0003,홍콩사무실에서 큰 창문 너머 도시 전망이 보이고 소파나 라운지 좌석이 있는 실내 배경,complex,홍콩사무실,39007,12,"fts,mv","{""fts"": 15, ""mv"": 12}","{""background_complex_v2_scoped_20260506:fts"": 15, ""background_complex_v2_scoped_20260506:mv"": 12}",webdav://13730b09/예비/크랑베르무/장소/홍콩사무실/grb05_190.psd,39007_grb05_190.psd,예비/크랑베르무/장소/홍콩사무실/grb05_190.psd,webdav:/13730b09/예비/크랑베르무/장소/홍콩사무실,/Users/saintiron/Projects/Imagine/thumbnails/39007_grb05_190_thumb.png,psd,,,"Anime-style interior scene with layered panels showing a girl's face and floral decorations, rendered in warm tones with sketchy lineart.","[""anime"", ""illustration"", ""interior_scene"", ""layered_composition"", ""floral_decor"", ""warm_color_palette"", ""sketch_lineart""]",illustration,,,,unknown_legacy,parse_fallback_legacy,"pre-fix: psd-tools failed, fell back to thumbnail-only",repair_required,parse_fallback_legacy,,,,,,,webdav:/13730b09/예비/크랑베르무/장소/홍콩사무실,visual:bg-complex-q0003:39007,diverse_rank=3; source_count=8; visual_group=visual:bg-complex-q0003:39007
bg-complex-q0003,홍콩사무실에서 큰 창문 너머 도시 전망이 보이고 소파나 라운지 좌석이 있는 실내 배경,complex,홍콩사무실,38998,13,"fts,mv","{""fts"": 14, ""mv"": 13}","{""background_complex_v2_scoped_20260506:fts"": 14, ""background_complex_v2_scoped_20260506:mv"": 13}",webdav://13730b09/예비/크랑베르무/장소/홍콩사무실/grb04_094_110.psd,38998_grb04_094_110.psd,예비/크랑베르무/장소/홍콩사무실/grb04_094_110.psd,webdav:/13730b09/예비/크랑베르무/장소/홍콩사무실,/Users/saintiron/Projects/Imagine/thumbnails/38998_grb04_094_110_thumb.png,psd,,,"A split-screen illustration juxtaposes a quiet, orderly bookshelf room with a mysterious, glowing green cavern, suggesting contrasting worlds or themes.","[""anime"", ""still_life"", ""bookshelf"", ""cavern"", ""green_light"", ""contrast"", ""mysterious"", ""split_screen""]",illustration,,,,unknown_legacy,parse_fallback_legacy,"pre-fix: psd-tools failed, fell back to thumbnail-only",repair_required,parse_fallback_legacy,,,,,,,webdav:/13730b09/예비/크랑베르무/장소/홍콩사무실,visual:bg-complex-q0003:38998,diverse_rank=6; source_count=8; visual_group=visual:bg-complex-q0003:38998
bg-complex-q0004,종말투어링 #07/bg에서 교량 구조와 넓은 하늘이 함께 보이고 강이나 도로가 이어지는 야외 배경,complex,종말투어링/#07/bg,32315,1,"mv,triaxis,vv","{""mv"": 7, ""triaxis"": 1, ""vv"": 1}","{""background_complex_v2_scoped_20260506:mv"": 7, ""background_complex_v2_scoped_20260506:triaxis"": 1, ""background_complex_v2_scoped_20260506:vv"": 1}",webdav://13730b09/발송4/범선/종말투어링/#07/bg/syt07_019.psd,32315_syt07_019.psd,발송4/범선/종말투어링/#07/bg/syt07_019.psd,발송4/범선/종말투어링/#07/bg,/Users/saintiron/Projects/Imagine/thumbnails/32315_syt07_019_thumb.png,psd,,,"A serene anime-style urban landscape featuring a bridge spanning a wide river under a bright blue sky with fluffy clouds, surrounded by lush greenery and distant cityscape.","[""anime"", ""bridge"", ""river"", ""cityscape"", ""summer"", ""peaceful"", ""urban"", ""blue sky"", ""green trees"", ""clouds"", ""modern architecture""]",background,urban,,,unknown_legacy,parse_fallback_legacy,"pre-fix: psd-tools failed, fell back to thumbnail-only",repair_required,parse_fallback_legacy,,,,,,,발송4/범선/종말투어링/#07/bg,visual:bg-complex-q0004:32315,diverse_rank=1; source_count=8; visual_group=visual:bg-complex-q0004:32315
bg-complex-q0004,종말투어링 #07/bg에서 교량 구조와 넓은 하늘이 함께 보이고 강이나 도로가 이어지는 야외 배경,complex,종말투어링/#07/bg,32361,1,"mv,triaxis,vv","{""mv"": 1, ""triaxis"": 16, ""vv"": 4}","{""background_complex_v2_scoped_20260506:mv"": 1, ""background_complex_v2_scoped_20260506:triaxis"": 16, ""background_complex_v2_scoped_20260506:vv"": 4}",webdav://13730b09/발송4/범선/종말투어링/#07/bg/syt07_066.psd,32361_syt07_066.psd,발송4/범선/종말투어링/#07/bg/syt07_066.psd,발송4/범선/종말투어링/#07/bg,/Users/saintiron/Projects/Imagine/thumbnails/32361_syt07_066_thumb.png,psd,,,Anime-style highway scene with tall grass in foreground and road signs under a bright blue sky.,"[""anime"", ""landscape"", ""road_signs"", ""grass"", ""blue_sky"", ""serene"", ""imagine_dl_9zbtvn86""]",illustration,,,,unknown_legacy,parse_fallback_legacy,"pre-fix: psd-tools failed, fell back to thumbnail-only",repair_required,parse_fallback_legacy,,,,,,,발송4/범선/종말투어링/#07/bg,visual:bg-complex-q0004:32361,diverse_rank=5; source_count=8; visual_group=visual:bg-complex-q0004:32361
bg-complex-q0004,종말투어링 #07/bg에서 교량 구조와 넓은 하늘이 함께 보이고 강이나 도로가 이어지는 야외 배경,complex,종말투어링/#07/bg,32320,6,"mv,triaxis","{""mv"": 6, ""triaxis"": 11}","{""background_complex_v2_scoped_20260506:mv"": 6, ""background_complex_v2_scoped_20260506:triaxis"": 11}",webdav://13730b09/발송4/범선/종말투어링/#07/bg/syt07_023.psd,32320_syt07_023.psd,발송4/범선/종말투어링/#07/bg/syt07_023.psd,발송4/범선/종말투어링/#07/bg,/Users/saintiron/Projects/Imagine/thumbnails/32320_syt07_023_thumb.png,psd,,,"Two characters stand beneath a wooden shrine structure surrounded by lush greenery and torii gates, evoking a serene, traditional Japanese setting.","[""anime"", ""shrine"", ""torii"", ""greenery"", ""peaceful"", ""traditional_japanese"", ""outdoor"", ""summer"", ""characters""]",background,outdoor,,,unknown_legacy,parse_fallback_legacy,"pre-fix: psd-tools failed, fell back to thumbnail-only",repair_required,parse_fallback_legacy,,,,,,,발송4/범선/종말투어링/#07/bg,visual:bg-complex-q0004:32320,diverse_rank=2; source_count=8; visual_group=visual:bg-complex-q0004:32320
bg-complex-q0004,종말투어링 #07/bg에서 교량 구조와 넓은 하늘이 함께 보이고 강이나 도로가 이어지는 야외 배경,complex,종말투어링/#07/bg,32496,6,triaxis,"{""triaxis"": 6}","{""background_complex_v2_scoped_20260506:triaxis"": 6}",webdav://13730b09/발송4/범선/종말투어링/#07/bg/syt07_207.psd,32496_syt07_207.psd,발송4/범선/종말투어링/#07/bg/syt07_207.psd,발송4/범선/종말투어링/#07/bg,/Users/saintiron/Projects/Imagine/thumbnails/32496_syt07_207_thumb.png,psd,,,"A starry night sky overlooks an ancient, overgrown ruin with moss-covered stone structures and broken columns.","[""night"", ""ruins"", ""stars"", ""moss"", ""ancient"", ""anime"", ""melancholic"", ""overgrown""]",background,outdoor,,,unknown_legacy,parse_fallback_legacy,"pre-fix: psd-tools failed, fell back to thumbnail-only",repair_required,parse_fallback_legacy,,,,,,,발송4/범선/종말투어링/#07/bg,visual:bg-complex-q0004:32496,diverse_rank=6; source_count=8; visual_group=visual:bg-complex-q0004:32496
bg-complex-q0004,종말투어링 #07/bg에서 교량 구조와 넓은 하늘이 함께 보이고 강이나 도로가 이어지는 야외 배경,complex,종말투어링/#07/bg,32312,11,mv,"{""mv"": 11}","{""background_complex_v2_scoped_20260506:mv"": 11}",webdav://13730b09/발송4/범선/종말투어링/#07/bg/syt07_017_026_BG1.psd,32312_syt07_017_026_BG1.psd,발송4/범선/종말투어링/#07/bg/syt07_017_026_BG1.psd,발송4/범선/종말투어링/#07/bg,/Users/saintiron/Projects/Imagine/thumbnails/32312_syt07_017_026_BG1_thumb.png,psd,,,"A serene shrine entrance with wooden torii gate and hanging prayer plaques, surrounded by lush greenery under bright sunlight.","[""shrine"", ""torii"", ""prayer_plaques"", ""forest"", ""traditional_japanese"", ""anime"", ""summer"", ""peaceful"", ""outdoor""]",background,outdoor,,,unknown_legacy,parse_fallback_legacy,"pre-fix: psd-tools failed, fell back to thumbnail-only",repair_required,parse_fallback_legacy,,,,,,,발송4/범선/종말투어링/#07/bg,visual:bg-complex-q0004:32312,diverse_rank=3; source_count=8; visual_group=visual:bg-complex-q0004:32312
bg-complex-q0004,종말투어링 #07/bg에서 교량 구조와 넓은 하늘이 함께 보이고 강이나 도로가 이어지는 야외 배경,complex,종말투어링/#07/bg,32359,11,"mv,vv","{""mv"": 38, ""vv"": 11}","{""background_complex_v2_scoped_20260506:mv"": 38, ""background_complex_v2_scoped_20260506:vv"": 11}",webdav://13730b09/발송4/범선/종말투어링/#07/bg/syt07_064.psd,32359_syt07_064.psd,발송4/범선/종말투어링/#07/bg/syt07_064.psd,발송4/범선/종말투어링/#07/bg,/Users/saintiron/Projects/Imagine/thumbnails/32359_syt07_064_thumb.png,psd,,,"A serene urban scene with power lines stretching across a bright blue sky dotted with fluffy clouds, framed by green trees and utility poles.","[""urban"", ""power_lines"", ""blue_sky"", ""clouds"", ""trees"", ""anime_style"", ""summer"", ""peaceful"", ""utility_poles""]",background,urban,,,unknown_legacy,parse_fallback_legacy,"pre-fix: psd-tools failed, fell back to thumbnail-only",repair_required,parse_fallback_legacy,,,,,,,발송4/범선/종말투어링/#07/bg,visual:bg-complex-q0004:32359,diverse_rank=7; source_count=8; visual_group=visual:bg-complex-q0004:32359
bg-complex-q0004,종말투어링 #07/bg에서 교량 구조와 넓은 하늘이 함께 보이고 강이나 도로가 이어지는 야외 배경,complex,종말투어링/#07/bg,32324,21,"fts,mv","{""fts"": 27, ""mv"": 21}","{""background_complex_v2_scoped_20260506:fts"": 27, ""background_complex_v2_scoped_20260506:mv"": 21}",webdav://13730b09/발송4/범선/종말투어링/#07/bg/syt07_029.psd,32324_syt07_029.psd,발송4/범선/종말투어링/#07/bg/syt07_029.psd,발송4/범선/종말투어링/#07/bg,/Users/saintiron/Projects/Imagine/thumbnails/32324_syt07_029_thumb.png,psd,,,"A wooden deck with creeping green vines under bright sunlight, suggesting a tranquil outdoor setting.","[""wooden_deck"", ""vines"", ""sunlight"", ""outdoor"", ""summer"", ""anime_style""]",background,rural,,,unknown_legacy,parse_fallback_legacy,"pre-fix: psd-tools failed, fell back to thumbnail-only",repair_required,parse_fallback_legacy,,,,,,,발송4/범선/종말투어링/#07/bg,visual:bg-complex-q0004:32321,diverse_rank=4; source_count=8; visual_group=visual:bg-complex-q0004:32321
bg-complex-q0004,종말투어링 #07/bg에서 교량 구조와 넓은 하늘이 함께 보이고 강이나 도로가 이어지는 야외 배경,complex,종말투어링/#07/bg,32441,21,vv,"{""vv"": 21}","{""background_complex_v2_scoped_20260506:vv"": 21}",webdav://13730b09/발송4/범선/종말투어링/#07/bg/syt07_142_210_BG1.psd,32441_syt07_142_210_BG1.psd,발송4/범선/종말투어링/#07/bg/syt07_142_210_BG1.psd,발송4/범선/종말투어링/#07/bg,/Users/saintiron/Projects/Imagine/thumbnails/32441_syt07_142_210_BG1_thumb.png,psd,,,"A panoramic anime-style landscape featuring a cityscape under a vibrant pink and purple sunset, with lush greenery in the foreground and a solitary tree-like structure in the distance.","[""landscape"", ""anime"", ""sunset"", ""cityscape"", ""greenery"", ""vibrant"", ""serene"", ""illustration""]",illustration,,,,unknown_legacy,parse_fallback_legacy,"pre-fix: psd-tools failed, fell back to thumbnail-only",repair_required,parse_fallback_legacy,,,,,,,발송4/범선/종말투어링/#07/bg,visual:bg-complex-q0004:32441,diverse_rank=8; source_count=8; visual_group=visual:bg-complex-q0004:32441
bg-complex-q0005,크랑베르무 마을에서 밤하늘과 거리 조명이 함께 보이는 조용한 마을 배경,complex,크랑베르무/장소/마을,41962,1,fts,"{""fts"": 1}","{""background_complex_v2_scoped_20260506:fts"": 1}",webdav://13730b09/예비/크랑베르무/장소/마을/grb08_091.psd,41962_grb08_091.psd,예비/크랑베르무/장소/마을/grb08_091.psd,webdav:/13730b09/예비/크랑베르무/장소/마을,/Users/saintiron/Projects/Imagine/thumbnails/41962_grb08_091_thumb.png,psd,,,unknown,[],character,,,,unknown_legacy,parse_fallback_legacy,"pre-fix: psd-tools failed, fell back to thumbnail-only",repair_required,parse_fallback_legacy,,,,,,,webdav:/13730b09/예비/크랑베르무/장소/마을,visual:bg-complex-q0005:41962,diverse_rank=1; source_count=8; visual_group=visual:bg-complex-q0005:41962
bg-complex-q0005,크랑베르무 마을에서 밤하늘과 거리 조명이 함께 보이는 조용한 마을 배경,complex,크랑베르무/장소/마을,41993,1,"fts,mv,triaxis,vv","{""fts"": 11, ""mv"": 8, ""triaxis"": 1, ""vv"": 11}","{""background_complex_v2_scoped_20260506:fts"": 11, ""background_complex_v2_scoped_20260506:mv"": 8, ""background_complex_v2_scoped_20260506:triaxis"": 1, ""background_complex_v2_scoped_20260506:vv"": 11}",webdav://13730b09/예비/크랑베르무/장소/마을/grb11_055.psd,41993_grb11_055.psd,예비/크랑베르무/장소/마을/grb11_055.psd,webdav:/13730b09/예비/크랑베르무/장소/마을,/Users/saintiron/Projects/Imagine/thumbnails/41993_grb11_055_thumb.png,psd,,,A quiet residential street under a starry night sky.,"[""night"", ""street"", ""stars"", ""residential"", ""anime"", ""blue"", ""road"", ""sky""]",background,,,,unknown_legacy,parse_fallback_legacy,"pre-fix: psd-tools failed, fell back to thumbnail-only",repair_required,parse_fallback_legacy,,,,,,,webdav:/13730b09/예비/크랑베르무/장소/마을,visual:bg-complex-q0005:41993,diverse_rank=5; source_count=8; visual_group=visual:bg-complex-q0005:41993
bg-complex-q0005,크랑베르무 마을에서 밤하늘과 거리 조명이 함께 보이는 조용한 마을 배경,complex,크랑베르무/장소/마을,41944,6,fts,"{""fts"": 6}","{""background_complex_v2_scoped_20260506:fts"": 6}",webdav://13730b09/예비/크랑베르무/장소/마을/grb06_211.psd,41944_grb06_211.psd,예비/크랑베르무/장소/마을/grb06_211.psd,webdav:/13730b09/예비/크랑베르무/장소/마을,/Users/saintiron/Projects/Imagine/thumbnails/41944_grb06_211_thumb.png,psd,,,Anime girl sketch visible through glass with blue tint,"[""anime"", ""girl"", ""blue"", ""glass"", ""sketch"", ""mysterious""]",illustration,,,,unknown_legacy,parse_fallback_legacy,"pre-fix: psd-tools failed, fell back to thumbnail-only",repair_required,parse_fallback_legacy,,,,,,,webdav:/13730b09/예비/크랑베르무/장소/마을,visual:bg-complex-q0005:41944,diverse_rank=2; source_count=8; visual_group=visual:bg-complex-q0005:41944
bg-complex-q0005,크랑베르무 마을에서 밤하늘과 거리 조명이 함께 보이는 조용한 마을 배경,complex,크랑베르무/장소/마을,41856,7,fts,"{""fts"": 7}","{""background_complex_v2_scoped_20260506:fts"": 7}",webdav://13730b09/예비/크랑베르무/장소/마을/grb02_129.psd,41856_grb02_129.psd,예비/크랑베르무/장소/마을/grb02_129.psd,webdav:/13730b09/예비/크랑베르무/장소/마을,/Users/saintiron/Projects/Imagine/thumbnails/41856_grb02_129_thumb.png,psd,,,A hand-drawn paper object with colored lines on a textured gray background.,[],item,,,,unknown_legacy,parse_fallback_legacy,"pre-fix: psd-tools failed, fell back to thumbnail-only",repair_required,parse_fallback_legacy,,,,,,,webdav:/13730b09/예비/크랑베르무/장소/마을,visual:bg-complex-q0005:41856,diverse_rank=6; source_count=8; visual_group=visual:bg-complex-q0005:41856
bg-complex-q0005,크랑베르무 마을에서 밤하늘과 거리 조명이 함께 보이는 조용한 마을 배경,complex,크랑베르무/장소/마을,41977,11,"mv,triaxis,vv","{""mv"": 11, ""triaxis"": 16, ""vv"": 15}","{""background_complex_v2_scoped_20260506:mv"": 11, ""background_complex_v2_scoped_20260506:triaxis"": 16, ""background_complex_v2_scoped_20260506:vv"": 15}",webdav://13730b09/예비/크랑베르무/장소/마을/grb01_004.psd,41977_grb01_004.psd,예비/크랑베르무/장소/마을/grb01_004.psd,webdav:/13730b09/예비/크랑베르무/장소/마을,/Users/saintiron/Projects/Imagine/thumbnails/41977_grb01_004_thumb.png,psd,,,"A dimly lit, high-angle view of a residential neighborhood at dusk or night, with a curved road winding through houses that have their lights on.","[""residential neighborhood"", ""night scene"", ""curved road"", ""houses with lights"", ""dusk"", ""urban landscape"", ""illustration"", ""quiet evening"", ""street lighting"", ""nighttime""]",,,,,unknown_legacy,parse_fallback_legacy,"pre-fix: psd-tools failed, fell back to thumbnail-only",repair_required,parse_fallback_legacy,,,,,,,webdav:/13730b09/예비/크랑베르무/장소/마을,visual:bg-complex-q0005:41977,diverse_rank=3; source_count=8; visual_group=visual:bg-complex-q0005:41977
bg-complex-q0005,크랑베르무 마을에서 밤하늘과 거리 조명이 함께 보이는 조용한 마을 배경,complex,크랑베르무/장소/마을,42000,11,"mv,triaxis,vv","{""mv"": 14, ""triaxis"": 11, ""vv"": 16}","{""background_complex_v2_scoped_20260506:mv"": 14, ""background_complex_v2_scoped_20260506:triaxis"": 11, ""background_complex_v2_scoped_20260506:vv"": 16}",webdav://13730b09/예비/크랑베르무/장소/마을/grb11_102.psd,42000_grb11_102.psd,예비/크랑베르무/장소/마을/grb11_102.psd,webdav:/13730b09/예비/크랑베르무/장소/마을,/Users/saintiron/Projects/Imagine/thumbnails/42000_grb11_102_thumb.png,psd,,,"A serene night scene of a small convenience store called 'Waku Mart' under a starry sky, illuminated by warm streetlights and glowing windows.","[""night"", ""convenience store"", ""stars"", ""Japanese"", ""urban"", ""calm"", ""illuminated"", ""street lamp"", ""residential"", ""anime aesthetic""]",,,,,unknown_legacy,parse_fallback_legacy,"pre-fix: psd-tools failed, fell back to thumbnail-only",repair_required,parse_fallback_legacy,,,,,,,webdav:/13730b09/예비/크랑베르무/장소/마을,visual:bg-complex-q0005:42000,diverse_rank=7; source_count=8; visual_group=visual:bg-complex-q0005:42000
bg-complex-q0005,크랑베르무 마을에서 밤하늘과 거리 조명이 함께 보이는 조용한 마을 배경,complex,크랑베르무/장소/마을,41875,21,"triaxis,vv","{""triaxis"": 23, ""vv"": 21}","{""background_complex_v2_scoped_20260506:triaxis"": 23, ""background_complex_v2_scoped_20260506:vv"": 21}",webdav://13730b09/예비/크랑베르무/장소/마을/grb03_026.psd,41875_grb03_026.psd,예비/크랑베르무/장소/마을/grb03_026.psd,webdav:/13730b09/예비/크랑베르무/장소/마을,/Users/saintiron/Projects/Imagine/thumbnails/41875_grb03_026_thumb.png,psd,,,"Anime-style illustration of a quiet residential street in Japan, featuring houses, vending machines, and a clear blue sky.","[""anime"", ""residential street"", ""vending machine"", ""Japanese neighborhood"", ""blue sky"", ""calm"", ""everyday life""]",illustration,,,,unknown_legacy,parse_fallback_legacy,"pre-fix: psd-tools failed, fell back to thumbnail-only",repair_required,parse_fallback_legacy,,,,,,,webdav:/13730b09/예비/크랑베르무/장소/마을,visual:bg-complex-q0005:41875,diverse_rank=4; source_count=8; visual_group=visual:bg-complex-q0005:41875
bg-complex-q0005,크랑베르무 마을에서 밤하늘과 거리 조명이 함께 보이는 조용한 마을 배경,complex,크랑베르무/장소/마을,41951,21,"mv,triaxis,vv","{""mv"": 21, ""triaxis"": 22, ""vv"": 38}","{""background_complex_v2_scoped_20260506:mv"": 21, ""background_complex_v2_scoped_20260506:triaxis"": 22, ""background_complex_v2_scoped_20260506:vv"": 38}",webdav://13730b09/예비/크랑베르무/장소/마을/grb07_050.psd,41951_grb07_050.psd,예비/크랑베르무/장소/마을/grb07_050.psd,webdav:/13730b09/예비/크랑베르무/장소/마을,/Users/saintiron/Projects/Imagine/thumbnails/41951_grb07_050_thumb.png,psd,,,"A serene anime-style nighttime scene of a bridge over water, illuminated by streetlights, with a glowing moon and distant cityscape under a purple sky.","[""anime"", ""night"", ""bridge"", ""moon"", ""cityscape"", ""water"", ""streetlights"", ""serene"", ""tranquil"", ""purple sky"", ""illustration"", ""imagine_dl_cq67tlim""]",illustration,,,,unknown_legacy,parse_fallback_legacy,"pre-fix: psd-tools failed, fell back to thumbnail-only",repair_required,parse_fallback_legacy,,,,,,,webdav:/13730b09/예비/크랑베르무/장소/마을,visual:bg-complex-q0005:41951,diverse_rank=8; source_count=8; visual_group=visual:bg-complex-q0005:41951
bg-complex-q0006,후시 늪지대에서 숲과 안개가 함께 보이고 물가나 습지 분위기가 강한 배경,complex,후시/장소/늪지대,34892,1,"fts,mv,triaxis,vv","{""fts"": 11, ""mv"": 35, ""triaxis"": 18, ""vv"": 1}","{""background_complex_v2_scoped_20260506:fts"": 11, ""background_complex_v2_scoped_20260506:mv"": 35, ""background_complex_v2_scoped_20260506:triaxis"": 18, ""background_complex_v2_scoped_20260506:vv"": 1}",webdav://13730b09/발송4/범선/작품 쫑/후시/장소/늪지대/nfb09_146.psd,34892_nfb09_146.psd,발송4/범선/작품 쫑/후시/장소/늪지대/nfb09_146.psd,webdav:/13730b09/발송4/범선/작품 쫑/후시/장소/늪지대,/Users/saintiron/Projects/Imagine/thumbnails/34892_nfb09_146_thumb.png,psd,,,"A misty, desolate valley with bare trees and crumbling stone structures under a gloomy sky.","[""fantasy"", ""valley"", ""fog"", ""autumn"", ""melancholic"", ""painterly"", ""twilight""]",background,fantasy,,,unknown_legacy,parse_fallback_legacy,"pre-fix: psd-tools failed, fell back to thumbnail-only",repair_required,parse_fallback_legacy,,,,,,,webdav:/13730b09/발송4/범선/작품 쫑/후시/장소/늪지대,visual:bg-complex-q0006:34892,diverse_rank=1; source_count=8; visual_group=visual:bg-complex-q0006:34892
bg-complex-q0006,후시 늪지대에서 숲과 안개가 함께 보이고 물가나 습지 분위기가 강한 배경,complex,후시/장소/늪지대,34897,1,"fts,mv,triaxis,vv","{""fts"": 46, ""mv"": 2, ""triaxis"": 1, ""vv"": 23}","{""background_complex_v2_scoped_20260506:fts"": 46, ""background_complex_v2_scoped_20260506:mv"": 2, ""background_complex_v2_scoped_20260506:triaxis"": 1, ""background_complex_v2_scoped_20260506:vv"": 23}",webdav://13730b09/발송4/범선/작품 쫑/후시/장소/늪지대/nfb09_151.psd,34897_nfb09_151.psd,발송4/범선/작품 쫑/후시/장소/늪지대/nfb09_151.psd,webdav:/13730b09/발송4/범선/작품 쫑/후시/장소/늪지대,/Users/saintiron/Projects/Imagine/thumbnails/34897_nfb09_151_thumb.png,psd,,,"A foggy, green-hued river with tall grasses lining the banks, evoking a quiet, mysterious atmosphere.","[""fog"", ""river"", ""grass"", ""twilight"", ""melancholic"", ""3d_render"", ""green_tones""]",background,outdoor,,,unknown_legacy,parse_fallback_legacy,"pre-fix: psd-tools failed, fell back to thumbnail-only",repair_required,parse_fallback_legacy,,,,,,,webdav:/13730b09/발송4/범선/작품 쫑/후시/장소/늪지대,visual:bg-complex-q0006:34897,diverse_rank=4; source_count=8; visual_group=visual:bg-complex-q0006:34897
bg-complex-q0006,후시 늪지대에서 숲과 안개가 함께 보이고 물가나 습지 분위기가 강한 배경,complex,후시/장소/늪지대,34920,1,"fts,mv,triaxis,vv","{""fts"": 48, ""mv"": 1, ""triaxis"": 28, ""vv"": 41}","{""background_complex_v2_scoped_20260506:fts"": 48, ""background_complex_v2_scoped_20260506:mv"": 1, ""background_complex_v2_scoped_20260506:triaxis"": 28, ""background_complex_v2_scoped_20260506:vv"": 41}",webdav://13730b09/발송4/범선/작품 쫑/후시/장소/늪지대/nfb09_175.psd,34920_nfb09_175.psd,발송4/범선/작품 쫑/후시/장소/늪지대/nfb09_175.psd,webdav:/13730b09/발송4/범선/작품 쫑/후시/장소/늪지대,/Users/saintiron/Projects/Imagine/thumbnails/34920_nfb09_175_thumb.png,psd,,,"A murky, green-tinted underwater scene with swirling currents and faint light filtering through the water.","[""underwater"", ""foggy"", ""green_tint"", ""ethereal"", ""3d_render"", ""water"", ""currents""]",background,underwater,,,unknown_legacy,parse_fallback_legacy,"pre-fix: psd-tools failed, fell back to thumbnail-only",repair_required,parse_fallback_legacy,,,,,,,webdav:/13730b09/발송4/범선/작품 쫑/후시/장소/늪지대,visual:bg-complex-q0006:34920,diverse_rank=8; source_count=8; visual_group=visual:bg-complex-q0006:34920
bg-complex-q0006,후시 늪지대에서 숲과 안개가 함께 보이고 물가나 습지 분위기가 강한 배경,complex,후시/장소/늪지대,34933,6,"mv,triaxis,vv","{""mv"": 6, ""triaxis"": 7, ""vv"": 26}","{""background_complex_v2_scoped_20260506:mv"": 6, ""background_complex_v2_scoped_20260506:triaxis"": 7, ""background_complex_v2_scoped_20260506:vv"": 26}",webdav://13730b09/발송4/범선/작품 쫑/후시/장소/늪지대/nfb09_185.psd,34933_nfb09_185.psd,발송4/범선/작품 쫑/후시/장소/늪지대/nfb09_185.psd,webdav:/13730b09/발송4/범선/작품 쫑/후시/장소/늪지대,/Users/saintiron/Projects/Imagine/thumbnails/34933_nfb09_185_thumb.png,psd,,,"A ghostly figure stands by a misty pond in a barren forest, with a wooden dock extending into the water.","[""fantasy"", ""ghost"", ""pond"", ""forest"", ""fog"", ""winter"", ""melancholic"", ""anime"", ""twilight"", ""wooden_dock""]",background,fantasy,,,unknown_legacy,parse_fallback_legacy,"pre-fix: psd-tools failed, fell back to thumbnail-only",repair_required,parse_fallback_legacy,,,,,,,webdav:/13730b09/발송4/범선/작품 쫑/후시/장소/늪지대,visual:bg-complex-q0006:34933,diverse_rank=5; source_count=8; visual_group=visual:bg-complex-q0006:34933
bg-complex-q0006,후시 늪지대에서 숲과 안개가 함께 보이고 물가나 습지 분위기가 강한 배경,complex,후시/장소/늪지대,34910,11,"fts,mv,triaxis,vv","{""fts"": 36, ""mv"": 11, ""triaxis"": 49, ""vv"": 19}","{""background_complex_v2_scoped_20260506:fts"": 36, ""background_complex_v2_scoped_20260506:mv"": 11, ""background_complex_v2_scoped_20260506:triaxis"": 49, ""background_complex_v2_scoped_20260506:vv"": 19}",webdav://13730b09/발송4/범선/작품 쫑/후시/장소/늪지대/nfb09_165.psd,34910_nfb09_165.psd,발송4/범선/작품 쫑/후시/장소/늪지대/nfb09_165.psd,webdav:/13730b09/발송4/범선/작품 쫑/후시/장소/늪지대,/Users/saintiron/Projects/Imagine/thumbnails/34910_nfb09_165_thumb.png,psd,,,"A desolate forest under a heavy, stormy sky, with bare, twisted trees reaching toward a gloomy horizon.","[""forest"", ""stormy"", ""winter"", ""melancholic"", ""anime"", ""dark"", ""bare_trees"", ""twilight""]",background,outdoor,,,unknown_legacy,parse_fallback_legacy,"pre-fix: psd-tools failed, fell back to thumbnail-only",repair_required,parse_fallback_legacy,,,,,,,webdav:/13730b09/발송4/범선/작품 쫑/후시/장소/늪지대,visual:bg-complex-q0006:34910,diverse_rank=2; source_count=8; visual_group=visual:bg-complex-q0006:34910
bg-complex-q0006,후시 늪지대에서 숲과 안개가 함께 보이고 물가나 습지 분위기가 강한 배경,complex,후시/장소/늪지대,34911,12,"fts,triaxis,vv","{""fts"": 37, ""triaxis"": 12, ""vv"": 15}","{""background_complex_v2_scoped_20260506:fts"": 37, ""background_complex_v2_scoped_20260506:triaxis"": 12, ""background_complex_v2_scoped_20260506:vv"": 15}",webdav://13730b09/발송4/범선/작품 쫑/후시/장소/늪지대/nfb09_166.psd,34911_nfb09_166.psd,발송4/범선/작품 쫑/후시/장소/늪지대/nfb09_166.psd,webdav:/13730b09/발송4/범선/작품 쫑/후시/장소/늪지대,/Users/saintiron/Projects/Imagine/thumbnails/34911_nfb09_166_thumb.png,psd,,,"A misty forest with ghostly figures emerging among ancient trees, evoking a haunting, ethereal atmosphere.","[""fantasy"", ""forest"", ""fog"", ""ghostly"", ""anime"", ""ethereal"", ""twilight"", ""monochrome"", ""mood"", ""concept_art""]",background,fantasy,,,unknown_legacy,parse_fallback_legacy,"pre-fix: psd-tools failed, fell back to thumbnail-only",repair_required,parse_fallback_legacy,,,,,,,webdav:/13730b09/발송4/범선/작품 쫑/후시/장소/늪지대,visual:bg-complex-q0006:34911,diverse_rank=6; source_count=8; visual_group=visual:bg-complex-q0006:34911
bg-complex-q0006,후시 늪지대에서 숲과 안개가 함께 보이고 물가나 습지 분위기가 강한 배경,complex,후시/장소/늪지대,34938,21,"fts,triaxis,vv","{""fts"": 49, ""triaxis"": 21, ""vv"": 28}","{""background_complex_v2_scoped_20260506:fts"": 49, ""background_complex_v2_scoped_20260506:triaxis"": 21, ""background_complex_v2_scoped_20260506:vv"": 28}",webdav://13730b09/발송4/범선/작품 쫑/후시/장소/늪지대/nfb09_210.psd,34938_nfb09_210.psd,발송4/범선/작품 쫑/후시/장소/늪지대/nfb09_210.psd,webdav:/13730b09/발송4/범선/작품 쫑/후시/장소/늪지대,/Users/saintiron/Projects/Imagine/thumbnails/34938_nfb09_210_thumb.png,psd,,,"A misty, haunting forest with bare, twisted trees and a ghostly hand reaching through the fog.","[""fantasy"", ""forest"", ""fog"", ""ghostly"", ""twilight"", ""anime"", ""ethereal"", ""autumn"", ""mood"", ""concept_art""]",background,fantasy,,,unknown_legacy,parse_fallback_legacy,"pre-fix: psd-tools failed, fell back to thumbnail-only",repair_required,parse_fallback_legacy,,,,,,,webdav:/13730b09/발송4/범선/작품 쫑/후시/장소/늪지대,visual:bg-complex-q0006:34938,diverse_rank=3; source_count=8; visual_group=visual:bg-complex-q0006:34938
bg-complex-q0006,후시 늪지대에서 숲과 안개가 함께 보이고 물가나 습지 분위기가 강한 배경,complex,후시/장소/늪지대,34972,21,"fts,mv","{""fts"": 43, ""mv"": 21}","{""background_complex_v2_scoped_20260506:fts"": 43, ""background_complex_v2_scoped_20260506:mv"": 21}",webdav://13730b09/발송4/범선/작품 쫑/후시/장소/늪지대/nfb09_248.psd,34972_nfb09_248.psd,발송4/범선/작품 쫑/후시/장소/늪지대/nfb09_248.psd,webdav:/13730b09/발송4/범선/작품 쫑/후시/장소/늪지대,/Users/saintiron/Projects/Imagine/thumbnails/34972_nfb09_248_thumb.png,psd,,,"Two colossal figures face off against a stormy sky, rendered in sketch form with stark, dramatic lines.","[""action_scene"", ""sketch"", ""monochrome"", ""dark"", ""fantasy"", ""battle"", ""monster"", ""hero"", ""stormy_background""]",illustration,,,,unknown_legacy,parse_fallback_legacy,"pre-fix: psd-tools failed, fell back to thumbnail-only",repair_required,parse_fallback_legacy,,,,,,,webdav:/13730b09/발송4/범선/작품 쫑/후시/장소/늪지대,visual:bg-complex-q0006:34972,diverse_rank=7; source_count=8; visual_group=visual:bg-complex-q0006:34972
bg-complex-q0007,안나의집에서 커튼과 창문이 함께 보이고 따뜻한 실내 조명이 느껴지는 방 배경,complex,안나의집,41072,1,"mv,triaxis,vv","{""mv"": 4, ""triaxis"": 3, ""vv"": 1}","{""background_complex_v2_scoped_20260506:mv"": 4, ""background_complex_v2_scoped_20260506:triaxis"": 3, ""background_complex_v2_scoped_20260506:vv"": 1}",webdav://13730b09/예비/크랑베르무/장소/안나의집/grb06_079.psd,41072_grb06_079.psd,예비/크랑베르무/장소/안나의집/grb06_079.psd,webdav:/13730b09/예비/크랑베르무/장소/안나의집,/Users/saintiron/Projects/Imagine/thumbnails/41072_grb06_079_thumb.png,psd,,,"A dimly lit classic dining room with a window, curtains, and furniture casting shadows.","[""Interior"", ""Dining room"", ""Classic"", ""Anime"", ""Overcast"", ""Mysterious"", ""Red carpet"", ""Blue curtains"", ""Wooden furniture""]",background,Interior,Day,Overcast,unknown_legacy,parse_fallback_legacy,"pre-fix: psd-tools failed, fell back to thumbnail-only",repair_required,parse_fallback_legacy,,,,,,,webdav:/13730b09/예비/크랑베르무/장소/안나의집,visual:bg-complex-q0007:41072,diverse_rank=1; source_count=8; visual_group=visual:bg-complex-q0007:41072
bg-complex-q0007,안나의집에서 커튼과 창문이 함께 보이고 따뜻한 실내 조명이 느껴지는 방 배경,complex,안나의집,41087,1,"mv,triaxis,vv","{""mv"": 1, ""triaxis"": 8, ""vv"": 27}","{""background_complex_v2_scoped_20260506:mv"": 1, ""background_complex_v2_scoped_20260506:triaxis"": 8, ""background_complex_v2_scoped_20260506:vv"": 27}",webdav://13730b09/예비/크랑베르무/장소/안나의집/grb06_095_109.psd,41087_grb06_095_109.psd,예비/크랑베르무/장소/안나의집/grb06_095_109.psd,webdav:/13730b09/예비/크랑베르무/장소/안나의집,/Users/saintiron/Projects/Imagine/thumbnails/41087_grb06_095_109_thumb.png,psd,,,"A dimly lit, ornate room with wooden paneling, framed paintings, and a fireplace with flowers.","[""Interior"", ""Classical"", ""Anime"", ""Mysterious"", ""Dim Lighting""]",background,Interior,Night,Unknown,unknown_legacy,parse_fallback_legacy,"pre-fix: psd-tools failed, fell back to thumbnail-only",repair_required,parse_fallback_legacy,,,,,,,webdav:/13730b09/예비/크랑베르무/장소/안나의집,visual:bg-complex-q0007:41087,diverse_rank=5; source_count=8; visual_group=visual:bg-complex-q0007:41087
bg-complex-q0007,안나의집에서 커튼과 창문이 함께 보이고 따뜻한 실내 조명이 느껴지는 방 배경,complex,안나의집,41095,6,fts,"{""fts"": 6}","{""background_complex_v2_scoped_20260506:fts"": 6}",webdav://13730b09/예비/크랑베르무/장소/안나의집/grb06_103.psd,41095_grb06_103.psd,예비/크랑베르무/장소/안나의집/grb06_103.psd,webdav:/13730b09/예비/크랑베르무/장소/안나의집,/Users/saintiron/Projects/Imagine/thumbnails/41095_grb06_103_thumb.png,psd,,,Anime character sketch with layered lineart and background elements,"[""anime"", ""character"", ""lineart"", ""background"", ""illustration"", ""studio"", ""drawing""]",illustration,,,,unknown_legacy,parse_fallback_legacy,"pre-fix: psd-tools failed, fell back to thumbnail-only",repair_required,parse_fallback_legacy,,,,,,,webdav:/13730b09/예비/크랑베르무/장소/안나의집,visual:bg-complex-q0007:41095,diverse_rank=2; source_count=8; visual_group=visual:bg-complex-q0007:41095
bg-complex-q0007,안나의집에서 커튼과 창문이 함께 보이고 따뜻한 실내 조명이 느껴지는 방 배경,complex,안나의집,41148,6,"mv,triaxis","{""mv"": 6, ""triaxis"": 15}","{""background_complex_v2_scoped_20260506:mv"": 6, ""background_complex_v2_scoped_20260506:triaxis"": 15}",webdav://13730b09/예비/크랑베르무/장소/안나의집/grb06_172.psd,41148_grb06_172.psd,예비/크랑베르무/장소/안나의집/grb06_172.psd,webdav:/13730b09/예비/크랑베르무/장소/안나의집,/Users/saintiron/Projects/Imagine/thumbnails/41148_grb06_172_thumb.png,psd,,,"A quiet residential street at night, with a house illuminated by a warm light from its window, surrounded by a fence and lush greenery.","[""night"", ""residential"", ""anime"", ""quiet"", ""window light"", ""fence"", ""greenery"", ""mountains in background""]",background,Cities,night,clear,unknown_legacy,parse_fallback_legacy,"pre-fix: psd-tools failed, fell back to thumbnail-only",repair_required,parse_fallback_legacy,,,,,,,webdav:/13730b09/예비/크랑베르무/장소/안나의집,visual:bg-complex-q0007:41148,diverse_rank=6; source_count=8; visual_group=visual:bg-complex-q0007:41148
bg-complex-q0007,안나의집에서 커튼과 창문이 함께 보이고 따뜻한 실내 조명이 느껴지는 방 배경,complex,안나의집,41149,11,fts,"{""fts"": 11}","{""background_complex_v2_scoped_20260506:fts"": 11}",webdav://13730b09/예비/크랑베르무/장소/안나의집/grb06_173.psd,41149_grb06_173.psd,예비/크랑베르무/장소/안나의집/grb06_173.psd,webdav:/13730b09/예비/크랑베르무/장소/안나의집,/Users/saintiron/Projects/Imagine/thumbnails/41149_grb06_173_thumb.png,psd,,,"Anime character face sketch with emotional expression, labeled as '1st draft'.","[""anime"", ""lineart"", ""sketch"", ""melancholic"", ""1st draft""]",illustration,,,,unknown_legacy,parse_fallback_legacy,"pre-fix: psd-tools failed, fell back to thumbnail-only",repair_required,parse_fallback_legacy,,,,,,,webdav:/13730b09/예비/크랑베르무/장소/안나의집,visual:bg-complex-q0007:41149,diverse_rank=3; source_count=8; visual_group=visual:bg-complex-q0007:41149
bg-complex-q0007,안나의집에서 커튼과 창문이 함께 보이고 따뜻한 실내 조명이 느껴지는 방 배경,complex,안나의집,41215,11,"mv,triaxis,vv","{""mv"": 27, ""triaxis"": 11, ""vv"": 11}","{""background_complex_v2_scoped_20260506:mv"": 27, ""background_complex_v2_scoped_20260506:triaxis"": 11, ""background_complex_v2_scoped_20260506:vv"": 11}",webdav://13730b09/예비/크랑베르무/장소/안나의집/grb06_287.psd,41215_grb06_287.psd,예비/크랑베르무/장소/안나의집/grb06_287.psd,webdav:/13730b09/예비/크랑베르무/장소/안나의집,/Users/saintiron/Projects/Imagine/thumbnails/41215_grb06_287_thumb.png,psd,,,A wooden chair with a vase of flowers sits near a window with blue curtains in a warmly lit room.,"[""chair"", ""flower"", ""window"", ""curtain"", ""wooden"", ""illustration"", ""calm"", ""blue"", ""brown""]",illustration,,,,unknown_legacy,parse_fallback_legacy,"pre-fix: psd-tools failed, fell back to thumbnail-only",repair_required,parse_fallback_legacy,,,,,,,webdav:/13730b09/예비/크랑베르무/장소/안나의집,visual:bg-complex-q0007:41215,diverse_rank=7; source_count=8; visual_group=visual:bg-complex-q0007:41215
bg-complex-q0007,안나의집에서 커튼과 창문이 함께 보이고 따뜻한 실내 조명이 느껴지는 방 배경,complex,안나의집,41159,21,"mv,triaxis","{""mv"": 21, ""triaxis"": 47}","{""background_complex_v2_scoped_20260506:mv"": 21, ""background_complex_v2_scoped_20260506:triaxis"": 47}",webdav://13730b09/예비/크랑베르무/장소/안나의집/grb06_227.psd,41159_grb06_227.psd,예비/크랑베르무/장소/안나의집/grb06_227.psd,webdav:/13730b09/예비/크랑베르무/장소/안나의집,/Users/saintiron/Projects/Imagine/thumbnails/41159_grb06_227_thumb.png,psd,,,"A cozy, ornate room with red upholstered chairs arranged around a fireplace, featuring bookshelves and framed artwork on yellow walls.","[""anime"", ""interior"", ""formal"", ""fireplace"", ""red chairs"", ""bookshelf"", ""ornate"", ""elegant"", ""cozy""]",illustration,,,,unknown_legacy,parse_fallback_legacy,"pre-fix: psd-tools failed, fell back to thumbnail-only",repair_required,parse_fallback_legacy,,,,,,,webdav:/13730b09/예비/크랑베르무/장소/안나의집,visual:bg-complex-q0007:41159,diverse_rank=4; source_count=8; visual_group=visual:bg-complex-q0007:41159
bg-complex-q0007,안나의집에서 커튼과 창문이 함께 보이고 따뜻한 실내 조명이 느껴지는 방 배경,complex,안나의집,41208,21,fts,"{""fts"": 21}","{""background_complex_v2_scoped_20260506:fts"": 21}",webdav://13730b09/예비/크랑베르무/장소/안나의집/grb06_279.psd,41208_grb06_279.psd,예비/크랑베르무/장소/안나의집/grb06_279.psd,webdav:/13730b09/예비/크랑베르무/장소/안나의집,/Users/saintiron/Projects/Imagine/thumbnails/41208_grb06_279_thumb.png,psd,,,A minimalist abstract background with a solid purple hue.,"[""abstract"", ""minimalist"", ""purple"", ""flat"", ""digital""]",background,abstract,unknown,unknown,unknown_legacy,parse_fallback_legacy,"pre-fix: psd-tools failed, fell back to thumbnail-only",repair_required,parse_fallback_legacy,,,,,,,webdav:/13730b09/예비/크랑베르무/장소/안나의집,visual:bg-complex-q0007:41208,diverse_rank=8; source_count=8; visual_group=visual:bg-complex-q0007:41208
bg-complex-q0008,"작품 쫑 후시 장소/숲,자연에서 높은 나무와 밤 분위기가 함께 보이는 숲 배경",complex,"후시/장소/숲,자연",33235,1,triaxis,"{""triaxis"": 1}","{""background_complex_v2_scoped_20260506:triaxis"": 1}","webdav://13730b09/발송4/범선/작품 쫑/후시/장소/숲,자연/nfb03_153.psd",33235_nfb03_153.psd,"발송4/범선/작품 쫑/후시/장소/숲,자연/nfb03_153.psd","webdav:/13730b09/발송4/범선/작품 쫑/후시/장소/숲,자연",/Users/saintiron/Projects/Imagine/thumbnails/33235_nfb03_153_thumb.png,psd,,,"Anime-style illustration of a child standing in a misty forest with tall trees and rocks, featuring layered lineart and color work.","[""anime"", ""forest"", ""child"", ""misty"", ""lineart"", ""colors"", ""serene""]",illustration,,,,unknown_legacy,parse_fallback_legacy,"pre-fix: psd-tools failed, fell back to thumbnail-only",repair_required,parse_fallback_legacy,,,,,,,"webdav:/13730b09/발송4/범선/작품 쫑/후시/장소/숲,자연",visual:bg-complex-q0008:33235,diverse_rank=1; source_count=8; visual_group=visual:bg-complex-q0008:33235
bg-complex-q0008,"작품 쫑 후시 장소/숲,자연에서 높은 나무와 밤 분위기가 함께 보이는 숲 배경",complex,"후시/장소/숲,자연",33267,1,mv,"{""mv"": 1}","{""background_complex_v2_scoped_20260506:mv"": 1}","webdav://13730b09/발송4/범선/작품 쫑/후시/장소/숲,자연/nfb08_137.psd",33267_nfb08_137.psd,"발송4/범선/작품 쫑/후시/장소/숲,자연/nfb08_137.psd","webdav:/13730b09/발송4/범선/작품 쫑/후시/장소/숲,자연",/Users/saintiron/Projects/Imagine/thumbnails/33267_nfb08_137_thumb.png,psd,,,"A tranquil sunset scene with a large tree in the foreground, a dirt path winding through greenery, and distant mountains under a vibrant orange and purple sky.","[""anime"", ""sunset"", ""nature"", ""tree"", ""mountains"", ""path"", ""serene"", ""warm colors"", ""forested landscape""]",background,Outdoor,sunset,clear,unknown_legacy,parse_fallback_legacy,"pre-fix: psd-tools failed, fell back to thumbnail-only",repair_required,parse_fallback_legacy,,,,,,,"webdav:/13730b09/발송4/범선/작품 쫑/후시/장소/숲,자연",visual:bg-complex-q0008:33267,diverse_rank=5; source_count=8; visual_group=visual:bg-complex-q0008:33267
bg-complex-q0008,"작품 쫑 후시 장소/숲,자연에서 높은 나무와 밤 분위기가 함께 보이는 숲 배경",complex,"후시/장소/숲,자연",33358,1,"mv,vv","{""mv"": 44, ""vv"": 1}","{""background_complex_v2_scoped_20260506:mv"": 44, ""background_complex_v2_scoped_20260506:vv"": 1}","webdav://13730b09/발송4/범선/작품 쫑/후시/장소/숲,자연/nfb12_091.psd",33358_nfb12_091.psd,"발송4/범선/작품 쫑/후시/장소/숲,자연/nfb12_091.psd","webdav:/13730b09/발송4/범선/작품 쫑/후시/장소/숲,자연",/Users/saintiron/Projects/Imagine/thumbnails/33358_nfb12_091_thumb.png,psd,,,"A mysterious forest at night under a clear sky, bathed in moonlight with deep blue tones and autumnal hues.","[""forest"", ""night"", ""moonlight"", ""anime"", ""blue"", ""autumn"", ""mysterious""]",background,Forest,Night,Clear,unknown_legacy,parse_fallback_legacy,"pre-fix: psd-tools failed, fell back to thumbnail-only",repair_required,parse_fallback_legacy,,,,,,,"webdav:/13730b09/발송4/범선/작품 쫑/후시/장소/숲,자연",visual:bg-complex-q0008:33358,diverse_rank=8; source_count=8; visual_group=visual:bg-complex-q0008:33358
bg-complex-q0008,"작품 쫑 후시 장소/숲,자연에서 높은 나무와 밤 분위기가 함께 보이는 숲 배경",complex,"후시/장소/숲,자연",33215,6,fts,"{""fts"": 6}","{""background_complex_v2_scoped_20260506:fts"": 6}","webdav://13730b09/발송4/범선/작품 쫑/후시/장소/숲,자연/nfb03_129.psd",33215_nfb03_129.psd,"발송4/범선/작품 쫑/후시/장소/숲,자연/nfb03_129.psd","webdav:/13730b09/발송4/범선/작품 쫑/후시/장소/숲,자연",/Users/saintiron/Projects/Imagine/thumbnails/33215_nfb03_129_thumb.png,psd,,,Anime girl standing in a forest,"[""anime"", ""forest"", ""girl"", ""standing"", ""neutral""]",character,,,,unknown_legacy,parse_fallback_legacy,"pre-fix: psd-tools failed, fell back to thumbnail-only",repair_required,parse_fallback_legacy,,,,,,,"webdav:/13730b09/발송4/범선/작품 쫑/후시/장소/숲,자연",visual:bg-complex-q0008:33215,diverse_rank=2; source_count=8; visual_group=visual:bg-complex-q0008:33215
bg-complex-q0008,"작품 쫑 후시 장소/숲,자연에서 높은 나무와 밤 분위기가 함께 보이는 숲 배경",complex,"후시/장소/숲,자연",33285,6,"mv,triaxis,vv","{""mv"": 6, ""triaxis"": 28, ""vv"": 30}","{""background_complex_v2_scoped_20260506:mv"": 6, ""background_complex_v2_scoped_20260506:triaxis"": 28, ""background_complex_v2_scoped_20260506:vv"": 30}","webdav://13730b09/발송4/범선/작품 쫑/후시/장소/숲,자연/nfb08_185_2.psd",33285_nfb08_185_2.psd,"발송4/범선/작품 쫑/후시/장소/숲,자연/nfb08_185_2.psd","webdav:/13730b09/발송4/범선/작품 쫑/후시/장소/숲,자연",/Users/saintiron/Projects/Imagine/thumbnails/33285_nfb08_185_2_thumb.png,psd,,,Anime-style forest scene with tall trees and soft sunlight filtering through the canopy.,"[""forest"", ""anime"", ""summer"", ""serene"", ""dappled sunlight"", ""green"", ""blue"", ""beige""]",background,forest,day,clear,unknown_legacy,parse_fallback_legacy,"pre-fix: psd-tools failed, fell back to thumbnail-only",repair_required,parse_fallback_legacy,,,,,,,"webdav:/13730b09/발송4/범선/작품 쫑/후시/장소/숲,자연",visual:bg-complex-q0008:33336,diverse_rank=6; source_count=8; visual_group=visual:bg-complex-q0008:33336
bg-complex-q0008,"작품 쫑 후시 장소/숲,자연에서 높은 나무와 밤 분위기가 함께 보이는 숲 배경",complex,"후시/장소/숲,자연",33231,11,"mv,triaxis,vv","{""mv"": 41, ""triaxis"": 43, ""vv"": 11}","{""background_complex_v2_scoped_20260506:mv"": 41, ""background_complex_v2_scoped_20260506:triaxis"": 43, ""background_complex_v2_scoped_20260506:vv"": 11}","webdav://13730b09/발송4/범선/작품 쫑/후시/장소/숲,자연/nfb03_148.psd",33231_nfb03_148.psd,"발송4/범선/작품 쫑/후시/장소/숲,자연/nfb03_148.psd","webdav:/13730b09/발송4/범선/작품 쫑/후시/장소/숲,자연",/Users/saintiron/Projects/Imagine/thumbnails/33231_nfb03_148_thumb.png,psd,,,"A serene view of a clear blue sky framed by lush green tree branches, suggesting a peaceful spring day in a forest.","[""Anime"", ""Forest"", ""Sky"", ""Spring"", ""Serene"", ""Nature"", ""Green"", ""Blue"", ""Clouds""]",background,Nature,Day,Clear,unknown_legacy,parse_fallback_legacy,"pre-fix: psd-tools failed, fell back to thumbnail-only",repair_required,parse_fallback_legacy,,,,,,,"webdav:/13730b09/발송4/범선/작품 쫑/후시/장소/숲,자연",visual:bg-complex-q0008:33231,diverse_rank=3; source_count=8; visual_group=visual:bg-complex-q0008:33231
bg-complex-q0008,"작품 쫑 후시 장소/숲,자연에서 높은 나무와 밤 분위기가 함께 보이는 숲 배경",complex,"후시/장소/숲,자연",33261,11,mv,"{""mv"": 11}","{""background_complex_v2_scoped_20260506:mv"": 11}","webdav://13730b09/발송4/범선/작품 쫑/후시/장소/숲,자연/nfb07_123.psd",33261_nfb07_123.psd,"발송4/범선/작품 쫑/후시/장소/숲,자연/nfb07_123.psd","webdav:/13730b09/발송4/범선/작품 쫑/후시/장소/숲,자연",/Users/saintiron/Projects/Imagine/thumbnails/33261_nfb07_123_thumb.png,psd,,,"A serene forest scene with moss-covered rocks and lush greenery, bathed in soft daylight.","[""forest"", ""rocky terrain"", ""greenery"", ""anime"", ""serene"", ""daylight""]",background,Natural Landscape,Day,Clear,unknown_legacy,parse_fallback_legacy,"pre-fix: psd-tools failed, fell back to thumbnail-only",repair_required,parse_fallback_legacy,,,,,,,"webdav:/13730b09/발송4/범선/작품 쫑/후시/장소/숲,자연",visual:bg-complex-q0008:33261,diverse_rank=7; source_count=8; visual_group=visual:bg-complex-q0008:33261
bg-complex-q0008,"작품 쫑 후시 장소/숲,자연에서 높은 나무와 밤 분위기가 함께 보이는 숲 배경",complex,"후시/장소/숲,자연",33216,21,triaxis,"{""triaxis"": 21}","{""background_complex_v2_scoped_20260506:triaxis"": 21}","webdav://13730b09/발송4/범선/작품 쫑/후시/장소/숲,자연/nfb03_130.psd",33216_nfb03_130.psd,"발송4/범선/작품 쫑/후시/장소/숲,자연/nfb03_130.psd","webdav:/13730b09/발송4/범선/작품 쫑/후시/장소/숲,자연",/Users/saintiron/Projects/Imagine/thumbnails/33216_nfb03_130_thumb.png,psd,,,"A misty forest with tall trees and grassy ground, featuring translucent ghostly figures.","[""forest"", ""mist"", ""anime"", ""ghost"", ""dusk"", ""spring""]",background,Forest,Dusk,Misty,unknown_legacy,parse_fallback_legacy,"pre-fix: psd-tools failed, fell back to thumbnail-only",repair_required,parse_fallback_legacy,,,,,,,"webdav:/13730b09/발송4/범선/작품 쫑/후시/장소/숲,자연",visual:bg-complex-q0008:33216,diverse_rank=4; source_count=8; visual_group=visual:bg-complex-q0008:33216
bg-complex-q0009,기절용사와 암살공주 #09/bg에서 푸른 하늘과 바다가 함께 보이는 탁 트인 해변 배경,complex,기절용사와 암살공주/#09/bg,51120,1,"fts,mv","{""fts"": 1, ""mv"": 13}","{""background_complex_v2_scoped_20260506:fts"": 1, ""background_complex_v2_scoped_20260506:mv"": 13}",webdav://13730b09/발송/범선/기절용사와 암살공주/#09/bg/kya09_288.psd,51120_kya09_288.psd,발송/범선/기절용사와 암살공주/#09/bg/kya09_288.psd,webdav:/13730b09/발송/범선/기절용사와 암살공주/#09/bg,/Users/saintiron/Projects/Imagine/thumbnails/51120_kya09_288_thumb.png,psd,,,Bright blue sky with fluffy white clouds,"[""sky"", ""clouds"", ""blue"", ""white"", ""nature""]",background,,,,unknown_legacy,parse_fallback_legacy,"pre-fix: psd-tools failed, fell back to thumbnail-only",repair_required,parse_fallback_legacy,,,,,,,webdav:/13730b09/발송/범선/기절용사와 암살공주/#09/bg,visual:bg-complex-q0009:51120,diverse_rank=1; source_count=8; visual_group=visual:bg-complex-q0009:51120
bg-complex-q0009,기절용사와 암살공주 #09/bg에서 푸른 하늘과 바다가 함께 보이는 탁 트인 해변 배경,complex,기절용사와 암살공주/#09/bg,51238,1,"mv,triaxis,vv","{""mv"": 1, ""triaxis"": 1, ""vv"": 4}","{""background_complex_v2_scoped_20260506:mv"": 1, ""background_complex_v2_scoped_20260506:triaxis"": 1, ""background_complex_v2_scoped_20260506:vv"": 4}",webdav://13730b09/발송/범선/기절용사와 암살공주/#09/bg/kya09_245.psd,51238_kya09_245.psd,발송/범선/기절용사와 암살공주/#09/bg/kya09_245.psd,webdav:/13730b09/발송/범선/기절용사와 암살공주/#09/bg,/Users/saintiron/Projects/Imagine/thumbnails/51238_kya09_245_thumb.png,psd,,,"A serene beach scene with blue ocean, white clouds, and sandy shore.","[""beach"", ""ocean"", ""sky"", ""clouds"", ""sand"", ""horizon"", ""nature"", ""seaside""]",background,,,,unknown_legacy,parse_fallback_legacy,"pre-fix: psd-tools failed, fell back to thumbnail-only",repair_required,parse_fallback_legacy,,,,,,,webdav:/13730b09/발송/범선/기절용사와 암살공주/#09/bg,visual:bg-complex-q0009:51238,diverse_rank=5; source_count=8; visual_group=visual:bg-complex-q0009:51238
bg-complex-q0009,기절용사와 암살공주 #09/bg에서 푸른 하늘과 바다가 함께 보이는 탁 트인 해변 배경,complex,기절용사와 암살공주/#09/bg,51257,1,"fts,mv,triaxis,vv","{""fts"": 47, ""mv"": 34, ""triaxis"": 25, ""vv"": 1}","{""background_complex_v2_scoped_20260506:fts"": 47, ""background_complex_v2_scoped_20260506:mv"": 34, ""background_complex_v2_scoped_20260506:triaxis"": 25, ""background_complex_v2_scoped_20260506:vv"": 1}",webdav://13730b09/발송/범선/기절용사와 암살공주/#09/bg/kya09_111.psd,51257_kya09_111.psd,발송/범선/기절용사와 암살공주/#09/bg/kya09_111.psd,webdav:/13730b09/발송/범선/기절용사와 암살공주/#09/bg,/Users/saintiron/Projects/Imagine/thumbnails/51257_kya09_111_thumb.png,psd,,,"Anime-style beach scene with crowd, stage, and bright sky","[""beach"", ""ocean"", ""sky"", ""crowd"", ""stage"", ""sun"", ""clouds"", ""sand""]",illustration,,,,unknown_legacy,parse_fallback_legacy,"pre-fix: psd-tools failed, fell back to thumbnail-only",repair_required,parse_fallback_legacy,,,,,,,webdav:/13730b09/발송/범선/기절용사와 암살공주/#09/bg,visual:bg-complex-q0009:51257,diverse_rank=8; source_count=8; visual_group=visual:bg-complex-q0009:51257
bg-complex-q0009,기절용사와 암살공주 #09/bg에서 푸른 하늘과 바다가 함께 보이는 탁 트인 해변 배경,complex,기절용사와 암살공주/#09/bg,51038,6,fts,"{""fts"": 6}","{""background_complex_v2_scoped_20260506:fts"": 6}",webdav://13730b09/발송/범선/기절용사와 암살공주/#09/bg/kya09_076.psd,51038_kya09_076.psd,발송/범선/기절용사와 암살공주/#09/bg/kya09_076.psd,webdav:/13730b09/발송/범선/기절용사와 암살공주/#09/bg,/Users/saintiron/Projects/Imagine/thumbnails/51038_kya09_076_thumb.png,psd,,,Two anime-style girls in a blue sky with clouds,"[""anime"", ""girls"", ""sky"", ""clouds"", ""line art""]",illustration,,,,unknown_legacy,parse_fallback_legacy,"pre-fix: psd-tools failed, fell back to thumbnail-only",repair_required,parse_fallback_legacy,,,,,,,webdav:/13730b09/발송/범선/기절용사와 암살공주/#09/bg,visual:bg-complex-q0009:51038,diverse_rank=2; source_count=8; visual_group=visual:bg-complex-q0009:51038
bg-complex-q0009,기절용사와 암살공주 #09/bg에서 푸른 하늘과 바다가 함께 보이는 탁 트인 해변 배경,complex,기절용사와 암살공주/#09/bg,51196,6,"mv,triaxis,vv","{""mv"": 27, ""triaxis"": 27, ""vv"": 6}","{""background_complex_v2_scoped_20260506:mv"": 27, ""background_complex_v2_scoped_20260506:triaxis"": 27, ""background_complex_v2_scoped_20260506:vv"": 6}",webdav://13730b09/발송/범선/기절용사와 암살공주/#09/bg/kya09_236.psd,51196_kya09_236.psd,발송/범선/기절용사와 암살공주/#09/bg/kya09_236.psd,webdav:/13730b09/발송/범선/기절용사와 암살공주/#09/bg,/Users/saintiron/Projects/Imagine/thumbnails/51196_kya09_236_thumb.png,psd,,,Two anime characters in dynamic poses on a beach with ocean and sky,"[""beach"", ""ocean"", ""sky"", ""anime"", ""characters"", ""sand"", ""clouds"", ""action""]",illustration,,,,unknown_legacy,parse_fallback_legacy,"pre-fix: psd-tools failed, fell back to thumbnail-only",repair_required,parse_fallback_legacy,,,,,,,webdav:/13730b09/발송/범선/기절용사와 암살공주/#09/bg,visual:bg-complex-q0009:51224,diverse_rank=6; source_count=8; visual_group=visual:bg-complex-q0009:51224
bg-complex-q0009,기절용사와 암살공주 #09/bg에서 푸른 하늘과 바다가 함께 보이는 탁 트인 해변 배경,complex,기절용사와 암살공주/#09/bg,51173,11,fts,"{""fts"": 11}","{""background_complex_v2_scoped_20260506:fts"": 11}",webdav://13730b09/발송/범선/기절용사와 암살공주/#09/bg/kya09_195.psd,51173_kya09_195.psd,발송/범선/기절용사와 암살공주/#09/bg/kya09_195.psd,webdav:/13730b09/발송/범선/기절용사와 암살공주/#09/bg,/Users/saintiron/Projects/Imagine/thumbnails/51173_kya09_195_thumb.png,psd,,,Anime character sketch overlaid on a blue sky with clouds,"[""anime"", ""character"", ""sky"", ""clouds"", ""sketch"", ""blue""]",illustration,,,,unknown_legacy,parse_fallback_legacy,"pre-fix: psd-tools failed, fell back to thumbnail-only",repair_required,parse_fallback_legacy,,,,,,,webdav:/13730b09/발송/범선/기절용사와 암살공주/#09/bg,visual:bg-complex-q0009:51098,diverse_rank=3; source_count=8; visual_group=visual:bg-complex-q0009:51098
bg-complex-q0009,기절용사와 암살공주 #09/bg에서 푸른 하늘과 바다가 함께 보이는 탁 트인 해변 배경,complex,기절용사와 암살공주/#09/bg,51237,11,"triaxis,vv","{""triaxis"": 11, ""vv"": 13}","{""background_complex_v2_scoped_20260506:triaxis"": 11, ""background_complex_v2_scoped_20260506:vv"": 13}",webdav://13730b09/발송/범선/기절용사와 암살공주/#09/bg/kya09_243.psd,51237_kya09_243.psd,발송/범선/기절용사와 암살공주/#09/bg/kya09_243.psd,webdav:/13730b09/발송/범선/기절용사와 암살공주/#09/bg,/Users/saintiron/Projects/Imagine/thumbnails/51237_kya09_243_thumb.png,psd,,,A translucent anime girl crouching on a beach with clouds and ocean.,"[""anime"", ""girl"", ""beach"", ""ocean"", ""clouds"", ""translucent"", ""blue sky""]",illustration,,,,unknown_legacy,parse_fallback_legacy,"pre-fix: psd-tools failed, fell back to thumbnail-only",repair_required,parse_fallback_legacy,,,,,,,webdav:/13730b09/발송/범선/기절용사와 암살공주/#09/bg,visual:bg-complex-q0009:51237,diverse_rank=7; source_count=8; visual_group=visual:bg-complex-q0009:51237
bg-complex-q0009,기절용사와 암살공주 #09/bg에서 푸른 하늘과 바다가 함께 보이는 탁 트인 해변 배경,complex,기절용사와 암살공주/#09/bg,51143,21,"triaxis,vv","{""triaxis"": 39, ""vv"": 21}","{""background_complex_v2_scoped_20260506:triaxis"": 39, ""background_complex_v2_scoped_20260506:vv"": 21}",webdav://13730b09/발송/범선/기절용사와 암살공주/#09/bg/kya09_184_253_289.psd,51143_kya09_184_253_289.psd,발송/범선/기절용사와 암살공주/#09/bg/kya09_184_253_289.psd,webdav:/13730b09/발송/범선/기절용사와 암살공주/#09/bg,/Users/saintiron/Projects/Imagine/thumbnails/51143_kya09_184_253_289_thumb.png,psd,,,Animated scene with characters on a beach and floating platform,"[""beach"", ""platform"", ""characters"", ""ocean"", ""sky"", ""rope"", ""palm trees""]",illustration,,,,unknown_legacy,parse_fallback_legacy,"pre-fix: psd-tools failed, fell back to thumbnail-only",repair_required,parse_fallback_legacy,,,,,,,webdav:/13730b09/발송/범선/기절용사와 암살공주/#09/bg,visual:bg-complex-q0009:51234,diverse_rank=4; source_count=8; visual_group=visual:bg-complex-q0009:51234
bg-complex-q0010,크랑베르무 장소/학교교실에서 칠판이나 책상보다 창문과 교실 구조가 뚜렷한 실내 배경,complex,크랑베르무/장소/학교교실,39053,1,fts,"{""fts"": 1}","{""background_complex_v2_scoped_20260506:fts"": 1}",webdav://13730b09/예비/크랑베르무/장소/학교교실/grb02_153.psd,39053_grb02_153.psd,예비/크랑베르무/장소/학교교실/grb02_153.psd,webdav:/13730b09/예비/크랑베르무/장소/학교교실,/Users/saintiron/Projects/Imagine/thumbnails/39053_grb02_153_thumb.png,psd,,,Horizontal speed lines with gradient blur effect,"[""speed_line"", ""motion_blur"", ""horizontal"", ""blur"", ""gradient"", ""fast_motion""]",effect,,,,unknown_legacy,parse_fallback_legacy,"pre-fix: psd-tools failed, fell back to thumbnail-only",repair_required,parse_fallback_legacy,,,,,,,webdav:/13730b09/예비/크랑베르무/장소/학교교실,visual:bg-complex-q0010:39053,diverse_rank=1; source_count=8; visual_group=visual:bg-complex-q0010:39053
bg-complex-q0010,크랑베르무 장소/학교교실에서 칠판이나 책상보다 창문과 교실 구조가 뚜렷한 실내 배경,complex,크랑베르무/장소/학교교실,39056,1,"mv,triaxis,vv","{""mv"": 17, ""triaxis"": 3, ""vv"": 1}","{""background_complex_v2_scoped_20260506:mv"": 17, ""background_complex_v2_scoped_20260506:triaxis"": 3, ""background_complex_v2_scoped_20260506:vv"": 1}",webdav://13730b09/예비/크랑베르무/장소/학교교실/grb02_157.psd,39056_grb02_157.psd,예비/크랑베르무/장소/학교교실/grb02_157.psd,webdav:/13730b09/예비/크랑베르무/장소/학교교실,/Users/saintiron/Projects/Imagine/thumbnails/39056_grb02_157_thumb.png,psd,,,"A serene school classroom with sunlight streaming through a window, casting shadows on a chalkboard and lockers, with a small potted plant adding a touch of life.","[""school"", ""classroom"", ""window"", ""chalkboard"", ""lockers"", ""plant"", ""sunlight"", ""anime"", ""peaceful"", ""spring""]",background,indoor,,,unknown_legacy,parse_fallback_legacy,"pre-fix: psd-tools failed, fell back to thumbnail-only",repair_required,parse_fallback_legacy,,,,,,,webdav:/13730b09/예비/크랑베르무/장소/학교교실,visual:bg-complex-q0010:39056,diverse_rank=5; source_count=8; visual_group=visual:bg-complex-q0010:39056
bg-complex-q0010,크랑베르무 장소/학교교실에서 칠판이나 책상보다 창문과 교실 구조가 뚜렷한 실내 배경,complex,크랑베르무/장소/학교교실,39062,6,"mv,triaxis,vv","{""mv"": 6, ""triaxis"": 8, ""vv"": 13}","{""background_complex_v2_scoped_20260506:mv"": 6, ""background_complex_v2_scoped_20260506:triaxis"": 8, ""background_complex_v2_scoped_20260506:vv"": 13}",webdav://13730b09/예비/크랑베르무/장소/학교교실/grb02_163.psd,39062_grb02_163.psd,예비/크랑베르무/장소/학교교실/grb02_163.psd,webdav:/13730b09/예비/크랑베르무/장소/학교교실,/Users/saintiron/Projects/Imagine/thumbnails/39062_grb02_163_thumb.png,psd,,,"An empty classroom with a chalkboard, teacher's desk, and bulletin board, rendered in a clean anime style.","[""classroom"", ""chalkboard"", ""teacher_desk"", ""bulletin_board"", ""anime"", ""empty_room"", ""school"", ""indoor"", ""neutral_color_palette""]",background,indoor,,,unknown_legacy,parse_fallback_legacy,"pre-fix: psd-tools failed, fell back to thumbnail-only",repair_required,parse_fallback_legacy,,,,,,,webdav:/13730b09/예비/크랑베르무/장소/학교교실,visual:bg-complex-q0010:39062,diverse_rank=2; source_count=8; visual_group=visual:bg-complex-q0010:39062
bg-complex-q0010,크랑베르무 장소/학교교실에서 칠판이나 책상보다 창문과 교실 구조가 뚜렷한 실내 배경,complex,크랑베르무/장소/학교교실,39125,6,"mv,triaxis,vv","{""mv"": 18, ""triaxis"": 19, ""vv"": 6}","{""background_complex_v2_scoped_20260506:mv"": 18, ""background_complex_v2_scoped_20260506:triaxis"": 19, ""background_complex_v2_scoped_20260506:vv"": 6}",webdav://13730b09/예비/크랑베르무/장소/학교교실/grb03_058.psd,39125_grb03_058.psd,예비/크랑베르무/장소/학교교실/grb03_058.psd,webdav:/13730b09/예비/크랑베르무/장소/학교교실,/Users/saintiron/Projects/Imagine/thumbnails/39125_grb03_058_thumb.png,psd,,,"Two translucent anime characters sit in a classroom with large windows, rendered in a sketch-like style with soft lighting and minimal color.","[""anime"", ""classroom"", ""translucent"", ""sketch"", ""serene"", ""windows"", ""school"", ""digital_art""]",illustration,,,,unknown_legacy,parse_fallback_legacy,"pre-fix: psd-tools failed, fell back to thumbnail-only",repair_required,parse_fallback_legacy,,,,,,,webdav:/13730b09/예비/크랑베르무/장소/학교교실,visual:bg-complex-q0010:39125,diverse_rank=6; source_count=8; visual_group=visual:bg-complex-q0010:39125
bg-complex-q0010,크랑베르무 장소/학교교실에서 칠판이나 책상보다 창문과 교실 구조가 뚜렷한 실내 배경,complex,크랑베르무/장소/학교교실,39161,11,"fts,mv,triaxis,vv","{""fts"": 11, ""mv"": 16, ""triaxis"": 26, ""vv"": 18}","{""background_complex_v2_scoped_20260506:fts"": 11, ""background_complex_v2_scoped_20260506:mv"": 16, ""background_complex_v2_scoped_20260506:triaxis"": 26, ""background_complex_v2_scoped_20260506:vv"": 18}",webdav://13730b09/예비/크랑베르무/장소/학교교실/grb13_347.psd,39161_grb13_347.psd,예비/크랑베르무/장소/학교교실/grb13_347.psd,webdav:/13730b09/예비/크랑베르무/장소/학교교실,/Users/saintiron/Projects/Imagine/thumbnails/39161_grb13_347_thumb.png,psd,,,"A serene school hallway with lockers, a chalkboard, and soft sunlight streaming through windows.","[""school"", ""hallway"", ""lockers"", ""chalkboard"", ""anime"", ""peaceful"", ""natural_light"", ""indoor""]",background,indoor,,,unknown_legacy,parse_fallback_legacy,"pre-fix: psd-tools failed, fell back to thumbnail-only",repair_required,parse_fallback_legacy,,,,,,,webdav:/13730b09/예비/크랑베르무/장소/학교교실,visual:bg-complex-q0010:39161,diverse_rank=3; source_count=8; visual_group=visual:bg-complex-q0010:39161
bg-complex-q0010,크랑베르무 장소/학교교실에서 칠판이나 책상보다 창문과 교실 구조가 뚜렷한 실내 배경,complex,크랑베르무/장소/학교교실,39096,12,"fts,triaxis,vv","{""fts"": 12, ""triaxis"": 37, ""vv"": 12}","{""background_complex_v2_scoped_20260506:fts"": 12, ""background_complex_v2_scoped_20260506:triaxis"": 37, ""background_complex_v2_scoped_20260506:vv"": 12}",webdav://13730b09/예비/크랑베르무/장소/학교교실/grb02_214_229.psd,39096_grb02_214_229.psd,예비/크랑베르무/장소/학교교실/grb02_214_229.psd,webdav:/13730b09/예비/크랑베르무/장소/학교교실,/Users/saintiron/Projects/Imagine/thumbnails/39096_grb02_214_229_thumb.png,psd,,,"A girl stands by a window in a classroom, gazing at the sunset outside.","[""anime"", ""classroom"", ""sunset"", ""window"", ""girl"", ""serene"", ""warm_light"", ""illustration""]",illustration,,,,unknown_legacy,parse_fallback_legacy,"pre-fix: psd-tools failed, fell back to thumbnail-only",repair_required,parse_fallback_legacy,,,,,,,webdav:/13730b09/예비/크랑베르무/장소/학교교실,visual:bg-complex-q0010:39096,diverse_rank=7; source_count=8; visual_group=visual:bg-complex-q0010:39096
bg-complex-q0010,크랑베르무 장소/학교교실에서 칠판이나 책상보다 창문과 교실 구조가 뚜렷한 실내 배경,complex,크랑베르무/장소/학교교실,39075,21,"fts,mv,triaxis","{""fts"": 21, ""mv"": 48, ""triaxis"": 43}","{""background_complex_v2_scoped_20260506:fts"": 21, ""background_complex_v2_scoped_20260506:mv"": 48, ""background_complex_v2_scoped_20260506:triaxis"": 43}",webdav://13730b09/예비/크랑베르무/장소/학교교실/grb02_195.psd,39075_grb02_195.psd,예비/크랑베르무/장소/학교교실/grb02_195.psd,webdav:/13730b09/예비/크랑베르무/장소/학교교실,/Users/saintiron/Projects/Imagine/thumbnails/39075_grb02_195_thumb.png,psd,,,"Anime girl in school uniform standing by a window with golden sunlight streaming in, outlined with sketch lines.","[""anime"", ""portrait"", ""window"", ""sunlight"", ""school_uniform"", ""sketch"", ""golden_light"", ""serene""]",illustration,,,,unknown_legacy,parse_fallback_legacy,"pre-fix: psd-tools failed, fell back to thumbnail-only",repair_required,parse_fallback_legacy,,,,,,,webdav:/13730b09/예비/크랑베르무/장소/학교교실,visual:bg-complex-q0010:39075,diverse_rank=4; source_count=8; visual_group=visual:bg-complex-q0010:39075
bg-complex-q0010,크랑베르무 장소/학교교실에서 칠판이나 책상보다 창문과 교실 구조가 뚜렷한 실내 배경,complex,크랑베르무/장소/학교교실,39154,21,"mv,vv","{""mv"": 40, ""vv"": 21}","{""background_complex_v2_scoped_20260506:mv"": 40, ""background_complex_v2_scoped_20260506:vv"": 21}",webdav://13730b09/예비/크랑베르무/장소/학교교실/grb10_214.psd,39154_grb10_214.psd,예비/크랑베르무/장소/학교교실/grb10_214.psd,webdav:/13730b09/예비/크랑베르무/장소/학교교실,/Users/saintiron/Projects/Imagine/thumbnails/39154_grb10_214_thumb.png,psd,,,"Anime classroom scene with translucent, yellow-toned student figures at desks, set against a backdrop of lockers and a chalkboard with a notice and ventilation grille.","[""anime"", ""classroom"", ""students"", ""translucent"", ""yellow"", ""lockers"", ""chalkboard"", ""mysterious"", ""digital_art""]",illustration,,,,unknown_legacy,parse_fallback_legacy,"pre-fix: psd-tools failed, fell back to thumbnail-only",repair_required,parse_fallback_legacy,,,,,,,webdav:/13730b09/예비/크랑베르무/장소/학교교실,visual:bg-complex-q0010:39154,diverse_rank=8; source_count=8; visual_group=visual:bg-complex-q0010:39154
bg-complex-q0011,"뱅가드 24 #01/bg에서 현대적인 사무실 구조와 큰 창문, 도시 풍경이 함께 보이는 배경",complex,뱅가드/24/#01/bg,48825,1,"fts,mv,triaxis,vv","{""fts"": 14, ""mv"": 1, ""triaxis"": 1, ""vv"": 1}","{""background_complex_v2_scoped_20260506:fts"": 14, ""background_complex_v2_scoped_20260506:mv"": 1, ""background_complex_v2_scoped_20260506:triaxis"": 1, ""background_complex_v2_scoped_20260506:vv"": 1}",webdav://13730b09/발송/외주 회사/뱅가드/24/#01/bg/VS8_01_101_GENZU.psd,48825_VS8_01_101_GENZU.psd,발송/외주 회사/뱅가드/24/#01/bg/VS8_01_101_GENZU.psd,발송/외주 회사/뱅가드/24/#01/bg,/Users/saintiron/Projects/Imagine/thumbnails/48825_VS8_01_101_GENZU_thumb.png,psd,,,Modern office interior with curved desk and city view,"[""office"", ""desk"", ""cityscape"", ""modern"", ""interior"", ""architecture"", ""workspace"", ""design""]",background,,,,unknown_legacy,parse_fallback_legacy,"pre-fix: psd-tools failed, fell back to thumbnail-only",repair_required,parse_fallback_legacy,,,,,,,발송/외주 회사/뱅가드/24/#01/bg,visual:bg-complex-q0011:48825,diverse_rank=1; source_count=8; visual_group=visual:bg-complex-q0011:48825
bg-complex-q0011,"뱅가드 24 #01/bg에서 현대적인 사무실 구조와 큰 창문, 도시 풍경이 함께 보이는 배경",complex,뱅가드/24/#01/bg,48917,1,"fts,mv,triaxis","{""fts"": 1, ""mv"": 49, ""triaxis"": 39}","{""background_complex_v2_scoped_20260506:fts"": 1, ""background_complex_v2_scoped_20260506:mv"": 49, ""background_complex_v2_scoped_20260506:triaxis"": 39}",webdav://13730b09/발송/외주 회사/뱅가드/24/#01/bg/VS8_01_311_GENZU.psd,48917_VS8_01_311_GENZU.psd,발송/외주 회사/뱅가드/24/#01/bg/VS8_01_311_GENZU.psd,발송/외주 회사/뱅가드/24/#01/bg,/Users/saintiron/Projects/Imagine/thumbnails/48917_VS8_01_311_GENZU_thumb.png,psd,,,"Two characters stand in a colorful, decorated room.","[""anime"", ""characters"", ""colorful"", ""festive"", ""indoor""]",illustration,,,,unknown_legacy,parse_fallback_legacy,"pre-fix: psd-tools failed, fell back to thumbnail-only",repair_required,parse_fallback_legacy,,,,,,,발송/외주 회사/뱅가드/24/#01/bg,visual:bg-complex-q0011:48917,diverse_rank=5; source_count=8; visual_group=visual:bg-complex-q0011:48917
bg-complex-q0011,"뱅가드 24 #01/bg에서 현대적인 사무실 구조와 큰 창문, 도시 풍경이 함께 보이는 배경",complex,뱅가드/24/#01/bg,48811,6,"mv,triaxis,vv","{""mv"": 33, ""triaxis"": 6, ""vv"": 12}","{""background_complex_v2_scoped_20260506:mv"": 33, ""background_complex_v2_scoped_20260506:triaxis"": 6, ""background_complex_v2_scoped_20260506:vv"": 12}",webdav://13730b09/발송/외주 회사/뱅가드/24/#01/bg/VS8_01_115_GENZU_yusen.psd,48811_VS8_01_115_GENZU_yusen.psd,발송/외주 회사/뱅가드/24/#01/bg/VS8_01_115_GENZU_yusen.psd,발송/외주 회사/뱅가드/24/#01/bg,/Users/saintiron/Projects/Imagine/thumbnails/48811_VS8_01_115_GENZU_yusen_thumb.png,psd,,,Anime character's ghostly outline against a cityscape and industrial background.,"[""anime"", ""ghost"", ""cityscape"", ""industrial"", ""overlay"", ""sketch"", ""digital art"", ""VS8""]",illustration,,,,unknown_legacy,parse_fallback_legacy,"pre-fix: psd-tools failed, fell back to thumbnail-only",repair_required,parse_fallback_legacy,,,,,,,발송/외주 회사/뱅가드/24/#01/bg,visual:bg-complex-q0011:48811,diverse_rank=2; source_count=8; visual_group=visual:bg-complex-q0011:48811
bg-complex-q0011,"뱅가드 24 #01/bg에서 현대적인 사무실 구조와 큰 창문, 도시 풍경이 함께 보이는 배경",complex,뱅가드/24/#01/bg,48866,6,"fts,vv","{""fts"": 6, ""vv"": 45}","{""background_complex_v2_scoped_20260506:fts"": 6, ""background_complex_v2_scoped_20260506:vv"": 45}",webdav://13730b09/발송/외주 회사/뱅가드/24/#01/bg/VS8_01_046_GENZU.psd,48866_VS8_01_046_GENZU.psd,발송/외주 회사/뱅가드/24/#01/bg/VS8_01_046_GENZU.psd,발송/외주 회사/뱅가드/24/#01/bg,/Users/saintiron/Projects/Imagine/thumbnails/48866_VS8_01_046_GENZU_thumb.png,psd,,,Animated scene showing feet on wooden floor with colorful background.,"[""animation"", ""feet"", ""wooden floor"", ""colorful"", ""cartoon""]",illustration,,,,unknown_legacy,parse_fallback_legacy,"pre-fix: psd-tools failed, fell back to thumbnail-only",repair_required,parse_fallback_legacy,,,,,,,발송/외주 회사/뱅가드/24/#01/bg,visual:bg-complex-q0011:48866,diverse_rank=6; source_count=8; visual_group=visual:bg-complex-q0011:48866
bg-complex-q0011,"뱅가드 24 #01/bg에서 현대적인 사무실 구조와 큰 창문, 도시 풍경이 함께 보이는 배경",complex,뱅가드/24/#01/bg,48861,11,"mv,triaxis,vv","{""mv"": 11, ""triaxis"": 19, ""vv"": 13}","{""background_complex_v2_scoped_20260506:mv"": 11, ""background_complex_v2_scoped_20260506:triaxis"": 19, ""background_complex_v2_scoped_20260506:vv"": 13}",webdav://13730b09/발송/외주 회사/뱅가드/24/#01/bg/VS8_01_295_GENZU.psd,48861_VS8_01_295_GENZU.psd,발송/외주 회사/뱅가드/24/#01/bg/VS8_01_295_GENZU.psd,발송/외주 회사/뱅가드/24/#01/bg,/Users/saintiron/Projects/Imagine/thumbnails/48861_VS8_01_295_GENZU_thumb.png,psd,,,Two anime characters sit by a window with city views.,"[""anime"", ""window"", ""cityscape"", ""characters"", ""indoor"", ""daytime"", ""sketch"", ""digital art""]",illustration,,,,unknown_legacy,parse_fallback_legacy,"pre-fix: psd-tools failed, fell back to thumbnail-only",repair_required,parse_fallback_legacy,,,,,,,발송/외주 회사/뱅가드/24/#01/bg,visual:bg-complex-q0011:48861,diverse_rank=3; source_count=8; visual_group=visual:bg-complex-q0011:48861
bg-complex-q0011,"뱅가드 24 #01/bg에서 현대적인 사무실 구조와 큰 창문, 도시 풍경이 함께 보이는 배경",complex,뱅가드/24/#01/bg,48911,11,"fts,triaxis,vv","{""fts"": 11, ""triaxis"": 40, ""vv"": 41}","{""background_complex_v2_scoped_20260506:fts"": 11, ""background_complex_v2_scoped_20260506:triaxis"": 40, ""background_complex_v2_scoped_20260506:vv"": 41}",webdav://13730b09/발송/외주 회사/뱅가드/24/#01/bg/VS8_01_055_GENZU.psd,48911_VS8_01_055_GENZU.psd,발송/외주 회사/뱅가드/24/#01/bg/VS8_01_055_GENZU.psd,발송/외주 회사/뱅가드/24/#01/bg,/Users/saintiron/Projects/Imagine/thumbnails/48911_VS8_01_055_GENZU_thumb.png,psd,,,"A colorful, cartoonish character with balloons and a rainbow background.","[""cartoon"", ""character"", ""balloons"", ""rainbow"", ""digital art""]",illustration,,,,unknown_legacy,parse_fallback_legacy,"pre-fix: psd-tools failed, fell back to thumbnail-only",repair_required,parse_fallback_legacy,,,,,,,발송/외주 회사/뱅가드/24/#01/bg,visual:bg-complex-q0011:48911,diverse_rank=7; source_count=8; visual_group=visual:bg-complex-q0011:48911
bg-complex-q0011,"뱅가드 24 #01/bg에서 현대적인 사무실 구조와 큰 창문, 도시 풍경이 함께 보이는 배경",complex,뱅가드/24/#01/bg,48816,21,"triaxis,vv","{""triaxis"": 21, ""vv"": 36}","{""background_complex_v2_scoped_20260506:triaxis"": 21, ""background_complex_v2_scoped_20260506:vv"": 36}",webdav://13730b09/발송/외주 회사/뱅가드/24/#01/bg/VS8_01_079_GENZU.psd,48816_VS8_01_079_GENZU.psd,발송/외주 회사/뱅가드/24/#01/bg/VS8_01_079_GENZU.psd,발송/외주 회사/뱅가드/24/#01/bg,/Users/saintiron/Projects/Imagine/thumbnails/48816_VS8_01_079_GENZU_thumb.png,psd,,,A character sits at a table with a city view outside.,"[""anime"", ""character"", ""table"", ""cityscape"", ""window"", ""portrait"", ""illustration"", ""digital art""]",illustration,,,,unknown_legacy,parse_fallback_legacy,"pre-fix: psd-tools failed, fell back to thumbnail-only",repair_required,parse_fallback_legacy,,,,,,,발송/외주 회사/뱅가드/24/#01/bg,visual:bg-complex-q0011:48816,diverse_rank=4; source_count=8; visual_group=visual:bg-complex-q0011:48816
bg-complex-q0011,"뱅가드 24 #01/bg에서 현대적인 사무실 구조와 큰 창문, 도시 풍경이 함께 보이는 배경",complex,뱅가드/24/#01/bg,48909,21,"mv,vv","{""mv"": 32, ""vv"": 21}","{""background_complex_v2_scoped_20260506:mv"": 32, ""background_complex_v2_scoped_20260506:vv"": 21}",webdav://13730b09/발송/외주 회사/뱅가드/24/#01/bg/VS8_01_074_GENZU.psd,48909_VS8_01_074_GENZU.psd,발송/외주 회사/뱅가드/24/#01/bg/VS8_01_074_GENZU.psd,발송/외주 회사/뱅가드/24/#01/bg,/Users/saintiron/Projects/Imagine/thumbnails/48909_VS8_01_074_GENZU_thumb.png,psd,,,A ghostly anime character stands by a window with colorful balloons.,"[""anime"", ""ghost"", ""window"", ""balloons"", ""blue"", ""white"", ""school uniform"", ""sad""]",illustration,,,,unknown_legacy,parse_fallback_legacy,"pre-fix: psd-tools failed, fell back to thumbnail-only",repair_required,parse_fallback_legacy,,,,,,,발송/외주 회사/뱅가드/24/#01/bg,visual:bg-complex-q0011:48827,diverse_rank=8; source_count=8; visual_group=visual:bg-complex-q0011:48827
bg-complex-q0012,기절용사와 암살공주 장소/호텔실내에서 침대와 창문 또는 조명이 함께 보이는 호텔 방 배경,complex,기절용사와 암살공주/장소/호텔실내,52512,1,fts,"{""fts"": 1}","{""background_complex_v2_scoped_20260506:fts"": 1}",webdav://13730b09/발송/범선/기절용사와 암살공주/장소/호텔실내/kya05_020B.psd,52512_kya05_020B.psd,발송/범선/기절용사와 암살공주/장소/호텔실내/kya05_020B.psd,webdav:/13730b09/발송/범선/기절용사와 암살공주/장소/호텔실내,/Users/saintiron/Projects/Imagine/thumbnails/52512_kya05_020B_thumb.png,psd,,,Two anime characters in a dimly lit room with blue tones.,"[""anime"", ""characters"", ""blue"", ""room"", ""dark""]",illustration,,,,unknown_legacy,parse_fallback_legacy,"pre-fix: psd-tools failed, fell back to thumbnail-only",repair_required,parse_fallback_legacy,,,,,,,webdav:/13730b09/발송/범선/기절용사와 암살공주/장소/호텔실내,visual:bg-complex-q0012:52512,diverse_rank=1; source_count=8; visual_group=visual:bg-complex-q0012:52512
bg-complex-q0012,기절용사와 암살공주 장소/호텔실내에서 침대와 창문 또는 조명이 함께 보이는 호텔 방 배경,complex,기절용사와 암살공주/장소/호텔실내,52628,1,"fts,mv,triaxis,vv","{""fts"": 33, ""mv"": 1, ""triaxis"": 37, ""vv"": 6}","{""background_complex_v2_scoped_20260506:fts"": 33, ""background_complex_v2_scoped_20260506:mv"": 1, ""background_complex_v2_scoped_20260506:triaxis"": 37, ""background_complex_v2_scoped_20260506:vv"": 6}",webdav://13730b09/발송/범선/기절용사와 암살공주/장소/호텔실내/kya02_021.psd,52628_kya02_021.psd,발송/범선/기절용사와 암살공주/장소/호텔실내/kya02_021.psd,webdav:/13730b09/발송/범선/기절용사와 암살공주/장소/호텔실내,/Users/saintiron/Projects/Imagine/thumbnails/52628_kya02_021_thumb.png,psd,,,"A room with stained glass windows, ornate curtains, and a glowing lantern.","[""stained glass"", ""curtains"", ""lantern"", ""architecture"", ""ornate""]",background,,,,unknown_legacy,parse_fallback_legacy,"pre-fix: psd-tools failed, fell back to thumbnail-only",repair_required,parse_fallback_legacy,,,,,,,webdav:/13730b09/발송/범선/기절용사와 암살공주/장소/호텔실내,visual:bg-complex-q0012:52628,diverse_rank=5; source_count=8; visual_group=visual:bg-complex-q0012:52628
bg-complex-q0012,기절용사와 암살공주 장소/호텔실내에서 침대와 창문 또는 조명이 함께 보이는 호텔 방 배경,complex,기절용사와 암살공주/장소/호텔실내,52511,6,"mv,triaxis,vv","{""mv"": 6, ""triaxis"": 31, ""vv"": 33}","{""background_complex_v2_scoped_20260506:mv"": 6, ""background_complex_v2_scoped_20260506:triaxis"": 31, ""background_complex_v2_scoped_20260506:vv"": 33}",webdav://13730b09/발송/범선/기절용사와 암살공주/장소/호텔실내/kya05_020A.psd,52511_kya05_020A.psd,발송/범선/기절용사와 암살공주/장소/호텔실내/kya05_020A.psd,webdav:/13730b09/발송/범선/기절용사와 암살공주/장소/호텔실내,/Users/saintiron/Projects/Imagine/thumbnails/52511_kya05_020A_thumb.png,psd,,,A dimly lit bedroom with a ghostly figure and a girl in silhouette.,"[""bedroom"", ""ghost"", ""girl"", ""night"", ""blue"", ""furniture"", ""curtains"", ""lamp""]",background,,,,unknown_legacy,parse_fallback_legacy,"pre-fix: psd-tools failed, fell back to thumbnail-only",repair_required,parse_fallback_legacy,,,,,,,webdav:/13730b09/발송/범선/기절용사와 암살공주/장소/호텔실내,visual:bg-complex-q0012:52511,diverse_rank=2; source_count=8; visual_group=visual:bg-complex-q0012:52511
bg-complex-q0012,기절용사와 암살공주 장소/호텔실내에서 침대와 창문 또는 조명이 함께 보이는 호텔 방 배경,complex,기절용사와 암살공주/장소/호텔실내,52531,6,"mv,triaxis,vv","{""mv"": 14, ""triaxis"": 6, ""vv"": 25}","{""background_complex_v2_scoped_20260506:mv"": 14, ""background_complex_v2_scoped_20260506:triaxis"": 6, ""background_complex_v2_scoped_20260506:vv"": 25}",webdav://13730b09/발송/범선/기절용사와 암살공주/장소/호텔실내/kya05_042.psd,52531_kya05_042.psd,발송/범선/기절용사와 암살공주/장소/호텔실내/kya05_042.psd,webdav:/13730b09/발송/범선/기절용사와 암살공주/장소/호텔실내,/Users/saintiron/Projects/Imagine/thumbnails/52531_kya05_042_thumb.png,psd,,,"A room interior with wooden walls, green curtains, and a bright window view.","[""curtains"", ""window"", ""wood"", ""wall"", ""sunlight"", ""interior"", ""green"", ""brown""]",background,,,,unknown_legacy,parse_fallback_legacy,"pre-fix: psd-tools failed, fell back to thumbnail-only",repair_required,parse_fallback_legacy,,,,,,,webdav:/13730b09/발송/범선/기절용사와 암살공주/장소/호텔실내,visual:bg-complex-q0012:52531,diverse_rank=6; source_count=8; visual_group=visual:bg-complex-q0012:52531
bg-complex-q0012,기절용사와 암살공주 장소/호텔실내에서 침대와 창문 또는 조명이 함께 보이는 호텔 방 배경,complex,기절용사와 암살공주/장소/호텔실내,52633,11,fts,"{""fts"": 11}","{""background_complex_v2_scoped_20260506:fts"": 11}",webdav://13730b09/발송/범선/기절용사와 암살공주/장소/호텔실내/kya01_254.psd,52633_kya01_254.psd,발송/범선/기절용사와 암살공주/장소/호텔실내/kya01_254.psd,webdav:/13730b09/발송/범선/기절용사와 암살공주/장소/호텔실내,/Users/saintiron/Projects/Imagine/thumbnails/52633_kya01_254_thumb.png,psd,,,Two anime-style characters in a bright yellow background with soft outlines.,"[""anime"", ""yellow"", ""outline"", ""character"", ""lighting""]",illustration,,,,unknown_legacy,parse_fallback_legacy,"pre-fix: psd-tools failed, fell back to thumbnail-only",repair_required,parse_fallback_legacy,,,,,,,webdav:/13730b09/발송/범선/기절용사와 암살공주/장소/호텔실내,visual:bg-complex-q0012:52658,diverse_rank=3; source_count=8; visual_group=visual:bg-complex-q0012:52658
bg-complex-q0012,기절용사와 암살공주 장소/호텔실내에서 침대와 창문 또는 조명이 함께 보이는 호텔 방 배경,complex,기절용사와 암살공주/장소/호텔실내,52653,11,"mv,triaxis,vv","{""mv"": 12, ""triaxis"": 11, ""vv"": 18}","{""background_complex_v2_scoped_20260506:mv"": 12, ""background_complex_v2_scoped_20260506:triaxis"": 11, ""background_complex_v2_scoped_20260506:vv"": 18}",webdav://13730b09/발송/범선/기절용사와 암살공주/장소/호텔실내/kya01_273_275.psd,52653_kya01_273_275.psd,발송/범선/기절용사와 암살공주/장소/호텔실내/kya01_273_275.psd,webdav:/13730b09/발송/범선/기절용사와 암살공주/장소/호텔실내,/Users/saintiron/Projects/Imagine/thumbnails/52653_kya01_273_275_thumb.png,psd,,,"A green-lit bedroom with a canopy bed, lamps, and animal figurines.","[""bedroom"", ""canopy bed"", ""lamps"", ""rabbit figurine"", ""elephant figurine"", ""curtains"", ""green lighting""]",illustration,,,,unknown_legacy,parse_fallback_legacy,"pre-fix: psd-tools failed, fell back to thumbnail-only",repair_required,parse_fallback_legacy,,,,,,,webdav:/13730b09/발송/범선/기절용사와 암살공주/장소/호텔실내,visual:bg-complex-q0012:52653,diverse_rank=7; source_count=8; visual_group=visual:bg-complex-q0012:52653
bg-complex-q0012,기절용사와 암살공주 장소/호텔실내에서 침대와 창문 또는 조명이 함께 보이는 호텔 방 배경,complex,기절용사와 암살공주/장소/호텔실내,52542,21,fts,"{""fts"": 21}","{""background_complex_v2_scoped_20260506:fts"": 21}",webdav://13730b09/발송/범선/기절용사와 암살공주/장소/호텔실내/kya05_055.psd,52542_kya05_055.psd,발송/범선/기절용사와 암살공주/장소/호텔실내/kya05_055.psd,webdav:/13730b09/발송/범선/기절용사와 암살공주/장소/호텔실내,/Users/saintiron/Projects/Imagine/thumbnails/52542_kya05_055_thumb.png,psd,,,Anime character sketch with overlaid line art in a traditional room,"[""anime"", ""sketch"", ""line art"", ""traditional room"", ""character""]",illustration,,,,unknown_legacy,parse_fallback_legacy,"pre-fix: psd-tools failed, fell back to thumbnail-only",repair_required,parse_fallback_legacy,,,,,,,webdav:/13730b09/발송/범선/기절용사와 암살공주/장소/호텔실내,visual:bg-complex-q0012:52542,diverse_rank=4; source_count=8; visual_group=visual:bg-complex-q0012:52542
bg-complex-q0012,기절용사와 암살공주 장소/호텔실내에서 침대와 창문 또는 조명이 함께 보이는 호텔 방 배경,complex,기절용사와 암살공주/장소/호텔실내,52551,21,triaxis,"{""triaxis"": 21}","{""background_complex_v2_scoped_20260506:triaxis"": 21}",webdav://13730b09/발송/범선/기절용사와 암살공주/장소/호텔실내/kya05_064_2.psd,52551_kya05_064_2.psd,발송/범선/기절용사와 암살공주/장소/호텔실내/kya05_064_2.psd,webdav:/13730b09/발송/범선/기절용사와 암살공주/장소/호텔실내,/Users/saintiron/Projects/Imagine/thumbnails/52551_kya05_064_2_thumb.png,psd,,,Anime character's face overlaid on a room interior with window and shelf.,"[""anime"", ""face"", ""window"", ""curtain"", ""shelf"", ""pot"", ""wood paneling"", ""overlay""]",illustration,,,,unknown_legacy,parse_fallback_legacy,"pre-fix: psd-tools failed, fell back to thumbnail-only",repair_required,parse_fallback_legacy,,,,,,,webdav:/13730b09/발송/범선/기절용사와 암살공주/장소/호텔실내,visual:bg-complex-q0012:52551,diverse_rank=8; source_count=8; visual_group=visual:bg-complex-q0012:52551
bg-complex-q0013,크랑베르무 장소/신사에서 기둥과 지붕 구조가 보이고 숲이나 나무가 둘러싼 야외 배경,complex,크랑베르무/장소/신사,41268,1,"mv,vv","{""mv"": 20, ""vv"": 1}","{""background_complex_v2_scoped_20260506:mv"": 20, ""background_complex_v2_scoped_20260506:vv"": 1}",webdav://13730b09/예비/크랑베르무/장소/신사/grb02_070.psd,41268_grb02_070.psd,예비/크랑베르무/장소/신사/grb02_070.psd,webdav:/13730b09/예비/크랑베르무/장소/신사,/Users/saintiron/Projects/Imagine/thumbnails/41268_grb02_070_thumb.png,psd,,,A serene anime-style shrine surrounded by lush greenery and stone steps leading up to its red torii gate.,"[""shrine"", ""anime"", ""torii"", ""greenery"", ""serene"", ""stone steps"", ""traditional japanese architecture""]",illustration,,,,unknown_legacy,parse_fallback_legacy,"pre-fix: psd-tools failed, fell back to thumbnail-only",repair_required,parse_fallback_legacy,,,,,,,webdav:/13730b09/예비/크랑베르무/장소/신사,visual:bg-complex-q0013:41268,diverse_rank=1; source_count=8; visual_group=visual:bg-complex-q0013:41268
bg-complex-q0013,크랑베르무 장소/신사에서 기둥과 지붕 구조가 보이고 숲이나 나무가 둘러싼 야외 배경,complex,크랑베르무/장소/신사,41285,1,"fts,triaxis","{""fts"": 1, ""triaxis"": 40}","{""background_complex_v2_scoped_20260506:fts"": 1, ""background_complex_v2_scoped_20260506:triaxis"": 40}",webdav://13730b09/예비/크랑베르무/장소/신사/grb07_032.psd,41285_grb07_032.psd,예비/크랑베르무/장소/신사/grb07_032.psd,webdav:/13730b09/예비/크랑베르무/장소/신사,/Users/saintiron/Projects/Imagine/thumbnails/41285_grb07_032_thumb.png,psd,,,Golden stone surface with dark imprints,"[""Stone"", ""Golden Brown"", ""Imprints"", ""Texture"", ""Tileable""]",texture,,,,unknown_legacy,parse_fallback_legacy,"pre-fix: psd-tools failed, fell back to thumbnail-only",repair_required,parse_fallback_legacy,,,,,,,webdav:/13730b09/예비/크랑베르무/장소/신사,visual:bg-complex-q0013:41285,diverse_rank=5; source_count=8; visual_group=visual:bg-complex-q0013:41285
bg-complex-q0013,크랑베르무 장소/신사에서 기둥과 지붕 구조가 보이고 숲이나 나무가 둘러싼 야외 배경,complex,크랑베르무/장소/신사,41299,6,"mv,triaxis,vv","{""mv"": 43, ""triaxis"": 6, ""vv"": 24}","{""background_complex_v2_scoped_20260506:mv"": 43, ""background_complex_v2_scoped_20260506:triaxis"": 6, ""background_complex_v2_scoped_20260506:vv"": 24}",webdav://13730b09/예비/크랑베르무/장소/신사/grb07_058.psd,41299_grb07_058.psd,예비/크랑베르무/장소/신사/grb07_058.psd,webdav:/13730b09/예비/크랑베르무/장소/신사,/Users/saintiron/Projects/Imagine/thumbnails/41299_grb07_058_thumb.png,psd,,,"A tranquil Japanese lantern stands beside a road at dusk, with a darkening sky and distant hills.","[""dusk"", ""lantern"", ""Japanese"", ""road"", ""anime"", ""serene"", ""autumn""]",background,Outdoor,Dusk,Clear,unknown_legacy,parse_fallback_legacy,"pre-fix: psd-tools failed, fell back to thumbnail-only",repair_required,parse_fallback_legacy,,,,,,,webdav:/13730b09/예비/크랑베르무/장소/신사,visual:bg-complex-q0013:41299,diverse_rank=2; source_count=8; visual_group=visual:bg-complex-q0013:41299
bg-complex-q0013,크랑베르무 장소/신사에서 기둥과 지붕 구조가 보이고 숲이나 나무가 둘러싼 야외 배경,complex,크랑베르무/장소/신사,41315,6,"mv,triaxis,vv","{""mv"": 6, ""triaxis"": 34, ""vv"": 26}","{""background_complex_v2_scoped_20260506:mv"": 6, ""background_complex_v2_scoped_20260506:triaxis"": 34, ""background_complex_v2_scoped_20260506:vv"": 26}",webdav://13730b09/예비/크랑베르무/장소/신사/grb02_064_R.psd,41315_grb02_064_R.psd,예비/크랑베르무/장소/신사/grb02_064_R.psd,webdav:/13730b09/예비/크랑베르무/장소/신사,/Users/saintiron/Projects/Imagine/thumbnails/41315_grb02_064_R_thumb.png,psd,,,"A tranquil lakeside road with distant mountains under a clear sky, featuring a bench and small building in the foreground.","[""lake"", ""road"", ""mountains"", ""bench"", ""anime"", ""summer"", ""serene""]",background,landscape,day,clear,unknown_legacy,parse_fallback_legacy,"pre-fix: psd-tools failed, fell back to thumbnail-only",repair_required,parse_fallback_legacy,,,,,,,webdav:/13730b09/예비/크랑베르무/장소/신사,visual:bg-complex-q0013:41315,diverse_rank=6; source_count=8; visual_group=visual:bg-complex-q0013:41315
bg-complex-q0013,크랑베르무 장소/신사에서 기둥과 지붕 구조가 보이고 숲이나 나무가 둘러싼 야외 배경,complex,크랑베르무/장소/신사,41348,11,"mv,triaxis,vv","{""mv"": 11, ""triaxis"": 29, ""vv"": 13}","{""background_complex_v2_scoped_20260506:mv"": 11, ""background_complex_v2_scoped_20260506:triaxis"": 29, ""background_complex_v2_scoped_20260506:vv"": 13}",webdav://13730b09/예비/크랑베르무/장소/신사/grb07_053.psd,41348_grb07_053.psd,예비/크랑베르무/장소/신사/grb07_053.psd,webdav:/13730b09/예비/크랑베르무/장소/신사,/Users/saintiron/Projects/Imagine/thumbnails/41348_grb07_053_thumb.png,psd,,,"A quiet coastal path at night, flanked by stone lanterns and a solitary evergreen tree, overlooking calm waters.","[""night"", ""coast"", ""lanterns"", ""anime"", ""serene"", ""water"", ""tree"", ""path""]",background,Coastal,Night,Clear,unknown_legacy,parse_fallback_legacy,"pre-fix: psd-tools failed, fell back to thumbnail-only",repair_required,parse_fallback_legacy,,,,,,,webdav:/13730b09/예비/크랑베르무/장소/신사,visual:bg-complex-q0013:41348,diverse_rank=3; source_count=8; visual_group=visual:bg-complex-q0013:41348
bg-complex-q0013,크랑베르무 장소/신사에서 기둥과 지붕 구조가 보이고 숲이나 나무가 둘러싼 야외 배경,complex,크랑베르무/장소/신사,41354,11,"mv,triaxis,vv","{""mv"": 14, ""triaxis"": 11, ""vv"": 17}","{""background_complex_v2_scoped_20260506:mv"": 14, ""background_complex_v2_scoped_20260506:triaxis"": 11, ""background_complex_v2_scoped_20260506:vv"": 17}",webdav://13730b09/예비/크랑베르무/장소/신사/grb10_171.psd,41354_grb10_171.psd,예비/크랑베르무/장소/신사/grb10_171.psd,webdav:/13730b09/예비/크랑베르무/장소/신사,/Users/saintiron/Projects/Imagine/thumbnails/41354_grb10_171_thumb.png,psd,,,"A quiet, misty shrine at night with stone steps leading to a torii gate, surrounded by trees and lanterns.","[""shrine"", ""torii"", ""night"", ""anime"", ""mysterious"", ""Japanese architecture"", ""stone steps"", ""trees"", ""lanterns"", ""overcast""]",background,Shrine,Night,Overcast,unknown_legacy,parse_fallback_legacy,"pre-fix: psd-tools failed, fell back to thumbnail-only",repair_required,parse_fallback_legacy,,,,,,,webdav:/13730b09/예비/크랑베르무/장소/신사,visual:bg-complex-q0013:41357,diverse_rank=7; source_count=8; visual_group=visual:bg-complex-q0013:41357
bg-complex-q0013,크랑베르무 장소/신사에서 기둥과 지붕 구조가 보이고 숲이나 나무가 둘러싼 야외 배경,complex,크랑베르무/장소/신사,41302,21,"fts,mv,triaxis","{""fts"": 26, ""mv"": 27, ""triaxis"": 21}","{""background_complex_v2_scoped_20260506:fts"": 26, ""background_complex_v2_scoped_20260506:mv"": 27, ""background_complex_v2_scoped_20260506:triaxis"": 21}",webdav://13730b09/예비/크랑베르무/장소/신사/grb07_061.psd,41302_grb07_061.psd,예비/크랑베르무/장소/신사/grb07_061.psd,webdav:/13730b09/예비/크랑베르무/장소/신사,/Users/saintiron/Projects/Imagine/thumbnails/41302_grb07_061_thumb.png,psd,,,"A dimly lit, rocky path beside grassy terrain under twilight.","[""dungeon"", ""twilight"", ""anime"", ""mysterious"", ""rocky path"", ""grass"", ""purple"", ""teal""]",background,Dungeons,dusk,clear,unknown_legacy,parse_fallback_legacy,"pre-fix: psd-tools failed, fell back to thumbnail-only",repair_required,parse_fallback_legacy,,,,,,,webdav:/13730b09/예비/크랑베르무/장소/신사,visual:bg-complex-q0013:41302,diverse_rank=4; source_count=8; visual_group=visual:bg-complex-q0013:41302
bg-complex-q0013,크랑베르무 장소/신사에서 기둥과 지붕 구조가 보이고 숲이나 나무가 둘러싼 야외 배경,complex,크랑베르무/장소/신사,41343,21,fts,"{""fts"": 21}","{""background_complex_v2_scoped_20260506:fts"": 21}",webdav://13730b09/예비/크랑베르무/장소/신사/grb09_082.psd,41343_grb09_082.psd,예비/크랑베르무/장소/신사/grb09_082.psd,webdav:/13730b09/예비/크랑베르무/장소/신사,/Users/saintiron/Projects/Imagine/thumbnails/41343_grb09_082_thumb.png,psd,,,"A girl stands by a lake under a large moon, gazing into the distance.","[""anime"", ""night"", ""moon"", ""lake"", ""girl"", ""serene"", ""illustration""]",illustration,,,,unknown_legacy,parse_fallback_legacy,"pre-fix: psd-tools failed, fell back to thumbnail-only",repair_required,parse_fallback_legacy,,,,,,,webdav:/13730b09/예비/크랑베르무/장소/신사,visual:bg-complex-q0013:41343,diverse_rank=8; source_count=8; visual_group=visual:bg-complex-q0013:41343
bg-complex-q0014,작품 쫑 후시 장소/마법창고에서 어두운 실내와 선반 또는 상자가 함께 보이는 창고 배경,complex,후시/장소/마법창고,33602,1,mv,"{""mv"": 1}","{""background_complex_v2_scoped_20260506:mv"": 1}",webdav://13730b09/발송4/범선/작품 쫑/후시/장소/마법창고/nfb11_121.psd,33602_nfb11_121.psd,발송4/범선/작품 쫑/후시/장소/마법창고/nfb11_121.psd,webdav:/13730b09/발송4/범선/작품 쫑/후시/장소/마법창고,/Users/saintiron/Projects/Imagine/thumbnails/33602_nfb11_121_thumb.png,psd,,,"A dimly lit storage room with stacked suitcases and wooden barrels, evoking a sense of mystery and nostalgia.","[""storage room"", ""anime"", ""mysterious"", ""suitcases"", ""wooden barrels"", ""night"", ""dim lighting""]",background,storage room,night,overcast,unknown_legacy,parse_fallback_legacy,"pre-fix: psd-tools failed, fell back to thumbnail-only",repair_required,parse_fallback_legacy,,,,,,,webdav:/13730b09/발송4/범선/작품 쫑/후시/장소/마법창고,visual:bg-complex-q0014:33602,diverse_rank=1; source_count=8; visual_group=visual:bg-complex-q0014:33602
bg-complex-q0014,작품 쫑 후시 장소/마법창고에서 어두운 실내와 선반 또는 상자가 함께 보이는 창고 배경,complex,후시/장소/마법창고,33655,1,fts,"{""fts"": 1}","{""background_complex_v2_scoped_20260506:fts"": 1}",webdav://13730b09/발송4/범선/작품 쫑/후시/장소/마법창고/nfb11_179.psd,33655_nfb11_179.psd,발송4/범선/작품 쫑/후시/장소/마법창고/nfb11_179.psd,webdav:/13730b09/발송4/범선/작품 쫑/후시/장소/마법창고,/Users/saintiron/Projects/Imagine/thumbnails/33655_nfb11_179_thumb.png,psd,,,unknown,[],character,,,,unknown_legacy,parse_fallback_legacy,"pre-fix: psd-tools failed, fell back to thumbnail-only",repair_required,parse_fallback_legacy,,,,,,,webdav:/13730b09/발송4/범선/작품 쫑/후시/장소/마법창고,visual:bg-complex-q0014:33655,diverse_rank=5; source_count=8; visual_group=visual:bg-complex-q0014:33655
bg-complex-q0014,작품 쫑 후시 장소/마법창고에서 어두운 실내와 선반 또는 상자가 함께 보이는 창고 배경,complex,후시/장소/마법창고,33670,6,"mv,triaxis,vv","{""mv"": 24, ""triaxis"": 10, ""vv"": 6}","{""background_complex_v2_scoped_20260506:mv"": 24, ""background_complex_v2_scoped_20260506:triaxis"": 10, ""background_complex_v2_scoped_20260506:vv"": 6}",webdav://13730b09/발송4/범선/작품 쫑/후시/장소/마법창고/nfb11_195.psd,33670_nfb11_195.psd,발송4/범선/작품 쫑/후시/장소/마법창고/nfb11_195.psd,webdav:/13730b09/발송4/범선/작품 쫑/후시/장소/마법창고,/Users/saintiron/Projects/Imagine/thumbnails/33670_nfb11_195_thumb.png,psd,,,"A dimly lit dungeon room with wooden shelves, barrels, and a ghostly figure in the background.","[""Dungeon"", ""Anime"", ""Mysterious"", ""Dark"", ""Ghost"", ""Wooden"", ""Barrel"", ""Shelf""]",background,Dungeons,Night,Unknown,unknown_legacy,parse_fallback_legacy,"pre-fix: psd-tools failed, fell back to thumbnail-only",repair_required,parse_fallback_legacy,,,,,,,webdav:/13730b09/발송4/범선/작품 쫑/후시/장소/마법창고,visual:bg-complex-q0014:33670,diverse_rank=2; source_count=8; visual_group=visual:bg-complex-q0014:33670
bg-complex-q0014,작품 쫑 후시 장소/마법창고에서 어두운 실내와 선반 또는 상자가 함께 보이는 창고 배경,complex,후시/장소/마법창고,33684,6,"mv,triaxis","{""mv"": 49, ""triaxis"": 6}","{""background_complex_v2_scoped_20260506:mv"": 49, ""background_complex_v2_scoped_20260506:triaxis"": 6}",webdav://13730b09/발송4/범선/작품 쫑/후시/장소/마법창고/nfb11_215.psd,33684_nfb11_215.psd,발송4/범선/작품 쫑/후시/장소/마법창고/nfb11_215.psd,webdav:/13730b09/발송4/범선/작품 쫑/후시/장소/마법창고,/Users/saintiron/Projects/Imagine/thumbnails/33684_nfb11_215_thumb.png,psd,,,Anime-style illustration of a character in a dimly lit warehouse with wooden crates and a glowing purple background.,"[""anime"", ""warehouse"", ""character"", ""mysterious"", ""dark"", ""purple"", ""wooden crates"", ""lineart"", ""illustration""]",illustration,,,,unknown_legacy,parse_fallback_legacy,"pre-fix: psd-tools failed, fell back to thumbnail-only",repair_required,parse_fallback_legacy,,,,,,,webdav:/13730b09/발송4/범선/작품 쫑/후시/장소/마법창고,visual:bg-complex-q0014:33684,diverse_rank=6; source_count=8; visual_group=visual:bg-complex-q0014:33684
bg-complex-q0014,작품 쫑 후시 장소/마법창고에서 어두운 실내와 선반 또는 상자가 함께 보이는 창고 배경,complex,후시/장소/마법창고,33623,11,"fts,vv","{""fts"": 11, ""vv"": 49}","{""background_complex_v2_scoped_20260506:fts"": 11, ""background_complex_v2_scoped_20260506:vv"": 49}",webdav://13730b09/발송4/범선/작품 쫑/후시/장소/마법창고/nfb11_146.psd,33623_nfb11_146.psd,발송4/범선/작품 쫑/후시/장소/마법창고/nfb11_146.psd,webdav:/13730b09/발송4/범선/작품 쫑/후시/장소/마법창고,/Users/saintiron/Projects/Imagine/thumbnails/33623_nfb11_146_thumb.png,psd,,,"Ghostly figures in a dimly lit library, illuminated by a glowing purple lantern.","[""anime"", ""ghost"", ""library"", ""purple"", ""mysterious"", ""illustration""]",illustration,,,,unknown_legacy,parse_fallback_legacy,"pre-fix: psd-tools failed, fell back to thumbnail-only",repair_required,parse_fallback_legacy,,,,,,,webdav:/13730b09/발송4/범선/작품 쫑/후시/장소/마법창고,visual:bg-complex-q0014:33623,diverse_rank=3; source_count=8; visual_group=visual:bg-complex-q0014:33623
bg-complex-q0014,작품 쫑 후시 장소/마법창고에서 어두운 실내와 선반 또는 상자가 함께 보이는 창고 배경,complex,후시/장소/마법창고,33662,11,mv,"{""mv"": 11}","{""background_complex_v2_scoped_20260506:mv"": 11}",webdav://13730b09/발송4/범선/작품 쫑/후시/장소/마법창고/nfb11_186.psd,33662_nfb11_186.psd,발송4/범선/작품 쫑/후시/장소/마법창고/nfb11_186.psd,webdav:/13730b09/발송4/범선/작품 쫑/후시/장소/마법창고,/Users/saintiron/Projects/Imagine/thumbnails/33662_nfb11_186_thumb.png,psd,,,"A dimly lit, mysterious interior with bookshelves and a balcony, featuring a faint outline of a character in the background.","[""anime"", ""dark"", ""mysterious"", ""bookshelf"", ""balcony"", ""night"", ""classical architecture"", ""purple lighting""]",background,Interior,Night,Unknown,unknown_legacy,parse_fallback_legacy,"pre-fix: psd-tools failed, fell back to thumbnail-only",repair_required,parse_fallback_legacy,,,,,,,webdav:/13730b09/발송4/범선/작품 쫑/후시/장소/마법창고,visual:bg-complex-q0014:33662,diverse_rank=7; source_count=8; visual_group=visual:bg-complex-q0014:33662
bg-complex-q0014,작품 쫑 후시 장소/마법창고에서 어두운 실내와 선반 또는 상자가 함께 보이는 창고 배경,complex,후시/장소/마법창고,33643,21,"mv,vv","{""mv"": 21, ""vv"": 24}","{""background_complex_v2_scoped_20260506:mv"": 21, ""background_complex_v2_scoped_20260506:vv"": 24}",webdav://13730b09/발송4/범선/작품 쫑/후시/장소/마법창고/nfb11_167.psd,33643_nfb11_167.psd,발송4/범선/작품 쫑/후시/장소/마법창고/nfb11_167.psd,webdav:/13730b09/발송4/범선/작품 쫑/후시/장소/마법창고,/Users/saintiron/Projects/Imagine/thumbnails/33643_nfb11_167_thumb.png,psd,,,"A dimly lit, multi-level library interior with bookshelves and architectural details, overlaid with sketch lines.","[""library"", ""anime"", ""night"", ""mysterious"", ""classical architecture"", ""blue and purple"", ""sketch overlay""]",background,Interior,Night,Unknown,unknown_legacy,parse_fallback_legacy,"pre-fix: psd-tools failed, fell back to thumbnail-only",repair_required,parse_fallback_legacy,,,,,,,webdav:/13730b09/발송4/범선/작품 쫑/후시/장소/마법창고,visual:bg-complex-q0014:33643,diverse_rank=4; source_count=8; visual_group=visual:bg-complex-q0014:33643
bg-complex-q0014,작품 쫑 후시 장소/마법창고에서 어두운 실내와 선반 또는 상자가 함께 보이는 창고 배경,complex,후시/장소/마법창고,33663,21,"fts,triaxis","{""fts"": 21, ""triaxis"": 37}","{""background_complex_v2_scoped_20260506:fts"": 21, ""background_complex_v2_scoped_20260506:triaxis"": 37}",webdav://13730b09/발송4/범선/작품 쫑/후시/장소/마법창고/nfb11_188.psd,33663_nfb11_188.psd,발송4/범선/작품 쫑/후시/장소/마법창고/nfb11_188.psd,webdav:/13730b09/발송4/범선/작품 쫑/후시/장소/마법창고,/Users/saintiron/Projects/Imagine/thumbnails/33663_nfb11_188_thumb.png,psd,,,"A large mecha stands in a dimly lit library, surrounded by bookshelves and crates.","[""mecha"", ""anime"", ""library"", ""dark"", ""aggressive"", ""imagine_worker_gba8vqbn""]",character,,,,unknown_legacy,parse_fallback_legacy,"pre-fix: psd-tools failed, fell back to thumbnail-only",repair_required,parse_fallback_legacy,,,,,,,webdav:/13730b09/발송4/범선/작품 쫑/후시/장소/마법창고,visual:bg-complex-q0014:33663,diverse_rank=8; source_count=8; visual_group=visual:bg-complex-q0014:33663
bg-complex-q0015,사카모토 bg에서 도로와 건물 외관이 함께 보이고 도시 골목 느낌이 나는 배경,complex,사카모토/bg,38767,1,"mv,triaxis,vv","{""mv"": 40, ""triaxis"": 37, ""vv"": 1}","{""background_complex_v2_scoped_20260506:mv"": 40, ""background_complex_v2_scoped_20260506:triaxis"": 37, ""background_complex_v2_scoped_20260506:vv"": 1}",webdav://13730b09/발송/범선/사카모토/bg/SD_19_205_genzu_b.psd,38767_SD_19_205_genzu_b.psd,발송/범선/사카모토/bg/SD_19_205_genzu_b.psd,webdav:/13730b09/발송/범선/사카모토/bg,/Users/saintiron/Projects/Imagine/thumbnails/38767_SD_19_205_genzu_b_thumb.png,psd,,,"A serene mountain landscape with lush greenery and a clear blue sky, featuring distant peaks and a rocky foreground.","[""mountains"", ""forest"", ""anime"", ""summer"", ""peaceful"", ""landscape"", ""clear sky"", ""natural scenery""]",background,rural,,,unknown_legacy,parse_fallback_legacy,"pre-fix: psd-tools failed, fell back to thumbnail-only",repair_required,parse_fallback_legacy,,,,,,,webdav:/13730b09/발송/범선/사카모토/bg,visual:bg-complex-q0015:38767,diverse_rank=1; source_count=8; visual_group=visual:bg-complex-q0015:38767
bg-complex-q0015,사카모토 bg에서 도로와 건물 외관이 함께 보이고 도시 골목 느낌이 나는 배경,complex,사카모토/bg,38833,1,"mv,triaxis,vv","{""mv"": 1, ""triaxis"": 1, ""vv"": 19}","{""background_complex_v2_scoped_20260506:mv"": 1, ""background_complex_v2_scoped_20260506:triaxis"": 1, ""background_complex_v2_scoped_20260506:vv"": 19}",webdav://13730b09/발송/범선/사카모토/bg/SD_19_273_genzu_b_BG1.psd,38833_SD_19_273_genzu_b_BG1.psd,발송/범선/사카모토/bg/SD_19_273_genzu_b_BG1.psd,webdav:/13730b09/발송/범선/사카모토/bg,/Users/saintiron/Projects/Imagine/thumbnails/38833_SD_19_273_genzu_b_BG1_thumb.png,psd,,,"A textured gravel pavement background with a character sketch overlay, suggesting an outdoor urban setting.","[""urban"", ""gravel_pavement"", ""anime_background"", ""character_sketch"", ""outdoor"", ""peaceful"", ""natural_light""]",background,urban,,,unknown_legacy,parse_fallback_legacy,"pre-fix: psd-tools failed, fell back to thumbnail-only",repair_required,parse_fallback_legacy,,,,,,,webdav:/13730b09/발송/범선/사카모토/bg,visual:bg-complex-q0015:38833,diverse_rank=5; source_count=8; visual_group=visual:bg-complex-q0015:38833
bg-complex-q0015,사카모토 bg에서 도로와 건물 외관이 함께 보이고 도시 골목 느낌이 나는 배경,complex,사카모토/bg,38853,1,fts,"{""fts"": 1}","{""background_complex_v2_scoped_20260506:fts"": 1}",webdav://13730b09/발송/범선/사카모토/bg/SD_19_276_genzu_b.psd,38853_SD_19_276_genzu_b.psd,발송/범선/사카모토/bg/SD_19_276_genzu_b.psd,webdav:/13730b09/발송/범선/사카모토/bg,/Users/saintiron/Projects/Imagine/thumbnails/38853_SD_19_276_genzu_b_thumb.png,psd,,,Radiant light burst with anime-style character outline,"[""light"", ""radiance"", ""anime"", ""glow"", ""speed_line"", ""energy"", ""dynamic""]",effect,,,,unknown_legacy,parse_fallback_legacy,"pre-fix: psd-tools failed, fell back to thumbnail-only",repair_required,parse_fallback_legacy,,,,,,,webdav:/13730b09/발송/범선/사카모토/bg,visual:bg-complex-q0015:38853,diverse_rank=8; source_count=8; visual_group=visual:bg-complex-q0015:38853
bg-complex-q0015,사카모토 bg에서 도로와 건물 외관이 함께 보이고 도시 골목 느낌이 나는 배경,complex,사카모토/bg,38771,6,"fts,mv,triaxis,vv","{""fts"": 9, ""mv"": 24, ""triaxis"": 12, ""vv"": 6}","{""background_complex_v2_scoped_20260506:fts"": 9, ""background_complex_v2_scoped_20260506:mv"": 24, ""background_complex_v2_scoped_20260506:triaxis"": 12, ""background_complex_v2_scoped_20260506:vv"": 6}",webdav://13730b09/발송/범선/사카모토/bg/SD_19_219_genzu_b.psd,38771_SD_19_219_genzu_b.psd,발송/범선/사카모토/bg/SD_19_219_genzu_b.psd,webdav:/13730b09/발송/범선/사카모토/bg,/Users/saintiron/Projects/Imagine/thumbnails/38771_SD_19_219_genzu_b_thumb.png,psd,,,A serene forest path with lush green grass and trees under bright daylight.,"[""forest"", ""path"", ""trees"", ""grass"", ""anime"", ""nature"", ""summer"", ""peaceful""]",background,rural,,,unknown_legacy,parse_fallback_legacy,"pre-fix: psd-tools failed, fell back to thumbnail-only",repair_required,parse_fallback_legacy,,,,,,,webdav:/13730b09/발송/범선/사카모토/bg,visual:bg-complex-q0015:38771,diverse_rank=2; source_count=8; visual_group=visual:bg-complex-q0015:38771
bg-complex-q0015,사카모토 bg에서 도로와 건물 외관이 함께 보이고 도시 골목 느낌이 나는 배경,complex,사카모토/bg,38776,6,"fts,mv,vv","{""fts"": 6, ""mv"": 38, ""vv"": 39}","{""background_complex_v2_scoped_20260506:fts"": 6, ""background_complex_v2_scoped_20260506:mv"": 38, ""background_complex_v2_scoped_20260506:vv"": 39}",webdav://13730b09/발송/범선/사카모토/bg/SD_19_241_genzu_b.psd,38776_SD_19_241_genzu_b.psd,발송/범선/사카모토/bg/SD_19_241_genzu_b.psd,webdav:/13730b09/발송/범선/사카모토/bg,/Users/saintiron/Projects/Imagine/thumbnails/38776_SD_19_241_genzu_b_thumb.png,psd,,,"Anime-style landscape with a river, mountains, and a faint lineart overlay of a character.","[""landscape"", ""anime"", ""river"", ""mountains"", ""lineart"", ""serene"", ""digital""]",illustration,,,,unknown_legacy,parse_fallback_legacy,"pre-fix: psd-tools failed, fell back to thumbnail-only",repair_required,parse_fallback_legacy,,,,,,,webdav:/13730b09/발송/범선/사카모토/bg,visual:bg-complex-q0015:38776,diverse_rank=6; source_count=8; visual_group=visual:bg-complex-q0015:38776
bg-complex-q0015,사카모토 bg에서 도로와 건물 외관이 함께 보이고 도시 골목 느낌이 나는 배경,complex,사카모토/bg,38750,11,"fts,mv,triaxis,vv","{""fts"": 30, ""mv"": 11, ""triaxis"": 14, ""vv"": 18}","{""background_complex_v2_scoped_20260506:fts"": 30, ""background_complex_v2_scoped_20260506:mv"": 11, ""background_complex_v2_scoped_20260506:triaxis"": 14, ""background_complex_v2_scoped_20260506:vv"": 18}",webdav://13730b09/발송/범선/사카모토/bg/SD_19_185_genzu_b.psd,38750_SD_19_185_genzu_b.psd,발송/범선/사카모토/bg/SD_19_185_genzu_b.psd,webdav:/13730b09/발송/범선/사카모토/bg,/Users/saintiron/Projects/Imagine/thumbnails/38750_SD_19_185_genzu_b_thumb.png,psd,,,Two figures walk along a rocky riverbank under a bright blue sky with distant green mountains.,"[""anime"", ""rural"", ""river"", ""mountains"", ""summer"", ""peaceful"", ""outdoor"", ""natural_landscape""]",background,rural,,,unknown_legacy,parse_fallback_legacy,"pre-fix: psd-tools failed, fell back to thumbnail-only",repair_required,parse_fallback_legacy,,,,,,,webdav:/13730b09/발송/범선/사카모토/bg,visual:bg-complex-q0015:38750,diverse_rank=3; source_count=8; visual_group=visual:bg-complex-q0015:38750
bg-complex-q0015,사카모토 bg에서 도로와 건물 외관이 함께 보이고 도시 골목 느낌이 나는 배경,complex,사카모토/bg,38802,21,"triaxis,vv","{""triaxis"": 48, ""vv"": 21}","{""background_complex_v2_scoped_20260506:triaxis"": 48, ""background_complex_v2_scoped_20260506:vv"": 21}",webdav://13730b09/발송/범선/사카모토/bg/SD_19_208_210_genzu_b.psd,38802_SD_19_208_210_genzu_b.psd,발송/범선/사카모토/bg/SD_19_208_210_genzu_b.psd,webdav:/13730b09/발송/범선/사카모토/bg,/Users/saintiron/Projects/Imagine/thumbnails/38802_SD_19_208_210_genzu_b_thumb.png,psd,,,A misty forest at twilight with tall trees and a faint silhouette of a figure in the distance.,"[""forest"", ""twilight"", ""fog"", ""anime"", ""melancholic"", ""trees"", ""silhouette""]",background,rural,,,unknown_legacy,parse_fallback_legacy,"pre-fix: psd-tools failed, fell back to thumbnail-only",repair_required,parse_fallback_legacy,,,,,,,webdav:/13730b09/발송/범선/사카모토/bg,visual:bg-complex-q0015:38802,diverse_rank=4; source_count=8; visual_group=visual:bg-complex-q0015:38802
bg-complex-q0015,사카모토 bg에서 도로와 건물 외관이 함께 보이고 도시 골목 느낌이 나는 배경,complex,사카모토/bg,38843,21,"mv,triaxis","{""mv"": 23, ""triaxis"": 21}","{""background_complex_v2_scoped_20260506:mv"": 23, ""background_complex_v2_scoped_20260506:triaxis"": 21}",webdav://13730b09/발송/범선/사카모토/bg/SD_19_282_genzu_b.psd,38843_SD_19_282_genzu_b.psd,발송/범선/사카모토/bg/SD_19_282_genzu_b.psd,webdav:/13730b09/발송/범선/사카모토/bg,/Users/saintiron/Projects/Imagine/thumbnails/38843_SD_19_282_genzu_b_thumb.png,psd,,,"A serene cliffside landscape under a clear blue sky, with a faint sketch of a face superimposed in the background, suggesting a dreamlike or nostalgic atmosphere.","[""cliffside"", ""anime"", ""landscape"", ""sky"", ""trees"", ""ethereal"", ""sketch_overlay"", ""peaceful"", ""summer""]",background,rural,,,unknown_legacy,parse_fallback_legacy,"pre-fix: psd-tools failed, fell back to thumbnail-only",repair_required,parse_fallback_legacy,,,,,,,webdav:/13730b09/발송/범선/사카모토/bg,visual:bg-complex-q0015:38762,diverse_rank=7; source_count=8; visual_group=visual:bg-complex-q0015:38762
bg-complex-q0016,켄신 자료에서 목조 교량이나 강이 보이고 전통 건축 분위기가 함께 있는 배경,complex,켄신,37970,1,"mv,triaxis","{""mv"": 1, ""triaxis"": 13}","{""background_complex_v2_scoped_20260506:mv"": 1, ""background_complex_v2_scoped_20260506:triaxis"": 13}",webdav://13730b09/발송작품/작품/켄신/외부-028.jpg,37970_외부-028.jpg,발송작품/작품/켄신/외부-028.jpg,webdav:/13730b09/발송작품/작품/켄신,/Users/saintiron/Projects/Imagine/thumbnails/37970_외부-028_thumb.png,jpg,,,"A traditional Japanese wooden building with a teal-tiled roof, wet from rain, under twilight.","[""traditional_japanese"", ""rainy_day"", ""melancholic"", ""wooden_structure"", ""teal_roof"", ""twilight"", ""rural_japan""]",background,rural,,,unknown_legacy,,,repair_required,parse_fallback_legacy,,,,,,,webdav:/13730b09/발송작품/작품/켄신,visual:bg-complex-q0016:37970,diverse_rank=1; source_count=8; visual_group=visual:bg-complex-q0016:37970
bg-complex-q0016,켄신 자료에서 목조 교량이나 강이 보이고 전통 건축 분위기가 함께 있는 배경,complex,켄신,37982,1,fts,"{""fts"": 1}","{""background_complex_v2_scoped_20260506:fts"": 1}",webdav://13730b09/발송작품/작품/켄신/켄신-005.jpg,37982_켄신-005.jpg,발송작품/작품/켄신/켄신-005.jpg,webdav:/13730b09/발송작품/작품/켄신,/Users/saintiron/Projects/Imagine/thumbnails/37982_켄신-005_thumb.png,jpg,,,Dark wooden floorboards in a dimly lit indoor space.,[],background,indoor,,,unknown_legacy,,,repair_required,parse_fallback_legacy,,,,,,,webdav:/13730b09/발송작품/작품/켄신,visual:bg-complex-q0016:37982,diverse_rank=5; source_count=8; visual_group=visual:bg-complex-q0016:37982
bg-complex-q0016,켄신 자료에서 목조 교량이나 강이 보이고 전통 건축 분위기가 함께 있는 배경,complex,켄신,38121,6,fts,"{""fts"": 6}","{""background_complex_v2_scoped_20260506:fts"": 6}",webdav://13730b09/발송작품/작품/켄신/켄신-188.jpg,38121_켄신-188.jpg,발송작품/작품/켄신/켄신-188.jpg,webdav:/13730b09/발송작품/작품/켄신,/Users/saintiron/Projects/Imagine/thumbnails/38121_켄신-188_thumb.png,jpg,,,"A dramatic sunset with fiery red and orange clouds, a pale moon, and silhouetted mountains and buildings beneath.",[],background,celestial,,,unknown_legacy,,,repair_required,parse_fallback_legacy,,,,,,,webdav:/13730b09/발송작품/작품/켄신,visual:bg-complex-q0016:38121,diverse_rank=2; source_count=8; visual_group=visual:bg-complex-q0016:38121
bg-complex-q0016,켄신 자료에서 목조 교량이나 강이 보이고 전통 건축 분위기가 함께 있는 배경,complex,켄신,38136,6,"mv,triaxis","{""mv"": 6, ""triaxis"": 15}","{""background_complex_v2_scoped_20260506:mv"": 6, ""background_complex_v2_scoped_20260506:triaxis"": 15}",webdav://13730b09/발송작품/작품/켄신/켄신-207.jpg,38136_켄신-207.jpg,발송작품/작품/켄신/켄신-207.jpg,webdav:/13730b09/발송작품/작품/켄신,/Users/saintiron/Projects/Imagine/thumbnails/38136_켄신-207_thumb.png,jpg,,,"A traditional Japanese wooden building with a tiled roof and wooden slats, set in a quiet courtyard under clear skies.","[""traditional_japanese_architecture"", ""anime_style"", ""courtyard"", ""wooden_building"", ""clear_sky"", ""summer"", ""peaceful""]",background,rural,,,unknown_legacy,,,repair_required,parse_fallback_legacy,,,,,,,webdav:/13730b09/발송작품/작품/켄신,visual:bg-complex-q0016:38136,diverse_rank=6; source_count=8; visual_group=visual:bg-complex-q0016:38136
bg-complex-q0016,켄신 자료에서 목조 교량이나 강이 보이고 전통 건축 분위기가 함께 있는 배경,complex,켄신,38056,11,fts,"{""fts"": 11}","{""background_complex_v2_scoped_20260506:fts"": 11}",webdav://13730b09/발송작품/작품/켄신/켄신-090.jpg,38056_켄신-090.jpg,발송작품/작품/켄신/켄신-090.jpg,webdav:/13730b09/발송작품/작품/켄신,/Users/saintiron/Projects/Imagine/thumbnails/38056_켄신-090_thumb.png,jpg,,,"A dynamic anime scene featuring a cracked tiled floor with a vibrant, fiery sky above, suggesting an intense action moment.","[""anime"", ""action_scene"", ""epic"", ""warped_floor"", ""fiery_sky"", ""38056_\ucf04\uc2e0-090.jpg"", ""imagine_dl_f6_vs3x6""]",illustration,,,,unknown_legacy,,,repair_required,parse_fallback_legacy,,,,,,,webdav:/13730b09/발송작품/작품/켄신,visual:bg-complex-q0016:38056,diverse_rank=3; source_count=8; visual_group=visual:bg-complex-q0016:38056
bg-complex-q0016,켄신 자료에서 목조 교량이나 강이 보이고 전통 건축 분위기가 함께 있는 배경,complex,켄신,38133,11,mv,"{""mv"": 11}","{""background_complex_v2_scoped_20260506:mv"": 11}",webdav://13730b09/발송작품/작품/켄신/켄신-204.jpg,38133_켄신-204.jpg,발송작품/작품/켄신/켄신-204.jpg,webdav:/13730b09/발송작품/작품/켄신,/Users/saintiron/Projects/Imagine/thumbnails/38133_켄신-204_thumb.png,jpg,,,Two panels depicting a traditional Japanese rural setting with wooden structures and dense foliage under twilight lighting.,"[""rural"", ""traditional_japanese"", ""twilight"", ""anime"", ""melancholic"", ""wooden_buildings"", ""dense_foliage"", ""depth_of_field""]",background,rural,,,unknown_legacy,,,repair_required,parse_fallback_legacy,,,,,,,webdav:/13730b09/발송작품/작품/켄신,visual:bg-complex-q0016:38133,diverse_rank=7; source_count=8; visual_group=visual:bg-complex-q0016:38133
bg-complex-q0016,켄신 자료에서 목조 교량이나 강이 보이고 전통 건축 분위기가 함께 있는 배경,complex,켄신,38006,21,"mv,vv","{""mv"": 21, ""vv"": 47}","{""background_complex_v2_scoped_20260506:mv"": 21, ""background_complex_v2_scoped_20260506:vv"": 47}",webdav://13730b09/발송작품/작품/켄신/켄신-032.jpg,38006_켄신-032.jpg,발송작품/작품/켄신/켄신-032.jpg,webdav:/13730b09/발송작품/작품/켄신,/Users/saintiron/Projects/Imagine/thumbnails/38006_켄신-032_thumb.png,jpg,,,"A rainy twilight scene in a traditional Japanese courtyard, with a wooden corridor leading into a dimly lit interior and stepping stones on a wet patio.","[""traditional_japanese"", ""rainy"", ""twilight"", ""courtyard"", ""wooden_corridor"", ""melancholic"", ""anime"", ""indoor_outdoor_transition""]",background,indoor,,,unknown_legacy,,,repair_required,parse_fallback_legacy,,,,,,,webdav:/13730b09/발송작품/작품/켄신,visual:bg-complex-q0016:38006,diverse_rank=4; source_count=8; visual_group=visual:bg-complex-q0016:38006
bg-complex-q0016,켄신 자료에서 목조 교량이나 강이 보이고 전통 건축 분위기가 함께 있는 배경,complex,켄신,38085,21,fts,"{""fts"": 21}","{""background_complex_v2_scoped_20260506:fts"": 21}",webdav://13730b09/발송작품/작품/켄신/켄신-145.jpg,38085_켄신-145.jpg,발송작품/작품/켄신/켄신-145.jpg,webdav:/13730b09/발송작품/작품/켄신,/Users/saintiron/Projects/Imagine/thumbnails/38085_켄신-145_thumb.png,jpg,,,"A serene sky with fluffy white clouds against a deep blue expanse, evoking a tranquil, dreamlike atmosphere.","[""sky"", ""clouds"", ""blue"", ""peaceful"", ""painterly"", ""celestial""]",background,celestial,,,unknown_legacy,,,repair_required,parse_fallback_legacy,,,,,,,webdav:/13730b09/발송작품/작품/켄신,visual:bg-complex-q0016:38081,diverse_rank=8; source_count=8; visual_group=visual:bg-complex-q0016:38081
bg-complex-q0017,Fate BG 참고에서 어두운 숲과 밤하늘이 함께 보이는 자연 배경,complex,Fate/BG.참고,46614,1,fts,"{""fts"": 1}","{""background_complex_v2_scoped_20260506:fts"": 1}",webdav://13730b09/발송작품/작품/Fate/BG.참고/001.jpg,46614_001.jpg,발송작품/작품/Fate/BG.참고/001.jpg,webdav:/13730b09/발송작품/작품/Fate/BG.참고,/Users/saintiron/Projects/Imagine/thumbnails/46614_001_thumb.png,jpg,,,A-frame cabin in snowy forest with falling snow,"[""winter"", ""snow"", ""cabin"", ""forest"", ""A-frame"", ""nature"", ""peaceful"", ""cozy""]",photo,,,,unknown_legacy,,,repair_required,parse_fallback_legacy,,,,,,,webdav:/13730b09/발송작품/작품/Fate/BG.참고,visual:bg-complex-q0017:46614,diverse_rank=1; source_count=8; visual_group=visual:bg-complex-q0017:46614
bg-complex-q0017,Fate BG 참고에서 어두운 숲과 밤하늘이 함께 보이는 자연 배경,complex,Fate/BG.참고,46694,1,"mv,triaxis,vv","{""mv"": 1, ""triaxis"": 17, ""vv"": 33}","{""background_complex_v2_scoped_20260506:mv"": 1, ""background_complex_v2_scoped_20260506:triaxis"": 17, ""background_complex_v2_scoped_20260506:vv"": 33}",webdav://13730b09/발송작품/작품/Fate/BG.참고/fn18_039a_s1.psd,46694_fn18_039a_s1.psd,발송작품/작품/Fate/BG.참고/fn18_039a_s1.psd,webdav:/13730b09/발송작품/작품/Fate/BG.참고,/Users/saintiron/Projects/Imagine/thumbnails/46694_fn18_039a_s1_thumb.png,psd,,,"A dark, moody scene with a fence and trees in the background.","[""dark"", ""moody"", ""fence"", ""trees"", ""night"", ""forest"", ""green"", ""blue""]",background,,,,unknown_legacy,parse_fallback_legacy,"pre-fix: psd-tools failed, fell back to thumbnail-only",repair_required,parse_fallback_legacy,,,,,,,webdav:/13730b09/발송작품/작품/Fate/BG.참고,visual:bg-complex-q0017:46694,diverse_rank=5; source_count=8; visual_group=visual:bg-complex-q0017:46694
bg-complex-q0017,Fate BG 참고에서 어두운 숲과 밤하늘이 함께 보이는 자연 배경,complex,Fate/BG.참고,46621,6,fts,"{""fts"": 6}","{""background_complex_v2_scoped_20260506:fts"": 6}",webdav://13730b09/발송작품/작품/Fate/BG.참고/007.jpg,46621_007.jpg,발송작품/작품/Fate/BG.참고/007.jpg,webdav:/13730b09/발송작품/작품/Fate/BG.참고,/Users/saintiron/Projects/Imagine/thumbnails/46621_007_thumb.png,jpg,,,A person stands in snow with red markings and text above.,"[""snow"", ""winter"", ""person"", ""red"", ""text"", ""trees"", ""sky"", ""markings""]",photo,,,,unknown_legacy,,,repair_required,parse_fallback_legacy,,,,,,,webdav:/13730b09/발송작품/작품/Fate/BG.참고,visual:bg-complex-q0017:46621,diverse_rank=2; source_count=8; visual_group=visual:bg-complex-q0017:46621
bg-complex-q0017,Fate BG 참고에서 어두운 숲과 밤하늘이 함께 보이는 자연 배경,complex,Fate/BG.참고,46720,6,"mv,triaxis,vv","{""mv"": 7, ""triaxis"": 13, ""vv"": 6}","{""background_complex_v2_scoped_20260506:mv"": 7, ""background_complex_v2_scoped_20260506:triaxis"": 13, ""background_complex_v2_scoped_20260506:vv"": 6}",webdav://13730b09/발송작품/작품/Fate/BG.참고/fn18_098_s1.psd,46720_fn18_098_s1.psd,발송작품/작품/Fate/BG.참고/fn18_098_s1.psd,webdav:/13730b09/발송작품/작품/Fate/BG.참고,/Users/saintiron/Projects/Imagine/thumbnails/46720_fn18_098_s1_thumb.png,psd,,,A twilight forest scene with deep blue and red hues under a dramatic sky.,"[""twilight"", ""forest"", ""sky"", ""dusk"", ""nature"", ""anime"", ""landscape"", ""gradient""]",background,,,,unknown_legacy,parse_fallback_legacy,"pre-fix: psd-tools failed, fell back to thumbnail-only",repair_required,parse_fallback_legacy,,,,,,,webdav:/13730b09/발송작품/작품/Fate/BG.참고,visual:bg-complex-q0017:46720,diverse_rank=6; source_count=8; visual_group=visual:bg-complex-q0017:46720
bg-complex-q0017,Fate BG 참고에서 어두운 숲과 밤하늘이 함께 보이는 자연 배경,complex,Fate/BG.참고,46620,11,"fts,triaxis","{""fts"": 11, ""triaxis"": 38}","{""background_complex_v2_scoped_20260506:fts"": 11, ""background_complex_v2_scoped_20260506:triaxis"": 38}",webdav://13730b09/발송작품/작품/Fate/BG.참고/006.jpg,46620_006.jpg,발송작품/작품/Fate/BG.참고/006.jpg,webdav:/13730b09/발송작품/작품/Fate/BG.참고,/Users/saintiron/Projects/Imagine/thumbnails/46620_006_thumb.png,jpg,,,Frost-covered trees stand tall against a clear blue sky.,"[""winter"", ""frost"", ""trees"", ""nature"", ""blue sky"", ""cold"", ""forest"", ""bare branches""]",photo,,,,unknown_legacy,,,repair_required,parse_fallback_legacy,,,,,,,webdav:/13730b09/발송작품/작품/Fate/BG.참고,visual:bg-complex-q0017:46620,diverse_rank=3; source_count=8; visual_group=visual:bg-complex-q0017:46620
bg-complex-q0017,Fate BG 참고에서 어두운 숲과 밤하늘이 함께 보이는 자연 배경,complex,Fate/BG.참고,46704,11,"mv,triaxis,vv","{""mv"": 11, ""triaxis"": 20, ""vv"": 11}","{""background_complex_v2_scoped_20260506:mv"": 11, ""background_complex_v2_scoped_20260506:triaxis"": 20, ""background_complex_v2_scoped_20260506:vv"": 11}",webdav://13730b09/발송작품/작품/Fate/BG.참고/fn18_064_s1.psd,46704_fn18_064_s1.psd,발송작품/작품/Fate/BG.참고/fn18_064_s1.psd,webdav:/13730b09/발송작품/작품/Fate/BG.참고,/Users/saintiron/Projects/Imagine/thumbnails/46704_fn18_064_s1_thumb.png,psd,,,"A dark, moody night scene with trees and a fence under a cloudy sky.","[""night"", ""trees"", ""fence"", ""clouds"", ""anime"", ""dark"", ""moody"", ""blue""]",background,,,,unknown_legacy,parse_fallback_legacy,"pre-fix: psd-tools failed, fell back to thumbnail-only",repair_required,parse_fallback_legacy,,,,,,,webdav:/13730b09/발송작품/작품/Fate/BG.참고,visual:bg-complex-q0017:46780,diverse_rank=7; source_count=8; visual_group=visual:bg-complex-q0017:46780
bg-complex-q0017,Fate BG 참고에서 어두운 숲과 밤하늘이 함께 보이는 자연 배경,complex,Fate/BG.참고,46671,21,"mv,triaxis,vv","{""mv"": 33, ""triaxis"": 21, ""vv"": 21}","{""background_complex_v2_scoped_20260506:mv"": 33, ""background_complex_v2_scoped_20260506:triaxis"": 21, ""background_complex_v2_scoped_20260506:vv"": 21}",webdav://13730b09/발송작품/작품/Fate/BG.참고/fn18_001_s1.psd,46671_fn18_001_s1.psd,발송작품/작품/Fate/BG.참고/fn18_001_s1.psd,webdav:/13730b09/발송작품/작품/Fate/BG.참고,/Users/saintiron/Projects/Imagine/thumbnails/46671_fn18_001_s1_thumb.png,psd,,,A serene night scene with a lit path leading to a distant church.,"[""night"", ""path"", ""church"", ""streetlights"", ""forest"", ""blue"", ""peaceful"", ""scenic""]",illustration,,,,unknown_legacy,parse_fallback_legacy,"pre-fix: psd-tools failed, fell back to thumbnail-only",repair_required,parse_fallback_legacy,,,,,,,webdav:/13730b09/발송작품/작품/Fate/BG.참고,visual:bg-complex-q0017:46671,diverse_rank=4; source_count=8; visual_group=visual:bg-complex-q0017:46671
bg-complex-q0017,Fate BG 참고에서 어두운 숲과 밤하늘이 함께 보이는 자연 배경,complex,Fate/BG.참고,46739,21,fts,"{""fts"": 21}","{""background_complex_v2_scoped_20260506:fts"": 21}",webdav://13730b09/발송작품/작품/Fate/BG.참고/fn18_226_s1.psd,46739_fn18_226_s1.psd,발송작품/작품/Fate/BG.참고/fn18_226_s1.psd,webdav:/13730b09/발송작품/작품/Fate/BG.참고,/Users/saintiron/Projects/Imagine/thumbnails/46739_fn18_226_s1_thumb.png,psd,,,"A barren, reddish landscape scattered with grey rocks.","[""landscape"", ""rocks"", ""desert"", ""red"", ""barren"", ""texture"", ""space"", ""mars""]",texture,,,,unknown_legacy,parse_fallback_legacy,"pre-fix: psd-tools failed, fell back to thumbnail-only",repair_required,parse_fallback_legacy,,,,,,,webdav:/13730b09/발송작품/작품/Fate/BG.참고,visual:bg-complex-q0017:46739,diverse_rank=8; source_count=8; visual_group=visual:bg-complex-q0017:46739
bg-complex-q0018,뱅가드 25 #12/bg에서 하늘과 구름 사이에 미래적인 구조물이 떠 있는 장면 배경,complex,뱅가드/25/#12/bg,49077,1,"mv,triaxis,vv","{""mv"": 1, ""triaxis"": 2, ""vv"": 3}","{""background_complex_v2_scoped_20260506:mv"": 1, ""background_complex_v2_scoped_20260506:triaxis"": 2, ""background_complex_v2_scoped_20260506:vv"": 3}",webdav://13730b09/발송/외주 회사/뱅가드/25/#12/bg/VS9_12_308_GENZU.psd,49077_VS9_12_308_GENZU.psd,발송/외주 회사/뱅가드/25/#12/bg/VS9_12_308_GENZU.psd,발송/외주 회사/뱅가드/25/#12/bg,/Users/saintiron/Projects/Imagine/thumbnails/49077_VS9_12_308_GENZU_thumb.png,psd,,,Floating futuristic structures drift among fluffy clouds in a bright blue sky.,"[""sci-fi"", ""sky"", ""clouds"", ""futuristic"", ""floating"", ""space"", ""blue"", ""white""]",background,,,,unknown_legacy,parse_fallback_legacy,"pre-fix: psd-tools failed, fell back to thumbnail-only",repair_required,parse_fallback_legacy,,,,,,,발송/외주 회사/뱅가드/25/#12/bg,visual:bg-complex-q0018:49077,diverse_rank=1; source_count=8; visual_group=visual:bg-complex-q0018:49077
bg-complex-q0018,뱅가드 25 #12/bg에서 하늘과 구름 사이에 미래적인 구조물이 떠 있는 장면 배경,complex,뱅가드/25/#12/bg,49096,1,"fts,mv,triaxis,vv","{""fts"": 1, ""mv"": 2, ""triaxis"": 6, ""vv"": 27}","{""background_complex_v2_scoped_20260506:fts"": 1, ""background_complex_v2_scoped_20260506:mv"": 2, ""background_complex_v2_scoped_20260506:triaxis"": 6, ""background_complex_v2_scoped_20260506:vv"": 27}",webdav://13730b09/발송/외주 회사/뱅가드/25/#12/bg/VS9_12_311_GENZU.psd,49096_VS9_12_311_GENZU.psd,발송/외주 회사/뱅가드/25/#12/bg/VS9_12_311_GENZU.psd,발송/외주 회사/뱅가드/25/#12/bg,/Users/saintiron/Projects/Imagine/thumbnails/49096_VS9_12_311_GENZU_thumb.png,psd,,,A blue sky with clouds and a futuristic structure.,"[""sky"", ""clouds"", ""futuristic"", ""blue"", ""architecture""]",illustration,,,,unknown_legacy,parse_fallback_legacy,"pre-fix: psd-tools failed, fell back to thumbnail-only",repair_required,parse_fallback_legacy,,,,,,,발송/외주 회사/뱅가드/25/#12/bg,visual:bg-complex-q0018:49096,diverse_rank=7; source_count=8; visual_group=visual:bg-complex-q0018:49096
bg-complex-q0018,뱅가드 25 #12/bg에서 하늘과 구름 사이에 미래적인 구조물이 떠 있는 장면 배경,complex,뱅가드/25/#12/bg,49059,6,"fts,mv,triaxis,vv","{""fts"": 50, ""mv"": 6, ""triaxis"": 8, ""vv"": 8}","{""background_complex_v2_scoped_20260506:fts"": 50, ""background_complex_v2_scoped_20260506:mv"": 6, ""background_complex_v2_scoped_20260506:triaxis"": 8, ""background_complex_v2_scoped_20260506:vv"": 8}",webdav://13730b09/발송/외주 회사/뱅가드/25/#12/bg/VS9_12_369_GENZU.psd,49059_VS9_12_369_GENZU.psd,발송/외주 회사/뱅가드/25/#12/bg/VS9_12_369_GENZU.psd,발송/외주 회사/뱅가드/25/#12/bg,/Users/saintiron/Projects/Imagine/thumbnails/49059_VS9_12_369_GENZU_thumb.png,psd,,,"A translucent, crystalline structure floats in a bright blue sky with scattered clouds.","[""sky"", ""clouds"", ""crystal"", ""floating"", ""blue"", ""white"", ""animation"", ""fantasy""]",background,,,,unknown_legacy,parse_fallback_legacy,"pre-fix: psd-tools failed, fell back to thumbnail-only",repair_required,parse_fallback_legacy,,,,,,,발송/외주 회사/뱅가드/25/#12/bg,visual:bg-complex-q0018:49059,diverse_rank=2; source_count=8; visual_group=visual:bg-complex-q0018:49059
bg-complex-q0018,뱅가드 25 #12/bg에서 하늘과 구름 사이에 미래적인 구조물이 떠 있는 장면 배경,complex,뱅가드/25/#12/bg,49068,6,"fts,triaxis","{""fts"": 6, ""triaxis"": 44}","{""background_complex_v2_scoped_20260506:fts"": 6, ""background_complex_v2_scoped_20260506:triaxis"": 44}",webdav://13730b09/발송/외주 회사/뱅가드/25/#12/bg/VS9_12_040_GENZU.psd,49068_VS9_12_040_GENZU.psd,발송/외주 회사/뱅가드/25/#12/bg/VS9_12_040_GENZU.psd,발송/외주 회사/뱅가드/25/#12/bg,/Users/saintiron/Projects/Imagine/thumbnails/49068_VS9_12_040_GENZU_thumb.png,psd,,,"Anime-style characters in a geometric, patterned background.","[""anime"", ""characters"", ""geometric"", ""patterns"", ""line art"", ""digital"", ""illustration"", ""background""]",illustration,,,,unknown_legacy,parse_fallback_legacy,"pre-fix: psd-tools failed, fell back to thumbnail-only",repair_required,parse_fallback_legacy,,,,,,,발송/외주 회사/뱅가드/25/#12/bg,visual:bg-complex-q0018:49068,diverse_rank=5; source_count=8; visual_group=visual:bg-complex-q0018:49068
bg-complex-q0018,뱅가드 25 #12/bg에서 하늘과 구름 사이에 미래적인 구조물이 떠 있는 장면 배경,complex,뱅가드/25/#12/bg,49072,6,"fts,mv,triaxis,vv","{""fts"": 34, ""mv"": 7, ""triaxis"": 9, ""vv"": 6}","{""background_complex_v2_scoped_20260506:fts"": 34, ""background_complex_v2_scoped_20260506:mv"": 7, ""background_complex_v2_scoped_20260506:triaxis"": 9, ""background_complex_v2_scoped_20260506:vv"": 6}",webdav://13730b09/발송/외주 회사/뱅가드/25/#12/bg/VS9_12_193_GENZU.psd,49072_VS9_12_193_GENZU.psd,발송/외주 회사/뱅가드/25/#12/bg/VS9_12_193_GENZU.psd,발송/외주 회사/뱅가드/25/#12/bg,/Users/saintiron/Projects/Imagine/thumbnails/49072_VS9_12_193_GENZU_thumb.png,psd,,,A winged figure floats above a futuristic city in a blue sky.,"[""anime"", ""sky"", ""clouds"", ""futuristic"", ""city"", ""angel"", ""fantasy"", ""skyline""]",background,,,,unknown_legacy,parse_fallback_legacy,"pre-fix: psd-tools failed, fell back to thumbnail-only",repair_required,parse_fallback_legacy,,,,,,,발송/외주 회사/뱅가드/25/#12/bg,visual:bg-complex-q0018:49117,diverse_rank=8; source_count=8; visual_group=visual:bg-complex-q0018:49117
bg-complex-q0018,뱅가드 25 #12/bg에서 하늘과 구름 사이에 미래적인 구조물이 떠 있는 장면 배경,complex,뱅가드/25/#12/bg,49052,11,"mv,triaxis,vv","{""mv"": 19, ""triaxis"": 16, ""vv"": 11}","{""background_complex_v2_scoped_20260506:mv"": 19, ""background_complex_v2_scoped_20260506:triaxis"": 16, ""background_complex_v2_scoped_20260506:vv"": 11}",webdav://13730b09/발송/외주 회사/뱅가드/25/#12/bg/VS9_12_227B_GENZU.psd,49052_VS9_12_227B_GENZU.psd,발송/외주 회사/뱅가드/25/#12/bg/VS9_12_227B_GENZU.psd,발송/외주 회사/뱅가드/25/#12/bg,/Users/saintiron/Projects/Imagine/thumbnails/49052_VS9_12_227B_GENZU_thumb.png,psd,,,A white bird soars through a blue sky filled with wispy clouds.,"[""bird"", ""sky"", ""clouds"", ""flight"", ""nature"", ""blue"", ""white"", ""serene""]",background,,,,unknown_legacy,parse_fallback_legacy,"pre-fix: psd-tools failed, fell back to thumbnail-only",repair_required,parse_fallback_legacy,,,,,,,발송/외주 회사/뱅가드/25/#12/bg,visual:bg-complex-q0018:49052,diverse_rank=3; source_count=8; visual_group=visual:bg-complex-q0018:49052
bg-complex-q0018,뱅가드 25 #12/bg에서 하늘과 구름 사이에 미래적인 구조물이 떠 있는 장면 배경,complex,뱅가드/25/#12/bg,49069,11,"fts,mv,triaxis","{""fts"": 11, ""mv"": 49, ""triaxis"": 26}","{""background_complex_v2_scoped_20260506:fts"": 11, ""background_complex_v2_scoped_20260506:mv"": 49, ""background_complex_v2_scoped_20260506:triaxis"": 26}",webdav://13730b09/발송/외주 회사/뱅가드/25/#12/bg/VS9_12_043_GENZU.psd,49069_VS9_12_043_GENZU.psd,발송/외주 회사/뱅가드/25/#12/bg/VS9_12_043_GENZU.psd,발송/외주 회사/뱅가드/25/#12/bg,/Users/saintiron/Projects/Imagine/thumbnails/49069_VS9_12_043_GENZU_thumb.png,psd,,,"Anime character in a holographic interface, holding cards.","[""anime"", ""hologram"", ""gaming"", ""cyberpunk"", ""card game"", ""futuristic"", ""digital art"", ""character""]",illustration,,,,unknown_legacy,parse_fallback_legacy,"pre-fix: psd-tools failed, fell back to thumbnail-only",repair_required,parse_fallback_legacy,,,,,,,발송/외주 회사/뱅가드/25/#12/bg,visual:bg-complex-q0018:49054,diverse_rank=6; source_count=8; visual_group=visual:bg-complex-q0018:49054
bg-complex-q0018,뱅가드 25 #12/bg에서 하늘과 구름 사이에 미래적인 구조물이 떠 있는 장면 배경,complex,뱅가드/25/#12/bg,49075,21,fts,"{""fts"": 21}","{""background_complex_v2_scoped_20260506:fts"": 21}",webdav://13730b09/발송/외주 회사/뱅가드/25/#12/bg/VS9_12_279_GENZU.psd,49075_VS9_12_279_GENZU.psd,발송/외주 회사/뱅가드/25/#12/bg/VS9_12_279_GENZU.psd,발송/외주 회사/뱅가드/25/#12/bg,/Users/saintiron/Projects/Imagine/thumbnails/49075_VS9_12_279_GENZU_thumb.png,psd,,,"A bald, shirtless anime character with glasses in a dark room.","[""anime"", ""character"", ""bald"", ""glasses"", ""shirtless"", ""dark"", ""studio"", ""animation""]",illustration,,,,unknown_legacy,parse_fallback_legacy,"pre-fix: psd-tools failed, fell back to thumbnail-only",repair_required,parse_fallback_legacy,,,,,,,발송/외주 회사/뱅가드/25/#12/bg,visual:bg-complex-q0018:49075,diverse_rank=4; source_count=8; visual_group=visual:bg-complex-q0018:49075
bg-complex-q0019,크랑베르무 장소/켐핑장에서 나무와 야외 시설이 함께 보이고 캠핑장처럼 보이는 배경,complex,크랑베르무/장소/켐핑장,39337,1,"mv,triaxis,vv","{""mv"": 2, ""triaxis"": 1, ""vv"": 7}","{""background_complex_v2_scoped_20260506:mv"": 2, ""background_complex_v2_scoped_20260506:triaxis"": 1, ""background_complex_v2_scoped_20260506:vv"": 7}",webdav://13730b09/예비/크랑베르무/장소/켐핑장/grb11_156.psd,39337_grb11_156.psd,예비/크랑베르무/장소/켐핑장/grb11_156.psd,webdav:/13730b09/예비/크랑베르무/장소/켐핑장,/Users/saintiron/Projects/Imagine/thumbnails/39337_grb11_156_thumb.png,psd,,,"A transparent tent is set up in a lush green forest under a bright blue sky, suggesting a peaceful camping scene.","[""forest"", ""tent"", ""camping"", ""anime"", ""summer"", ""green"", ""blue sky"", ""peaceful""]",background,outdoor,,,unknown_legacy,parse_fallback_legacy,"pre-fix: psd-tools failed, fell back to thumbnail-only",repair_required,parse_fallback_legacy,,,,,,,webdav:/13730b09/예비/크랑베르무/장소/켐핑장,visual:bg-complex-q0019:39337,diverse_rank=1; source_count=8; visual_group=visual:bg-complex-q0019:39337
bg-complex-q0019,크랑베르무 장소/켐핑장에서 나무와 야외 시설이 함께 보이고 캠핑장처럼 보이는 배경,complex,크랑베르무/장소/켐핑장,39383,1,"mv,triaxis,vv","{""mv"": 1, ""triaxis"": 2, ""vv"": 1}","{""background_complex_v2_scoped_20260506:mv"": 1, ""background_complex_v2_scoped_20260506:triaxis"": 2, ""background_complex_v2_scoped_20260506:vv"": 1}",webdav://13730b09/예비/크랑베르무/장소/켐핑장/grb11_196.psd,39383_grb11_196.psd,예비/크랑베르무/장소/켐핑장/grb11_196.psd,webdav:/13730b09/예비/크랑베르무/장소/켐핑장,/Users/saintiron/Projects/Imagine/thumbnails/39383_grb11_196_thumb.png,psd,,,"A vibrant, anime-style illustration of a peaceful summer campsite featuring a large green lawn, several tents, and a scenic backdrop of lush trees and mountains.","[""anime art"", ""camping"", ""tents"", ""summer"", ""nature"", ""landscape"", ""mountains"", ""trees"", ""outdoor"", ""pastoral""]",,,,,unknown_legacy,parse_fallback_legacy,"pre-fix: psd-tools failed, fell back to thumbnail-only",repair_required,parse_fallback_legacy,,,,,,,webdav:/13730b09/예비/크랑베르무/장소/켐핑장,visual:bg-complex-q0019:39383,diverse_rank=5; source_count=8; visual_group=visual:bg-complex-q0019:39383
bg-complex-q0019,크랑베르무 장소/켐핑장에서 나무와 야외 시설이 함께 보이고 캠핑장처럼 보이는 배경,complex,크랑베르무/장소/켐핑장,39349,6,"fts,mv,triaxis,vv","{""fts"": 47, ""mv"": 37, ""triaxis"": 6, ""vv"": 50}","{""background_complex_v2_scoped_20260506:fts"": 47, ""background_complex_v2_scoped_20260506:mv"": 37, ""background_complex_v2_scoped_20260506:triaxis"": 6, ""background_complex_v2_scoped_20260506:vv"": 50}",webdav://13730b09/예비/크랑베르무/장소/켐핑장/grb11_169.psd,39349_grb11_169.psd,예비/크랑베르무/장소/켐핑장/grb11_169.psd,webdav:/13730b09/예비/크랑베르무/장소/켐핑장,/Users/saintiron/Projects/Imagine/thumbnails/39349_grb11_169_thumb.png,psd,,,Two translucent anime girls standing in a grassy field with mountains in the background.,"[""anime"", ""translucent"", ""two_characters"", ""outdoor"", ""mountains"", ""grass"", ""sky"", ""line_art""]",character,,,,unknown_legacy,parse_fallback_legacy,"pre-fix: psd-tools failed, fell back to thumbnail-only",repair_required,parse_fallback_legacy,,,,,,,webdav:/13730b09/예비/크랑베르무/장소/켐핑장,visual:bg-complex-q0019:39349,diverse_rank=2; source_count=8; visual_group=visual:bg-complex-q0019:39349
bg-complex-q0019,크랑베르무 장소/켐핑장에서 나무와 야외 시설이 함께 보이고 캠핑장처럼 보이는 배경,complex,크랑베르무/장소/켐핑장,39368,6,"mv,triaxis,vv","{""mv"": 6, ""triaxis"": 23, ""vv"": 39}","{""background_complex_v2_scoped_20260506:mv"": 6, ""background_complex_v2_scoped_20260506:triaxis"": 23, ""background_complex_v2_scoped_20260506:vv"": 39}",webdav://13730b09/예비/크랑베르무/장소/켐핑장/grb11_145.psd,39368_grb11_145.psd,예비/크랑베르무/장소/켐핑장/grb11_145.psd,webdav:/13730b09/예비/크랑베르무/장소/켐핑장,/Users/saintiron/Projects/Imagine/thumbnails/39368_grb11_145_thumb.png,psd,,,"A lush green forested mountain slopes upward on the left, while a cable car glides through a bright blue sky with fluffy white clouds; the scene is framed within a black border, suggesting it’s a screenshot or digital rendering.","[""cable car"", ""mountain"", ""forest"", ""sky"", ""clouds"", ""nature"", ""digital art"", ""scenery"", ""outdoor"", ""travel""]",,,,,unknown_legacy,parse_fallback_legacy,"pre-fix: psd-tools failed, fell back to thumbnail-only",repair_required,parse_fallback_legacy,,,,,,,webdav:/13730b09/예비/크랑베르무/장소/켐핑장,visual:bg-complex-q0019:39369,diverse_rank=6; source_count=8; visual_group=visual:bg-complex-q0019:39369
bg-complex-q0019,크랑베르무 장소/켐핑장에서 나무와 야외 시설이 함께 보이고 캠핑장처럼 보이는 배경,complex,크랑베르무/장소/켐핑장,39407,11,fts,"{""fts"": 11}","{""background_complex_v2_scoped_20260506:fts"": 11}",webdav://13730b09/예비/크랑베르무/장소/켐핑장/grb11_221.psd,39407_grb11_221.psd,예비/크랑베르무/장소/켐핑장/grb11_221.psd,webdav:/13730b09/예비/크랑베르무/장소/켐핑장,/Users/saintiron/Projects/Imagine/thumbnails/39407_grb11_221_thumb.png,psd,,,"A ghostly anime girl stands on a rocky, sunlit beach.","[""anime"", ""ghost"", ""beach"", ""anime"", ""overlay"", ""sad"", ""anime"", ""character""]",illustration,,,,unknown_legacy,parse_fallback_legacy,"pre-fix: psd-tools failed, fell back to thumbnail-only",repair_required,parse_fallback_legacy,,,,,,,webdav:/13730b09/예비/크랑베르무/장소/켐핑장,visual:bg-complex-q0019:39407,diverse_rank=3; source_count=8; visual_group=visual:bg-complex-q0019:39407
bg-complex-q0019,크랑베르무 장소/켐핑장에서 나무와 야외 시설이 함께 보이고 캠핑장처럼 보이는 배경,complex,크랑베르무/장소/켐핑장,39365,12,"mv,triaxis,vv","{""mv"": 40, ""triaxis"": 12, ""vv"": 29}","{""background_complex_v2_scoped_20260506:mv"": 40, ""background_complex_v2_scoped_20260506:triaxis"": 12, ""background_complex_v2_scoped_20260506:vv"": 29}",webdav://13730b09/예비/크랑베르무/장소/켐핑장/grb11_186.psd,39365_grb11_186.psd,예비/크랑베르무/장소/켐핑장/grb11_186.psd,webdav:/13730b09/예비/크랑베르무/장소/켐핑장,/Users/saintiron/Projects/Imagine/thumbnails/39365_grb11_186_thumb.png,psd,,,A digital sketch of a smiling face is superimposed over a serene outdoor scene featuring a wooden gazebo overlooking a lush green forest.,"[""anime"", ""sketch"", ""forest"", ""nature"", ""gazebo"", ""landscape"", ""artwork"", ""overlay"", ""smile"", ""greenery""]",,,,,unknown_legacy,parse_fallback_legacy,"pre-fix: psd-tools failed, fell back to thumbnail-only",repair_required,parse_fallback_legacy,,,,,,,webdav:/13730b09/예비/크랑베르무/장소/켐핑장,visual:bg-complex-q0019:39392,diverse_rank=7; source_count=8; visual_group=visual:bg-complex-q0019:39392
bg-complex-q0019,크랑베르무 장소/켐핑장에서 나무와 야외 시설이 함께 보이고 캠핑장처럼 보이는 배경,complex,크랑베르무/장소/켐핑장,39366,21,mv,"{""mv"": 21}","{""background_complex_v2_scoped_20260506:mv"": 21}",webdav://13730b09/예비/크랑베르무/장소/켐핑장/grb11_144_289_BG1_2.psd,39366_grb11_144_289_BG1_2.psd,예비/크랑베르무/장소/켐핑장/grb11_144_289_BG1_2.psd,webdav:/13730b09/예비/크랑베르무/장소/켐핑장,/Users/saintiron/Projects/Imagine/thumbnails/39366_grb11_144_289_BG1_2_thumb.png,psd,,,"A modern cable car glides along its suspension lines, offering a breathtaking panoramic view of a coastal city nestled between lush green mountains and a vast blue sea.","[""cable car"", ""aerial view"", ""scenic landscape"", ""coastal city"", ""mountains"", ""sea"", ""suspension bridge"", ""travel"", ""tourism"", ""landscape""]",,,,,unknown_legacy,parse_fallback_legacy,"pre-fix: psd-tools failed, fell back to thumbnail-only",repair_required,parse_fallback_legacy,,,,,,,webdav:/13730b09/예비/크랑베르무/장소/켐핑장,visual:bg-complex-q0019:39425,diverse_rank=4; source_count=8; visual_group=visual:bg-complex-q0019:39425
bg-complex-q0019,크랑베르무 장소/켐핑장에서 나무와 야외 시설이 함께 보이고 캠핑장처럼 보이는 배경,complex,크랑베르무/장소/켐핑장,39404,21,"fts,mv,triaxis,vv","{""fts"": 27, ""mv"": 28, ""triaxis"": 25, ""vv"": 21}","{""background_complex_v2_scoped_20260506:fts"": 27, ""background_complex_v2_scoped_20260506:mv"": 28, ""background_complex_v2_scoped_20260506:triaxis"": 25, ""background_complex_v2_scoped_20260506:vv"": 21}",webdav://13730b09/예비/크랑베르무/장소/켐핑장/grb11_218.psd,39404_grb11_218.psd,예비/크랑베르무/장소/켐핑장/grb11_218.psd,webdav:/13730b09/예비/크랑베르무/장소/켐핑장,/Users/saintiron/Projects/Imagine/thumbnails/39404_grb11_218_thumb.png,psd,,,Sunset over mountains with a street lamp and communication tower.,"[""sunset"", ""mountains"", ""street lamp"", ""communication tower"", ""nature"", ""sky"", ""trees"", ""electricity""]",illustration,,,,unknown_legacy,parse_fallback_legacy,"pre-fix: psd-tools failed, fell back to thumbnail-only",repair_required,parse_fallback_legacy,,,,,,,webdav:/13730b09/예비/크랑베르무/장소/켐핑장,visual:bg-complex-q0019:39404,diverse_rank=8; source_count=8; visual_group=visual:bg-complex-q0019:39404
bg-complex-q0020,기절용사와 암살공주 장소/유적지에서 돌기둥과 폐허 느낌이 함께 나는 야외 배경,complex,기절용사와 암살공주/장소/유적지,52277,1,"triaxis,vv","{""triaxis"": 1, ""vv"": 11}","{""background_complex_v2_scoped_20260506:triaxis"": 1, ""background_complex_v2_scoped_20260506:vv"": 11}",webdav://13730b09/발송/범선/기절용사와 암살공주/장소/유적지/kya05_084.psd,52277_kya05_084.psd,발송/범선/기절용사와 암살공주/장소/유적지/kya05_084.psd,webdav:/13730b09/발송/범선/기절용사와 암살공주/장소/유적지,/Users/saintiron/Projects/Imagine/thumbnails/52277_kya05_084_thumb.png,psd,,,A character stands in a dimly lit ancient stone chamber with glowing pillars.,"[""stone"", ""pillars"", ""cave"", ""ancient ruins"", ""glow"", ""character"", ""darkness""]",background,,,,unknown_legacy,parse_fallback_legacy,"pre-fix: psd-tools failed, fell back to thumbnail-only",repair_required,parse_fallback_legacy,,,,,,,webdav:/13730b09/발송/범선/기절용사와 암살공주/장소/유적지,visual:bg-complex-q0020:52277,diverse_rank=1; source_count=6; visual_group=visual:bg-complex-q0020:52277
bg-complex-q0020,기절용사와 암살공주 장소/유적지에서 돌기둥과 폐허 느낌이 함께 나는 야외 배경,complex,기절용사와 암살공주/장소/유적지,52354,1,fts,"{""fts"": 1}","{""background_complex_v2_scoped_20260506:fts"": 1}",webdav://13730b09/발송/범선/기절용사와 암살공주/장소/유적지/kya05_206A.psd,52354_kya05_206A.psd,발송/범선/기절용사와 암살공주/장소/유적지/kya05_206A.psd,webdav:/13730b09/발송/범선/기절용사와 암살공주/장소/유적지,/Users/saintiron/Projects/Imagine/thumbnails/52354_kya05_206A_thumb.png,psd,,,Abstract illustration with layered lines and muted green tones.,"[""abstract"", ""lines"", ""green"", ""layered"", ""texture"", ""minimalist""]",illustration,,,,unknown_legacy,parse_fallback_legacy,"pre-fix: psd-tools failed, fell back to thumbnail-only",repair_required,parse_fallback_legacy,,,,,,,webdav:/13730b09/발송/범선/기절용사와 암살공주/장소/유적지,visual:bg-complex-q0020:52354,diverse_rank=5; source_count=6; visual_group=visual:bg-complex-q0020:52354
bg-complex-q0020,기절용사와 암살공주 장소/유적지에서 돌기둥과 폐허 느낌이 함께 나는 야외 배경,complex,기절용사와 암살공주/장소/유적지,52309,6,triaxis,"{""triaxis"": 6}","{""background_complex_v2_scoped_20260506:triaxis"": 6}",webdav://13730b09/발송/범선/기절용사와 암살공주/장소/유적지/kya05_128.psd,52309_kya05_128.psd,발송/범선/기절용사와 암살공주/장소/유적지/kya05_128.psd,webdav:/13730b09/발송/범선/기절용사와 암살공주/장소/유적지,/Users/saintiron/Projects/Imagine/thumbnails/52309_kya05_128_thumb.png,psd,,,A translucent figure with glowing eyes stands before ancient stone carvings.,"[""translucent figure"", ""glowing eyes"", ""stone carvings"", ""ancient ruins"", ""overlay effect""]",illustration,,,,unknown_legacy,parse_fallback_legacy,"pre-fix: psd-tools failed, fell back to thumbnail-only",repair_required,parse_fallback_legacy,,,,,,,webdav:/13730b09/발송/범선/기절용사와 암살공주/장소/유적지,visual:bg-complex-q0020:52309,diverse_rank=2; source_count=6; visual_group=visual:bg-complex-q0020:52309
bg-complex-q0020,기절용사와 암살공주 장소/유적지에서 돌기둥과 폐허 느낌이 함께 나는 야외 배경,complex,기절용사와 암살공주/장소/유적지,52370,6,"mv,triaxis,vv","{""mv"": 31, ""triaxis"": 10, ""vv"": 6}","{""background_complex_v2_scoped_20260506:mv"": 31, ""background_complex_v2_scoped_20260506:triaxis"": 10, ""background_complex_v2_scoped_20260506:vv"": 6}",webdav://13730b09/발송/범선/기절용사와 암살공주/장소/유적지/kya04_027.psd,52370_kya04_027.psd,발송/범선/기절용사와 암살공주/장소/유적지/kya04_027.psd,webdav:/13730b09/발송/범선/기절용사와 암살공주/장소/유적지,/Users/saintiron/Projects/Imagine/thumbnails/52370_kya04_027_thumb.png,psd,,,A stone path leads to a dark tunnel entrance flanked by tree roots.,"[""tunnel"", ""stone path"", ""tree roots"", ""doors"", ""stairs"", ""ghosts"", ""ancient ruins""]",background,,,,unknown_legacy,parse_fallback_legacy,"pre-fix: psd-tools failed, fell back to thumbnail-only",repair_required,parse_fallback_legacy,,,,,,,webdav:/13730b09/발송/범선/기절용사와 암살공주/장소/유적지,visual:bg-complex-q0020:52370,diverse_rank=6; source_count=6; visual_group=visual:bg-complex-q0020:52370
bg-complex-q0020,기절용사와 암살공주 장소/유적지에서 돌기둥과 폐허 느낌이 함께 나는 야외 배경,complex,기절용사와 암살공주/장소/유적지,52338,11,fts,"{""fts"": 11}","{""background_complex_v2_scoped_20260506:fts"": 11}",webdav://13730b09/발송/범선/기절용사와 암살공주/장소/유적지/Kya05_188.psd,52338_Kya05_188.psd,발송/범선/기절용사와 암살공주/장소/유적지/Kya05_188.psd,webdav:/13730b09/발송/범선/기절용사와 암살공주/장소/유적지,/Users/saintiron/Projects/Imagine/thumbnails/52338_Kya05_188_thumb.png,psd,,,Purple textured surface with geometric patterns and faint overlays.,"[""texture"", ""purple"", ""geometric"", ""pattern"", ""overlay"", ""abstract"", ""digital art""]",texture,,,,unknown_legacy,parse_fallback_legacy,"pre-fix: psd-tools failed, fell back to thumbnail-only",repair_required,parse_fallback_legacy,,,,,,,webdav:/13730b09/발송/범선/기절용사와 암살공주/장소/유적지,visual:bg-complex-q0020:52338,diverse_rank=3; source_count=6; visual_group=visual:bg-complex-q0020:52338
bg-complex-q0020,기절용사와 암살공주 장소/유적지에서 돌기둥과 폐허 느낌이 함께 나는 야외 배경,complex,기절용사와 암살공주/장소/유적지,52362,21,triaxis,"{""triaxis"": 21}","{""background_complex_v2_scoped_20260506:triaxis"": 21}",webdav://13730b09/발송/범선/기절용사와 암살공주/장소/유적지/kya05_248.psd,52362_kya05_248.psd,발송/범선/기절용사와 암살공주/장소/유적지/kya05_248.psd,webdav:/13730b09/발송/범선/기절용사와 암살공주/장소/유적지,/Users/saintiron/Projects/Imagine/thumbnails/52362_kya05_248_thumb.png,psd,,,"Two characters stand in a dimly lit, checkered-floor chamber with large pillars and torches.","[""pillars"", ""checkered floor"", ""torches"", ""characters"", ""chamber"", ""purple lighting"", ""architecture""]",background,,,,unknown_legacy,parse_fallback_legacy,"pre-fix: psd-tools failed, fell back to thumbnail-only",repair_required,parse_fallback_legacy,,,,,,,webdav:/13730b09/발송/범선/기절용사와 암살공주/장소/유적지,visual:bg-complex-q0020:52362,diverse_rank=4; source_count=6; visual_group=visual:bg-complex-q0020:52362
bg-complex-q0020,기절용사와 암살공주 장소/유적지에서 돌기둥과 폐허 느낌이 함께 나는 야외 배경,complex,기절용사와 암살공주/장소/유적지,52501,24,mv,"{""mv"": 24}","{""background_complex_v2_scoped_20260506:mv"": 24}",webdav://13730b09/발송/범선/기절용사와 암살공주/장소/유적지/kya04_143/3D_map_壁側面.PSD,52501_3D_map_壁側面.PSD,발송/범선/기절용사와 암살공주/장소/유적지/kya04_143/3D_map_壁側面.PSD,webdav:/13730b09/발송/범선/기절용사와 암살공주/장소/유적지/kya04_143,/Users/saintiron/Projects/Imagine/thumbnails/52501_3D_map_壁側面_thumb.png,psd,,,Dark brick wall with horizontal beams and rectangular openings.,"[""brick wall"", ""dark"", ""architecture"", ""rectangular openings"", ""horizontal beams"", ""indoor"", ""gritty""]",background,,,,unknown_legacy,parse_fallback_legacy,"pre-fix: psd-tools failed, fell back to thumbnail-only",repair_required,parse_fallback_legacy,,,,,,,webdav:/13730b09/발송/범선/기절용사와 암살공주/장소/유적지/kya04_143,visual:bg-complex-q0020:52501,diverse_rank=7; source_count=2; visual_group=visual:bg-complex-q0020:52501
bg-complex-q0020,기절용사와 암살공주 장소/유적지에서 돌기둥과 폐허 느낌이 함께 나는 야외 배경,complex,기절용사와 암살공주/장소/유적지,52504,46,mv,"{""mv"": 46}","{""background_complex_v2_scoped_20260506:mv"": 46}",webdav://13730b09/발송/범선/기절용사와 암살공주/장소/유적지/kya04_143/3D_map_天井.PSD,52504_3D_map_天井.PSD,발송/범선/기절용사와 암살공주/장소/유적지/kya04_143/3D_map_天井.PSD,webdav:/13730b09/발송/범선/기절용사와 암살공주/장소/유적지/kya04_143,/Users/saintiron/Projects/Imagine/thumbnails/52504_3D_map_天井_thumb.png,psd,,,"A keyhole-shaped hole in a dark, textured stone wall.","[""keyhole"", ""wall"", ""stone"", ""texture"", ""dark"", ""hole"", ""grunge""]",texture,,,,unknown_legacy,parse_fallback_legacy,"pre-fix: psd-tools failed, fell back to thumbnail-only",repair_required,parse_fallback_legacy,,,,,,,webdav:/13730b09/발송/범선/기절용사와 암살공주/장소/유적지/kya04_143,visual:bg-complex-q0020:52504,diverse_rank=8; source_count=2; visual_group=visual:bg-complex-q0020:52504
bg-complex-q0021,"AGM_01_001_013_030 3DBG에서 학교 건물 외관과 창문, 지붕 또는 울타리가 함께 보이는 건축 배경",complex,AGM_01_001_013_030 3DBG,28883,1,"fts,mv,triaxis,vv","{""fts"": 29, ""mv"": 5, ""triaxis"": 5, ""vv"": 1}","{""background_complex_v2_scoped_20260506:fts"": 29, ""background_complex_v2_scoped_20260506:mv"": 5, ""background_complex_v2_scoped_20260506:triaxis"": 5, ""background_complex_v2_scoped_20260506:vv"": 1}",/Users/saintiron/imageDB/마캬베리즈무/장소/AGM_01_001_013_030 3DBG/C013_sora_atari.psd,C013_sora_atari.psd,C013_sora_atari.psd,AGM_01_001_013_030 3DBG,/Users/saintiron/Projects/Imagine/thumbnails/C013_sora_atari_thumb.png,psd,3600,1600,Wireframe school building with trees and blue sky background,"[""school building"", ""wireframe"", ""blue sky"", ""trees"", ""architecture"", ""3D model"", ""outdoor scene""]",background,,,,Qwen/Qwen3.5-9B,vision_done,,ok,,,,,,,,AGM_01_001_013_030 3DBG,visual:bg-complex-q0021:28883,diverse_rank=1; source_count=8; visual_group=visual:bg-complex-q0021:28883
bg-complex-q0021,"AGM_01_001_013_030 3DBG에서 학교 건물 외관과 창문, 지붕 또는 울타리가 함께 보이는 건축 배경",complex,AGM_01_001_013_030 3DBG,28887,1,"fts,mv,triaxis,vv","{""fts"": 14, ""mv"": 1, ""triaxis"": 1, ""vv"": 2}","{""background_complex_v2_scoped_20260506:fts"": 14, ""background_complex_v2_scoped_20260506:mv"": 1, ""background_complex_v2_scoped_20260506:triaxis"": 1, ""background_complex_v2_scoped_20260506:vv"": 2}",/Users/saintiron/imageDB/마캬베리즈무/장소/AGM_01_001_013_030 3DBG/kosya_koutoubu.psd,kosya_koutoubu.psd,kosya_koutoubu.psd,AGM_01_001_013_030 3DBG,/Users/saintiron/Projects/Imagine/thumbnails/kosya_koutoubu_thumb.png,psd,2205,1495,A multi-story school building with blue windows and a rooftop fence.,"[""school building"", ""windows"", ""roof"", ""fence"", ""entrance"", ""architecture""]",illustration,,,,Qwen/Qwen3.5-9B,vision_done,,ok,,,,,,,,AGM_01_001_013_030 3DBG,visual:bg-complex-q0021:28887,diverse_rank=4; source_count=8; visual_group=visual:bg-complex-q0021:28887
bg-complex-q0021,"AGM_01_001_013_030 3DBG에서 학교 건물 외관과 창문, 지붕 또는 울타리가 함께 보이는 건축 배경",complex,AGM_01_001_013_030 3DBG,28896,1,"fts,mv,triaxis,vv","{""fts"": 1, ""mv"": 2, ""triaxis"": 22, ""vv"": 13}","{""background_complex_v2_scoped_20260506:fts"": 1, ""background_complex_v2_scoped_20260506:mv"": 2, ""background_complex_v2_scoped_20260506:triaxis"": 22, ""background_complex_v2_scoped_20260506:vv"": 13}",/Users/saintiron/imageDB/마캬베리즈무/장소/AGM_01_001_013_030 3DBG/koudou_watarirouka.psd,koudou_watarirouka.psd,koudou_watarirouka.psd,AGM_01_001_013_030 3DBG,/Users/saintiron/Projects/Imagine/thumbnails/koudou_watarirouka_thumb.png,psd,2500,1200,"A modern, metallic torii gate with a curved roof and multiple pillars.","[""torii gate"", ""metal"", ""architecture"", ""roof"", ""pillars"", ""shrine"", ""japanese"", ""modern""]",item,,,,Qwen/Qwen3.5-9B,vision_done,,ok,,,,,,,,AGM_01_001_013_030 3DBG,visual:bg-complex-q0021:28896,diverse_rank=7; source_count=8; visual_group=visual:bg-complex-q0021:28896
bg-complex-q0021,"AGM_01_001_013_030 3DBG에서 학교 건물 외관과 창문, 지붕 또는 울타리가 함께 보이는 건축 배경",complex,AGM_01_001_013_030 3DBG,28905,6,"fts,mv,triaxis,vv","{""fts"": 6, ""mv"": 7, ""triaxis"": 11, ""vv"": 10}","{""background_complex_v2_scoped_20260506:fts"": 6, ""background_complex_v2_scoped_20260506:mv"": 7, ""background_complex_v2_scoped_20260506:triaxis"": 11, ""background_complex_v2_scoped_20260506:vv"": 10}",/Users/saintiron/imageDB/마캬베리즈무/장소/AGM_01_001_013_030 3DBG/seimonhukin_guraundosita_obujekutorui.psd,seimonhukin_guraundosita_obujekutorui.psd,seimonhukin_guraundosita_obujekutorui.psd,AGM_01_001_013_030 3DBG,/Users/saintiron/Projects/Imagine/thumbnails/seimonhukin_guraundosita_obujekutorui_thumb.png,psd,2500,1429,"Architectural cross-section showing green roof, metal framework, and concrete structure","[""green roof"", ""metal framework"", ""concrete structure"", ""red roof"", ""stairs"", ""grass area"", ""light pole"", ""fence""]",illustration,,,,Qwen/Qwen3.5-9B,vision_done,,ok,,,,,,,,AGM_01_001_013_030 3DBG,visual:bg-complex-q0021:28905,diverse_rank=2; source_count=8; visual_group=visual:bg-complex-q0021:28905
bg-complex-q0021,"AGM_01_001_013_030 3DBG에서 학교 건물 외관과 창문, 지붕 또는 울타리가 함께 보이는 건축 배경",complex,AGM_01_001_013_030 3DBG,28890,7,"fts,mv,triaxis,vv","{""fts"": 7, ""mv"": 9, ""triaxis"": 21, ""vv"": 12}","{""background_complex_v2_scoped_20260506:fts"": 7, ""background_complex_v2_scoped_20260506:mv"": 9, ""background_complex_v2_scoped_20260506:triaxis"": 21, ""background_complex_v2_scoped_20260506:vv"": 12}",/Users/saintiron/imageDB/마캬베리즈무/장소/AGM_01_001_013_030 3DBG/koudou_kaidannozou.psd,koudou_kaidannozou.psd,koudou_kaidannozou.psd,AGM_01_001_013_030 3DBG,/Users/saintiron/Projects/Imagine/thumbnails/koudou_kaidannozou_thumb.png,psd,1500,1500,"Three concrete architectural elements including a pillar, block, and slab.","[""concrete"", ""pillar"", ""block"", ""slab"", ""architectural"", ""stone"", ""texture"", ""gray""]",item,,,,Qwen/Qwen3.5-9B,vision_done,,ok,,,,,,,,AGM_01_001_013_030 3DBG,visual:bg-complex-q0021:28890,diverse_rank=5; source_count=8; visual_group=visual:bg-complex-q0021:28890
bg-complex-q0021,"AGM_01_001_013_030 3DBG에서 학교 건물 외관과 창문, 지붕 또는 울타리가 함께 보이는 건축 배경",complex,AGM_01_001_013_030 3DBG,28900,7,"fts,mv,triaxis,vv","{""fts"": 30, ""mv"": 16, ""triaxis"": 7, ""vv"": 17}","{""background_complex_v2_scoped_20260506:fts"": 30, ""background_complex_v2_scoped_20260506:mv"": 16, ""background_complex_v2_scoped_20260506:triaxis"": 7, ""background_complex_v2_scoped_20260506:vv"": 17}",/Users/saintiron/imageDB/마캬베리즈무/장소/AGM_01_001_013_030 3DBG/kousya_nakaniwagawa_zimen.psd,kousya_nakaniwagawa_zimen.psd,kousya_nakaniwagawa_zimen.psd,AGM_01_001_013_030 3DBG,/Users/saintiron/Projects/Imagine/thumbnails/kousya_nakaniwagawa_zimen_thumb.png,psd,4000,2500,Top-down view of a courtyard with green lawn and winding paths.,"[""courtyard"", ""lawn"", ""path"", ""architecture"", ""top-down"", ""design"", ""green""]",illustration,,,,Qwen/Qwen3.5-9B,vision_done,,ok,,,,,,,,AGM_01_001_013_030 3DBG,visual:bg-complex-q0021:28900,diverse_rank=8; source_count=8; visual_group=visual:bg-complex-q0021:28900
bg-complex-q0021,"AGM_01_001_013_030 3DBG에서 학교 건물 외관과 창문, 지붕 또는 울타리가 함께 보이는 건축 배경",complex,AGM_01_001_013_030 3DBG,28909,11,"fts,mv,triaxis,vv","{""fts"": 16, ""mv"": 30, ""triaxis"": 25, ""vv"": 11}","{""background_complex_v2_scoped_20260506:fts"": 16, ""background_complex_v2_scoped_20260506:mv"": 30, ""background_complex_v2_scoped_20260506:triaxis"": 25, ""background_complex_v2_scoped_20260506:vv"": 11}",/Users/saintiron/imageDB/마캬베리즈무/장소/AGM_01_001_013_030 3DBG/seimonhukin_zimen_yori.psd,seimonhukin_zimen_yori.psd,seimonhukin_zimen_yori.psd,AGM_01_001_013_030 3DBG,/Users/saintiron/Projects/Imagine/thumbnails/seimonhukin_zimen_yori_thumb.png,psd,5556,3175,A minimalist scene with a blue ground plane and a thin black line.,"[""blue"", ""white"", ""black"", ""minimalist"", ""ground"", ""line"", ""abstract""]",background,,,,Qwen/Qwen3.5-9B,vision_done,,ok,,,,,,,,AGM_01_001_013_030 3DBG,visual:bg-complex-q0021:28909,diverse_rank=3; source_count=8; visual_group=visual:bg-complex-q0021:28909
bg-complex-q0021,"AGM_01_001_013_030 3DBG에서 학교 건물 외관과 창문, 지붕 또는 울타리가 함께 보이는 건축 배경",complex,AGM_01_001_013_030 3DBG,28911,11,"fts,mv,triaxis","{""fts"": 11, ""mv"": 29, ""triaxis"": 26}","{""background_complex_v2_scoped_20260506:fts"": 11, ""background_complex_v2_scoped_20260506:mv"": 29, ""background_complex_v2_scoped_20260506:triaxis"": 26}",/Users/saintiron/imageDB/마캬베리즈무/장소/AGM_01_001_013_030 3DBG/uekomi_hiki.psd,uekomi_hiki.psd,uekomi_hiki.psd,AGM_01_001_013_030 3DBG,/Users/saintiron/Projects/Imagine/thumbnails/uekomi_hiki_thumb.png,psd,2500,1666,Three green hedge shapes in different orientations and sizes,"[""hedge"", ""green"", ""bush"", ""landscape"", ""vegetation"", ""3d"", ""render"", ""garden""]",item,,,,Qwen/Qwen3.5-9B,vision_done,,ok,,,,,,,,AGM_01_001_013_030 3DBG,visual:bg-complex-q0021:28911,diverse_rank=6; source_count=8; visual_group=visual:bg-complex-q0021:28911
bg-complex-q0022,"강다외부에서 콘크리트 복도와 큰 창문, 파이프가 함께 보이는 산업적인 실내 배경",complex,강다외부,28716,1,"mv,triaxis,vv","{""mv"": 1, ""triaxis"": 3, ""vv"": 2}","{""background_complex_v2_scoped_20260506:mv"": 1, ""background_complex_v2_scoped_20260506:triaxis"": 3, ""background_complex_v2_scoped_20260506:vv"": 2}",/Users/saintiron/imageDB/마캬베리즈무/장소/강다외부/agm03_227.psd,agm03_227.psd,agm03_227.psd,강다외부,/Users/saintiron/Projects/Imagine/thumbnails/agm03_227_thumb.png,psd,3639,2361,"Industrial interior with exposed pipes, beams, and large windows.","[""industrial"", ""interior"", ""pipes"", ""beams"", ""windows"", ""concrete"", ""ceiling"", ""columns""]",background,,,,Qwen/Qwen3.5-9B,vision_done,,ok,,,,,,,,강다외부,visual:bg-complex-q0022:28716,diverse_rank=1; source_count=8; visual_group=visual:bg-complex-q0022:28716
bg-complex-q0022,"강다외부에서 콘크리트 복도와 큰 창문, 파이프가 함께 보이는 산업적인 실내 배경",complex,강다외부,28750,1,"fts,mv,triaxis,vv","{""fts"": 16, ""mv"": 8, ""triaxis"": 1, ""vv"": 9}","{""background_complex_v2_scoped_20260506:fts"": 16, ""background_complex_v2_scoped_20260506:mv"": 8, ""background_complex_v2_scoped_20260506:triaxis"": 1, ""background_complex_v2_scoped_20260506:vv"": 9}",/Users/saintiron/imageDB/마캬베리즈무/장소/강다외부/agm03_288.psd,agm03_288.psd,agm03_288.psd,강다외부,/Users/saintiron/Projects/Imagine/thumbnails/agm03_288_thumb.png,psd,2330,1645,An empty industrial corridor with concrete pillars and bright light at the end.,"[""industrial"", ""corridor"", ""concrete"", ""pillars"", ""windows"", ""pipes"", ""empty"", ""bright light""]",background,,,,Qwen/Qwen3.5-9B,vision_done,,ok,,,,,,,,강다외부,visual:bg-complex-q0022:28750,diverse_rank=5; source_count=8; visual_group=visual:bg-complex-q0022:28750
bg-complex-q0022,"강다외부에서 콘크리트 복도와 큰 창문, 파이프가 함께 보이는 산업적인 실내 배경",complex,강다외부,28708,6,"mv,triaxis,vv","{""mv"": 6, ""triaxis"": 12, ""vv"": 11}","{""background_complex_v2_scoped_20260506:mv"": 6, ""background_complex_v2_scoped_20260506:triaxis"": 12, ""background_complex_v2_scoped_20260506:vv"": 11}",/Users/saintiron/imageDB/마캬베리즈무/장소/강다외부/agm03_212.psd,agm03_212.psd,agm03_212.psd,강다외부,/Users/saintiron/Projects/Imagine/thumbnails/agm03_212_thumb.png,psd,1741,1217,"Industrial ceiling with pipes, beams, and metal ductwork in a concrete structure.","[""ceiling"", ""pipes"", ""beams"", ""ductwork"", ""concrete"", ""industrial"", ""architecture""]",background,,,,Qwen/Qwen3.5-9B,vision_done,,ok,,,,,,,,강다외부,visual:bg-complex-q0022:28708,diverse_rank=2; source_count=8; visual_group=visual:bg-complex-q0022:28708
bg-complex-q0022,"강다외부에서 콘크리트 복도와 큰 창문, 파이프가 함께 보이는 산업적인 실내 배경",complex,강다외부,28732,6,"fts,vv","{""fts"": 6, ""vv"": 38}","{""background_complex_v2_scoped_20260506:fts"": 6, ""background_complex_v2_scoped_20260506:vv"": 38}",/Users/saintiron/imageDB/마캬베리즈무/장소/강다외부/agm03_262.psd,agm03_262.psd,agm03_262.psd,강다외부,/Users/saintiron/Projects/Imagine/thumbnails/agm03_262_thumb.png,psd,2090,4279,Vertical texture and concrete parking structure with pillars and pipes,"[""texture"", ""concrete"", ""pillars"", ""pipes"", ""parking"", ""architecture"", ""vertical"", ""minimal""]",background,,,,Qwen/Qwen3.5-9B,vision_done,,ok,,,,,,,,강다외부,visual:bg-complex-q0022:28732,diverse_rank=6; source_count=8; visual_group=visual:bg-complex-q0022:28732
bg-complex-q0022,"강다외부에서 콘크리트 복도와 큰 창문, 파이프가 함께 보이는 산업적인 실내 배경",complex,강다외부,28770,11,fts,"{""fts"": 11}","{""background_complex_v2_scoped_20260506:fts"": 11}",/Users/saintiron/imageDB/마캬베리즈무/장소/강다외부/agm03_311.psd,agm03_311.psd,agm03_311.psd,강다외부,/Users/saintiron/Projects/Imagine/thumbnails/agm03_311_thumb.png,psd,1787,1711,Grey sketch of a character's face with faint lines and grid overlays.,"[""sketch"", ""face"", ""grid"", ""lines"", ""grey"", ""character"", ""drawing""]",illustration,,,,Qwen/Qwen3.5-9B,vision_done,,ok,,,,,,,,강다외부,visual:bg-complex-q0022:28770,diverse_rank=3; source_count=8; visual_group=visual:bg-complex-q0022:28770
bg-complex-q0022,"강다외부에서 콘크리트 복도와 큰 창문, 파이프가 함께 보이는 산업적인 실내 배경",complex,강다외부,28710,12,"mv,triaxis","{""mv"": 12, ""triaxis"": 33}","{""background_complex_v2_scoped_20260506:mv"": 12, ""background_complex_v2_scoped_20260506:triaxis"": 33}",/Users/saintiron/imageDB/마캬베리즈무/장소/강다외부/agm03_214.psd,agm03_214.psd,agm03_214.psd,강다외부,/Users/saintiron/Projects/Imagine/thumbnails/agm03_214_thumb.png,psd,1984,1262,Two semi-transparent anime characters stand in an industrial interior with pipes and pillars.,"[""industrial interior"", ""anime characters"", ""pipes"", ""pillars"", ""semi-transparent"", ""overhead lighting"", ""concrete""]",background,,,,Qwen/Qwen3.5-9B,vision_done,,ok,,,,,,,,강다외부,visual:bg-complex-q0022:28710,diverse_rank=7; source_count=8; visual_group=visual:bg-complex-q0022:28710
bg-complex-q0022,"강다외부에서 콘크리트 복도와 큰 창문, 파이프가 함께 보이는 산업적인 실내 배경",complex,강다외부,28715,21,"mv,triaxis,vv","{""mv"": 21, ""triaxis"": 26, ""vv"": 24}","{""background_complex_v2_scoped_20260506:mv"": 21, ""background_complex_v2_scoped_20260506:triaxis"": 26, ""background_complex_v2_scoped_20260506:vv"": 24}",/Users/saintiron/imageDB/마캬베리즈무/장소/강다외부/agm03_224.psd,agm03_224.psd,agm03_224.psd,강다외부,/Users/saintiron/Projects/Imagine/thumbnails/agm03_224_thumb.png,psd,1664,1180,"Industrial ceiling with metal beams, pipes, and faint character sketches.","[""ceiling"", ""metal beams"", ""pipes"", ""sketches"", ""industrial"", ""architecture"", ""drafting lines""]",background,,,,Qwen/Qwen3.5-9B,vision_done,,ok,,,,,,,,강다외부,visual:bg-complex-q0022:28715,diverse_rank=4; source_count=8; visual_group=visual:bg-complex-q0022:28715
bg-complex-q0022,"강다외부에서 콘크리트 복도와 큰 창문, 파이프가 함께 보이는 산업적인 실내 배경",complex,강다외부,28735,21,"fts,mv,triaxis,vv","{""fts"": 21, ""mv"": 37, ""triaxis"": 38, ""vv"": 22}","{""background_complex_v2_scoped_20260506:fts"": 21, ""background_complex_v2_scoped_20260506:mv"": 37, ""background_complex_v2_scoped_20260506:triaxis"": 38, ""background_complex_v2_scoped_20260506:vv"": 22}",/Users/saintiron/imageDB/마캬베리즈무/장소/강다외부/agm03_266.psd,agm03_266.psd,agm03_266.psd,강다외부,/Users/saintiron/Projects/Imagine/thumbnails/agm03_266_thumb.png,psd,1671,1169,Dark industrial ceiling with mounted light fixture and horizontal beam,"[""ceiling"", ""light fixture"", ""industrial"", ""beam"", ""dark"", ""metal"", ""interior""]",background,,,,Qwen/Qwen3.5-9B,vision_done,,ok,,,,,,,,강다외부,visual:bg-complex-q0022:28781,diverse_rank=8; source_count=8; visual_group=visual:bg-complex-q0022:28781
bg-complex-q0023,"실내소품에서 식물과 창문, 작은 가구가 함께 보이는 아늑한 실내 배경",complex,실내소품,31063,1,"mv,triaxis,vv","{""mv"": 8, ""triaxis"": 6, ""vv"": 1}","{""background_complex_v2_scoped_20260506:mv"": 8, ""background_complex_v2_scoped_20260506:triaxis"": 6, ""background_complex_v2_scoped_20260506:vv"": 1}",/Users/saintiron/imageDB/마캬베리즈무/실내소품/#03_199.psd,#03_199.psd,#03_199.psd,실내소품,/Users/saintiron/Projects/Imagine/thumbnails/#03_199_thumb.png,psd,2340,1654,"A bright room with a dresser, mirror, plants, and a window with blue curtains.","[""dresser"", ""mirror"", ""plants"", ""window"", ""curtains"", ""wall"", ""sky"", ""trees""]",background,,,,Qwen/Qwen3.5-9B,vision_done,,ok,,,,,,,,실내소품,visual:bg-complex-q0023:31063,diverse_rank=1; source_count=6; visual_group=visual:bg-complex-q0023:31063
bg-complex-q0023,"실내소품에서 식물과 창문, 작은 가구가 함께 보이는 아늑한 실내 배경",complex,실내소품,31448,1,"fts,mv","{""fts"": 1, ""mv"": 32}","{""background_complex_v2_scoped_20260506:fts"": 1, ""background_complex_v2_scoped_20260506:mv"": 32}",/Users/saintiron/imageDB/마캬베리즈무/실내소품/MJ009.jpg,MJ009.jpg,MJ009.jpg,imageDB/마캬베리즈무/실내소품,/Users/saintiron/Projects/Imagine/thumbnails/MJ009_thumb.png,jpg,1384,1576,"A minimalist indoor storage room with shelves, framed posters, and a shoji door.","[""\uc2e4\ub0b4\uc18c\ud488"", ""anime"", ""storage_room"", ""shoji_door"", ""poster"", ""shelf"", ""minimalist""]",background,indoor,,,unknown_legacy,,,repair_required,parse_fallback_legacy,,,,,,,imageDB/마캬베리즈무/실내소품,visual:bg-complex-q0023:31448,diverse_rank=5; source_count=6; visual_group=visual:bg-complex-q0023:31448
bg-complex-q0023,"실내소품에서 식물과 창문, 작은 가구가 함께 보이는 아늑한 실내 배경",complex,실내소품,31351,2,fts,"{""fts"": 2}","{""background_complex_v2_scoped_20260506:fts"": 2}",/Users/saintiron/imageDB/마캬베리즈무/실내소품/dish02.jpg,dish02.jpg,dish02.jpg,imageDB/마캬베리즈무/실내소품,/Users/saintiron/Projects/Imagine/thumbnails/dish02_thumb.png,jpg,700,1500,A collection of cutlery and kitchen utensils arranged in a flat lay composition.,"[""still_life"", ""cutlery"", ""kitchen_utensils"", ""cartoon"", ""flat_lay"", ""illustration"", ""dish02.jpg"", ""\uc2e4\ub0b4\uc18c\ud488""]",illustration,,,,unknown_legacy,,,repair_required,parse_fallback_legacy,,,,,,,imageDB/마캬베리즈무/실내소품,visual:bg-complex-q0023:31351,diverse_rank=9; source_count=6; visual_group=visual:bg-complex-q0023:31351
bg-complex-q0023,"실내소품에서 식물과 창문, 작은 가구가 함께 보이는 아늑한 실내 배경",complex,실내소품,31343,5,"fts,mv","{""fts"": 5, ""mv"": 48}","{""background_complex_v2_scoped_20260506:fts"": 5, ""background_complex_v2_scoped_20260506:mv"": 48}",/Users/saintiron/imageDB/마캬베리즈무/실내소품/COS017.jpg,COS017.jpg,COS017.jpg,imageDB/마캬베리즈무/실내소품,/Users/saintiron/Projects/Imagine/thumbnails/COS017_thumb.png,jpg,992,581,"A dimly lit traditional room bathed in golden sunlight streaming through lattice windows, with vintage furniture and ornate lamps casting soft shadows.","[""\uc2e4\ub0b4\uc18c\ud488"", ""COS017.jpg"", ""anime"", ""golden_hour"", ""traditional_architecture"", ""melancholic"", ""warm_lighting""]",background,indoor,,,unknown_legacy,,,repair_required,parse_fallback_legacy,,,,,,,imageDB/마캬베리즈무/실내소품,visual:bg-complex-q0023:31343,diverse_rank=12; source_count=6; visual_group=visual:bg-complex-q0023:31343
bg-complex-q0023,"실내소품에서 식물과 창문, 작은 가구가 함께 보이는 아늑한 실내 배경",complex,실내소품,31502,6,vv,"{""vv"": 6}","{""background_complex_v2_scoped_20260506:vv"": 6}",/Users/saintiron/imageDB/마캬베리즈무/실내소품/pf45_180.psd,pf45_180.psd,pf45_180.psd,실내소품,/Users/saintiron/Projects/Imagine/thumbnails/pf45_180_thumb.png,psd,1676,1179,A yellow sofa and small table near a window showing a starry night sky.,"[""sofa"", ""table"", ""window"", ""night sky"", ""stars"", ""indoor"", ""furniture"", ""architecture""]",background,,,,Qwen/Qwen3.5-9B,vision_done,,ok,,,,,,,,실내소품,visual:bg-complex-q0023:31502,diverse_rank=2; source_count=6; visual_group=visual:bg-complex-q0023:31502
bg-complex-q0023,"실내소품에서 식물과 창문, 작은 가구가 함께 보이는 아늑한 실내 배경",complex,실내소품,31515,6,"mv,triaxis","{""mv"": 6, ""triaxis"": 16}","{""background_complex_v2_scoped_20260506:mv"": 6, ""background_complex_v2_scoped_20260506:triaxis"": 16}",/Users/saintiron/imageDB/마캬베리즈무/실내소품/pf46_009_013r.psd,pf46_009_013r.psd,pf46_009_013r.psd,실내소품,/Users/saintiron/Projects/Imagine/thumbnails/pf46_009_013r_thumb.png,psd,1578,988,Green sofa in a room with two windows and a small table.,"[""sofa"", ""windows"", ""table"", ""wall"", ""floor"", ""curtains"", ""indoor"", ""furniture""]",background,,,,Qwen/Qwen3.5-9B,vision_done,,ok,,,,,,,,실내소품,visual:bg-complex-q0023:31515,diverse_rank=6; source_count=6; visual_group=visual:bg-complex-q0023:31515
bg-complex-q0023,"실내소품에서 식물과 창문, 작은 가구가 함께 보이는 아늑한 실내 배경",complex,실내소품,31540,11,fts,"{""fts"": 11}","{""background_complex_v2_scoped_20260506:fts"": 11}",/Users/saintiron/imageDB/마캬베리즈무/실내소품/settei1.psd,settei1.psd,settei1.psd,실내소품,/Users/saintiron/Projects/Imagine/thumbnails/settei1_thumb.png,psd,2105,1223,Three wooden picture frames and a wooden plank displayed on a white background.,"[""frames"", ""wood"", ""ornate"", ""carved"", ""plank"", ""brown"", ""decorative"", ""interior""]",item,,,,Qwen/Qwen3.5-9B,vision_done,,ok,,,,,,,,실내소품,visual:bg-complex-q0023:31540,diverse_rank=3; source_count=6; visual_group=visual:bg-complex-q0023:31540
bg-complex-q0023,"실내소품에서 식물과 창문, 작은 가구가 함께 보이는 아늑한 실내 배경",complex,실내소품,31555,11,"mv,triaxis","{""mv"": 12, ""triaxis"": 11}","{""background_complex_v2_scoped_20260506:mv"": 12, ""background_complex_v2_scoped_20260506:triaxis"": 11}",/Users/saintiron/imageDB/마캬베리즈무/실내소품/SH01_052.psd,SH01_052.psd,SH01_052.psd,실내소품,/Users/saintiron/Projects/Imagine/thumbnails/SH01_052_thumb.png,psd,1890,1299,A vintage-style kitchen interior with wooden cabinets and green doors.,"[""kitchen"", ""cabinet"", ""wood"", ""green"", ""bottle"", ""jar"", ""counter"", ""retro""]",background,,,,Qwen/Qwen3.5-9B,vision_done,,ok,,,,,,,,실내소품,visual:bg-complex-q0023:31555,diverse_rank=7; source_count=6; visual_group=visual:bg-complex-q0023:31555
bg-complex-q0023,"실내소품에서 식물과 창문, 작은 가구가 함께 보이는 아늑한 실내 배경",complex,실내소품,31628,11,mv,"{""mv"": 11}","{""background_complex_v2_scoped_20260506:mv"": 11}",/Users/saintiron/imageDB/마캬베리즈무/실내소품/UHQ GWA103-033.jpg,UHQ GWA103-033.jpg,UHQ GWA103-033.jpg,imageDB/마캬베리즈무/실내소품,/Users/saintiron/Projects/Imagine/thumbnails/UHQ GWA103-033_thumb.png,jpg,3739,5609,"A dark wood bookshelf with books, a framed photo, and a red vase, positioned behind a sofa with red and dark brown pillows.","[""bookshelf"", ""interior"", ""home decor"", ""sofa"", ""pillow"", ""frame"", ""vase"", ""books""]",item,,,,unknown_legacy,,,repair_required,parse_fallback_legacy,,,,,,,imageDB/마캬베리즈무/실내소품,visual:bg-complex-q0023:31628,diverse_rank=8; source_count=6; visual_group=visual:bg-complex-q0023:31628
bg-complex-q0023,"실내소품에서 식물과 창문, 작은 가구가 함께 보이는 아늑한 실내 배경",complex,실내소품,31234,14,fts,"{""fts"": 14}","{""background_complex_v2_scoped_20260506:fts"": 14}",/Users/saintiron/imageDB/마캬베리즈무/실내소품/972328dc59e6923f68b3866d07d95c77bf22cd2f.jpg,972328dc59e6923f68b3866d07d95c77bf22cd2f.jpg,972328dc59e6923f68b3866d07d95c77bf22cd2f.jpg,imageDB/마캬베리즈무/실내소품,/Users/saintiron/Projects/Imagine/thumbnails/972328dc59e6923f68b3866d07d95c77bf22cd2f_thumb.png,jpg,1536,1536,"A wooden shelf displaying decorative plates, gift boxes, and a ceramic clock","[""shelf"", ""decorative"", ""plates"", ""gift_boxes"", ""ceramic_clock"", ""wooden_furniture""]",item,,,,unknown_legacy,,,repair_required,parse_fallback_legacy,,,,,,,imageDB/마캬베리즈무/실내소품,visual:bg-complex-q0023:31234,diverse_rank=11; source_count=6; visual_group=visual:bg-complex-q0023:31234
bg-complex-q0023,"실내소품에서 식물과 창문, 작은 가구가 함께 보이는 아늑한 실내 배경",complex,실내소품,31210,21,"mv,triaxis,vv","{""mv"": 45, ""triaxis"": 25, ""vv"": 21}","{""background_complex_v2_scoped_20260506:mv"": 45, ""background_complex_v2_scoped_20260506:triaxis"": 25, ""background_complex_v2_scoped_20260506:vv"": 21}",/Users/saintiron/imageDB/마캬베리즈무/실내소품/271_273_bg_hg19.psd,271_273_bg_hg19.psd,271_273_bg_hg19.psd,실내소품,/Users/saintiron/Projects/Imagine/thumbnails/271_273_bg_hg19_thumb.png,psd,1897,1443,"A room with pink curtains, a wooden cabinet, and framed pictures.","[""curtains"", ""cabinet"", ""pictures"", ""window"", ""wall"", ""tassel"", ""frame"", ""nature""]",background,,,,Qwen/Qwen3.5-9B,vision_done,,ok,,,,,,,,실내소품,visual:bg-complex-q0023:31210,diverse_rank=4; source_count=6; visual_group=visual:bg-complex-q0023:31210
bg-complex-q0023,"실내소품에서 식물과 창문, 작은 가구가 함께 보이는 아늑한 실내 배경",complex,실내소품,31446,23,fts,"{""fts"": 23}","{""background_complex_v2_scoped_20260506:fts"": 23}",/Users/saintiron/imageDB/마캬베리즈무/실내소품/MJ005.jpg,MJ005.jpg,MJ005.jpg,imageDB/마캬베리즈무/실내소품,/Users/saintiron/Projects/Imagine/thumbnails/MJ005_thumb.png,jpg,1420,874,A neatly arranged closet with garments hanging on a rod and folded clothes on shelves.,"[""closet"", ""garments"", ""hanging"", ""folded"", ""organized"", ""interior"", ""digital_art""]",illustration,,,,unknown_legacy,,,repair_required,parse_fallback_legacy,,,,,,,imageDB/마캬베리즈무/실내소품,visual:bg-complex-q0023:31446,diverse_rank=10; source_count=6; visual_group=visual:bg-complex-q0023:31446
bg-complex-q0024,다윈즈게임 도시 낮에서 도로와 건물이 보이고 낮 시간의 도시 분위기가 분명한 배경,complex,다윈즈게임/장소/도시 낮,30067,1,"mv,triaxis,vv","{""mv"": 1, ""triaxis"": 1, ""vv"": 13}","{""background_complex_v2_scoped_20260506:mv"": 1, ""background_complex_v2_scoped_20260506:triaxis"": 1, ""background_complex_v2_scoped_20260506:vv"": 13}",webdav://13730b09/발송/범선/작품 쫑/다윈즈게임/장소/도시 낮/dwg02_108.psd,dwg02_108.psd,발송/범선/작품 쫑/다윈즈게임/장소/도시 낮/dwg02_108.psd,발송/범선/작품 쫑/다윈즈게임/장소/도시 낮,/Users/saintiron/Projects/Imagine/thumbnails/dwg02_108_thumb.png,psd,2152,1344,A quiet urban street corner with modern buildings and storefronts under clear daylight.,"[""urban"", ""street"", ""modern"", ""daytime"", ""3d_render"", ""cityscape""]",background,urban,,,unknown_legacy,parse_fallback_legacy,"pre-fix: psd-tools failed, fell back to thumbnail-only",repair_required,parse_fallback_legacy,,,,,,,발송/범선/작품 쫑/다윈즈게임/장소/도시 낮,visual:bg-complex-q0024:30067,diverse_rank=1; source_count=8; visual_group=visual:bg-complex-q0024:30067
bg-complex-q0024,다윈즈게임 도시 낮에서 도로와 건물이 보이고 낮 시간의 도시 분위기가 분명한 배경,complex,다윈즈게임/장소/도시 낮,30252,1,"triaxis,vv","{""triaxis"": 15, ""vv"": 1}","{""background_complex_v2_scoped_20260506:triaxis"": 15, ""background_complex_v2_scoped_20260506:vv"": 1}",webdav://13730b09/발송/범선/작품 쫑/다윈즈게임/장소/도시 낮/dwg04_012.psd,dwg04_012.psd,발송/범선/작품 쫑/다윈즈게임/장소/도시 낮/dwg04_012.psd,발송/범선/작품 쫑/다윈즈게임/장소/도시 낮,/Users/saintiron/Projects/Imagine/thumbnails/dwg04_012_thumb.png,psd,3176,1384,"A sunny urban street corner with crosswalks, trees, and storefronts under a clear blue sky.","[""city"", ""street"", ""crosswalk"", ""trees"", ""anime"", ""spring"", ""daytime"", ""urban""]",background,urban,,,unknown_legacy,parse_fallback_legacy,"pre-fix: psd-tools failed, fell back to thumbnail-only",repair_required,parse_fallback_legacy,,,,,,,발송/범선/작품 쫑/다윈즈게임/장소/도시 낮,visual:bg-complex-q0024:30252,diverse_rank=5; source_count=8; visual_group=visual:bg-complex-q0024:30252
bg-complex-q0024,다윈즈게임 도시 낮에서 도로와 건물이 보이고 낮 시간의 도시 분위기가 분명한 배경,complex,다윈즈게임/장소/도시 낮,30188,6,mv,"{""mv"": 6}","{""background_complex_v2_scoped_20260506:mv"": 6}",webdav://13730b09/발송/범선/작품 쫑/다윈즈게임/장소/도시 낮/dwg03_183.psd,dwg03_183.psd,발송/범선/작품 쫑/다윈즈게임/장소/도시 낮/dwg03_183.psd,발송/범선/작품 쫑/다윈즈게임/장소/도시 낮,/Users/saintiron/Projects/Imagine/thumbnails/dwg03_183_thumb.png,psd,2104,1344,"A modern urban storefront with a cool-toned, twilight ambiance, featuring the sign 'HOM ERA Bldg' and a muted, atmospheric street scene.","[""urban"", ""twilight"", ""modern architecture"", ""melancholic"", ""cool lighting"", ""realistic"", ""street scene""]",background,urban,,,unknown_legacy,parse_fallback_legacy,"pre-fix: psd-tools failed, fell back to thumbnail-only",repair_required,parse_fallback_legacy,,,,,,,발송/범선/작품 쫑/다윈즈게임/장소/도시 낮,visual:bg-complex-q0024:30188,diverse_rank=2; source_count=8; visual_group=visual:bg-complex-q0024:30188
bg-complex-q0024,다윈즈게임 도시 낮에서 도로와 건물이 보이고 낮 시간의 도시 분위기가 분명한 배경,complex,다윈즈게임/장소/도시 낮,30191,6,"triaxis,vv","{""triaxis"": 6, ""vv"": 33}","{""background_complex_v2_scoped_20260506:triaxis"": 6, ""background_complex_v2_scoped_20260506:vv"": 33}",webdav://13730b09/발송/범선/작품 쫑/다윈즈게임/장소/도시 낮/dwg03_184.psd,dwg03_184.psd,발송/범선/작품 쫑/다윈즈게임/장소/도시 낮/dwg03_184.psd,발송/범선/작품 쫑/다윈즈게임/장소/도시 낮,/Users/saintiron/Projects/Imagine/thumbnails/dwg03_184_thumb.png,psd,3499,2975,"A modern urban street with tall buildings under a clear blue sky, featuring a red sign with Japanese text.","[""city"", ""buildings"", ""sky"", ""modern"", ""blue"", ""red sign"", ""Japanese text"", ""urban"", ""daytime""]",background,urban,,,unknown_legacy,parse_fallback_legacy,"pre-fix: psd-tools failed, fell back to thumbnail-only",repair_required,parse_fallback_legacy,,,,,,,발송/범선/작품 쫑/다윈즈게임/장소/도시 낮,visual:bg-complex-q0024:30191,diverse_rank=6; source_count=8; visual_group=visual:bg-complex-q0024:30191
bg-complex-q0024,다윈즈게임 도시 낮에서 도로와 건물이 보이고 낮 시간의 도시 분위기가 분명한 배경,complex,다윈즈게임/장소/도시 낮,30373,11,fts,"{""fts"": 11}","{""background_complex_v2_scoped_20260506:fts"": 11}",webdav://13730b09/발송/범선/작품 쫑/다윈즈게임/장소/도시 낮/dwg05_226.psd,dwg05_226.psd,발송/범선/작품 쫑/다윈즈게임/장소/도시 낮/dwg05_226.psd,발송/범선/작품 쫑/다윈즈게임/장소/도시 낮,/Users/saintiron/Projects/Imagine/thumbnails/dwg05_226_thumb.png,psd,5750,2423,"A flat, textured gray surface with subtle variations in tone and grain.",[],background,abstract,,,unknown_legacy,parse_fallback_legacy,"pre-fix: psd-tools failed, fell back to thumbnail-only",repair_required,parse_fallback_legacy,,,,,,,발송/범선/작품 쫑/다윈즈게임/장소/도시 낮,visual:bg-complex-q0024:30373,diverse_rank=3; source_count=8; visual_group=visual:bg-complex-q0024:30373
bg-complex-q0024,다윈즈게임 도시 낮에서 도로와 건물이 보이고 낮 시간의 도시 분위기가 분명한 배경,complex,다윈즈게임/장소/도시 낮,30390,11,mv,"{""mv"": 11}","{""background_complex_v2_scoped_20260506:mv"": 11}",webdav://13730b09/발송/범선/작품 쫑/다윈즈게임/장소/도시 낮/dwg05_235.psd,dwg05_235.psd,발송/범선/작품 쫑/다윈즈게임/장소/도시 낮/dwg05_235.psd,발송/범선/작품 쫑/다윈즈게임/장소/도시 낮,/Users/saintiron/Projects/Imagine/thumbnails/dwg05_235_thumb.png,psd,1942,2251,"Under a covered urban walkway, concrete pillars and yellow tactile paving guide the eye toward a dimly lit, quiet street.","[""urban"", ""twilight"", ""concrete"", ""tactile_paving"", ""modern_architecture"", ""melancholic"", ""realistic""]",background,urban,,,unknown_legacy,parse_fallback_legacy,"pre-fix: psd-tools failed, fell back to thumbnail-only",repair_required,parse_fallback_legacy,,,,,,,발송/범선/작품 쫑/다윈즈게임/장소/도시 낮,visual:bg-complex-q0024:30390,diverse_rank=7; source_count=8; visual_group=visual:bg-complex-q0024:30390
bg-complex-q0024,다윈즈게임 도시 낮에서 도로와 건물이 보이고 낮 시간의 도시 분위기가 분명한 배경,complex,다윈즈게임/장소/도시 낮,29986,21,fts,"{""fts"": 21}","{""background_complex_v2_scoped_20260506:fts"": 21}",webdav://13730b09/발송/범선/작품 쫑/다윈즈게임/장소/도시 낮/dwg01_413_r.psd,dwg01_413_r.psd,발송/범선/작품 쫑/다윈즈게임/장소/도시 낮/dwg01_413_r.psd,발송/범선/작품 쫑/다윈즈게임/장소/도시 낮,/Users/saintiron/Projects/Imagine/thumbnails/dwg01_413_r_thumb.png,psd,1744,1552,Wooden fence with green plants above,"[""fence"", ""wooden"", ""greenery"", ""outdoor"", ""garden""]",item,,,,unknown_legacy,parse_fallback_legacy,"pre-fix: psd-tools failed, fell back to thumbnail-only",repair_required,parse_fallback_legacy,,,,,,,발송/범선/작품 쫑/다윈즈게임/장소/도시 낮,visual:bg-complex-q0024:29986,diverse_rank=4; source_count=8; visual_group=visual:bg-complex-q0024:29986
bg-complex-q0024,다윈즈게임 도시 낮에서 도로와 건물이 보이고 낮 시간의 도시 분위기가 분명한 배경,complex,다윈즈게임/장소/도시 낮,30287,21,"fts,mv,triaxis","{""fts"": 50, ""mv"": 21, ""triaxis"": 41}","{""background_complex_v2_scoped_20260506:fts"": 50, ""background_complex_v2_scoped_20260506:mv"": 21, ""background_complex_v2_scoped_20260506:triaxis"": 41}",webdav://13730b09/발송/범선/작품 쫑/다윈즈게임/장소/도시 낮/dwg05_014_015_BG1.psd,dwg05_014_015_BG1.psd,발송/범선/작품 쫑/다윈즈게임/장소/도시 낮/dwg05_014_015_BG1.psd,발송/범선/작품 쫑/다윈즈게임/장소/도시 낮,/Users/saintiron/Projects/Imagine/thumbnails/dwg05_014_015_BG1_thumb.png,psd,2653,1824,A modern building facade with evenly spaced windows under clear daylight.,[],background,urban,,,unknown_legacy,parse_fallback_legacy,"pre-fix: psd-tools failed, fell back to thumbnail-only",repair_required,parse_fallback_legacy,,,,,,,발송/범선/작품 쫑/다윈즈게임/장소/도시 낮,visual:bg-complex-q0024:30033,diverse_rank=8; source_count=8; visual_group=visual:bg-complex-q0024:30033
bg-complex-q0025,기절용사와 암살공주 #12/bg에서 발코니나 난간과 하늘이 함께 보이는 높은 장소 배경,complex,기절용사와 암살공주/#12/bg,50329,1,fts,"{""fts"": 1}","{""background_complex_v2_scoped_20260506:fts"": 1}",webdav://13730b09/발송/범선/기절용사와 암살공주/#12/bg/kya12_078.psd,50329_kya12_078.psd,발송/범선/기절용사와 암살공주/#12/bg/kya12_078.psd,webdav:/13730b09/발송/범선/기절용사와 암살공주/#12/bg,/Users/saintiron/Projects/Imagine/thumbnails/50329_kya12_078_thumb.png,psd,,,Blue-tinted architectural scene with columns and arched window.,"[""architecture"", ""columns"", ""window"", ""blue"", ""indoor""]",background,,,,unknown_legacy,parse_fallback_legacy,"pre-fix: psd-tools failed, fell back to thumbnail-only",repair_required,parse_fallback_legacy,,,,,,,webdav:/13730b09/발송/범선/기절용사와 암살공주/#12/bg,visual:bg-complex-q0025:50329,diverse_rank=1; source_count=8; visual_group=visual:bg-complex-q0025:50329
bg-complex-q0025,기절용사와 암살공주 #12/bg에서 발코니나 난간과 하늘이 함께 보이는 높은 장소 배경,complex,기절용사와 암살공주/#12/bg,50355,1,triaxis,"{""triaxis"": 1}","{""background_complex_v2_scoped_20260506:triaxis"": 1}",webdav://13730b09/발송/범선/기절용사와 암살공주/#12/bg/kya12_238.psd,50355_kya12_238.psd,발송/범선/기절용사와 암살공주/#12/bg/kya12_238.psd,webdav:/13730b09/발송/범선/기절용사와 암살공주/#12/bg,/Users/saintiron/Projects/Imagine/thumbnails/50355_kya12_238_thumb.png,psd,,,Split-screen background with purple abstract texture and nature scene with tree and sky,"[""abstract"", ""nature"", ""tree"", ""sky"", ""purple"", ""orange"", ""digital art"", ""background""]",background,,,,unknown_legacy,parse_fallback_legacy,"pre-fix: psd-tools failed, fell back to thumbnail-only",repair_required,parse_fallback_legacy,,,,,,,webdav:/13730b09/발송/범선/기절용사와 암살공주/#12/bg,visual:bg-complex-q0025:50355,diverse_rank=5; source_count=8; visual_group=visual:bg-complex-q0025:50355
bg-complex-q0025,기절용사와 암살공주 #12/bg에서 발코니나 난간과 하늘이 함께 보이는 높은 장소 배경,complex,기절용사와 암살공주/#12/bg,50371,6,fts,"{""fts"": 6}","{""background_complex_v2_scoped_20260506:fts"": 6}",webdav://13730b09/발송/범선/기절용사와 암살공주/#12/bg/kya12_077.psd,50371_kya12_077.psd,발송/범선/기절용사와 암살공주/#12/bg/kya12_077.psd,webdav:/13730b09/발송/범선/기절용사와 암살공주/#12/bg,/Users/saintiron/Projects/Imagine/thumbnails/50371_kya12_077_thumb.png,psd,,,A sketch of a character with long hair and closed eyes.,"[""sketch"", ""character"", ""hair"", ""eyes"", ""drawing""]",illustration,,,,unknown_legacy,parse_fallback_legacy,"pre-fix: psd-tools failed, fell back to thumbnail-only",repair_required,parse_fallback_legacy,,,,,,,webdav:/13730b09/발송/범선/기절용사와 암살공주/#12/bg,visual:bg-complex-q0025:50371,diverse_rank=2; source_count=8; visual_group=visual:bg-complex-q0025:50371
bg-complex-q0025,기절용사와 암살공주 #12/bg에서 발코니나 난간과 하늘이 함께 보이는 높은 장소 배경,complex,기절용사와 암살공주/#12/bg,50411,6,"mv,triaxis","{""mv"": 26, ""triaxis"": 6}","{""background_complex_v2_scoped_20260506:mv"": 26, ""background_complex_v2_scoped_20260506:triaxis"": 6}",webdav://13730b09/발송/범선/기절용사와 암살공주/#12/bg/kya12_025.psd,50411_kya12_025.psd,발송/범선/기절용사와 암살공주/#12/bg/kya12_025.psd,webdav:/13730b09/발송/범선/기절용사와 암살공주/#12/bg,/Users/saintiron/Projects/Imagine/thumbnails/50411_kya12_025_thumb.png,psd,,,"Animated forest scene with trees, grass, and sky under bright daylight.","[""forest"", ""trees"", ""grass"", ""sky"", ""clouds"", ""nature"", ""anime"", ""daytime""]",background,,,,unknown_legacy,parse_fallback_legacy,"pre-fix: psd-tools failed, fell back to thumbnail-only",repair_required,parse_fallback_legacy,,,,,,,webdav:/13730b09/발송/범선/기절용사와 암살공주/#12/bg,visual:bg-complex-q0025:50411,diverse_rank=6; source_count=8; visual_group=visual:bg-complex-q0025:50411
bg-complex-q0025,기절용사와 암살공주 #12/bg에서 발코니나 난간과 하늘이 함께 보이는 높은 장소 배경,complex,기절용사와 암살공주/#12/bg,50445,11,fts,"{""fts"": 11}","{""background_complex_v2_scoped_20260506:fts"": 11}",webdav://13730b09/발송/범선/기절용사와 암살공주/#12/bg/kya12_241.psd,50445_kya12_241.psd,발송/범선/기절용사와 암살공주/#12/bg/kya12_241.psd,webdav:/13730b09/발송/범선/기절용사와 암살공주/#12/bg,/Users/saintiron/Projects/Imagine/thumbnails/50445_kya12_241_thumb.png,psd,,,Faint ghostly handprint on a textured yellowish background.,"[""texture"", ""handprint"", ""yellow"", ""beige"", ""faded"", ""overlay"", ""paper"", ""grain""]",texture,,,,unknown_legacy,parse_fallback_legacy,"pre-fix: psd-tools failed, fell back to thumbnail-only",repair_required,parse_fallback_legacy,,,,,,,webdav:/13730b09/발송/범선/기절용사와 암살공주/#12/bg,visual:bg-complex-q0025:50445,diverse_rank=3; source_count=8; visual_group=visual:bg-complex-q0025:50445
bg-complex-q0025,기절용사와 암살공주 #12/bg에서 발코니나 난간과 하늘이 함께 보이는 높은 장소 배경,complex,기절용사와 암살공주/#12/bg,50450,12,fts,"{""fts"": 12}","{""background_complex_v2_scoped_20260506:fts"": 12}",webdav://13730b09/발송/범선/기절용사와 암살공주/#12/bg/kya12_016.psd,50450_kya12_016.psd,발송/범선/기절용사와 암살공주/#12/bg/kya12_016.psd,webdav:/13730b09/발송/범선/기절용사와 암살공주/#12/bg,/Users/saintiron/Projects/Imagine/thumbnails/50450_kya12_016_thumb.png,psd,,,Dark blue textured surface resembling aged concrete or plaster.,"[""texture"", ""blue"", ""concrete"", ""wall"", ""grunge"", ""dark"", ""background""]",texture,,,,unknown_legacy,parse_fallback_legacy,"pre-fix: psd-tools failed, fell back to thumbnail-only",repair_required,parse_fallback_legacy,,,,,,,webdav:/13730b09/발송/범선/기절용사와 암살공주/#12/bg,visual:bg-complex-q0025:50450,diverse_rank=7; source_count=8; visual_group=visual:bg-complex-q0025:50450
bg-complex-q0025,기절용사와 암살공주 #12/bg에서 발코니나 난간과 하늘이 함께 보이는 높은 장소 배경,complex,기절용사와 암살공주/#12/bg,50406,21,"fts,mv","{""fts"": 21, ""mv"": 42}","{""background_complex_v2_scoped_20260506:fts"": 21, ""background_complex_v2_scoped_20260506:mv"": 42}",webdav://13730b09/발송/범선/기절용사와 암살공주/#12/bg/kya12_226.psd,50406_kya12_226.psd,발송/범선/기절용사와 암살공주/#12/bg/kya12_226.psd,webdav:/13730b09/발송/범선/기절용사와 암살공주/#12/bg,/Users/saintiron/Projects/Imagine/thumbnails/50406_kya12_226_thumb.png,psd,,,Anime character surrounded by colorful bubbles and sparkles on a pink background,"[""anime"", ""bubbles"", ""sparkles"", ""pink"", ""fantasy""]",background,,,,unknown_legacy,parse_fallback_legacy,"pre-fix: psd-tools failed, fell back to thumbnail-only",repair_required,parse_fallback_legacy,,,,,,,webdav:/13730b09/발송/범선/기절용사와 암살공주/#12/bg,visual:bg-complex-q0025:50406,diverse_rank=4; source_count=8; visual_group=visual:bg-complex-q0025:50406
bg-complex-q0025,기절용사와 암살공주 #12/bg에서 발코니나 난간과 하늘이 함께 보이는 높은 장소 배경,complex,기절용사와 암살공주/#12/bg,50434,21,"mv,vv","{""mv"": 21, ""vv"": 28}","{""background_complex_v2_scoped_20260506:mv"": 21, ""background_complex_v2_scoped_20260506:vv"": 28}",webdav://13730b09/발송/범선/기절용사와 암살공주/#12/bg/kya12_169A.psd,50434_kya12_169A.psd,발송/범선/기절용사와 암살공주/#12/bg/kya12_169A.psd,webdav:/13730b09/발송/범선/기절용사와 암살공주/#12/bg,/Users/saintiron/Projects/Imagine/thumbnails/50434_kya12_169A_thumb.png,psd,,,Transparent figures stand behind a wooden fence in a lush green forest.,"[""forest"", ""fence"", ""trees"", ""figures"", ""mountains"", ""sky"", ""plants"", ""transparency""]",illustration,,,,unknown_legacy,parse_fallback_legacy,"pre-fix: psd-tools failed, fell back to thumbnail-only",repair_required,parse_fallback_legacy,,,,,,,webdav:/13730b09/발송/범선/기절용사와 암살공주/#12/bg,visual:bg-complex-q0025:50434,diverse_rank=8; source_count=8; visual_group=visual:bg-complex-q0025:50434
bg-complex-q0026,크랑베르무 장소/달에서 달 표면이나 크레이터 느낌이 나고 보라색 또는 푸른색 톤이 강한 배경,complex,크랑베르무/장소/달,42078,1,"fts,mv,triaxis,vv","{""fts"": 1, ""mv"": 22, ""triaxis"": 20, ""vv"": 7}","{""background_complex_v2_scoped_20260506:fts"": 1, ""background_complex_v2_scoped_20260506:mv"": 22, ""background_complex_v2_scoped_20260506:triaxis"": 20, ""background_complex_v2_scoped_20260506:vv"": 7}",webdav://13730b09/예비/크랑베르무/장소/달/grb13_024.psd,42078_grb13_024.psd,예비/크랑베르무/장소/달/grb13_024.psd,webdav:/13730b09/예비/크랑베르무/장소/달,/Users/saintiron/Projects/Imagine/thumbnails/42078_grb13_024_thumb.png,psd,,,Abstract pink and purple circular shapes on textured background.,"[""abstract"", ""pink"", ""purple"", ""texture"", ""circles"", ""art"", ""digital"", ""pattern""]",texture,,,,unknown_legacy,parse_fallback_legacy,"pre-fix: psd-tools failed, fell back to thumbnail-only",repair_required,parse_fallback_legacy,,,,,,,webdav:/13730b09/예비/크랑베르무/장소/달,visual:bg-complex-q0026:42078,diverse_rank=1; source_count=8; visual_group=visual:bg-complex-q0026:42078
bg-complex-q0026,크랑베르무 장소/달에서 달 표면이나 크레이터 느낌이 나고 보라색 또는 푸른색 톤이 강한 배경,complex,크랑베르무/장소/달,42082,1,"fts,mv,triaxis,vv","{""fts"": 26, ""mv"": 2, ""triaxis"": 1, ""vv"": 3}","{""background_complex_v2_scoped_20260506:fts"": 26, ""background_complex_v2_scoped_20260506:mv"": 2, ""background_complex_v2_scoped_20260506:triaxis"": 1, ""background_complex_v2_scoped_20260506:vv"": 3}",webdav://13730b09/예비/크랑베르무/장소/달/grb13_054_BG1.psd,42082_grb13_054_BG1.psd,예비/크랑베르무/장소/달/grb13_054_BG1.psd,webdav:/13730b09/예비/크랑베르무/장소/달,/Users/saintiron/Projects/Imagine/thumbnails/42082_grb13_054_BG1_thumb.png,psd,,,"A close-up view of a textured, cratered surface resembling a moon or planet, illuminated in shades of vibrant pink and deep purple.","[""cratered surface"", ""alien planet"", ""purple and pink"", ""space"", ""texture"", ""abstract"", ""cosmic"", ""moonscape"", ""sci-fi"", ""space art""]",,,,,unknown_legacy,parse_fallback_legacy,"pre-fix: psd-tools failed, fell back to thumbnail-only",repair_required,parse_fallback_legacy,,,,,,,webdav:/13730b09/예비/크랑베르무/장소/달,visual:bg-complex-q0026:42082,diverse_rank=5; source_count=8; visual_group=visual:bg-complex-q0026:42082
bg-complex-q0026,크랑베르무 장소/달에서 달 표면이나 크레이터 느낌이 나고 보라색 또는 푸른색 톤이 강한 배경,complex,크랑베르무/장소/달,42083,1,"fts,mv,triaxis,vv","{""fts"": 10, ""mv"": 9, ""triaxis"": 7, ""vv"": 1}","{""background_complex_v2_scoped_20260506:fts"": 10, ""background_complex_v2_scoped_20260506:mv"": 9, ""background_complex_v2_scoped_20260506:triaxis"": 7, ""background_complex_v2_scoped_20260506:vv"": 1}",webdav://13730b09/예비/크랑베르무/장소/달/grb13_057.psd,42083_grb13_057.psd,예비/크랑베르무/장소/달/grb13_057.psd,webdav:/13730b09/예비/크랑베르무/장소/달,/Users/saintiron/Projects/Imagine/thumbnails/42083_grb13_057_thumb.png,psd,,,"A digital artwork depicting a textured, pinkish-purple surface dotted with various circular depressions resembling craters or cellular structures.","[""abstract"", ""texture"", ""crater"", ""circles"", ""pink"", ""digital art"", ""space"", ""cellular"", ""surface"", ""depression""]",,,,,unknown_legacy,parse_fallback_legacy,"pre-fix: psd-tools failed, fell back to thumbnail-only",repair_required,parse_fallback_legacy,,,,,,,webdav:/13730b09/예비/크랑베르무/장소/달,visual:bg-complex-q0026:42083,diverse_rank=8; source_count=8; visual_group=visual:bg-complex-q0026:42083
bg-complex-q0026,크랑베르무 장소/달에서 달 표면이나 크레이터 느낌이 나고 보라색 또는 푸른색 톤이 강한 배경,complex,크랑베르무/장소/달,42079,7,"fts,mv,triaxis,vv","{""fts"": 7, ""mv"": 20, ""triaxis"": 21, ""vv"": 17}","{""background_complex_v2_scoped_20260506:fts"": 7, ""background_complex_v2_scoped_20260506:mv"": 20, ""background_complex_v2_scoped_20260506:triaxis"": 21, ""background_complex_v2_scoped_20260506:vv"": 17}",webdav://13730b09/예비/크랑베르무/장소/달/grb13_037.psd,42079_grb13_037.psd,예비/크랑베르무/장소/달/grb13_037.psd,webdav:/13730b09/예비/크랑베르무/장소/달,/Users/saintiron/Projects/Imagine/thumbnails/42079_grb13_037_thumb.png,psd,,,A purple textured background with circular patterns and a small white logo or emblem in the center.,"[""purple"", ""texture"", ""circular patterns"", ""logo"", ""abstract"", ""dark"", ""vibrant"", ""artistic"", ""symbol"", ""design""]",,,,,unknown_legacy,parse_fallback_legacy,"pre-fix: psd-tools failed, fell back to thumbnail-only",repair_required,parse_fallback_legacy,,,,,,,webdav:/13730b09/예비/크랑베르무/장소/달,visual:bg-complex-q0026:42080,diverse_rank=2; source_count=8; visual_group=visual:bg-complex-q0026:42080
bg-complex-q0026,크랑베르무 장소/달에서 달 표면이나 크레이터 느낌이 나고 보라색 또는 푸른색 톤이 강한 배경,complex,크랑베르무/장소/달,42069,8,"fts,mv,triaxis,vv","{""fts"": 14, ""mv"": 12, ""triaxis"": 8, ""vv"": 21}","{""background_complex_v2_scoped_20260506:fts"": 14, ""background_complex_v2_scoped_20260506:mv"": 12, ""background_complex_v2_scoped_20260506:triaxis"": 8, ""background_complex_v2_scoped_20260506:vv"": 21}",webdav://13730b09/예비/크랑베르무/장소/달/grb08_102_103.psd,42069_grb08_102_103.psd,예비/크랑베르무/장소/달/grb08_102_103.psd,webdav:/13730b09/예비/크랑베르무/장소/달,/Users/saintiron/Projects/Imagine/thumbnails/42069_grb08_102_103_thumb.png,psd,,,"An anime-style illustration of a figure with a wireframe body floating against a backdrop of blue, moon-like craters.","[""anime"", ""wireframe"", ""figure"", ""floating"", ""blue"", ""craters"", ""moon"", ""artistic"", ""space"", ""ethereal""]",,,,,unknown_legacy,parse_fallback_legacy,"pre-fix: psd-tools failed, fell back to thumbnail-only",repair_required,parse_fallback_legacy,,,,,,,webdav:/13730b09/예비/크랑베르무/장소/달,visual:bg-complex-q0026:42069,diverse_rank=6; source_count=8; visual_group=visual:bg-complex-q0026:42069
bg-complex-q0026,크랑베르무 장소/달에서 달 표면이나 크레이터 느낌이 나고 보라색 또는 푸른색 톤이 강한 배경,complex,크랑베르무/장소/달,42089,11,"fts,mv,triaxis,vv","{""fts"": 18, ""mv"": 14, ""triaxis"": 11, ""vv"": 12}","{""background_complex_v2_scoped_20260506:fts"": 18, ""background_complex_v2_scoped_20260506:mv"": 14, ""background_complex_v2_scoped_20260506:triaxis"": 11, ""background_complex_v2_scoped_20260506:vv"": 12}",webdav://13730b09/예비/크랑베르무/장소/달/grb13_075_BG2.psd,42089_grb13_075_BG2.psd,예비/크랑베르무/장소/달/grb13_075_BG2.psd,webdav:/13730b09/예비/크랑베르무/장소/달,/Users/saintiron/Projects/Imagine/thumbnails/42089_grb13_075_BG2_thumb.png,psd,,,"A surreal, purple-hued landscape featuring a mysterious, glowing UFO hovering over a cratered, alien terrain.","[""UFO"", ""alien landscape"", ""sci-fi"", ""purple"", ""craters"", ""mysterious"", ""space"", ""surreal"", ""concept art"", ""sci-fi art""]",,,,,unknown_legacy,parse_fallback_legacy,"pre-fix: psd-tools failed, fell back to thumbnail-only",repair_required,parse_fallback_legacy,,,,,,,webdav:/13730b09/예비/크랑베르무/장소/달,visual:bg-complex-q0026:42089,diverse_rank=3; source_count=8; visual_group=visual:bg-complex-q0026:42089
bg-complex-q0026,크랑베르무 장소/달에서 달 표면이나 크레이터 느낌이 나고 보라색 또는 푸른색 톤이 강한 배경,complex,크랑베르무/장소/달,42074,13,"fts,mv,triaxis,vv","{""fts"": 13, ""mv"": 23, ""triaxis"": 26, ""vv"": 24}","{""background_complex_v2_scoped_20260506:fts"": 13, ""background_complex_v2_scoped_20260506:mv"": 23, ""background_complex_v2_scoped_20260506:triaxis"": 26, ""background_complex_v2_scoped_20260506:vv"": 24}",webdav://13730b09/예비/크랑베르무/장소/달/grb10_286.psd,42074_grb10_286.psd,예비/크랑베르무/장소/달/grb10_286.psd,webdav:/13730b09/예비/크랑베르무/장소/달,/Users/saintiron/Projects/Imagine/thumbnails/42074_grb10_286_thumb.png,psd,,,"A pair of outlined hands reaching out over a desolate, icy landscape, with faint architectural lines suggesting a blueprint or design overlay.","[""hands"", ""ice"", ""landscape"", ""outline"", ""blueprint"", ""cold"", ""artistic"", ""minimalism"", ""space"", ""reach""]",,,,,unknown_legacy,parse_fallback_legacy,"pre-fix: psd-tools failed, fell back to thumbnail-only",repair_required,parse_fallback_legacy,,,,,,,webdav:/13730b09/예비/크랑베르무/장소/달,visual:bg-complex-q0026:42074,diverse_rank=7; source_count=8; visual_group=visual:bg-complex-q0026:42074
bg-complex-q0026,크랑베르무 장소/달에서 달 표면이나 크레이터 느낌이 나고 보라색 또는 푸른색 톤이 강한 배경,complex,크랑베르무/장소/달,42075,23,"fts,mv,triaxis","{""fts"": 23, ""mv"": 30, ""triaxis"": 30}","{""background_complex_v2_scoped_20260506:fts"": 23, ""background_complex_v2_scoped_20260506:mv"": 30, ""background_complex_v2_scoped_20260506:triaxis"": 30}",webdav://13730b09/예비/크랑베르무/장소/달/grb10_287.psd,42075_grb10_287.psd,예비/크랑베르무/장소/달/grb10_287.psd,webdav:/13730b09/예비/크랑베르무/장소/달,/Users/saintiron/Projects/Imagine/thumbnails/42075_grb10_287_thumb.png,psd,,,"A pencil sketch showing three anime-style characters in expressive poses, overlaid with construction lines and grid guides, suggesting a storyboard or animation planning phase.","[""anime"", ""sketch"", ""animation"", ""storyboard"", ""characters"", ""face"", ""line art"", ""grid"", ""construction lines"", ""pencil drawing""]",,,,,unknown_legacy,parse_fallback_legacy,"pre-fix: psd-tools failed, fell back to thumbnail-only",repair_required,parse_fallback_legacy,,,,,,,webdav:/13730b09/예비/크랑베르무/장소/달,visual:bg-complex-q0026:42075,diverse_rank=4; source_count=8; visual_group=visual:bg-complex-q0026:42075
bg-complex-q0027,뱅가드 26 #05/bg에서 분수와 로비 구조가 함께 보이는 현대적인 실내 배경,complex,뱅가드/26/#05/bg,47908,1,"mv,triaxis,vv","{""mv"": 5, ""triaxis"": 1, ""vv"": 1}","{""background_complex_v2_scoped_20260506:mv"": 5, ""background_complex_v2_scoped_20260506:triaxis"": 1, ""background_complex_v2_scoped_20260506:vv"": 1}",webdav://13730b09/발송/외주 회사/뱅가드/26/#05/bg/VS10_05_068_GENZU_yokoku.psd,47908_VS10_05_068_GENZU_yokoku.psd,발송/외주 회사/뱅가드/26/#05/bg/VS10_05_068_GENZU_yokoku.psd,발송/외주 회사/뱅가드/26/#05/bg,/Users/saintiron/Projects/Imagine/thumbnails/47908_VS10_05_068_GENZU_yokoku_thumb.png,psd,,,Three translucent figures observe a central fountain in a modern lobby.,"[""lobby"", ""fountain"", ""translucent"", ""figures"", ""modern"", ""architecture"", ""anime"", ""reflection""]",illustration,,,,unknown_legacy,parse_fallback_legacy,"pre-fix: psd-tools failed, fell back to thumbnail-only",repair_required,parse_fallback_legacy,,,,,,,발송/외주 회사/뱅가드/26/#05/bg,visual:bg-complex-q0027:47908,diverse_rank=1; source_count=8; visual_group=visual:bg-complex-q0027:47908
bg-complex-q0027,뱅가드 26 #05/bg에서 분수와 로비 구조가 함께 보이는 현대적인 실내 배경,complex,뱅가드/26/#05/bg,47918,1,"fts,mv,triaxis","{""fts"": 6, ""mv"": 1, ""triaxis"": 9}","{""background_complex_v2_scoped_20260506:fts"": 6, ""background_complex_v2_scoped_20260506:mv"": 1, ""background_complex_v2_scoped_20260506:triaxis"": 9}",webdav://13730b09/발송/외주 회사/뱅가드/26/#05/bg/VS10_05_013_GENZU.psd,47918_VS10_05_013_GENZU.psd,발송/외주 회사/뱅가드/26/#05/bg/VS10_05_013_GENZU.psd,발송/외주 회사/뱅가드/26/#05/bg,/Users/saintiron/Projects/Imagine/thumbnails/47918_VS10_05_013_GENZU_thumb.png,psd,,,Animated forest scene with glowing lights and tree overlays.,"[""forest"", ""trees"", ""glow"", ""animation"", ""nature"", ""overlay"", ""light"", ""greenery""]",background,,,,unknown_legacy,parse_fallback_legacy,"pre-fix: psd-tools failed, fell back to thumbnail-only",repair_required,parse_fallback_legacy,,,,,,,발송/외주 회사/뱅가드/26/#05/bg,visual:bg-complex-q0027:47918,diverse_rank=5; source_count=8; visual_group=visual:bg-complex-q0027:47918
bg-complex-q0027,뱅가드 26 #05/bg에서 분수와 로비 구조가 함께 보이는 현대적인 실내 배경,complex,뱅가드/26/#05/bg,47910,6,vv,"{""vv"": 6}","{""background_complex_v2_scoped_20260506:vv"": 6}",webdav://13730b09/발송/외주 회사/뱅가드/26/#05/bg/VS10_05_087_GENZU_yokoku.psd,47910_VS10_05_087_GENZU_yokoku.psd,발송/외주 회사/뱅가드/26/#05/bg/VS10_05_087_GENZU_yokoku.psd,발송/외주 회사/뱅가드/26/#05/bg,/Users/saintiron/Projects/Imagine/thumbnails/47910_VS10_05_087_GENZU_yokoku_thumb.png,psd,,,A translucent anime girl stands in a tiled room with frosted glass doors.,"[""anime"", ""girl"", ""translucent"", ""room"", ""tiles"", ""doors"", ""ghostly"", ""studio""]",illustration,,,,unknown_legacy,parse_fallback_legacy,"pre-fix: psd-tools failed, fell back to thumbnail-only",repair_required,parse_fallback_legacy,,,,,,,발송/외주 회사/뱅가드/26/#05/bg,visual:bg-complex-q0027:47909,diverse_rank=2; source_count=8; visual_group=visual:bg-complex-q0027:47909
bg-complex-q0027,뱅가드 26 #05/bg에서 분수와 로비 구조가 함께 보이는 현대적인 실내 배경,complex,뱅가드/26/#05/bg,47929,6,"fts,mv,triaxis,vv","{""fts"": 17, ""mv"": 23, ""triaxis"": 6, ""vv"": 21}","{""background_complex_v2_scoped_20260506:fts"": 17, ""background_complex_v2_scoped_20260506:mv"": 23, ""background_complex_v2_scoped_20260506:triaxis"": 6, ""background_complex_v2_scoped_20260506:vv"": 21}",webdav://13730b09/발송/외주 회사/뱅가드/26/#05/bg/VS10_05_059_GENZU.psd,47929_VS10_05_059_GENZU.psd,발송/외주 회사/뱅가드/26/#05/bg/VS10_05_059_GENZU.psd,발송/외주 회사/뱅가드/26/#05/bg,/Users/saintiron/Projects/Imagine/thumbnails/47929_VS10_05_059_GENZU_thumb.png,psd,,,Overlay of anime character sketches on a stone staircase background.,"[""anime"", ""sketch"", ""overlay"", ""staircase"", ""character"", ""lineart"", ""background"", ""digital""]",background,,,,unknown_legacy,parse_fallback_legacy,"pre-fix: psd-tools failed, fell back to thumbnail-only",repair_required,parse_fallback_legacy,,,,,,,발송/외주 회사/뱅가드/26/#05/bg,visual:bg-complex-q0027:47929,diverse_rank=6; source_count=8; visual_group=visual:bg-complex-q0027:47929
bg-complex-q0027,뱅가드 26 #05/bg에서 분수와 로비 구조가 함께 보이는 현대적인 실내 배경,complex,뱅가드/26/#05/bg,47946,11,"triaxis,vv","{""triaxis"": 27, ""vv"": 11}","{""background_complex_v2_scoped_20260506:triaxis"": 27, ""background_complex_v2_scoped_20260506:vv"": 11}",webdav://13730b09/발송/외주 회사/뱅가드/26/#05/bg/VS10_05_050_GENZU.psd,47946_VS10_05_050_GENZU.psd,발송/외주 회사/뱅가드/26/#05/bg/VS10_05_050_GENZU.psd,발송/외주 회사/뱅가드/26/#05/bg,/Users/saintiron/Projects/Imagine/thumbnails/47946_VS10_05_050_GENZU_thumb.png,psd,,,Animated scene of a wooden pier at sunset with characters in the background.,"[""pier"", ""sunset"", ""wooden"", ""characters"", ""anime"", ""outdoor"", ""railings"", ""trees""]",illustration,,,,unknown_legacy,parse_fallback_legacy,"pre-fix: psd-tools failed, fell back to thumbnail-only",repair_required,parse_fallback_legacy,,,,,,,발송/외주 회사/뱅가드/26/#05/bg,visual:bg-complex-q0027:47946,diverse_rank=3; source_count=8; visual_group=visual:bg-complex-q0027:47946
bg-complex-q0027,뱅가드 26 #05/bg에서 분수와 로비 구조가 함께 보이는 현대적인 실내 배경,complex,뱅가드/26/#05/bg,47980,11,"fts,mv,triaxis","{""fts"": 11, ""mv"": 38, ""triaxis"": 12}","{""background_complex_v2_scoped_20260506:fts"": 11, ""background_complex_v2_scoped_20260506:mv"": 38, ""background_complex_v2_scoped_20260506:triaxis"": 12}",webdav://13730b09/발송/외주 회사/뱅가드/26/#05/bg/VS10_05_325_GENZU.psd,47980_VS10_05_325_GENZU.psd,발송/외주 회사/뱅가드/26/#05/bg/VS10_05_325_GENZU.psd,발송/외주 회사/뱅가드/26/#05/bg,/Users/saintiron/Projects/Imagine/thumbnails/47980_VS10_05_325_GENZU_thumb.png,psd,,,Anime-style character portrait against a dark cloudy sky.,"[""anime"", ""portrait"", ""sky"", ""clouds"", ""dark"", ""lineart"", ""character"", ""blue""]",background,,,,unknown_legacy,parse_fallback_legacy,"pre-fix: psd-tools failed, fell back to thumbnail-only",repair_required,parse_fallback_legacy,,,,,,,발송/외주 회사/뱅가드/26/#05/bg,visual:bg-complex-q0027:47980,diverse_rank=7; source_count=8; visual_group=visual:bg-complex-q0027:47980
bg-complex-q0027,뱅가드 26 #05/bg에서 분수와 로비 구조가 함께 보이는 현대적인 실내 배경,complex,뱅가드/26/#05/bg,47941,21,"fts,vv","{""fts"": 21, ""vv"": 39}","{""background_complex_v2_scoped_20260506:fts"": 21, ""background_complex_v2_scoped_20260506:vv"": 39}",webdav://13730b09/발송/외주 회사/뱅가드/26/#05/bg/VS10_05_045_GENZU.psd,47941_VS10_05_045_GENZU.psd,발송/외주 회사/뱅가드/26/#05/bg/VS10_05_045_GENZU.psd,발송/외주 회사/뱅가드/26/#05/bg,/Users/saintiron/Projects/Imagine/thumbnails/47941_VS10_05_045_GENZU_thumb.png,psd,,,Two anime characters stand on a wooden dock at sunset.,"[""anime"", ""sunset"", ""dock"", ""characters"", ""wooden"", ""sketch"", ""romance"", ""evening""]",illustration,,,,unknown_legacy,parse_fallback_legacy,"pre-fix: psd-tools failed, fell back to thumbnail-only",repair_required,parse_fallback_legacy,,,,,,,발송/외주 회사/뱅가드/26/#05/bg,visual:bg-complex-q0027:47941,diverse_rank=4; source_count=8; visual_group=visual:bg-complex-q0027:47941
bg-complex-q0027,뱅가드 26 #05/bg에서 분수와 로비 구조가 함께 보이는 현대적인 실내 배경,complex,뱅가드/26/#05/bg,47919,22,mv,"{""mv"": 22}","{""background_complex_v2_scoped_20260506:mv"": 22}",webdav://13730b09/발송/외주 회사/뱅가드/26/#05/bg/VS10_05_032_GENZU.psd,47919_VS10_05_032_GENZU.psd,발송/외주 회사/뱅가드/26/#05/bg/VS10_05_032_GENZU.psd,발송/외주 회사/뱅가드/26/#05/bg,/Users/saintiron/Projects/Imagine/thumbnails/47919_VS10_05_032_GENZU_thumb.png,psd,,,A translucent figure stands in a sunlit forest with glowing lights.,"[""forest"", ""translucent figure"", ""glowing lights"", ""anime"", ""nature"", ""mystery"", ""fantasy"", ""overlay""]",illustration,,,,unknown_legacy,parse_fallback_legacy,"pre-fix: psd-tools failed, fell back to thumbnail-only",repair_required,parse_fallback_legacy,,,,,,,발송/외주 회사/뱅가드/26/#05/bg,visual:bg-complex-q0027:47919,diverse_rank=8; source_count=8; visual_group=visual:bg-complex-q0027:47919
bg-complex-q0028,기절용사와 암살공주 장소/동굴에서 어두운 바위 벽과 통로가 함께 보이는 지하 배경,complex,기절용사와 암살공주/장소/동굴,51840,1,fts,"{""fts"": 1}","{""background_complex_v2_scoped_20260506:fts"": 1}",webdav://13730b09/발송/범선/기절용사와 암살공주/장소/동굴/kya02_188.psd,51840_kya02_188.psd,발송/범선/기절용사와 암살공주/장소/동굴/kya02_188.psd,webdav:/13730b09/발송/범선/기절용사와 암살공주/장소/동굴,/Users/saintiron/Projects/Imagine/thumbnails/51840_kya02_188_thumb.png,psd,,,Abstract composition with layered geometric shapes and muted tones.,"[""abstract"", ""geometric"", ""layered"", ""muted"", ""shapes""]",illustration,,,,unknown_legacy,parse_fallback_legacy,"pre-fix: psd-tools failed, fell back to thumbnail-only",repair_required,parse_fallback_legacy,,,,,,,webdav:/13730b09/발송/범선/기절용사와 암살공주/장소/동굴,visual:bg-complex-q0028:51840,diverse_rank=1; source_count=8; visual_group=visual:bg-complex-q0028:51840
bg-complex-q0028,기절용사와 암살공주 장소/동굴에서 어두운 바위 벽과 통로가 함께 보이는 지하 배경,complex,기절용사와 암살공주/장소/동굴,51853,1,"mv,triaxis,vv","{""mv"": 1, ""triaxis"": 1, ""vv"": 5}","{""background_complex_v2_scoped_20260506:mv"": 1, ""background_complex_v2_scoped_20260506:triaxis"": 1, ""background_complex_v2_scoped_20260506:vv"": 5}",webdav://13730b09/발송/범선/기절용사와 암살공주/장소/동굴/kya02_202.psd,51853_kya02_202.psd,발송/범선/기절용사와 암살공주/장소/동굴/kya02_202.psd,webdav:/13730b09/발송/범선/기절용사와 암살공주/장소/동굴,/Users/saintiron/Projects/Imagine/thumbnails/51853_kya02_202_thumb.png,psd,,,A dimly lit cave interior with rocky walls and a dark tunnel entrance.,"[""cave"", ""rock"", ""tunnel"", ""darkness"", ""stone"", ""underground"", ""narrow passage""]",background,,,,unknown_legacy,parse_fallback_legacy,"pre-fix: psd-tools failed, fell back to thumbnail-only",repair_required,parse_fallback_legacy,,,,,,,webdav:/13730b09/발송/범선/기절용사와 암살공주/장소/동굴,visual:bg-complex-q0028:51853,diverse_rank=5; source_count=8; visual_group=visual:bg-complex-q0028:51853
bg-complex-q0028,기절용사와 암살공주 장소/동굴에서 어두운 바위 벽과 통로가 함께 보이는 지하 배경,complex,기절용사와 암살공주/장소/동굴,51802,6,"mv,triaxis,vv","{""mv"": 11, ""triaxis"": 22, ""vv"": 6}","{""background_complex_v2_scoped_20260506:mv"": 11, ""background_complex_v2_scoped_20260506:triaxis"": 22, ""background_complex_v2_scoped_20260506:vv"": 6}",webdav://13730b09/발송/범선/기절용사와 암살공주/장소/동굴/kya02_144_148_151.psd,51802_kya02_144_148_151.psd,발송/범선/기절용사와 암살공주/장소/동굴/kya02_144_148_151.psd,webdav:/13730b09/발송/범선/기절용사와 암살공주/장소/동굴,/Users/saintiron/Projects/Imagine/thumbnails/51802_kya02_144_148_151_thumb.png,psd,,,A figure stands in a dimly lit cave with glowing rock formations.,"[""cave"", ""figure"", ""rock"", ""glow"", ""darkness""]",illustration,,,,unknown_legacy,parse_fallback_legacy,"pre-fix: psd-tools failed, fell back to thumbnail-only",repair_required,parse_fallback_legacy,,,,,,,webdav:/13730b09/발송/범선/기절용사와 암살공주/장소/동굴,visual:bg-complex-q0028:51802,diverse_rank=2; source_count=8; visual_group=visual:bg-complex-q0028:51802
bg-complex-q0028,기절용사와 암살공주 장소/동굴에서 어두운 바위 벽과 통로가 함께 보이는 지하 배경,complex,기절용사와 암살공주/장소/동굴,51842,6,"mv,triaxis,vv","{""mv"": 20, ""triaxis"": 6, ""vv"": 7}","{""background_complex_v2_scoped_20260506:mv"": 20, ""background_complex_v2_scoped_20260506:triaxis"": 6, ""background_complex_v2_scoped_20260506:vv"": 7}",webdav://13730b09/발송/범선/기절용사와 암살공주/장소/동굴/kya02_190.psd,51842_kya02_190.psd,발송/범선/기절용사와 암살공주/장소/동굴/kya02_190.psd,webdav:/13730b09/발송/범선/기절용사와 암살공주/장소/동굴,/Users/saintiron/Projects/Imagine/thumbnails/51842_kya02_190_thumb.png,psd,,,A winding cave with rocky walls and ancient statues in the distance.,"[""cave"", ""rock"", ""statues"", ""darkness"", ""lighting"", ""texture"", ""ancient"", ""stone""]",illustration,,,,unknown_legacy,parse_fallback_legacy,"pre-fix: psd-tools failed, fell back to thumbnail-only",repair_required,parse_fallback_legacy,,,,,,,webdav:/13730b09/발송/범선/기절용사와 암살공주/장소/동굴,visual:bg-complex-q0028:51842,diverse_rank=6; source_count=8; visual_group=visual:bg-complex-q0028:51842
bg-complex-q0028,기절용사와 암살공주 장소/동굴에서 어두운 바위 벽과 통로가 함께 보이는 지하 배경,complex,기절용사와 암살공주/장소/동굴,51798,11,"mv,vv","{""mv"": 32, ""vv"": 11}","{""background_complex_v2_scoped_20260506:mv"": 32, ""background_complex_v2_scoped_20260506:vv"": 11}",webdav://13730b09/발송/범선/기절용사와 암살공주/장소/동굴/kya02_140.psd,51798_kya02_140.psd,발송/범선/기절용사와 암살공주/장소/동굴/kya02_140.psd,webdav:/13730b09/발송/범선/기절용사와 암살공주/장소/동굴,/Users/saintiron/Projects/Imagine/thumbnails/51798_kya02_140_thumb.png,psd,,,Two anime-style characters appear as a faint overlay on a stone archway.,"[""anime characters"", ""stone archway"", ""overlay"", ""dark tunnel"", ""faint lines"", ""yellow lighting"", ""blue shadows""]",illustration,,,,unknown_legacy,parse_fallback_legacy,"pre-fix: psd-tools failed, fell back to thumbnail-only",repair_required,parse_fallback_legacy,,,,,,,webdav:/13730b09/발송/범선/기절용사와 암살공주/장소/동굴,visual:bg-complex-q0028:51798,diverse_rank=3; source_count=8; visual_group=visual:bg-complex-q0028:51798
bg-complex-q0028,기절용사와 암살공주 장소/동굴에서 어두운 바위 벽과 통로가 함께 보이는 지하 배경,complex,기절용사와 암살공주/장소/동굴,51806,12,"fts,vv","{""fts"": 12, ""vv"": 42}","{""background_complex_v2_scoped_20260506:fts"": 12, ""background_complex_v2_scoped_20260506:vv"": 42}",webdav://13730b09/발송/범선/기절용사와 암살공주/장소/동굴/kya02_150.psd,51806_kya02_150.psd,발송/범선/기절용사와 암살공주/장소/동굴/kya02_150.psd,webdav:/13730b09/발송/범선/기절용사와 암살공주/장소/동굴,/Users/saintiron/Projects/Imagine/thumbnails/51806_kya02_150_thumb.png,psd,,,Purple textured surface resembling rough stone or concrete wall.,"[""texture"", ""purple"", ""wall"", ""stone"", ""concrete"", ""abstract"", ""pattern"", ""dark""]",texture,,,,unknown_legacy,parse_fallback_legacy,"pre-fix: psd-tools failed, fell back to thumbnail-only",repair_required,parse_fallback_legacy,,,,,,,webdav:/13730b09/발송/범선/기절용사와 암살공주/장소/동굴,visual:bg-complex-q0028:51806,diverse_rank=7; source_count=8; visual_group=visual:bg-complex-q0028:51806
bg-complex-q0028,기절용사와 암살공주 장소/동굴에서 어두운 바위 벽과 통로가 함께 보이는 지하 배경,complex,기절용사와 암살공주/장소/동굴,51817,21,"fts,mv,triaxis,vv","{""fts"": 35, ""mv"": 26, ""triaxis"": 32, ""vv"": 21}","{""background_complex_v2_scoped_20260506:fts"": 35, ""background_complex_v2_scoped_20260506:mv"": 26, ""background_complex_v2_scoped_20260506:triaxis"": 32, ""background_complex_v2_scoped_20260506:vv"": 21}",webdav://13730b09/발송/범선/기절용사와 암살공주/장소/동굴/kya02_160.psd,51817_kya02_160.psd,발송/범선/기절용사와 암살공주/장소/동굴/kya02_160.psd,webdav:/13730b09/발송/범선/기절용사와 암살공주/장소/동굴,/Users/saintiron/Projects/Imagine/thumbnails/51817_kya02_160_thumb.png,psd,,,A ghostly figure stands in a cavern with stalactites and rocky ground.,"[""ghost"", ""cave"", ""stalactites"", ""rock"", ""figure""]",illustration,,,,unknown_legacy,parse_fallback_legacy,"pre-fix: psd-tools failed, fell back to thumbnail-only",repair_required,parse_fallback_legacy,,,,,,,webdav:/13730b09/발송/범선/기절용사와 암살공주/장소/동굴,visual:bg-complex-q0028:51857,diverse_rank=4; source_count=8; visual_group=visual:bg-complex-q0028:51857
bg-complex-q0028,기절용사와 암살공주 장소/동굴에서 어두운 바위 벽과 통로가 함께 보이는 지하 배경,complex,기절용사와 암살공주/장소/동굴,51841,21,"fts,mv,triaxis,vv","{""fts"": 21, ""mv"": 46, ""triaxis"": 29, ""vv"": 35}","{""background_complex_v2_scoped_20260506:fts"": 21, ""background_complex_v2_scoped_20260506:mv"": 46, ""background_complex_v2_scoped_20260506:triaxis"": 29, ""background_complex_v2_scoped_20260506:vv"": 35}",webdav://13730b09/발송/범선/기절용사와 암살공주/장소/동굴/kya02_189.psd,51841_kya02_189.psd,발송/범선/기절용사와 암살공주/장소/동굴/kya02_189.psd,webdav:/13730b09/발송/범선/기절용사와 암살공주/장소/동굴,/Users/saintiron/Projects/Imagine/thumbnails/51841_kya02_189_thumb.png,psd,,,A ghostly figure with sketch lines stands in a rocky cave.,"[""ghost"", ""sketch"", ""cave"", ""rock"", ""lines"", ""shadow"", ""figure""]",illustration,,,,unknown_legacy,parse_fallback_legacy,"pre-fix: psd-tools failed, fell back to thumbnail-only",repair_required,parse_fallback_legacy,,,,,,,webdav:/13730b09/발송/범선/기절용사와 암살공주/장소/동굴,visual:bg-complex-q0028:51836,diverse_rank=8; source_count=8; visual_group=visual:bg-complex-q0028:51836
bg-complex-q0029,"실내소품에서 카페 조명과 의자, 작은 테이블이 함께 보이는 아늑한 실내 배경",complex,실내소품,31332,1,"mv,triaxis,vv","{""mv"": 1, ""triaxis"": 2, ""vv"": 2}","{""background_complex_v2_scoped_20260506:mv"": 1, ""background_complex_v2_scoped_20260506:triaxis"": 2, ""background_complex_v2_scoped_20260506:vv"": 2}",/Users/saintiron/imageDB/마캬베리즈무/실내소품/cafe-inside.psd,cafe-inside.psd,cafe-inside.psd,실내소품,/Users/saintiron/Projects/Imagine/thumbnails/cafe-inside_thumb.png,psd,1600,1200,"Cozy cafe interior with bar stools, shelves, and a window view of trees.","[""cafe"", ""bar stools"", ""shelves"", ""dishes"", ""window"", ""trees"", ""sofa"", ""table""]",background,,,,Qwen/Qwen3.5-9B,vision_done,,ok,,,,,,,,실내소품,visual:bg-complex-q0029:31332,diverse_rank=1; source_count=6; visual_group=visual:bg-complex-q0029:31332
bg-complex-q0029,"실내소품에서 카페 조명과 의자, 작은 테이블이 함께 보이는 아늑한 실내 배경",complex,실내소품,31442,1,"mv,triaxis,vv","{""mv"": 2, ""triaxis"": 1, ""vv"": 1}","{""background_complex_v2_scoped_20260506:mv"": 2, ""background_complex_v2_scoped_20260506:triaxis"": 1, ""background_complex_v2_scoped_20260506:vv"": 1}",/Users/saintiron/imageDB/마캬베리즈무/실내소품/maid_kissa .psd,maid_kissa .psd,maid_kissa .psd,실내소품,/Users/saintiron/Projects/Imagine/thumbnails/maid_kissa _thumb.png,psd,4133,2952,"Cozy cafe interior with wooden furniture, warm lighting, and large windows.","[""cafe"", ""interior"", ""wooden furniture"", ""hanging lamps"", ""windows"", ""seating area"", ""shelves"", ""warm lighting""]",background,,,,Qwen/Qwen3.5-9B,vision_done,,ok,,,,,,,,실내소품,visual:bg-complex-q0029:31442,diverse_rank=5; source_count=6; visual_group=visual:bg-complex-q0029:31442
bg-complex-q0029,"실내소품에서 카페 조명과 의자, 작은 테이블이 함께 보이는 아늑한 실내 배경",complex,실내소품,31671,1,fts,"{""fts"": 1}","{""background_complex_v2_scoped_20260506:fts"": 1}",/Users/saintiron/imageDB/마캬베리즈무/실내소품/하나사키집 식당 테이블 참고.JPG,하나사키집 식당 테이블 참고.JPG,하나사키집 식당 테이블 참고.JPG,imageDB/마캬베리즈무/실내소품,/Users/saintiron/Projects/Imagine/thumbnails/하나사키집 식당 테이블 참고_thumb.png,jpg,1280,792,"A dark wooden dining table with turned legs, photographed against a white background.","[""dining table"", ""wooden table"", ""turned legs"", ""classic design"", ""furniture"", ""indoor decor""]",item,,,,unknown_legacy,,,repair_required,parse_fallback_legacy,,,,,,,imageDB/마캬베리즈무/실내소품,visual:bg-complex-q0029:31671,diverse_rank=7; source_count=6; visual_group=visual:bg-complex-q0029:31671
bg-complex-q0029,"실내소품에서 카페 조명과 의자, 작은 테이블이 함께 보이는 아늑한 실내 배경",complex,실내소품,31213,3,"mv,triaxis","{""mv"": 3, ""triaxis"": 23}","{""background_complex_v2_scoped_20260506:mv"": 3, ""background_complex_v2_scoped_20260506:triaxis"": 23}",/Users/saintiron/imageDB/마캬베리즈무/실내소품/2964fbb166dc411962ae3522319e767b9715badb.jpg,2964fbb166dc411962ae3522319e767b9715badb.jpg,2964fbb166dc411962ae3522319e767b9715badb.jpg,imageDB/마캬베리즈무/실내소품,/Users/saintiron/Projects/Imagine/thumbnails/2964fbb166dc411962ae3522319e767b9715badb_thumb.png,jpg,1536,1536,"A wooden shelf unit with multiple levels, displaying coffee-making equipment, mugs, bowls, and decorative items in a cozy kitchen setting.","[""shelf"", ""kitchen"", ""coffee"", ""wooden"", ""cozy"", ""home"", ""storage"", ""mugs"", ""bowls"", ""coffee maker"", ""decorative""]",item,,,,unknown_legacy,,,repair_required,parse_fallback_legacy,,,,,,,imageDB/마캬베리즈무/실내소품,visual:bg-complex-q0029:31213,diverse_rank=10; source_count=6; visual_group=visual:bg-complex-q0029:31213
bg-complex-q0029,"실내소품에서 카페 조명과 의자, 작은 테이블이 함께 보이는 아늑한 실내 배경",complex,실내소품,31074,6,"mv,triaxis,vv","{""mv"": 6, ""triaxis"": 14, ""vv"": 12}","{""background_complex_v2_scoped_20260506:mv"": 6, ""background_complex_v2_scoped_20260506:triaxis"": 14, ""background_complex_v2_scoped_20260506:vv"": 12}",/Users/saintiron/imageDB/마캬베리즈무/실내소품/#302_SC271_BG_INT.STEVE’S HOUSE(VIEW TO FOYER)(09.18).psd,#302_SC271_BG_INT.STEVE’S HOUSE(VIEW TO FOYER)(09.18).psd,#302_SC271_BG_INT.STEVE’S HOUSE(VIEW TO FOYER)(09.18).psd,실내소품,/Users/saintiron/Projects/Imagine/thumbnails/#302_SC271_BG_INT.STEVE’S HOUSE(VIEW TO FOYER)(09.18)_thumb.png,psd,3508,2480,"A cozy living room with a sofa, coffee table, and decorative plants.","[""sofa"", ""coffee table"", ""plants"", ""lamps"", ""doors"", ""paintings"", ""carpet"", ""vases""]",background,,,,Qwen/Qwen3.5-9B,vision_done,,ok,,,,,,,,실내소품,visual:bg-complex-q0029:31074,diverse_rank=2; source_count=6; visual_group=visual:bg-complex-q0029:31074
bg-complex-q0029,"실내소품에서 카페 조명과 의자, 작은 테이블이 함께 보이는 아늑한 실내 배경",complex,실내소품,31386,6,triaxis,"{""triaxis"": 6}","{""background_complex_v2_scoped_20260506:triaxis"": 6}",/Users/saintiron/imageDB/마캬베리즈무/실내소품/GP01_153.psd,GP01_153.psd,GP01_153.psd,실내소품,/Users/saintiron/Projects/Imagine/thumbnails/GP01_153_thumb.png,psd,1782,1376,An empty indoor food service area with a counter and kitchen equipment.,"[""counter"", ""kitchen"", ""refrigerator"", ""hood"", ""ceiling"", ""floor"", ""wall"", ""light""]",background,,,,Qwen/Qwen3.5-9B,vision_done,,ok,,,,,,,,실내소품,visual:bg-complex-q0029:31386,diverse_rank=6; source_count=6; visual_group=visual:bg-complex-q0029:31386
bg-complex-q0029,"실내소품에서 카페 조명과 의자, 작은 테이블이 함께 보이는 아늑한 실내 배경",complex,실내소품,31435,11,triaxis,"{""triaxis"": 11}","{""background_complex_v2_scoped_20260506:triaxis"": 11}",/Users/saintiron/imageDB/마캬베리즈무/실내소품/LCCBG021AA_R.psd,LCCBG021AA_R.psd,LCCBG021AA_R.psd,실내소품,/Users/saintiron/Projects/Imagine/thumbnails/LCCBG021AA_R_thumb.png,psd,2338,1653,"A brightly lit cafeteria with a counter, vending machine, and seating area.","[""cafeteria"", ""counter"", ""vending machine"", ""stools"", ""menu board"", ""tiled floor"", ""overhead lights""]",background,,,,Qwen/Qwen3.5-9B,vision_done,,ok,,,,,,,,실내소품,visual:bg-complex-q0029:31435,diverse_rank=3; source_count=6; visual_group=visual:bg-complex-q0029:31435
bg-complex-q0029,"실내소품에서 카페 조명과 의자, 작은 테이블이 함께 보이는 아늑한 실내 배경",complex,실내소품,31338,12,fts,"{""fts"": 12}","{""background_complex_v2_scoped_20260506:fts"": 12}",/Users/saintiron/imageDB/마캬베리즈무/실내소품/COS012.jpg,COS012.jpg,COS012.jpg,imageDB/마캬베리즈무/실내소품,/Users/saintiron/Projects/Imagine/thumbnails/COS012_thumb.png,jpg,996,587,"A dimly lit traditional Japanese room with a wooden counter displaying glassware and a mirror, illuminated by golden light from a window, with heavy chains hanging in the foreground.","[""\uc2e4\ub0b4\uc18c\ud488"", ""COS012.jpg"", ""traditional_japanese"", ""golden_hour"", ""melancholic"", ""anime"", ""wooden_counter"", ""glassware"", ""mirror"", ""chains""]",background,indoor,,,unknown_legacy,,,repair_required,parse_fallback_legacy,,,,,,,imageDB/마캬베리즈무/실내소품,visual:bg-complex-q0029:31338,diverse_rank=8; source_count=6; visual_group=visual:bg-complex-q0029:31338
bg-complex-q0029,"실내소품에서 카페 조명과 의자, 작은 테이블이 함께 보이는 아늑한 실내 배경",complex,실내소품,31337,14,vv,"{""vv"": 14}","{""background_complex_v2_scoped_20260506:vv"": 14}",/Users/saintiron/imageDB/마캬베리즈무/실내소품/COS011.jpg,COS011.jpg,COS011.jpg,imageDB/마캬베리즈무/실내소품,/Users/saintiron/Projects/Imagine/thumbnails/COS011_thumb.png,jpg,987,567,"A warmly lit indoor room with wooden shelves displaying decorative items and framed pictures, bathed in golden sunlight.","[""indoor"", ""shelves"", ""decorative_items"", ""golden_hour"", ""anime"", ""warm_lighting"", ""traditional_architecture"", ""peaceful_mood""]",background,indoor,,,unknown_legacy,,,repair_required,parse_fallback_legacy,,,,,,,imageDB/마캬베리즈무/실내소품,visual:bg-complex-q0029:31337,diverse_rank=12; source_count=6; visual_group=visual:bg-complex-q0029:31337
bg-complex-q0029,"실내소품에서 카페 조명과 의자, 작은 테이블이 함께 보이는 아늑한 실내 배경",complex,실내소품,31215,21,fts,"{""fts"": 21}","{""background_complex_v2_scoped_20260506:fts"": 21}",/Users/saintiron/imageDB/마캬베리즈무/실내소품/3 copy.psd,3 copy.psd,3 copy.psd,실내소품,/Users/saintiron/Projects/Imagine/thumbnails/3 copy_thumb.png,psd,9644,6388,"A grid of dark, perforated panels with red outlines and horizontal slats.","[""grid"", ""panels"", ""perforated"", ""red lines"", ""horizontal slats"", ""dark texture""]",background,,,,Qwen/Qwen3.5-9B,vision_done,,ok,,,,,,,,실내소품,visual:bg-complex-q0029:31215,diverse_rank=4; source_count=6; visual_group=visual:bg-complex-q0029:31215
bg-complex-q0029,"실내소품에서 카페 조명과 의자, 작은 테이블이 함께 보이는 아늑한 실내 배경",complex,실내소품,31225,22,fts,"{""fts"": 22}","{""background_complex_v2_scoped_20260506:fts"": 22}",/Users/saintiron/imageDB/마캬베리즈무/실내소품/4056aebeb02dbee6638342c739d445a2420d113d.jpg,4056aebeb02dbee6638342c739d445a2420d113d.jpg,4056aebeb02dbee6638342c739d445a2420d113d.jpg,imageDB/마캬베리즈무/실내소품,/Users/saintiron/Projects/Imagine/thumbnails/4056aebeb02dbee6638342c739d445a2420d113d_thumb.png,jpg,1536,1536,A set of wooden shelves displaying kitchenware and decorative items against a light blue wall.,"[""shelf"", ""kitchenware"", ""decorative"", ""wooden"", ""minimalist"", ""home_decor""]",item,,,,unknown_legacy,,,repair_required,parse_fallback_legacy,,,,,,,imageDB/마캬베리즈무/실내소품,visual:bg-complex-q0029:31225,diverse_rank=9; source_count=6; visual_group=visual:bg-complex-q0029:31225
bg-complex-q0029,"실내소품에서 카페 조명과 의자, 작은 테이블이 함께 보이는 아늑한 실내 배경",complex,실내소품,31341,22,"mv,triaxis,vv","{""mv"": 22, ""triaxis"": 39, ""vv"": 24}","{""background_complex_v2_scoped_20260506:mv"": 22, ""background_complex_v2_scoped_20260506:triaxis"": 39, ""background_complex_v2_scoped_20260506:vv"": 24}",/Users/saintiron/imageDB/마캬베리즈무/실내소품/COS015.jpg,COS015.jpg,COS015.jpg,imageDB/마캬베리즈무/실내소품,/Users/saintiron/Projects/Imagine/thumbnails/COS015_thumb.png,jpg,992,572,"A warmly lit indoor space with a coffered ceiling, sunlight streaming through barred windows, and a hanging lamp casting a soft glow.","[""indoor"", ""ceiling"", ""lighting"", ""windows"", ""plant"", ""shelves"", ""anime"", ""warm"", ""classical"", ""golden_hour""]",background,indoor,,,unknown_legacy,,,repair_required,parse_fallback_legacy,,,,,,,imageDB/마캬베리즈무/실내소품,visual:bg-complex-q0029:31341,diverse_rank=11; source_count=6; visual_group=visual:bg-complex-q0029:31341
bg-complex-q0030,"크랑베르무 장소/마을에서 낮 시간의 거리와 건물, 하늘이 함께 보이는 밝은 마을 배경",complex,크랑베르무/장소/마을,41869,1,vv,"{""vv"": 1}","{""background_complex_v2_scoped_20260506:vv"": 1}",webdav://13730b09/예비/크랑베르무/장소/마을/grb03_021.psd,41869_grb03_021.psd,예비/크랑베르무/장소/마을/grb03_021.psd,webdav:/13730b09/예비/크랑베르무/장소/마을,/Users/saintiron/Projects/Imagine/thumbnails/41869_grb03_021_thumb.png,psd,,,A tranquil Japanese street with traditional houses and a stone marker under a clear blue sky.,"[""anime"", ""Japanese street"", ""traditional architecture"", ""blue sky"", ""stone marker"", ""serene"", ""cute"", ""imagine_dl_cq67tlim""]",illustration,,,,unknown_legacy,parse_fallback_legacy,"pre-fix: psd-tools failed, fell back to thumbnail-only",repair_required,parse_fallback_legacy,,,,,,,webdav:/13730b09/예비/크랑베르무/장소/마을,visual:bg-complex-q0030:41869,diverse_rank=1; source_count=8; visual_group=visual:bg-complex-q0030:41869
bg-complex-q0030,"크랑베르무 장소/마을에서 낮 시간의 거리와 건물, 하늘이 함께 보이는 밝은 마을 배경",complex,크랑베르무/장소/마을,41946,1,mv,"{""mv"": 1}","{""background_complex_v2_scoped_20260506:mv"": 1}",webdav://13730b09/예비/크랑베르무/장소/마을/grb06_214.psd,41946_grb06_214.psd,예비/크랑베르무/장소/마을/grb06_214.psd,webdav:/13730b09/예비/크랑베르무/장소/마을,/Users/saintiron/Projects/Imagine/thumbnails/41946_grb06_214_thumb.png,psd,,,A tranquil anime-style night view of a coastal town with twinkling stars above distant mountains and softly lit buildings below.,"[""night"", ""stars"", ""mountains"", ""cityscape"", ""anime"", ""coastal"", ""serene"", ""blue"", ""illuminated buildings""]",illustration,,,,unknown_legacy,parse_fallback_legacy,"pre-fix: psd-tools failed, fell back to thumbnail-only",repair_required,parse_fallback_legacy,,,,,,,webdav:/13730b09/예비/크랑베르무/장소/마을,visual:bg-complex-q0030:41946,diverse_rank=4; source_count=8; visual_group=visual:bg-complex-q0030:41946
bg-complex-q0030,"크랑베르무 장소/마을에서 낮 시간의 거리와 건물, 하늘이 함께 보이는 밝은 마을 배경",complex,크랑베르무/장소/마을,42031,1,"fts,mv,triaxis,vv","{""fts"": 22, ""mv"": 5, ""triaxis"": 1, ""vv"": 39}","{""background_complex_v2_scoped_20260506:fts"": 22, ""background_complex_v2_scoped_20260506:mv"": 5, ""background_complex_v2_scoped_20260506:triaxis"": 1, ""background_complex_v2_scoped_20260506:vv"": 39}",webdav://13730b09/예비/크랑베르무/장소/마을/grb13_262.psd,42031_grb13_262.psd,예비/크랑베르무/장소/마을/grb13_262.psd,webdav:/13730b09/예비/크랑베르무/장소/마을,/Users/saintiron/Projects/Imagine/thumbnails/42031_grb13_262_thumb.png,psd,,,Anime-style street scene with buildings and clear blue sky.,"[""anime"", ""street"", ""residential"", ""daytime"", ""blue sky"", ""urban"", ""quiet"", ""japan""]",background,,,,unknown_legacy,parse_fallback_legacy,"pre-fix: psd-tools failed, fell back to thumbnail-only",repair_required,parse_fallback_legacy,,,,,,,webdav:/13730b09/예비/크랑베르무/장소/마을,visual:bg-complex-q0030:42031,diverse_rank=7; source_count=8; visual_group=visual:bg-complex-q0030:42031
bg-complex-q0030,"크랑베르무 장소/마을에서 낮 시간의 거리와 건물, 하늘이 함께 보이는 밝은 마을 배경",complex,크랑베르무/장소/마을,41949,6,mv,"{""mv"": 6}","{""background_complex_v2_scoped_20260506:mv"": 6}",webdav://13730b09/예비/크랑베르무/장소/마을/grb06_217.psd,41949_grb06_217.psd,예비/크랑베르무/장소/마을/grb06_217.psd,webdav:/13730b09/예비/크랑베르무/장소/마을,/Users/saintiron/Projects/Imagine/thumbnails/41949_grb06_217_thumb.png,psd,,,"A quiet balcony overlooks a star-filled night sky, with distant mountains silhouetted below.","[""night"", ""stars"", ""balcony"", ""anime"", ""serene"", ""mountains"", ""starry sky"", ""urban landscape"", ""quiet moment""]",illustration,,,,unknown_legacy,parse_fallback_legacy,"pre-fix: psd-tools failed, fell back to thumbnail-only",repair_required,parse_fallback_legacy,,,,,,,webdav:/13730b09/예비/크랑베르무/장소/마을,visual:bg-complex-q0030:41949,diverse_rank=5; source_count=8; visual_group=visual:bg-complex-q0030:41949
bg-complex-q0030,"크랑베르무 장소/마을에서 낮 시간의 거리와 건물, 하늘이 함께 보이는 밝은 마을 배경",complex,크랑베르무/장소/마을,41900,11,"triaxis,vv","{""triaxis"": 47, ""vv"": 11}","{""background_complex_v2_scoped_20260506:triaxis"": 47, ""background_complex_v2_scoped_20260506:vv"": 11}",webdav://13730b09/예비/크랑베르무/장소/마을/grb04_206.psd,41900_grb04_206.psd,예비/크랑베르무/장소/마을/grb04_206.psd,webdav:/13730b09/예비/크랑베르무/장소/마을,/Users/saintiron/Projects/Imagine/thumbnails/41900_grb04_206_thumb.png,psd,,,A quiet Japanese suburban street with utility poles and houses under a clear blue sky.,"[""anime"", ""suburban"", ""Japanese"", ""sunny"", ""summer"", ""calm"", ""utility poles"", ""houses"", ""blue sky""]",background,Cities,day,sunny,unknown_legacy,parse_fallback_legacy,"pre-fix: psd-tools failed, fell back to thumbnail-only",repair_required,parse_fallback_legacy,,,,,,,webdav:/13730b09/예비/크랑베르무/장소/마을,visual:bg-complex-q0030:41900,diverse_rank=2; source_count=8; visual_group=visual:bg-complex-q0030:41900
bg-complex-q0030,"크랑베르무 장소/마을에서 낮 시간의 거리와 건물, 하늘이 함께 보이는 밝은 마을 배경",complex,크랑베르무/장소/마을,41896,12,"fts,triaxis,vv","{""fts"": 12, ""triaxis"": 39, ""vv"": 48}","{""background_complex_v2_scoped_20260506:fts"": 12, ""background_complex_v2_scoped_20260506:triaxis"": 39, ""background_complex_v2_scoped_20260506:vv"": 48}",webdav://13730b09/예비/크랑베르무/장소/마을/grb03_088.psd,41896_grb03_088.psd,예비/크랑베르무/장소/마을/grb03_088.psd,webdav:/13730b09/예비/크랑베르무/장소/마을,/Users/saintiron/Projects/Imagine/thumbnails/41896_grb03_088_thumb.png,psd,,,Red sky over industrial buildings at dusk,"[""red sky"", ""apocalyptic"", ""anime"", ""industrial"", ""sunset"", ""overcast""]",background,Cities,sunset,overcast,unknown_legacy,parse_fallback_legacy,"pre-fix: psd-tools failed, fell back to thumbnail-only",repair_required,parse_fallback_legacy,,,,,,,webdav:/13730b09/예비/크랑베르무/장소/마을,visual:bg-complex-q0030:41896,diverse_rank=8; source_count=8; visual_group=visual:bg-complex-q0030:41896
bg-complex-q0030,"크랑베르무 장소/마을에서 낮 시간의 거리와 건물, 하늘이 함께 보이는 밝은 마을 배경",complex,크랑베르무/장소/마을,41917,21,"triaxis,vv","{""triaxis"": 21, ""vv"": 28}","{""background_complex_v2_scoped_20260506:triaxis"": 21, ""background_complex_v2_scoped_20260506:vv"": 28}",webdav://13730b09/예비/크랑베르무/장소/마을/grb03_090.psd,41917_grb03_090.psd,예비/크랑베르무/장소/마을/grb03_090.psd,webdav:/13730b09/예비/크랑베르무/장소/마을,/Users/saintiron/Projects/Imagine/thumbnails/41917_grb03_090_thumb.png,psd,,,"A narrow street bathed in a surreal red twilight, with buildings and overhead wires silhouetted against a blood-red sky. A neon sign glows faintly on the left.","[""anime"", ""red sky"", ""urban street"", ""dusk"", ""mysterious"", ""neon sign"", ""overhead wires"", ""imagine_dl_cq67tlim""]",illustration,,,,unknown_legacy,parse_fallback_legacy,"pre-fix: psd-tools failed, fell back to thumbnail-only",repair_required,parse_fallback_legacy,,,,,,,webdav:/13730b09/예비/크랑베르무/장소/마을,visual:bg-complex-q0030:41917,diverse_rank=3; source_count=8; visual_group=visual:bg-complex-q0030:41917
bg-complex-q0030,"크랑베르무 장소/마을에서 낮 시간의 거리와 건물, 하늘이 함께 보이는 밝은 마을 배경",complex,크랑베르무/장소/마을,41883,22,"fts,vv","{""fts"": 35, ""vv"": 22}","{""background_complex_v2_scoped_20260506:fts"": 35, ""background_complex_v2_scoped_20260506:vv"": 22}",webdav://13730b09/예비/크랑베르무/장소/마을/grb03_077.psd,41883_grb03_077.psd,예비/크랑베르무/장소/마을/grb03_077.psd,webdav:/13730b09/예비/크랑베르무/장소/마을,/Users/saintiron/Projects/Imagine/thumbnails/41883_grb03_077_thumb.png,psd,,,"A road stretches under a vivid red sky, with houses and trees lining the sides.","[""anime"", ""red sky"", ""road"", ""mysterious"", ""imagine_dl_cq67tlim""]",illustration,,,,unknown_legacy,parse_fallback_legacy,"pre-fix: psd-tools failed, fell back to thumbnail-only",repair_required,parse_fallback_legacy,,,,,,,webdav:/13730b09/예비/크랑베르무/장소/마을,visual:bg-complex-q0030:41883,diverse_rank=6; source_count=8; visual_group=visual:bg-complex-q0030:41883
bg-complex-q0031,기절용사와 암살공주 #08/bg에서 달이 화면 오른쪽 위에 있고 성 지붕과 창문 조명이 보이지만 전경 피사체는 없는 밤 배경,complex,기절용사와 암살공주/#08/bg,51533,1,"triaxis,vv","{""triaxis"": 1, ""vv"": 28}","{""background_complex_v2_scoped_20260506:triaxis"": 1, ""background_complex_v2_scoped_20260506:vv"": 28}",webdav://13730b09/발송/범선/기절용사와 암살공주/#08/bg/kya08_276_BGonly_e_r.psd,51533_kya08_276_BGonly_e_r.psd,발송/범선/기절용사와 암살공주/#08/bg/kya08_276_BGonly_e_r.psd,webdav:/13730b09/발송/범선/기절용사와 암살공주/#08/bg,/Users/saintiron/Projects/Imagine/thumbnails/51533_kya08_276_BGonly_e_r_thumb.png,psd,,,A magical castle under a full moon with glowing windows and turrets.,"[""castle"", ""moon"", ""turrets"", ""night sky"", ""glowing windows"", ""stars"", ""purple lighting""]",illustration,,,,unknown_legacy,parse_fallback_legacy,"pre-fix: psd-tools failed, fell back to thumbnail-only",repair_required,parse_fallback_legacy,,,,,,,webdav:/13730b09/발송/범선/기절용사와 암살공주/#08/bg,visual:bg-complex-q0031:51533,diverse_rank=8; source_count=8; visual_group=visual:bg-complex-q0031:51533
bg-complex-q0031,기절용사와 암살공주 #08/bg에서 달이 화면 오른쪽 위에 있고 성 지붕과 창문 조명이 보이지만 전경 피사체는 없는 밤 배경,complex,기절용사와 암살공주/#08/bg,51370,6,fts,"{""fts"": 6}","{""background_complex_v2_scoped_20260506:fts"": 6}",webdav://13730b09/발송/범선/기절용사와 암살공주/#08/bg/kya08_079_e.psd,51370_kya08_079_e.psd,발송/범선/기절용사와 암살공주/#08/bg/kya08_079_e.psd,webdav:/13730b09/발송/범선/기절용사와 암살공주/#08/bg,/Users/saintiron/Projects/Imagine/thumbnails/51370_kya08_079_e_thumb.png,psd,,,Sketch of anime-style eyes with faint lines and shading,"[""eyes"", ""anime"", ""sketch"", ""lines"", ""shading""]",illustration,,,,unknown_legacy,parse_fallback_legacy,"pre-fix: psd-tools failed, fell back to thumbnail-only",repair_required,parse_fallback_legacy,,,,,,,webdav:/13730b09/발송/범선/기절용사와 암살공주/#08/bg,visual:bg-complex-q0031:51325,diverse_rank=1; source_count=8; visual_group=visual:bg-complex-q0031:51325
bg-complex-q0031,기절용사와 암살공주 #08/bg에서 달이 화면 오른쪽 위에 있고 성 지붕과 창문 조명이 보이지만 전경 피사체는 없는 밤 배경,complex,기절용사와 암살공주/#08/bg,51488,6,"mv,triaxis,vv","{""mv"": 6, ""triaxis"": 31, ""vv"": 25}","{""background_complex_v2_scoped_20260506:mv"": 6, ""background_complex_v2_scoped_20260506:triaxis"": 31, ""background_complex_v2_scoped_20260506:vv"": 25}",webdav://13730b09/발송/범선/기절용사와 암살공주/#08/bg/kya08_042_e.psd,51488_kya08_042_e.psd,발송/범선/기절용사와 암살공주/#08/bg/kya08_042_e.psd,webdav:/13730b09/발송/범선/기절용사와 암살공주/#08/bg,/Users/saintiron/Projects/Imagine/thumbnails/51488_kya08_042_e_thumb.png,psd,,,Anime-style balcony scene with architectural details and sky background,"[""balcony"", ""architecture"", ""sky"", ""columns"", ""railing"", ""windows"", ""door"", ""shadows""]",illustration,,,,unknown_legacy,parse_fallback_legacy,"pre-fix: psd-tools failed, fell back to thumbnail-only",repair_required,parse_fallback_legacy,,,,,,,webdav:/13730b09/발송/범선/기절용사와 암살공주/#08/bg,visual:bg-complex-q0031:51305,diverse_rank=3; source_count=8; visual_group=visual:bg-complex-q0031:51305
bg-complex-q0031,기절용사와 암살공주 #08/bg에서 달이 화면 오른쪽 위에 있고 성 지붕과 창문 조명이 보이지만 전경 피사체는 없는 밤 배경,complex,기절용사와 암살공주/#08/bg,51520,6,triaxis,"{""triaxis"": 6}","{""background_complex_v2_scoped_20260506:triaxis"": 6}",webdav://13730b09/발송/범선/기절용사와 암살공주/#08/bg/kya08_229_231_e.psd,51520_kya08_229_231_e.psd,발송/범선/기절용사와 암살공주/#08/bg/kya08_229_231_e.psd,webdav:/13730b09/발송/범선/기절용사와 암살공주/#08/bg,/Users/saintiron/Projects/Imagine/thumbnails/51520_kya08_229_231_e_thumb.png,psd,,,A castle gate with pink banners featuring yellow hearts.,"[""castle"", ""gate"", ""banners"", ""hearts"", ""chains"", ""architecture"", ""wooden door"", ""stone wall""]",background,,,,unknown_legacy,parse_fallback_legacy,"pre-fix: psd-tools failed, fell back to thumbnail-only",repair_required,parse_fallback_legacy,,,,,,,webdav:/13730b09/발송/범선/기절용사와 암살공주/#08/bg,visual:bg-complex-q0031:51520,diverse_rank=5; source_count=8; visual_group=visual:bg-complex-q0031:51520
bg-complex-q0031,기절용사와 암살공주 #08/bg에서 달이 화면 오른쪽 위에 있고 성 지붕과 창문 조명이 보이지만 전경 피사체는 없는 밤 배경,complex,기절용사와 암살공주/#08/bg,51326,11,"triaxis,vv","{""triaxis"": 16, ""vv"": 11}","{""background_complex_v2_scoped_20260506:triaxis"": 16, ""background_complex_v2_scoped_20260506:vv"": 11}",webdav://13730b09/발송/범선/기절용사와 암살공주/#08/bg/kya08_258_e.psd,51326_kya08_258_e.psd,발송/범선/기절용사와 암살공주/#08/bg/kya08_258_e.psd,webdav:/13730b09/발송/범선/기절용사와 암살공주/#08/bg,/Users/saintiron/Projects/Imagine/thumbnails/51326_kya08_258_e_thumb.png,psd,,,Three ghostly figures walk through a dimly lit medieval town square at night.,"[""ghosts"", ""medieval"", ""town square"", ""night"", ""cobblestone"", ""buildings"", ""windows"", ""barrels""]",illustration,,,,unknown_legacy,parse_fallback_legacy,"pre-fix: psd-tools failed, fell back to thumbnail-only",repair_required,parse_fallback_legacy,,,,,,,webdav:/13730b09/발송/범선/기절용사와 암살공주/#08/bg,visual:bg-complex-q0031:51326,diverse_rank=2; source_count=8; visual_group=visual:bg-complex-q0031:51326
bg-complex-q0031,기절용사와 암살공주 #08/bg에서 달이 화면 오른쪽 위에 있고 성 지붕과 창문 조명이 보이지만 전경 피사체는 없는 밤 배경,complex,기절용사와 암살공주/#08/bg,51452,11,"mv,vv","{""mv"": 11, ""vv"": 20}","{""background_complex_v2_scoped_20260506:mv"": 11, ""background_complex_v2_scoped_20260506:vv"": 20}",webdav://13730b09/발송/범선/기절용사와 암살공주/#08/bg/kya08_142_e.psd,51452_kya08_142_e.psd,발송/범선/기절용사와 암살공주/#08/bg/kya08_142_e.psd,webdav:/13730b09/발송/범선/기절용사와 암살공주/#08/bg,/Users/saintiron/Projects/Imagine/thumbnails/51452_kya08_142_e_thumb.png,psd,,,Abstract geometric background with golden beams and faint angelic figure overlay.,"[""geometric"", ""golden"", ""abstract"", ""angel"", ""architecture"", ""light"", ""overlay"", ""pattern""]",background,,,,unknown_legacy,parse_fallback_legacy,"pre-fix: psd-tools failed, fell back to thumbnail-only",repair_required,parse_fallback_legacy,,,,,,,webdav:/13730b09/발송/범선/기절용사와 암살공주/#08/bg,visual:bg-complex-q0031:51306,diverse_rank=6; source_count=8; visual_group=visual:bg-complex-q0031:51306
bg-complex-q0031,기절용사와 암살공주 #08/bg에서 달이 화면 오른쪽 위에 있고 성 지붕과 창문 조명이 보이지만 전경 피사체는 없는 밤 배경,complex,기절용사와 암살공주/#08/bg,51387,21,triaxis,"{""triaxis"": 21}","{""background_complex_v2_scoped_20260506:triaxis"": 21}",webdav://13730b09/발송/범선/기절용사와 암살공주/#08/bg/kya08_116_e.psd,51387_kya08_116_e.psd,발송/범선/기절용사와 암살공주/#08/bg/kya08_116_e.psd,webdav:/13730b09/발송/범선/기절용사와 암살공주/#08/bg,/Users/saintiron/Projects/Imagine/thumbnails/51387_kya08_116_e_thumb.png,psd,,,"A grand, golden-hued palace interior with arched windows and detailed architecture.","[""palace"", ""architecture"", ""gold"", ""arches"", ""windows"", ""columns"", ""ceiling"", ""ornate""]",background,,,,unknown_legacy,parse_fallback_legacy,"pre-fix: psd-tools failed, fell back to thumbnail-only",repair_required,parse_fallback_legacy,,,,,,,webdav:/13730b09/발송/범선/기절용사와 암살공주/#08/bg,visual:bg-complex-q0031:51389,diverse_rank=4; source_count=8; visual_group=visual:bg-complex-q0031:51389
bg-complex-q0031,기절용사와 암살공주 #08/bg에서 달이 화면 오른쪽 위에 있고 성 지붕과 창문 조명이 보이지만 전경 피사체는 없는 밤 배경,complex,기절용사와 암살공주/#08/bg,51424,21,"triaxis,vv","{""triaxis"": 50, ""vv"": 21}","{""background_complex_v2_scoped_20260506:triaxis"": 50, ""background_complex_v2_scoped_20260506:vv"": 21}",webdav://13730b09/발송/범선/기절용사와 암살공주/#08/bg/kya08_057_e.psd,51424_kya08_057_e.psd,발송/범선/기절용사와 암살공주/#08/bg/kya08_057_e.psd,webdav:/13730b09/발송/범선/기절용사와 암살공주/#08/bg,/Users/saintiron/Projects/Imagine/thumbnails/51424_kya08_057_e_thumb.png,psd,,,"A translucent, winged figure stands in a dimly lit room with blue and brown tones.","[""translucent figure"", ""wings"", ""blue lighting"", ""brown wall"", ""purple floor"", ""line art"", ""digital illustration""]",illustration,,,,unknown_legacy,parse_fallback_legacy,"pre-fix: psd-tools failed, fell back to thumbnail-only",repair_required,parse_fallback_legacy,,,,,,,webdav:/13730b09/발송/범선/기절용사와 암살공주/#08/bg,visual:bg-complex-q0031:51424,diverse_rank=7; source_count=8; visual_group=visual:bg-complex-q0031:51424
bg-complex-q0032,홍콩사무실에서 소파가 화면 하단 쪽에 있고 큰 창문 너머 야경이 보이지만 책상 중심 장면은 아닌 실내 배경,complex,홍콩사무실,38996,2,"fts,mv,triaxis,vv","{""fts"": 18, ""mv"": 2, ""triaxis"": 5, ""vv"": 3}","{""background_complex_v2_scoped_20260506:fts"": 18, ""background_complex_v2_scoped_20260506:mv"": 2, ""background_complex_v2_scoped_20260506:triaxis"": 5, ""background_complex_v2_scoped_20260506:vv"": 3}",webdav://13730b09/예비/크랑베르무/장소/홍콩사무실/grb03_250.psd,38996_grb03_250.psd,예비/크랑베르무/장소/홍콩사무실/grb03_250.psd,webdav:/13730b09/예비/크랑베르무/장소/홍콩사무실,/Users/saintiron/Projects/Imagine/thumbnails/38996_grb03_250_thumb.png,psd,,,"An anime-style office scene with a transparent lineart of a person sitting at a desk, framed by certificates and a potted plant, with soft light filtering through blinds.","[""anime"", ""office"", ""lineart"", ""transparent"", ""serene"", ""certificates"", ""plant"", ""blinds"", ""text""]",illustration,,,,unknown_legacy,parse_fallback_legacy,"pre-fix: psd-tools failed, fell back to thumbnail-only",repair_required,parse_fallback_legacy,,,,,,,webdav:/13730b09/예비/크랑베르무/장소/홍콩사무실,visual:bg-complex-q0032:38996,diverse_rank=4; source_count=8; visual_group=visual:bg-complex-q0032:38996
bg-complex-q0032,홍콩사무실에서 소파가 화면 하단 쪽에 있고 큰 창문 너머 야경이 보이지만 책상 중심 장면은 아닌 실내 배경,complex,홍콩사무실,39002,2,"fts,mv,triaxis","{""fts"": 2, ""mv"": 16, ""triaxis"": 12}","{""background_complex_v2_scoped_20260506:fts"": 2, ""background_complex_v2_scoped_20260506:mv"": 16, ""background_complex_v2_scoped_20260506:triaxis"": 12}",webdav://13730b09/예비/크랑베르무/장소/홍콩사무실/grb05_002.psd,39002_grb05_002.psd,예비/크랑베르무/장소/홍콩사무실/grb05_002.psd,webdav:/13730b09/예비/크랑베르무/장소/홍콩사무실,/Users/saintiron/Projects/Imagine/thumbnails/39002_grb05_002_thumb.png,psd,,,Abstract brushed metal texture with diagonal striations and soft gradient lighting.,[],background,abstract,,,unknown_legacy,parse_fallback_legacy,"pre-fix: psd-tools failed, fell back to thumbnail-only",repair_required,parse_fallback_legacy,,,,,,,webdav:/13730b09/예비/크랑베르무/장소/홍콩사무실,visual:bg-complex-q0032:39003,diverse_rank=6; source_count=8; visual_group=visual:bg-complex-q0032:39003
bg-complex-q0032,홍콩사무실에서 소파가 화면 하단 쪽에 있고 큰 창문 너머 야경이 보이지만 책상 중심 장면은 아닌 실내 배경,complex,홍콩사무실,39004,2,"fts,mv,triaxis,vv","{""fts"": 5, ""mv"": 6, ""triaxis"": 2, ""vv"": 7}","{""background_complex_v2_scoped_20260506:fts"": 5, ""background_complex_v2_scoped_20260506:mv"": 6, ""background_complex_v2_scoped_20260506:triaxis"": 2, ""background_complex_v2_scoped_20260506:vv"": 7}",webdav://13730b09/예비/크랑베르무/장소/홍콩사무실/grb05_004.psd,39004_grb05_004.psd,예비/크랑베르무/장소/홍콩사무실/grb05_004.psd,webdav:/13730b09/예비/크랑베르무/장소/홍콩사무실,/Users/saintiron/Projects/Imagine/thumbnails/39004_grb05_004_thumb.png,psd,,,"Anime-style illustration of a translucent figure in an office setting, with bookshelves and a chair in the background.","[""anime"", ""office"", ""translucent"", ""bookshelf"", ""mysterious"", ""illustration""]",illustration,,,,unknown_legacy,parse_fallback_legacy,"pre-fix: psd-tools failed, fell back to thumbnail-only",repair_required,parse_fallback_legacy,,,,,,,webdav:/13730b09/예비/크랑베르무/장소/홍콩사무실,visual:bg-complex-q0032:39004,diverse_rank=7; source_count=8; visual_group=visual:bg-complex-q0032:39004
bg-complex-q0032,홍콩사무실에서 소파가 화면 하단 쪽에 있고 큰 창문 너머 야경이 보이지만 책상 중심 장면은 아닌 실내 배경,complex,홍콩사무실,38993,3,"fts,mv,triaxis,vv","{""fts"": 13, ""mv"": 3, ""triaxis"": 9, ""vv"": 12}","{""background_complex_v2_scoped_20260506:fts"": 13, ""background_complex_v2_scoped_20260506:mv"": 3, ""background_complex_v2_scoped_20260506:triaxis"": 9, ""background_complex_v2_scoped_20260506:vv"": 12}",webdav://13730b09/예비/크랑베르무/장소/홍콩사무실/grb02_148.psd,38993_grb02_148.psd,예비/크랑베르무/장소/홍콩사무실/grb02_148.psd,webdav:/13730b09/예비/크랑베르무/장소/홍콩사무실,/Users/saintiron/Projects/Imagine/thumbnails/38993_grb02_148_thumb.png,psd,,,"Anime character sketch overlay in an office setting with a desk lamp and greenery, suggesting a scene in development.","[""anime"", ""office"", ""character_sketch"", ""digital_art"", ""illustration"", ""background"", ""desk_lamp"", ""green_plant"", ""transparent_layer"", ""concept_art""]",illustration,,,,unknown_legacy,parse_fallback_legacy,"pre-fix: psd-tools failed, fell back to thumbnail-only",repair_required,parse_fallback_legacy,,,,,,,webdav:/13730b09/예비/크랑베르무/장소/홍콩사무실,visual:bg-complex-q0032:38993,diverse_rank=8; source_count=8; visual_group=visual:bg-complex-q0032:38993
bg-complex-q0032,홍콩사무실에서 소파가 화면 하단 쪽에 있고 큰 창문 너머 야경이 보이지만 책상 중심 장면은 아닌 실내 배경,complex,홍콩사무실,39009,6,"fts,mv,triaxis,vv","{""fts"": 12, ""mv"": 10, ""triaxis"": 6, ""vv"": 9}","{""background_complex_v2_scoped_20260506:fts"": 12, ""background_complex_v2_scoped_20260506:mv"": 10, ""background_complex_v2_scoped_20260506:triaxis"": 6, ""background_complex_v2_scoped_20260506:vv"": 9}",webdav://13730b09/예비/크랑베르무/장소/홍콩사무실/grb05_201.psd,39009_grb05_201.psd,예비/크랑베르무/장소/홍콩사무실/grb05_201.psd,webdav:/13730b09/예비/크랑베르무/장소/홍콩사무실,/Users/saintiron/Projects/Imagine/thumbnails/39009_grb05_201_thumb.png,psd,,,"Anime-style overhead view of a dining room with ghostly figures seated at a table, rendered with transparent layers and sketch outlines.","[""anime"", ""overhead_view"", ""ghostly_figures"", ""dining_room"", ""transparent_layers"", ""sketch_outlines"", ""mysterious""]",illustration,,,,unknown_legacy,parse_fallback_legacy,"pre-fix: psd-tools failed, fell back to thumbnail-only",repair_required,parse_fallback_legacy,,,,,,,webdav:/13730b09/예비/크랑베르무/장소/홍콩사무실,visual:bg-complex-q0032:39009,diverse_rank=3; source_count=8; visual_group=visual:bg-complex-q0032:39009
bg-complex-q0032,홍콩사무실에서 소파가 화면 하단 쪽에 있고 큰 창문 너머 야경이 보이지만 책상 중심 장면은 아닌 실내 배경,complex,홍콩사무실,39005,7,"fts,mv,triaxis,vv","{""fts"": 7, ""mv"": 12, ""triaxis"": 11, ""vv"": 17}","{""background_complex_v2_scoped_20260506:fts"": 7, ""background_complex_v2_scoped_20260506:mv"": 12, ""background_complex_v2_scoped_20260506:triaxis"": 11, ""background_complex_v2_scoped_20260506:vv"": 17}",webdav://13730b09/예비/크랑베르무/장소/홍콩사무실/grb05_005.psd,39005_grb05_005.psd,예비/크랑베르무/장소/홍콩사무실/grb05_005.psd,webdav:/13730b09/예비/크랑베르무/장소/홍콩사무실,/Users/saintiron/Projects/Imagine/thumbnails/39005_grb05_005_thumb.png,psd,,,"A minimalist urban scene with a wooden surface and grassy ground, suggesting a modern outdoor setting.","[""urban"", ""modern"", ""wooden"", ""grass"", ""minimalist"", ""outdoor"", ""3d_render""]",background,urban,,,unknown_legacy,parse_fallback_legacy,"pre-fix: psd-tools failed, fell back to thumbnail-only",repair_required,parse_fallback_legacy,,,,,,,webdav:/13730b09/예비/크랑베르무/장소/홍콩사무실,visual:bg-complex-q0032:39005,diverse_rank=5; source_count=8; visual_group=visual:bg-complex-q0032:39005
bg-complex-q0032,홍콩사무실에서 소파가 화면 하단 쪽에 있고 큰 창문 너머 야경이 보이지만 책상 중심 장면은 아닌 실내 배경,complex,홍콩사무실,38997,11,"fts,mv,triaxis,vv","{""fts"": 17, ""mv"": 11, ""triaxis"": 19, ""vv"": 14}","{""background_complex_v2_scoped_20260506:fts"": 17, ""background_complex_v2_scoped_20260506:mv"": 11, ""background_complex_v2_scoped_20260506:triaxis"": 19, ""background_complex_v2_scoped_20260506:vv"": 14}",webdav://13730b09/예비/크랑베르무/장소/홍콩사무실/grb04_031.psd,38997_grb04_031.psd,예비/크랑베르무/장소/홍콩사무실/grb04_031.psd,webdav:/13730b09/예비/크랑베르무/장소/홍콩사무실,/Users/saintiron/Projects/Imagine/thumbnails/38997_grb04_031_thumb.png,psd,,,"Anime scene depicting two characters in a room, with sketch overlays and a V-shaped white division, suggesting a split or contrast in perspective.","[""anime"", ""scene"", ""mysterious"", ""sketch"", ""V_split"", ""character_portrait"", ""interior"", ""lineart"", ""color_palette_cool""]",illustration,,,,unknown_legacy,parse_fallback_legacy,"pre-fix: psd-tools failed, fell back to thumbnail-only",repair_required,parse_fallback_legacy,,,,,,,webdav:/13730b09/예비/크랑베르무/장소/홍콩사무실,visual:bg-complex-q0032:38997,diverse_rank=1; source_count=8; visual_group=visual:bg-complex-q0032:38997
bg-complex-q0032,홍콩사무실에서 소파가 화면 하단 쪽에 있고 큰 창문 너머 야경이 보이지만 책상 중심 장면은 아닌 실내 배경,complex,홍콩사무실,39010,15,"fts,mv,triaxis,vv","{""fts"": 16, ""mv"": 17, ""triaxis"": 15, ""vv"": 18}","{""background_complex_v2_scoped_20260506:fts"": 16, ""background_complex_v2_scoped_20260506:mv"": 17, ""background_complex_v2_scoped_20260506:triaxis"": 15, ""background_complex_v2_scoped_20260506:vv"": 18}",webdav://13730b09/예비/크랑베르무/장소/홍콩사무실/grb05_267.psd,39010_grb05_267.psd,예비/크랑베르무/장소/홍콩사무실/grb05_267.psd,webdav:/13730b09/예비/크랑베르무/장소/홍콩사무실,/Users/saintiron/Projects/Imagine/thumbnails/39010_grb05_267_thumb.png,psd,,,"Abstract minimalist composition with two dark gray planes intersected by a thin metallic line, evoking a sense of calm and geometric precision.","[""abstract"", ""minimalist"", ""monochrome"", ""geometric"", ""minimalist_design"", ""digital_art"", ""3d_render""]",background,abstract,,,unknown_legacy,parse_fallback_legacy,"pre-fix: psd-tools failed, fell back to thumbnail-only",repair_required,parse_fallback_legacy,,,,,,,webdav:/13730b09/예비/크랑베르무/장소/홍콩사무실,visual:bg-complex-q0032:39010,diverse_rank=2; source_count=8; visual_group=visual:bg-complex-q0032:39010
bg-complex-q0033,"크랑베르무 장소/학교교실에서 창문 빛과 빈 책상, 칠판 구조가 함께 보이지만 인물이 없는 낮 실내 배경",complex,크랑베르무/장소/학교교실,39150,1,"fts,mv,triaxis,vv","{""fts"": 19, ""mv"": 1, ""triaxis"": 1, ""vv"": 5}","{""background_complex_v2_scoped_20260506:fts"": 19, ""background_complex_v2_scoped_20260506:mv"": 1, ""background_complex_v2_scoped_20260506:triaxis"": 1, ""background_complex_v2_scoped_20260506:vv"": 5}",webdav://13730b09/예비/크랑베르무/장소/학교교실/학교 교실2.psd,39150_학교 교실2.psd,예비/크랑베르무/장소/학교교실/학교 교실2.psd,webdav:/13730b09/예비/크랑베르무/장소/학교교실,/Users/saintiron/Projects/Imagine/thumbnails/39150_학교 교실2_thumb.png,psd,,,"An empty classroom with lockers, a chalkboard, and a single desk under fluorescent lighting.","[""school"", ""classroom"", ""anime"", ""empty"", ""fluorescent_light"", ""lockers"", ""chalkboard"", ""desk"", ""blue_curtains""]",background,indoor,,,unknown_legacy,parse_fallback_legacy,"pre-fix: psd-tools failed, fell back to thumbnail-only",repair_required,parse_fallback_legacy,,,,,,,webdav:/13730b09/예비/크랑베르무/장소/학교교실,visual:bg-complex-q0033:39150,diverse_rank=4; source_count=8; visual_group=visual:bg-complex-q0033:39150
bg-complex-q0033,"크랑베르무 장소/학교교실에서 창문 빛과 빈 책상, 칠판 구조가 함께 보이지만 인물이 없는 낮 실내 배경",complex,크랑베르무/장소/학교교실,39060,2,"mv,triaxis,vv","{""mv"": 9, ""triaxis"": 6, ""vv"": 2}","{""background_complex_v2_scoped_20260506:mv"": 9, ""background_complex_v2_scoped_20260506:triaxis"": 6, ""background_complex_v2_scoped_20260506:vv"": 2}",webdav://13730b09/예비/크랑베르무/장소/학교교실/grb02_161.psd,39060_grb02_161.psd,예비/크랑베르무/장소/학교교실/grb02_161.psd,webdav:/13730b09/예비/크랑베르무/장소/학교교실,/Users/saintiron/Projects/Imagine/thumbnails/39060_grb02_161_thumb.png,psd,,,"A quiet classroom with a large blackboard, a bulletin board with papers, and a window showing a bright sky and distant buildings.","[""classroom"", ""blackboard"", ""bulletin_board"", ""window"", ""school"", ""anime"", ""peaceful"", ""modern"", ""noon"", ""clear_sky""]",background,indoor,,,unknown_legacy,parse_fallback_legacy,"pre-fix: psd-tools failed, fell back to thumbnail-only",repair_required,parse_fallback_legacy,,,,,,,webdav:/13730b09/예비/크랑베르무/장소/학교교실,visual:bg-complex-q0033:39060,diverse_rank=8; source_count=8; visual_group=visual:bg-complex-q0033:39060
bg-complex-q0033,"크랑베르무 장소/학교교실에서 창문 빛과 빈 책상, 칠판 구조가 함께 보이지만 인물이 없는 낮 실내 배경",complex,크랑베르무/장소/학교교실,39063,6,"fts,mv,triaxis,vv","{""fts"": 32, ""mv"": 6, ""triaxis"": 7, ""vv"": 9}","{""background_complex_v2_scoped_20260506:fts"": 32, ""background_complex_v2_scoped_20260506:mv"": 6, ""background_complex_v2_scoped_20260506:triaxis"": 7, ""background_complex_v2_scoped_20260506:vv"": 9}",webdav://13730b09/예비/크랑베르무/장소/학교교실/grb02_180.psd,39063_grb02_180.psd,예비/크랑베르무/장소/학교교실/grb02_180.psd,webdav:/13730b09/예비/크랑베르무/장소/학교교실,/Users/saintiron/Projects/Imagine/thumbnails/39063_grb02_180_thumb.png,psd,,,"A well-lit science classroom with black desks, a green chalkboard, and windows showing greenery outside.","[""science_classroom"", ""anime_style"", ""school"", ""chalkboard"", ""desks"", ""windows"", ""natural_light"", ""modern_architecture""]",background,indoor,,,unknown_legacy,parse_fallback_legacy,"pre-fix: psd-tools failed, fell back to thumbnail-only",repair_required,parse_fallback_legacy,,,,,,,webdav:/13730b09/예비/크랑베르무/장소/학교교실,visual:bg-complex-q0033:39063,diverse_rank=1; source_count=8; visual_group=visual:bg-complex-q0033:39063
bg-complex-q0033,"크랑베르무 장소/학교교실에서 창문 빛과 빈 책상, 칠판 구조가 함께 보이지만 인물이 없는 낮 실내 배경",complex,크랑베르무/장소/학교교실,39130,6,fts,"{""fts"": 6}","{""background_complex_v2_scoped_20260506:fts"": 6}",webdav://13730b09/예비/크랑베르무/장소/학교교실/grb03_066.psd,39130_grb03_066.psd,예비/크랑베르무/장소/학교교실/grb03_066.psd,webdav:/13730b09/예비/크랑베르무/장소/학교교실,/Users/saintiron/Projects/Imagine/thumbnails/39130_grb03_066_thumb.png,psd,,,"Anime girl with long hair looking out a window, depicted with sketch lines and soft lighting.","[""anime"", ""portrait"", ""window"", ""sketch"", ""cool_palette"", ""contemplative""]",character,,,,unknown_legacy,parse_fallback_legacy,"pre-fix: psd-tools failed, fell back to thumbnail-only",repair_required,parse_fallback_legacy,,,,,,,webdav:/13730b09/예비/크랑베르무/장소/학교교실,visual:bg-complex-q0033:39130,diverse_rank=5; source_count=8; visual_group=visual:bg-complex-q0033:39130
bg-complex-q0033,"크랑베르무 장소/학교교실에서 창문 빛과 빈 책상, 칠판 구조가 함께 보이지만 인물이 없는 낮 실내 배경",complex,크랑베르무/장소/학교교실,39057,11,"fts,mv,triaxis,vv","{""fts"": 20, ""mv"": 11, ""triaxis"": 24, ""vv"": 13}","{""background_complex_v2_scoped_20260506:fts"": 20, ""background_complex_v2_scoped_20260506:mv"": 11, ""background_complex_v2_scoped_20260506:triaxis"": 24, ""background_complex_v2_scoped_20260506:vv"": 13}",webdav://13730b09/예비/크랑베르무/장소/학교교실/grb02_158.psd,39057_grb02_158.psd,예비/크랑베르무/장소/학교교실/grb02_158.psd,webdav:/13730b09/예비/크랑베르무/장소/학교교실,/Users/saintiron/Projects/Imagine/thumbnails/39057_grb02_158_thumb.png,psd,,,"A quiet school hallway with green chalkboards, notice boards, and a window revealing a bright day outside.","[""school"", ""hallway"", ""chalkboard"", ""anime"", ""indoor"", ""modern"", ""peaceful"", ""natural_light""]",background,indoor,,,unknown_legacy,parse_fallback_legacy,"pre-fix: psd-tools failed, fell back to thumbnail-only",repair_required,parse_fallback_legacy,,,,,,,webdav:/13730b09/예비/크랑베르무/장소/학교교실,visual:bg-complex-q0033:39057,diverse_rank=2; source_count=8; visual_group=visual:bg-complex-q0033:39057
bg-complex-q0033,"크랑베르무 장소/학교교실에서 창문 빛과 빈 책상, 칠판 구조가 함께 보이지만 인물이 없는 낮 실내 배경",complex,크랑베르무/장소/학교교실,39089,11,"mv,triaxis,vv","{""mv"": 24, ""triaxis"": 19, ""vv"": 11}","{""background_complex_v2_scoped_20260506:mv"": 24, ""background_complex_v2_scoped_20260506:triaxis"": 19, ""background_complex_v2_scoped_20260506:vv"": 11}",webdav://13730b09/예비/크랑베르무/장소/학교교실/grb01_019.psd,39089_grb01_019.psd,예비/크랑베르무/장소/학교교실/grb01_019.psd,webdav:/13730b09/예비/크랑베르무/장소/학교교실,/Users/saintiron/Projects/Imagine/thumbnails/39089_grb01_019_thumb.png,psd,,,"A quiet classroom at sunset, with warm light streaming through the window and casting soft shadows across the desk, locker, and chalkboard.","[""anime"", ""classroom"", ""sunset"", ""window"", ""locker"", ""serene"", ""still_life"", ""digital_art""]",illustration,,,,unknown_legacy,parse_fallback_legacy,"pre-fix: psd-tools failed, fell back to thumbnail-only",repair_required,parse_fallback_legacy,,,,,,,webdav:/13730b09/예비/크랑베르무/장소/학교교실,visual:bg-complex-q0033:39089,diverse_rank=3; source_count=8; visual_group=visual:bg-complex-q0033:39089
bg-complex-q0033,"크랑베르무 장소/학교교실에서 창문 빛과 빈 책상, 칠판 구조가 함께 보이지만 인물이 없는 낮 실내 배경",complex,크랑베르무/장소/학교교실,39110,11,"mv,triaxis,vv","{""mv"": 16, ""triaxis"": 11, ""vv"": 22}","{""background_complex_v2_scoped_20260506:mv"": 16, ""background_complex_v2_scoped_20260506:triaxis"": 11, ""background_complex_v2_scoped_20260506:vv"": 22}",webdav://13730b09/예비/크랑베르무/장소/학교교실/grb03_033.psd,39110_grb03_033.psd,예비/크랑베르무/장소/학교교실/grb03_033.psd,webdav:/13730b09/예비/크랑베르무/장소/학교교실,/Users/saintiron/Projects/Imagine/thumbnails/39110_grb03_033_thumb.png,psd,,,"An empty classroom with a transparent figure standing at the front, facing a chalkboard with handwritten text and drawings. Natural light streams through windows, creating a calm, contemplative atmosphere.","[""anime"", ""classroom"", ""chalkboard"", ""transparent_figure"", ""serene"", ""empty_room"", ""windows"", ""school"", ""illustration"", ""digital_art""]",illustration,,,,unknown_legacy,parse_fallback_legacy,"pre-fix: psd-tools failed, fell back to thumbnail-only",repair_required,parse_fallback_legacy,,,,,,,webdav:/13730b09/예비/크랑베르무/장소/학교교실,visual:bg-complex-q0033:39111,diverse_rank=6; source_count=8; visual_group=visual:bg-complex-q0033:39111
bg-complex-q0033,"크랑베르무 장소/학교교실에서 창문 빛과 빈 책상, 칠판 구조가 함께 보이지만 인물이 없는 낮 실내 배경",complex,크랑베르무/장소/학교교실,39080,22,fts,"{""fts"": 22}","{""background_complex_v2_scoped_20260506:fts"": 22}",webdav://13730b09/예비/크랑베르무/장소/학교교실/grb02_201_203.psd,39080_grb02_201_203.psd,예비/크랑베르무/장소/학교교실/grb02_201_203.psd,webdav:/13730b09/예비/크랑베르무/장소/학교교실,/Users/saintiron/Projects/Imagine/thumbnails/39080_grb02_201_203_thumb.png,psd,,,"A sketch-style anime girl with long hair, eyes closed, bathed in golden light from a window.","[""anime"", ""sketch"", ""golden_light"", ""portrait"", ""feminine"", ""contemplative""]",character,,,,unknown_legacy,parse_fallback_legacy,"pre-fix: psd-tools failed, fell back to thumbnail-only",repair_required,parse_fallback_legacy,,,,,,,webdav:/13730b09/예비/크랑베르무/장소/학교교실,visual:bg-complex-q0033:39080,diverse_rank=7; source_count=8; visual_group=visual:bg-complex-q0033:39080
bg-complex-q0034,"후시 늪지대에서 안개와 물가, 비뚤어진 나무가 함께 보이고 밝은 하늘이나 건물은 없는 어두운 자연 배경",complex,후시/장소/늪지대,34913,1,"fts,mv,triaxis,vv","{""fts"": 38, ""mv"": 33, ""triaxis"": 5, ""vv"": 1}","{""background_complex_v2_scoped_20260506:fts"": 38, ""background_complex_v2_scoped_20260506:mv"": 33, ""background_complex_v2_scoped_20260506:triaxis"": 5, ""background_complex_v2_scoped_20260506:vv"": 1}",webdav://13730b09/발송4/범선/작품 쫑/후시/장소/늪지대/nfb09_168.psd,34913_nfb09_168.psd,발송4/범선/작품 쫑/후시/장소/늪지대/nfb09_168.psd,webdav:/13730b09/발송4/범선/작품 쫑/후시/장소/늪지대,/Users/saintiron/Projects/Imagine/thumbnails/34913_nfb09_168_thumb.png,psd,,,"A desolate, stormy valley with barren trees and ghostly figures in the sky, evoking a haunting, melancholic atmosphere.","[""fantasy"", ""storm"", ""valley"", ""ghostly"", ""melancholic"", ""monochrome"", ""painterly"", ""twilight""]",background,fantasy,,,unknown_legacy,parse_fallback_legacy,"pre-fix: psd-tools failed, fell back to thumbnail-only",repair_required,parse_fallback_legacy,,,,,,,webdav:/13730b09/발송4/범선/작품 쫑/후시/장소/늪지대,visual:bg-complex-q0034:34913,diverse_rank=3; source_count=8; visual_group=visual:bg-complex-q0034:34913
bg-complex-q0034,"후시 늪지대에서 안개와 물가, 비뚤어진 나무가 함께 보이고 밝은 하늘이나 건물은 없는 어두운 자연 배경",complex,후시/장소/늪지대,34962,1,"fts,mv,triaxis,vv","{""fts"": 1, ""mv"": 11, ""triaxis"": 35, ""vv"": 13}","{""background_complex_v2_scoped_20260506:fts"": 1, ""background_complex_v2_scoped_20260506:mv"": 11, ""background_complex_v2_scoped_20260506:triaxis"": 35, ""background_complex_v2_scoped_20260506:vv"": 13}",webdav://13730b09/발송4/범선/작품 쫑/후시/장소/늪지대/nfb09_237.psd,34962_nfb09_237.psd,발송4/범선/작품 쫑/후시/장소/늪지대/nfb09_237.psd,webdav:/13730b09/발송4/범선/작품 쫑/후시/장소/늪지대,/Users/saintiron/Projects/Imagine/thumbnails/34962_nfb09_237_thumb.png,psd,,,Abstract stormy sky with swirling dark clouds.,[],background,abstract,,,unknown_legacy,parse_fallback_legacy,"pre-fix: psd-tools failed, fell back to thumbnail-only",repair_required,parse_fallback_legacy,,,,,,,webdav:/13730b09/발송4/범선/작품 쫑/후시/장소/늪지대,visual:bg-complex-q0034:34962,diverse_rank=6; source_count=8; visual_group=visual:bg-complex-q0034:34962
bg-complex-q0034,"후시 늪지대에서 안개와 물가, 비뚤어진 나무가 함께 보이고 밝은 하늘이나 건물은 없는 어두운 자연 배경",complex,후시/장소/늪지대,34922,6,"fts,vv","{""fts"": 6, ""vv"": 19}","{""background_complex_v2_scoped_20260506:fts"": 6, ""background_complex_v2_scoped_20260506:vv"": 19}",webdav://13730b09/발송4/범선/작품 쫑/후시/장소/늪지대/nfb09_176A_R.psd,34922_nfb09_176A_R.psd,발송4/범선/작품 쫑/후시/장소/늪지대/nfb09_176A_R.psd,webdav:/13730b09/발송4/범선/작품 쫑/후시/장소/늪지대,/Users/saintiron/Projects/Imagine/thumbnails/34922_nfb09_176A_R_thumb.png,psd,,,"A swirling, monochromatic storm cloud formation in a minimalist abstract composition.","[""abstract"", ""storm"", ""monochrome"", ""dramatic"", ""painterly"", ""twilight""]",background,abstract,,,unknown_legacy,parse_fallback_legacy,"pre-fix: psd-tools failed, fell back to thumbnail-only",repair_required,parse_fallback_legacy,,,,,,,webdav:/13730b09/발송4/범선/작품 쫑/후시/장소/늪지대,visual:bg-complex-q0034:34892,diverse_rank=4; source_count=8; visual_group=visual:bg-complex-q0034:34892
bg-complex-q0034,"후시 늪지대에서 안개와 물가, 비뚤어진 나무가 함께 보이고 밝은 하늘이나 건물은 없는 어두운 자연 배경",complex,후시/장소/늪지대,34937,11,"fts,mv,triaxis,vv","{""fts"": 32, ""mv"": 21, ""triaxis"": 11, ""vv"": 35}","{""background_complex_v2_scoped_20260506:fts"": 32, ""background_complex_v2_scoped_20260506:mv"": 21, ""background_complex_v2_scoped_20260506:triaxis"": 11, ""background_complex_v2_scoped_20260506:vv"": 35}",webdav://13730b09/발송4/범선/작품 쫑/후시/장소/늪지대/nfb09_209.psd,34937_nfb09_209.psd,발송4/범선/작품 쫑/후시/장소/늪지대/nfb09_209.psd,webdav:/13730b09/발송4/범선/작품 쫑/후시/장소/늪지대,/Users/saintiron/Projects/Imagine/thumbnails/34937_nfb09_209_thumb.png,psd,,,"A misty forest path shrouded in fog, with ancient trees and a mysterious, translucent veil hanging between them.","[""forest"", ""fog"", ""mysterious"", ""ethereal"", ""painterly"", ""twilight"", ""fantasy""]",background,fantasy,,,unknown_legacy,parse_fallback_legacy,"pre-fix: psd-tools failed, fell back to thumbnail-only",repair_required,parse_fallback_legacy,,,,,,,webdav:/13730b09/발송4/범선/작품 쫑/후시/장소/늪지대,visual:bg-complex-q0034:34934,diverse_rank=1; source_count=8; visual_group=visual:bg-complex-q0034:34934
bg-complex-q0034,"후시 늪지대에서 안개와 물가, 비뚤어진 나무가 함께 보이고 밝은 하늘이나 건물은 없는 어두운 자연 배경",complex,후시/장소/늪지대,34916,12,"fts,triaxis,vv","{""fts"": 12, ""triaxis"": 28, ""vv"": 37}","{""background_complex_v2_scoped_20260506:fts"": 12, ""background_complex_v2_scoped_20260506:triaxis"": 28, ""background_complex_v2_scoped_20260506:vv"": 37}",webdav://13730b09/발송4/범선/작품 쫑/후시/장소/늪지대/nfb09_171.psd,34916_nfb09_171.psd,발송4/범선/작품 쫑/후시/장소/늪지대/nfb09_171.psd,webdav:/13730b09/발송4/범선/작품 쫑/후시/장소/늪지대,/Users/saintiron/Projects/Imagine/thumbnails/34916_nfb09_171_thumb.png,psd,,,"A misty forest with a ghostly figure in the distance, rendered in a sketch style.","[""fantasy"", ""forest"", ""fog"", ""ghost"", ""sketch"", ""ethereal"", ""twilight""]",background,fantasy,,,unknown_legacy,parse_fallback_legacy,"pre-fix: psd-tools failed, fell back to thumbnail-only",repair_required,parse_fallback_legacy,,,,,,,webdav:/13730b09/발송4/범선/작품 쫑/후시/장소/늪지대,visual:bg-complex-q0034:34916,diverse_rank=7; source_count=8; visual_group=visual:bg-complex-q0034:34916
bg-complex-q0034,"후시 늪지대에서 안개와 물가, 비뚤어진 나무가 함께 보이고 밝은 하늘이나 건물은 없는 어두운 자연 배경",complex,후시/장소/늪지대,34930,21,"mv,triaxis,vv","{""mv"": 39, ""triaxis"": 21, ""vv"": 22}","{""background_complex_v2_scoped_20260506:mv"": 39, ""background_complex_v2_scoped_20260506:triaxis"": 21, ""background_complex_v2_scoped_20260506:vv"": 22}",webdav://13730b09/발송4/범선/작품 쫑/후시/장소/늪지대/nfb09_182.psd,34930_nfb09_182.psd,발송4/범선/작품 쫑/후시/장소/늪지대/nfb09_182.psd,webdav:/13730b09/발송4/범선/작품 쫑/후시/장소/늪지대,/Users/saintiron/Projects/Imagine/thumbnails/34930_nfb09_182_thumb.png,psd,,,"A misty forest path with bare trees and a lone figure in the distance, evoking a quiet, melancholic atmosphere.","[""forest"", ""fog"", ""twilight"", ""anime"", ""melancholic"", ""path"", ""bare_trees"", ""autumn""]",background,outdoor,,,unknown_legacy,parse_fallback_legacy,"pre-fix: psd-tools failed, fell back to thumbnail-only",repair_required,parse_fallback_legacy,,,,,,,webdav:/13730b09/발송4/범선/작품 쫑/후시/장소/늪지대,visual:bg-complex-q0034:34898,diverse_rank=2; source_count=8; visual_group=visual:bg-complex-q0034:34898
bg-complex-q0034,"후시 늪지대에서 안개와 물가, 비뚤어진 나무가 함께 보이고 밝은 하늘이나 건물은 없는 어두운 자연 배경",complex,후시/장소/늪지대,34941,21,"fts,triaxis","{""fts"": 21, ""triaxis"": 36}","{""background_complex_v2_scoped_20260506:fts"": 21, ""background_complex_v2_scoped_20260506:triaxis"": 36}",webdav://13730b09/발송4/범선/작품 쫑/후시/장소/늪지대/nfb09_214.psd,34941_nfb09_214.psd,발송4/범선/작품 쫑/후시/장소/늪지대/nfb09_214.psd,webdav:/13730b09/발송4/범선/작품 쫑/후시/장소/늪지대,/Users/saintiron/Projects/Imagine/thumbnails/34941_nfb09_214_thumb.png,psd,,,"A deep, misty cliffside with a dark, mysterious chasm below, rendered in a moody anime style.","[""cliff"", ""chasm"", ""fog"", ""fantasy"", ""anime"", ""melancholic"", ""deep"", ""twilight""]",background,fantasy,,,unknown_legacy,parse_fallback_legacy,"pre-fix: psd-tools failed, fell back to thumbnail-only",repair_required,parse_fallback_legacy,,,,,,,webdav:/13730b09/발송4/범선/작품 쫑/후시/장소/늪지대,visual:bg-complex-q0034:34941,diverse_rank=5; source_count=8; visual_group=visual:bg-complex-q0034:34941
bg-complex-q0034,"후시 늪지대에서 안개와 물가, 비뚤어진 나무가 함께 보이고 밝은 하늘이나 건물은 없는 어두운 자연 배경",complex,후시/장소/늪지대,34903,22,"mv,vv","{""mv"": 22, ""vv"": 36}","{""background_complex_v2_scoped_20260506:mv"": 22, ""background_complex_v2_scoped_20260506:vv"": 36}",webdav://13730b09/발송4/범선/작품 쫑/후시/장소/늪지대/nfb09_158.psd,34903_nfb09_158.psd,발송4/범선/작품 쫑/후시/장소/늪지대/nfb09_158.psd,webdav:/13730b09/발송4/범선/작품 쫑/후시/장소/늪지대,/Users/saintiron/Projects/Imagine/thumbnails/34903_nfb09_158_thumb.png,psd,,,"A misty forest with towering trees and a translucent, angular structure floating among them, evoking a mysterious, otherworldly atmosphere.","[""forest"", ""fog"", ""fantasy"", ""anime"", ""ethereal"", ""twilight"", ""trees"", ""translucent_structure""]",background,fantasy,,,unknown_legacy,parse_fallback_legacy,"pre-fix: psd-tools failed, fell back to thumbnail-only",repair_required,parse_fallback_legacy,,,,,,,webdav:/13730b09/발송4/범선/작품 쫑/후시/장소/늪지대,visual:bg-complex-q0034:34933,diverse_rank=8; source_count=8; visual_group=visual:bg-complex-q0034:34933
bg-complex-q0035,"기절용사와 암살공주 장소/동굴에서 바위 벽과 깊은 통로, 푸른 조명이 보이지만 전투 장면은 아닌 지하 배경",complex,기절용사와 암살공주/장소/동굴,51837,2,"fts,mv,triaxis,vv","{""fts"": 46, ""mv"": 2, ""triaxis"": 46, ""vv"": 2}","{""background_complex_v2_scoped_20260506:fts"": 46, ""background_complex_v2_scoped_20260506:mv"": 2, ""background_complex_v2_scoped_20260506:triaxis"": 46, ""background_complex_v2_scoped_20260506:vv"": 2}",webdav://13730b09/발송/범선/기절용사와 암살공주/장소/동굴/kya02_185.psd,51837_kya02_185.psd,발송/범선/기절용사와 암살공주/장소/동굴/kya02_185.psd,webdav:/13730b09/발송/범선/기절용사와 암살공주/장소/동굴,/Users/saintiron/Projects/Imagine/thumbnails/51837_kya02_185_thumb.png,psd,,,A rocky cave interior with textured stone walls and dim lighting.,"[""cave"", ""rock"", ""stone"", ""dark"", ""texture"", ""interior"", ""natural""]",background,,,,unknown_legacy,parse_fallback_legacy,"pre-fix: psd-tools failed, fell back to thumbnail-only",repair_required,parse_fallback_legacy,,,,,,,webdav:/13730b09/발송/범선/기절용사와 암살공주/장소/동굴,visual:bg-complex-q0035:51837,diverse_rank=5; source_count=8; visual_group=visual:bg-complex-q0035:51837
bg-complex-q0035,"기절용사와 암살공주 장소/동굴에서 바위 벽과 깊은 통로, 푸른 조명이 보이지만 전투 장면은 아닌 지하 배경",complex,기절용사와 암살공주/장소/동굴,51836,6,"mv,vv","{""mv"": 6, ""vv"": 18}","{""background_complex_v2_scoped_20260506:mv"": 6, ""background_complex_v2_scoped_20260506:vv"": 18}",webdav://13730b09/발송/범선/기절용사와 암살공주/장소/동굴/kya02_184.psd,51836_kya02_184.psd,발송/범선/기절용사와 암살공주/장소/동굴/kya02_184.psd,webdav:/13730b09/발송/범선/기절용사와 암살공주/장소/동굴,/Users/saintiron/Projects/Imagine/thumbnails/51836_kya02_184_thumb.png,psd,,,A rocky cave interior with warm lighting on the left and deep shadows on the right.,"[""cave"", ""rock"", ""stone"", ""light"", ""shadow"", ""texture"", ""natural""]",background,,,,unknown_legacy,parse_fallback_legacy,"pre-fix: psd-tools failed, fell back to thumbnail-only",repair_required,parse_fallback_legacy,,,,,,,webdav:/13730b09/발송/범선/기절용사와 암살공주/장소/동굴,visual:bg-complex-q0035:51836,diverse_rank=1; source_count=8; visual_group=visual:bg-complex-q0035:51836
bg-complex-q0035,"기절용사와 암살공주 장소/동굴에서 바위 벽과 깊은 통로, 푸른 조명이 보이지만 전투 장면은 아닌 지하 배경",complex,기절용사와 암살공주/장소/동굴,51843,6,"fts,triaxis,vv","{""fts"": 22, ""triaxis"": 22, ""vv"": 6}","{""background_complex_v2_scoped_20260506:fts"": 22, ""background_complex_v2_scoped_20260506:triaxis"": 22, ""background_complex_v2_scoped_20260506:vv"": 6}",webdav://13730b09/발송/범선/기절용사와 암살공주/장소/동굴/kya02_191.psd,51843_kya02_191.psd,발송/범선/기절용사와 암살공주/장소/동굴/kya02_191.psd,webdav:/13730b09/발송/범선/기절용사와 암살공주/장소/동굴,/Users/saintiron/Projects/Imagine/thumbnails/51843_kya02_191_thumb.png,psd,,,Abstract layered texture with organic shapes and warm tones.,"[""texture"", ""abstract"", ""layered"", ""organic"", ""warm"", ""overlay"", ""digital art"", ""pattern""]",texture,,,,unknown_legacy,parse_fallback_legacy,"pre-fix: psd-tools failed, fell back to thumbnail-only",repair_required,parse_fallback_legacy,,,,,,,webdav:/13730b09/발송/범선/기절용사와 암살공주/장소/동굴,visual:bg-complex-q0035:51843,diverse_rank=3; source_count=8; visual_group=visual:bg-complex-q0035:51843
bg-complex-q0035,"기절용사와 암살공주 장소/동굴에서 바위 벽과 깊은 통로, 푸른 조명이 보이지만 전투 장면은 아닌 지하 배경",complex,기절용사와 암살공주/장소/동굴,51850,6,"fts,triaxis,vv","{""fts"": 6, ""triaxis"": 6, ""vv"": 44}","{""background_complex_v2_scoped_20260506:fts"": 6, ""background_complex_v2_scoped_20260506:triaxis"": 6, ""background_complex_v2_scoped_20260506:vv"": 44}",webdav://13730b09/발송/범선/기절용사와 암살공주/장소/동굴/kya02_198.psd,51850_kya02_198.psd,발송/범선/기절용사와 암살공주/장소/동굴/kya02_198.psd,webdav:/13730b09/발송/범선/기절용사와 암살공주/장소/동굴,/Users/saintiron/Projects/Imagine/thumbnails/51850_kya02_198_thumb.png,psd,,,Animated scene showing a carved mountain face with two figures.,"[""mountain"", ""carving"", ""figures"", ""cave"", ""animation""]",illustration,,,,unknown_legacy,parse_fallback_legacy,"pre-fix: psd-tools failed, fell back to thumbnail-only",repair_required,parse_fallback_legacy,,,,,,,webdav:/13730b09/발송/범선/기절용사와 암살공주/장소/동굴,visual:bg-complex-q0035:51850,diverse_rank=6; source_count=8; visual_group=visual:bg-complex-q0035:51850
bg-complex-q0035,"기절용사와 암살공주 장소/동굴에서 바위 벽과 깊은 통로, 푸른 조명이 보이지만 전투 장면은 아닌 지하 배경",complex,기절용사와 암살공주/장소/동굴,51794,11,"fts,mv,triaxis,vv","{""fts"": 11, ""mv"": 26, ""triaxis"": 11, ""vv"": 11}","{""background_complex_v2_scoped_20260506:fts"": 11, ""background_complex_v2_scoped_20260506:mv"": 26, ""background_complex_v2_scoped_20260506:triaxis"": 11, ""background_complex_v2_scoped_20260506:vv"": 11}",webdav://13730b09/발송/범선/기절용사와 암살공주/장소/동굴/kya02_136.psd,51794_kya02_136.psd,발송/범선/기절용사와 암살공주/장소/동굴/kya02_136.psd,webdav:/13730b09/발송/범선/기절용사와 암살공주/장소/동굴,/Users/saintiron/Projects/Imagine/thumbnails/51794_kya02_136_thumb.png,psd,,,"Ancient stone staircase leading into a dark, rocky cave entrance.","[""staircase"", ""stone"", ""cave"", ""rock"", ""ancient"", ""dark"", ""architecture""]",background,,,,unknown_legacy,parse_fallback_legacy,"pre-fix: psd-tools failed, fell back to thumbnail-only",repair_required,parse_fallback_legacy,,,,,,,webdav:/13730b09/발송/범선/기절용사와 암살공주/장소/동굴,visual:bg-complex-q0035:51794,diverse_rank=2; source_count=8; visual_group=visual:bg-complex-q0035:51794
bg-complex-q0035,"기절용사와 암살공주 장소/동굴에서 바위 벽과 깊은 통로, 푸른 조명이 보이지만 전투 장면은 아닌 지하 배경",complex,기절용사와 암살공주/장소/동굴,51834,12,"fts,mv,triaxis","{""fts"": 13, ""mv"": 12, ""triaxis"": 13}","{""background_complex_v2_scoped_20260506:fts"": 13, ""background_complex_v2_scoped_20260506:mv"": 12, ""background_complex_v2_scoped_20260506:triaxis"": 13}",webdav://13730b09/발송/범선/기절용사와 암살공주/장소/동굴/kya02_182.psd,51834_kya02_182.psd,발송/범선/기절용사와 암살공주/장소/동굴/kya02_182.psd,webdav:/13730b09/발송/범선/기절용사와 암살공주/장소/동굴,/Users/saintiron/Projects/Imagine/thumbnails/51834_kya02_182_thumb.png,psd,,,A translucent ghostly figure stands before a rocky cave entrance.,"[""ghost"", ""cave"", ""rocks"", ""transparency"", ""landscape""]",illustration,,,,unknown_legacy,parse_fallback_legacy,"pre-fix: psd-tools failed, fell back to thumbnail-only",repair_required,parse_fallback_legacy,,,,,,,webdav:/13730b09/발송/범선/기절용사와 암살공주/장소/동굴,visual:bg-complex-q0035:51806,diverse_rank=7; source_count=8; visual_group=visual:bg-complex-q0035:51806
bg-complex-q0035,"기절용사와 암살공주 장소/동굴에서 바위 벽과 깊은 통로, 푸른 조명이 보이지만 전투 장면은 아닌 지하 배경",complex,기절용사와 암살공주/장소/동굴,51846,21,vv,"{""vv"": 21}","{""background_complex_v2_scoped_20260506:vv"": 21}",webdav://13730b09/발송/범선/기절용사와 암살공주/장소/동굴/kya02_194.psd,51846_kya02_194.psd,발송/범선/기절용사와 암살공주/장소/동굴/kya02_194.psd,webdav:/13730b09/발송/범선/기절용사와 암살공주/장소/동굴,/Users/saintiron/Projects/Imagine/thumbnails/51846_kya02_194_thumb.png,psd,,,"A character stands before a large, carved stone face in a cave.","[""cave"", ""stone"", ""carving"", ""character"", ""line art"", ""mountain"", ""eyes"", ""mouth""]",illustration,,,,unknown_legacy,parse_fallback_legacy,"pre-fix: psd-tools failed, fell back to thumbnail-only",repair_required,parse_fallback_legacy,,,,,,,webdav:/13730b09/발송/범선/기절용사와 암살공주/장소/동굴,visual:bg-complex-q0035:51846,diverse_rank=4; source_count=8; visual_group=visual:bg-complex-q0035:51846
bg-complex-q0035,"기절용사와 암살공주 장소/동굴에서 바위 벽과 깊은 통로, 푸른 조명이 보이지만 전투 장면은 아닌 지하 배경",complex,기절용사와 암살공주/장소/동굴,51865,21,"mv,vv","{""mv"": 21, ""vv"": 50}","{""background_complex_v2_scoped_20260506:mv"": 21, ""background_complex_v2_scoped_20260506:vv"": 50}",webdav://13730b09/발송/범선/기절용사와 암살공주/장소/동굴/kya02_217.psd,51865_kya02_217.psd,발송/범선/기절용사와 암살공주/장소/동굴/kya02_217.psd,webdav:/13730b09/발송/범선/기절용사와 암살공주/장소/동굴,/Users/saintiron/Projects/Imagine/thumbnails/51865_kya02_217_thumb.png,psd,,,"A figure stands in a cave, viewed from behind, with a heart-shaped overlay at the bottom.","[""cave"", ""figure"", ""heart"", ""overlay"", ""rock"", ""ground"", ""back view"", ""mystery""]",illustration,,,,unknown_legacy,parse_fallback_legacy,"pre-fix: psd-tools failed, fell back to thumbnail-only",repair_required,parse_fallback_legacy,,,,,,,webdav:/13730b09/발송/범선/기절용사와 암살공주/장소/동굴,visual:bg-complex-q0035:51874,diverse_rank=8; source_count=8; visual_group=visual:bg-complex-q0035:51874
bg-complex-q0036,"AGM_01_001_013_030 3DBG에서 건물 정면과 반복되는 창문, 울타리가 보이지만 실내 장면은 아닌 학교 외관 배경",complex,AGM_01_001_013_030 3DBG,28895,1,"fts,mv,triaxis,vv","{""fts"": 28, ""mv"": 6, ""triaxis"": 12, ""vv"": 1}","{""background_complex_v2_scoped_20260506:fts"": 28, ""background_complex_v2_scoped_20260506:mv"": 6, ""background_complex_v2_scoped_20260506:triaxis"": 12, ""background_complex_v2_scoped_20260506:vv"": 1}",/Users/saintiron/imageDB/마캬베리즈무/장소/AGM_01_001_013_030 3DBG/koudou_uenotatemono.psd,koudou_uenotatemono.psd,koudou_uenotatemono.psd,AGM_01_001_013_030 3DBG,/Users/saintiron/Projects/Imagine/thumbnails/koudou_uenotatemono_thumb.png,psd,5000,3750,A 3D architectural rendering of a traditional Japanese gate with a modern building behind.,"[""Japanese gate"", ""traditional architecture"", ""modern building"", ""3D rendering"", ""pagoda roof"", ""windows"", ""columns""]",illustration,,,,Qwen/Qwen3.5-9B,vision_done,,ok,,,,,,,,AGM_01_001_013_030 3DBG,visual:bg-complex-q0036:28895,diverse_rank=2; source_count=8; visual_group=visual:bg-complex-q0036:28895
bg-complex-q0036,"AGM_01_001_013_030 3DBG에서 건물 정면과 반복되는 창문, 울타리가 보이지만 실내 장면은 아닌 학교 외관 배경",complex,AGM_01_001_013_030 3DBG,28901,1,"fts,mv,triaxis,vv","{""fts"": 22, ""mv"": 1, ""triaxis"": 2, ""vv"": 6}","{""background_complex_v2_scoped_20260506:fts"": 22, ""background_complex_v2_scoped_20260506:mv"": 1, ""background_complex_v2_scoped_20260506:triaxis"": 2, ""background_complex_v2_scoped_20260506:vv"": 6}",/Users/saintiron/imageDB/마캬베리즈무/장소/AGM_01_001_013_030 3DBG/kousya_tyuutoubu.psd,kousya_tyuutoubu.psd,kousya_tyuutoubu.psd,AGM_01_001_013_030 3DBG,/Users/saintiron/Projects/Imagine/thumbnails/kousya_tyuutoubu_thumb.png,psd,4000,1579,A multi-story school building with varied architectural sections and a modern design.,"[""school building"", ""windows"", ""modern architecture"", ""concrete"", ""glass"", ""exterior view""]",illustration,,,,Qwen/Qwen3.5-9B,vision_done,,ok,,,,,,,,AGM_01_001_013_030 3DBG,visual:bg-complex-q0036:28901,diverse_rank=4; source_count=8; visual_group=visual:bg-complex-q0036:28901
bg-complex-q0036,"AGM_01_001_013_030 3DBG에서 건물 정면과 반복되는 창문, 울타리가 보이지만 실내 장면은 아닌 학교 외관 배경",complex,AGM_01_001_013_030 3DBG,28904,2,"fts,mv,triaxis,vv","{""fts"": 2, ""mv"": 9, ""triaxis"": 4, ""vv"": 22}","{""background_complex_v2_scoped_20260506:fts"": 2, ""background_complex_v2_scoped_20260506:mv"": 9, ""background_complex_v2_scoped_20260506:triaxis"": 4, ""background_complex_v2_scoped_20260506:vv"": 22}",/Users/saintiron/imageDB/마캬베리즈무/장소/AGM_01_001_013_030 3DBG/seimonhukin_fensu.psd,seimonhukin_fensu.psd,seimonhukin_fensu.psd,AGM_01_001_013_030 3DBG,/Users/saintiron/Projects/Imagine/thumbnails/seimonhukin_fensu_thumb.png,psd,3000,1715,A blue chain-link fence with vertical posts and horizontal rails.,"[""fence"", ""chain link"", ""metal"", ""blue"", ""rail"", ""post"", ""barrier"", ""security""]",item,,,,Qwen/Qwen3.5-9B,vision_done,,ok,,,,,,,,AGM_01_001_013_030 3DBG,visual:bg-complex-q0036:28904,diverse_rank=7; source_count=8; visual_group=visual:bg-complex-q0036:28904
bg-complex-q0036,"AGM_01_001_013_030 3DBG에서 건물 정면과 반복되는 창문, 울타리가 보이지만 실내 장면은 아닌 학교 외관 배경",complex,AGM_01_001_013_030 3DBG,28908,7,"fts,mv,triaxis,vv","{""fts"": 27, ""mv"": 14, ""triaxis"": 7, ""vv"": 7}","{""background_complex_v2_scoped_20260506:fts"": 27, ""background_complex_v2_scoped_20260506:mv"": 14, ""background_complex_v2_scoped_20260506:triaxis"": 7, ""background_complex_v2_scoped_20260506:vv"": 7}",/Users/saintiron/imageDB/마캬베리즈무/장소/AGM_01_001_013_030 3DBG/seimonhukin_uketuke.psd,seimonhukin_uketuke.psd,seimonhukin_uketuke.psd,AGM_01_001_013_030 3DBG,/Users/saintiron/Projects/Imagine/thumbnails/seimonhukin_uketuke_thumb.png,psd,3500,2000,Modern building with staircase and reception area,"[""building"", ""staircase"", ""windows"", ""reception"", ""modern"", ""architecture""]",illustration,,,,Qwen/Qwen3.5-9B,vision_done,,ok,,,,,,,,AGM_01_001_013_030 3DBG,visual:bg-complex-q0036:28908,diverse_rank=5; source_count=8; visual_group=visual:bg-complex-q0036:28908
bg-complex-q0036,"AGM_01_001_013_030 3DBG에서 건물 정면과 반복되는 창문, 울타리가 보이지만 실내 장면은 아닌 학교 외관 배경",complex,AGM_01_001_013_030 3DBG,28888,8,"fts,mv,triaxis,vv","{""fts"": 12, ""mv"": 17, ""triaxis"": 26, ""vv"": 8}","{""background_complex_v2_scoped_20260506:fts"": 12, ""background_complex_v2_scoped_20260506:mv"": 17, ""background_complex_v2_scoped_20260506:triaxis"": 26, ""background_complex_v2_scoped_20260506:vv"": 8}",/Users/saintiron/imageDB/마캬베리즈무/장소/AGM_01_001_013_030 3DBG/koudou_irigutibukin_hasira.psd,koudou_irigutibukin_hasira.psd,koudou_irigutibukin_hasira.psd,AGM_01_001_013_030 3DBG,/Users/saintiron/Projects/Imagine/thumbnails/koudou_irigutibukin_hasira_thumb.png,psd,4000,1760,A modern building entrance with greenery and a stone monument in front.,"[""building"", ""entrance"", ""trees"", ""bushes"", ""monument"", ""rocks"", ""architecture"", ""nature""]",background,,,,Qwen/Qwen3.5-9B,vision_done,,ok,,,,,,,,AGM_01_001_013_030 3DBG,visual:bg-complex-q0036:28888,diverse_rank=8; source_count=8; visual_group=visual:bg-complex-q0036:28888
bg-complex-q0036,"AGM_01_001_013_030 3DBG에서 건물 정면과 반복되는 창문, 울타리가 보이지만 실내 장면은 아닌 학교 외관 배경",complex,AGM_01_001_013_030 3DBG,28899,11,"fts,mv,triaxis,vv","{""fts"": 18, ""mv"": 11, ""triaxis"": 17, ""vv"": 25}","{""background_complex_v2_scoped_20260506:fts"": 18, ""background_complex_v2_scoped_20260506:mv"": 11, ""background_complex_v2_scoped_20260506:triaxis"": 17, ""background_complex_v2_scoped_20260506:vv"": 25}",/Users/saintiron/imageDB/마캬베리즈무/장소/AGM_01_001_013_030 3DBG/koudou_zou_R.psd,koudou_zou_R.psd,koudou_zou_R.psd,AGM_01_001_013_030 3DBG,/Users/saintiron/Projects/Imagine/thumbnails/koudou_zou_R_thumb.png,psd,4000,5000,A standing figure statue on a base with a wireframe model behind it.,"[""statue"", ""figure"", ""wireframe"", ""base"", ""robes"", ""clouds"", ""stone""]",item,,,,Qwen/Qwen3.5-9B,vision_done,,ok,,,,,,,,AGM_01_001_013_030 3DBG,visual:bg-complex-q0036:28899,diverse_rank=1; source_count=8; visual_group=visual:bg-complex-q0036:28899
bg-complex-q0036,"AGM_01_001_013_030 3DBG에서 건물 정면과 반복되는 창문, 울타리가 보이지만 실내 장면은 아닌 학교 외관 배경",complex,AGM_01_001_013_030 3DBG,28902,12,"fts,mv,triaxis,vv","{""fts"": 23, ""mv"": 19, ""triaxis"": 16, ""vv"": 12}","{""background_complex_v2_scoped_20260506:fts"": 23, ""background_complex_v2_scoped_20260506:mv"": 19, ""background_complex_v2_scoped_20260506:triaxis"": 16, ""background_complex_v2_scoped_20260506:vv"": 12}",/Users/saintiron/imageDB/마캬베리즈무/장소/AGM_01_001_013_030 3DBG/nakaniwa_obujekkuto.psd,nakaniwa_obujekkuto.psd,nakaniwa_obujekkuto.psd,AGM_01_001_013_030 3DBG,/Users/saintiron/Projects/Imagine/thumbnails/nakaniwa_obujekkuto_thumb.png,psd,2000,2000,"Cross-section of a plaza with fountain, benches, clock, and statues.","[""fountain"", ""clock"", ""benches"", ""statue"", ""street lamp"", ""plaza""]",illustration,,,,Qwen/Qwen3.5-9B,vision_done,,ok,,,,,,,,AGM_01_001_013_030 3DBG,visual:bg-complex-q0036:28885,diverse_rank=3; source_count=8; visual_group=visual:bg-complex-q0036:28885
bg-complex-q0036,"AGM_01_001_013_030 3DBG에서 건물 정면과 반복되는 창문, 울타리가 보이지만 실내 장면은 아닌 학교 외관 배경",complex,AGM_01_001_013_030 3DBG,28891,13,"fts,mv,triaxis,vv","{""fts"": 13, ""mv"": 26, ""triaxis"": 29, ""vv"": 19}","{""background_complex_v2_scoped_20260506:fts"": 13, ""background_complex_v2_scoped_20260506:mv"": 26, ""background_complex_v2_scoped_20260506:triaxis"": 29, ""background_complex_v2_scoped_20260506:vv"": 19}",/Users/saintiron/imageDB/마캬베리즈무/장소/AGM_01_001_013_030 3DBG/koudou_kaidannozou_R.psd,koudou_kaidannozou_R.psd,koudou_kaidannozou_R.psd,AGM_01_001_013_030 3DBG,/Users/saintiron/Projects/Imagine/thumbnails/koudou_kaidannozou_R_thumb.png,psd,1500,1630,Stone statues of lions and dragons on pedestals with marble blocks,"[""stone"", ""statues"", ""lions"", ""dragons"", ""pedestals"", ""marble"", ""sculptures""]",item,,,,Qwen/Qwen3.5-9B,vision_done,,ok,,,,,,,,AGM_01_001_013_030 3DBG,visual:bg-complex-q0036:28891,diverse_rank=6; source_count=8; visual_group=visual:bg-complex-q0036:28891
bg-complex-q0037,"실내소품에서 창문 빛과 식물, 작은 의자가 한 화면에 있지만 카페 조명 중심은 아닌 조용한 실내 배경",complex,실내소품,31289,6,"fts,mv","{""fts"": 27, ""mv"": 6}","{""background_complex_v2_scoped_20260506:fts"": 27, ""background_complex_v2_scoped_20260506:mv"": 6}",/Users/saintiron/imageDB/마캬베리즈무/실내소품/BO08_228_246C_289.psd,BO08_228_246C_289.psd,BO08_228_246C_289.psd,실내소품,/Users/saintiron/Projects/Imagine/thumbnails/BO08_228_246C_289_thumb.png,psd,1629,1701,Bright golden light beams radiating downward against a dark background.,"[""light"", ""beams"", ""gold"", ""dark"", ""glow"", ""radiance"", ""gradient"", ""spotlight""]",effect,,,,Qwen/Qwen3.5-9B,vision_done,,ok,,,,,,,,실내소품,visual:bg-complex-q0037:31289,diverse_rank=1; source_count=6; visual_group=visual:bg-complex-q0037:31289
bg-complex-q0037,"실내소품에서 창문 빛과 식물, 작은 의자가 한 화면에 있지만 카페 조명 중심은 아닌 조용한 실내 배경",complex,실내소품,31481,6,"triaxis,vv","{""triaxis"": 15, ""vv"": 6}","{""background_complex_v2_scoped_20260506:triaxis"": 15, ""background_complex_v2_scoped_20260506:vv"": 6}",/Users/saintiron/imageDB/마캬베리즈무/실내소품/NM#03_020.psd,NM#03_020.psd,NM#03_020.psd,실내소품,/Users/saintiron/Projects/Imagine/thumbnails/NM#03_020_thumb.png,psd,2808,1988,A window with green curtains and a view of trees outside.,"[""window"", ""curtains"", ""trees"", ""sky"", ""wall""]",background,,,,Qwen/Qwen3.5-9B,vision_done,,ok,,,,,,,,실내소품,visual:bg-complex-q0037:31481,diverse_rank=3; source_count=6; visual_group=visual:bg-complex-q0037:31481
bg-complex-q0037,"실내소품에서 창문 빛과 식물, 작은 의자가 한 화면에 있지만 카페 조명 중심은 아닌 조용한 실내 배경",complex,실내소품,31587,6,fts,"{""fts"": 6}","{""background_complex_v2_scoped_20260506:fts"": 6}",/Users/saintiron/imageDB/마캬베리즈무/실내소품/sozai.psd,sozai.psd,sozai.psd,실내소품,/Users/saintiron/Projects/Imagine/thumbnails/sozai_thumb.png,psd,3241,1900,"Elegant tea table with pastries, teapots, and gifts in a cozy room.","[""tea table"", ""pastries"", ""teapots"", ""gifts"", ""curtains"", ""window"", ""decorative stand"", ""cozy room""]",background,,,,Qwen/Qwen3.5-9B,vision_done,,ok,,,,,,,,실내소품,visual:bg-complex-q0037:31587,diverse_rank=6; source_count=6; visual_group=visual:bg-complex-q0037:31587
bg-complex-q0037,"실내소품에서 창문 빛과 식물, 작은 의자가 한 화면에 있지만 카페 조명 중심은 아닌 조용한 실내 배경",complex,실내소품,31635,10,vv,"{""vv"": 10}","{""background_complex_v2_scoped_20260506:vv"": 10}",/Users/saintiron/imageDB/마캬베리즈무/실내소품/unikk1_mini.jpg,unikk1_mini.jpg,unikk1_mini.jpg,imageDB/마캬베리즈무/실내소품,/Users/saintiron/Projects/Imagine/thumbnails/unikk1_mini_thumb.png,jpg,1920,1054,"A cozy vintage shop filled with antique items, typewriters, and shelves of collectibles under soft natural light.","[""indoor"", ""vintage"", ""antique"", ""nostalgic"", ""retro"", ""shelves"", ""typewriter"", ""collectibles"", ""natural_light"", ""cozy""]",background,indoor,,,unknown_legacy,,,repair_required,parse_fallback_legacy,,,,,,,imageDB/마캬베리즈무/실내소품,visual:bg-complex-q0037:31635,diverse_rank=10; source_count=6; visual_group=visual:bg-complex-q0037:31635
bg-complex-q0037,"실내소품에서 창문 빛과 식물, 작은 의자가 한 화면에 있지만 카페 조명 중심은 아닌 조용한 실내 배경",complex,실내소품,31065,11,"mv,triaxis,vv","{""mv"": 32, ""triaxis"": 11, ""vv"": 22}","{""background_complex_v2_scoped_20260506:mv"": 32, ""background_complex_v2_scoped_20260506:triaxis"": 11, ""background_complex_v2_scoped_20260506:vv"": 22}",/Users/saintiron/imageDB/마캬베리즈무/실내소품/#03_202A_202C.psd,#03_202A_202C.psd,#03_202A_202C.psd,실내소품,/Users/saintiron/Projects/Imagine/thumbnails/#03_202A_202C_thumb.png,psd,2340,1654,"A room corner with a window, desk, and hanging basket.","[""window"", ""curtains"", ""desk"", ""lamp"", ""basket"", ""wall"", ""frame"", ""purple""]",background,,,,Qwen/Qwen3.5-9B,vision_done,,ok,,,,,,,,실내소품,visual:bg-complex-q0037:31065,diverse_rank=2; source_count=6; visual_group=visual:bg-complex-q0037:31065
bg-complex-q0037,"실내소품에서 창문 빛과 식물, 작은 의자가 한 화면에 있지만 카페 조명 중심은 아닌 조용한 실내 배경",complex,실내소품,31344,11,"triaxis,vv","{""triaxis"": 45, ""vv"": 11}","{""background_complex_v2_scoped_20260506:triaxis"": 45, ""background_complex_v2_scoped_20260506:vv"": 11}",/Users/saintiron/imageDB/마캬베리즈무/실내소품/COS019.jpg,COS019.jpg,COS019.jpg,imageDB/마캬베리즈무/실내소품,/Users/saintiron/Projects/Imagine/thumbnails/COS019_thumb.png,jpg,1144,1509,"A cozy indoor scene with a decorative ceiling, ornate metal railing, and a vibrant green plant against warm-toned walls.","[""indoor"", ""classical_architecture"", ""golden_hour"", ""anime"", ""warm_lighting"", ""plant"", ""ornate_railing"", ""realistic_background""]",background,indoor,,,unknown_legacy,,,repair_required,parse_fallback_legacy,,,,,,,imageDB/마캬베리즈무/실내소품,visual:bg-complex-q0037:31344,diverse_rank=4; source_count=6; visual_group=visual:bg-complex-q0037:31344
bg-complex-q0037,"실내소품에서 창문 빛과 식물, 작은 의자가 한 화면에 있지만 카페 조명 중심은 아닌 조용한 실내 배경",complex,실내소품,31529,11,"mv,vv","{""mv"": 11, ""vv"": 18}","{""background_complex_v2_scoped_20260506:mv"": 11, ""background_complex_v2_scoped_20260506:vv"": 18}",/Users/saintiron/imageDB/마캬베리즈무/실내소품/pf46_069.psd,pf46_069.psd,pf46_069.psd,실내소품,/Users/saintiron/Projects/Imagine/thumbnails/pf46_069_thumb.png,psd,1631,1151,A dimly lit hallway with three doors and a hanging pendant light.,"[""hallway"", ""doors"", ""pendant light"", ""interior"", ""wall"", ""ceiling"", ""door frame"", ""lighting""]",background,,,,Qwen/Qwen3.5-9B,vision_done,,ok,,,,,,,,실내소품,visual:bg-complex-q0037:31529,diverse_rank=7; source_count=6; visual_group=visual:bg-complex-q0037:31529
bg-complex-q0037,"실내소품에서 창문 빛과 식물, 작은 의자가 한 화면에 있지만 카페 조명 중심은 아닌 조용한 실내 배경",complex,실내소품,31346,16,vv,"{""vv"": 16}","{""background_complex_v2_scoped_20260506:vv"": 16}",/Users/saintiron/imageDB/마캬베리즈무/실내소품/COS021.jpg,COS021.jpg,COS021.jpg,imageDB/마캬베리즈무/실내소품,/Users/saintiron/Projects/Imagine/thumbnails/COS021_thumb.png,jpg,994,585,"A dark, stylized still life viewed through an ornate wrought iron window frame, with silhouetted objects and a purple-hued interior.","[""still_life"", ""cartoon"", ""dark"", ""mysterious"", ""wrought_iron"", ""purple_light"", ""silhouette"", ""indoor_scene"", ""decorative_frame""]",illustration,,,,unknown_legacy,,,repair_required,parse_fallback_legacy,,,,,,,imageDB/마캬베리즈무/실내소품,visual:bg-complex-q0037:31346,diverse_rank=11; source_count=6; visual_group=visual:bg-complex-q0037:31346
bg-complex-q0037,"실내소품에서 창문 빛과 식물, 작은 의자가 한 화면에 있지만 카페 조명 중심은 아닌 조용한 실내 배경",complex,실내소품,31276,21,fts,"{""fts"": 21}","{""background_complex_v2_scoped_20260506:fts"": 21}",/Users/saintiron/imageDB/마캬베리즈무/실내소품/bg011c.psd,bg011c.psd,bg011c.psd,실내소품,/Users/saintiron/Projects/Imagine/thumbnails/bg011c_thumb.png,psd,2194,1554,"Elegant bedroom with green sofa, bed, chandelier, and framed artwork.","[""bed"", ""sofa"", ""chandelier"", ""framed artwork"", ""window"", ""carpet"", ""pillow"", ""lamp""]",background,,,,Qwen/Qwen3.5-9B,vision_done,,ok,,,,,,,,실내소품,visual:bg-complex-q0037:31087,diverse_rank=5; source_count=6; visual_group=visual:bg-complex-q0037:31087
bg-complex-q0037,"실내소품에서 창문 빛과 식물, 작은 의자가 한 화면에 있지만 카페 조명 중심은 아닌 조용한 실내 배경",complex,실내소품,31335,24,vv,"{""vv"": 24}","{""background_complex_v2_scoped_20260506:vv"": 24}",/Users/saintiron/imageDB/마캬베리즈무/실내소품/COS009.jpg,COS009.jpg,COS009.jpg,imageDB/마캬베리즈무/실내소품,/Users/saintiron/Projects/Imagine/thumbnails/COS009_thumb.png,jpg,2303,787,"Silhouetted figures in a dimly lit interior, framed by ornate architectural elements and chains, evoking mystery and intrigue.","[""silhouette"", ""monochrome"", ""interior"", ""mysterious"", ""sketch"", ""still_life"", ""chains"", ""ornate""]",illustration,,,,unknown_legacy,,,repair_required,parse_fallback_legacy,,,,,,,imageDB/마캬베리즈무/실내소품,visual:bg-complex-q0037:31335,diverse_rank=8; source_count=6; visual_group=visual:bg-complex-q0037:31335
bg-complex-q0037,"실내소품에서 창문 빛과 식물, 작은 의자가 한 화면에 있지만 카페 조명 중심은 아닌 조용한 실내 배경",complex,실내소품,31378,24,"fts,triaxis","{""fts"": 30, ""triaxis"": 24}","{""background_complex_v2_scoped_20260506:fts"": 30, ""background_complex_v2_scoped_20260506:triaxis"": 24}",/Users/saintiron/imageDB/마캬베리즈무/실내소품/GEN030.jpg,GEN030.jpg,GEN030.jpg,imageDB/마캬베리즈무/실내소품,/Users/saintiron/Projects/Imagine/thumbnails/GEN030_thumb.png,jpg,1074,704,"A quiet classroom with shelves, a whiteboard, and a window showing spring foliage outside.","[""classroom"", ""shelves"", ""whiteboard"", ""window"", ""spring"", ""anime"", ""indoor"", ""peaceful""]",background,indoor,,,unknown_legacy,,,repair_required,parse_fallback_legacy,,,,,,,imageDB/마캬베리즈무/실내소품,visual:bg-complex-q0037:31378,diverse_rank=9; source_count=6; visual_group=visual:bg-complex-q0037:31378
bg-complex-q0037,"실내소품에서 창문 빛과 식물, 작은 의자가 한 화면에 있지만 카페 조명 중심은 아닌 조용한 실내 배경",complex,실내소품,31348,27,vv,"{""vv"": 27}","{""background_complex_v2_scoped_20260506:vv"": 27}",/Users/saintiron/imageDB/마캬베리즈무/실내소품/COS028.jpg,COS028.jpg,COS028.jpg,imageDB/마캬베리즈무/실내소품,/Users/saintiron/Projects/Imagine/thumbnails/COS028_thumb.png,jpg,998,599,"A dimly lit, ornate room with a table set with glasses and a crystal ball, surrounded by bookshelves, a hanging chain, and warm lighting.","[""still_life"", ""anime"", ""dark_mood"", ""crystal_ball"", ""glasses"", ""bookshelf"", ""chain"", ""indoor_scene"", ""realistic_lighting"", ""mysterious""]",illustration,,,,unknown_legacy,,,repair_required,parse_fallback_legacy,,,,,,,imageDB/마캬베리즈무/실내소품,visual:bg-complex-q0037:31348,diverse_rank=12; source_count=6; visual_group=visual:bg-complex-q0037:31348
bg-complex-q0038,뱅가드 25 #12/bg에서 구름 사이 미래적 구조물이 떠 있고 넓은 하늘이 보이지만 도시 거리나 실내는 아닌 배경,complex,뱅가드/25/#12/bg,49085,1,"fts,mv,triaxis,vv","{""fts"": 22, ""mv"": 2, ""triaxis"": 1, ""vv"": 7}","{""background_complex_v2_scoped_20260506:fts"": 22, ""background_complex_v2_scoped_20260506:mv"": 2, ""background_complex_v2_scoped_20260506:triaxis"": 1, ""background_complex_v2_scoped_20260506:vv"": 7}",webdav://13730b09/발송/외주 회사/뱅가드/25/#12/bg/VS9_12_381_GENZU.psd,49085_VS9_12_381_GENZU.psd,발송/외주 회사/뱅가드/25/#12/bg/VS9_12_381_GENZU.psd,발송/외주 회사/뱅가드/25/#12/bg,/Users/saintiron/Projects/Imagine/thumbnails/49085_VS9_12_381_GENZU_thumb.png,psd,,,Anime-style sky scene with floating futuristic structures and clouds.,"[""anime"", ""sky"", ""futuristic"", ""clouds"", ""floating"", ""sci-fi"", ""blue"", ""white""]",background,,,,unknown_legacy,parse_fallback_legacy,"pre-fix: psd-tools failed, fell back to thumbnail-only",repair_required,parse_fallback_legacy,,,,,,,발송/외주 회사/뱅가드/25/#12/bg,visual:bg-complex-q0038:49085,diverse_rank=1; source_count=8; visual_group=visual:bg-complex-q0038:49085
bg-complex-q0038,뱅가드 25 #12/bg에서 구름 사이 미래적 구조물이 떠 있고 넓은 하늘이 보이지만 도시 거리나 실내는 아닌 배경,complex,뱅가드/25/#12/bg,49117,1,"fts,mv,vv","{""fts"": 48, ""mv"": 4, ""vv"": 1}","{""background_complex_v2_scoped_20260506:fts"": 48, ""background_complex_v2_scoped_20260506:mv"": 4, ""background_complex_v2_scoped_20260506:vv"": 1}",webdav://13730b09/발송/외주 회사/뱅가드/25/#12/bg/VS9_12_382_GENZU.psd,49117_VS9_12_382_GENZU.psd,발송/외주 회사/뱅가드/25/#12/bg/VS9_12_382_GENZU.psd,발송/외주 회사/뱅가드/25/#12/bg,/Users/saintiron/Projects/Imagine/thumbnails/49117_VS9_12_382_GENZU_thumb.png,psd,,,Floating futuristic cities in a bright blue sky with clouds.,"[""sci-fi"", ""futuristic"", ""sky"", ""clouds"", ""floating"", ""cityscape"", ""space"", ""digital art""]",background,,,,unknown_legacy,parse_fallback_legacy,"pre-fix: psd-tools failed, fell back to thumbnail-only",repair_required,parse_fallback_legacy,,,,,,,발송/외주 회사/뱅가드/25/#12/bg,visual:bg-complex-q0038:49117,diverse_rank=3; source_count=8; visual_group=visual:bg-complex-q0038:49117
bg-complex-q0038,뱅가드 25 #12/bg에서 구름 사이 미래적 구조물이 떠 있고 넓은 하늘이 보이지만 도시 거리나 실내는 아닌 배경,complex,뱅가드/25/#12/bg,49098,2,fts,"{""fts"": 2}","{""background_complex_v2_scoped_20260506:fts"": 2}",webdav://13730b09/발송/외주 회사/뱅가드/25/#12/bg/VS9_12_336_GENZU.psd,49098_VS9_12_336_GENZU.psd,발송/외주 회사/뱅가드/25/#12/bg/VS9_12_336_GENZU.psd,발송/외주 회사/뱅가드/25/#12/bg,/Users/saintiron/Projects/Imagine/thumbnails/49098_VS9_12_336_GENZU_thumb.png,psd,,,Anime characters holding microphones in a dimly lit setting.,"[""anime"", ""characters"", ""microphones"", ""dark"", ""line art""]",illustration,,,,unknown_legacy,parse_fallback_legacy,"pre-fix: psd-tools failed, fell back to thumbnail-only",repair_required,parse_fallback_legacy,,,,,,,발송/외주 회사/뱅가드/25/#12/bg,visual:bg-complex-q0038:49098,diverse_rank=6; source_count=8; visual_group=visual:bg-complex-q0038:49098
bg-complex-q0038,뱅가드 25 #12/bg에서 구름 사이 미래적 구조물이 떠 있고 넓은 하늘이 보이지만 도시 거리나 실내는 아닌 배경,complex,뱅가드/25/#12/bg,49099,6,"fts,mv,triaxis,vv","{""fts"": 43, ""mv"": 22, ""triaxis"": 6, ""vv"": 8}","{""background_complex_v2_scoped_20260506:fts"": 43, ""background_complex_v2_scoped_20260506:mv"": 22, ""background_complex_v2_scoped_20260506:triaxis"": 6, ""background_complex_v2_scoped_20260506:vv"": 8}",webdav://13730b09/발송/외주 회사/뱅가드/25/#12/bg/VS9_12_365_GENZU.psd,49099_VS9_12_365_GENZU.psd,발송/외주 회사/뱅가드/25/#12/bg/VS9_12_365_GENZU.psd,발송/외주 회사/뱅가드/25/#12/bg,/Users/saintiron/Projects/Imagine/thumbnails/49099_VS9_12_365_GENZU_thumb.png,psd,,,A white dragon flies through a blue sky with floating islands.,"[""dragon"", ""sky"", ""floating islands"", ""anime"", ""fantasy"", ""blue"", ""clouds"", ""white""]",background,,,,unknown_legacy,parse_fallback_legacy,"pre-fix: psd-tools failed, fell back to thumbnail-only",repair_required,parse_fallback_legacy,,,,,,,발송/외주 회사/뱅가드/25/#12/bg,visual:bg-complex-q0038:49099,diverse_rank=4; source_count=8; visual_group=visual:bg-complex-q0038:49099
bg-complex-q0038,뱅가드 25 #12/bg에서 구름 사이 미래적 구조물이 떠 있고 넓은 하늘이 보이지만 도시 거리나 실내는 아닌 배경,complex,뱅가드/25/#12/bg,49050,8,"fts,vv","{""fts"": 8, ""vv"": 50}","{""background_complex_v2_scoped_20260506:fts"": 8, ""background_complex_v2_scoped_20260506:vv"": 50}",webdav://13730b09/발송/외주 회사/뱅가드/25/#12/bg/VS9_12_054_GENZU.psd,49050_VS9_12_054_GENZU.psd,발송/외주 회사/뱅가드/25/#12/bg/VS9_12_054_GENZU.psd,발송/외주 회사/뱅가드/25/#12/bg,/Users/saintiron/Projects/Imagine/thumbnails/49050_VS9_12_054_GENZU_thumb.png,psd,,,Four anime characters sitting on stairs in a dimly lit scene.,"[""anime"", ""stairs"", ""characters"", ""dark"", ""seated"", ""illustration"", ""VS9_12_054"", ""GENZU""]",illustration,,,,unknown_legacy,parse_fallback_legacy,"pre-fix: psd-tools failed, fell back to thumbnail-only",repair_required,parse_fallback_legacy,,,,,,,발송/외주 회사/뱅가드/25/#12/bg,visual:bg-complex-q0038:49050,diverse_rank=5; source_count=8; visual_group=visual:bg-complex-q0038:49050
bg-complex-q0038,뱅가드 25 #12/bg에서 구름 사이 미래적 구조물이 떠 있고 넓은 하늘이 보이지만 도시 거리나 실내는 아닌 배경,complex,뱅가드/25/#12/bg,49101,8,"fts,mv,triaxis,vv","{""fts"": 25, ""mv"": 8, ""triaxis"": 12, ""vv"": 15}","{""background_complex_v2_scoped_20260506:fts"": 25, ""background_complex_v2_scoped_20260506:mv"": 8, ""background_complex_v2_scoped_20260506:triaxis"": 12, ""background_complex_v2_scoped_20260506:vv"": 15}",webdav://13730b09/발송/외주 회사/뱅가드/25/#12/bg/VS9_12_374_GENZU.psd,49101_VS9_12_374_GENZU.psd,발송/외주 회사/뱅가드/25/#12/bg/VS9_12_374_GENZU.psd,발송/외주 회사/뱅가드/25/#12/bg,/Users/saintiron/Projects/Imagine/thumbnails/49101_VS9_12_374_GENZU_thumb.png,psd,,,Anime-style sky with clouds and two characters on the horizon.,"[""anime"", ""sky"", ""clouds"", ""horizon"", ""characters"", ""blue"", ""white"", ""fantasy""]",background,,,,unknown_legacy,parse_fallback_legacy,"pre-fix: psd-tools failed, fell back to thumbnail-only",repair_required,parse_fallback_legacy,,,,,,,발송/외주 회사/뱅가드/25/#12/bg,visual:bg-complex-q0038:49101,diverse_rank=7; source_count=8; visual_group=visual:bg-complex-q0038:49101
bg-complex-q0038,뱅가드 25 #12/bg에서 구름 사이 미래적 구조물이 떠 있고 넓은 하늘이 보이지만 도시 거리나 실내는 아닌 배경,complex,뱅가드/25/#12/bg,49063,11,"mv,triaxis,vv","{""mv"": 15, ""triaxis"": 33, ""vv"": 11}","{""background_complex_v2_scoped_20260506:mv"": 15, ""background_complex_v2_scoped_20260506:triaxis"": 33, ""background_complex_v2_scoped_20260506:vv"": 11}",webdav://13730b09/발송/외주 회사/뱅가드/25/#12/bg/VS9_12_412_GENZU.psd,49063_VS9_12_412_GENZU.psd,발송/외주 회사/뱅가드/25/#12/bg/VS9_12_412_GENZU.psd,발송/외주 회사/뱅가드/25/#12/bg,/Users/saintiron/Projects/Imagine/thumbnails/49063_VS9_12_412_GENZU_thumb.png,psd,,,Futuristic dome with glowing window against a sunset sky.,"[""sci-fi"", ""dome"", ""sunset"", ""futuristic"", ""architecture"", ""sky"", ""glow"", ""concept art""]",illustration,,,,unknown_legacy,parse_fallback_legacy,"pre-fix: psd-tools failed, fell back to thumbnail-only",repair_required,parse_fallback_legacy,,,,,,,발송/외주 회사/뱅가드/25/#12/bg,visual:bg-complex-q0038:49102,diverse_rank=2; source_count=8; visual_group=visual:bg-complex-q0038:49102
bg-complex-q0038,뱅가드 25 #12/bg에서 구름 사이 미래적 구조물이 떠 있고 넓은 하늘이 보이지만 도시 거리나 실내는 아닌 배경,complex,뱅가드/25/#12/bg,49086,14,"fts,mv,triaxis,vv","{""fts"": 37, ""mv"": 14, ""triaxis"": 14, ""vv"": 18}","{""background_complex_v2_scoped_20260506:fts"": 37, ""background_complex_v2_scoped_20260506:mv"": 14, ""background_complex_v2_scoped_20260506:triaxis"": 14, ""background_complex_v2_scoped_20260506:vv"": 18}",webdav://13730b09/발송/외주 회사/뱅가드/25/#12/bg/VS9_12_383_GENZU.psd,49086_VS9_12_383_GENZU.psd,발송/외주 회사/뱅가드/25/#12/bg/VS9_12_383_GENZU.psd,발송/외주 회사/뱅가드/25/#12/bg,/Users/saintiron/Projects/Imagine/thumbnails/49086_VS9_12_383_GENZU_thumb.png,psd,,,A serene blue sky with fluffy clouds and a distant angelic figure.,"[""sky"", ""clouds"", ""angel"", ""fantasy"", ""blue"", ""peaceful"", ""skyline"", ""ethereal""]",illustration,,,,unknown_legacy,parse_fallback_legacy,"pre-fix: psd-tools failed, fell back to thumbnail-only",repair_required,parse_fallback_legacy,,,,,,,발송/외주 회사/뱅가드/25/#12/bg,visual:bg-complex-q0038:49086,diverse_rank=8; source_count=8; visual_group=visual:bg-complex-q0038:49086
bg-complex-q0039,"켄신 자료에서 목조 교량과 강, 전통 건축이 함께 보이지만 현대식 건물이나 밤 장면은 아닌 야외 배경",complex,켄신,37990,1,"mv,vv","{""mv"": 27, ""vv"": 1}","{""background_complex_v2_scoped_20260506:mv"": 27, ""background_complex_v2_scoped_20260506:vv"": 1}",webdav://13730b09/발송작품/작품/켄신/켄신-015.jpg,37990_켄신-015.jpg,발송작품/작품/켄신/켄신-015.jpg,webdav:/13730b09/발송작품/작품/켄신,/Users/saintiron/Projects/Imagine/thumbnails/37990_켄신-015_thumb.png,jpg,,,"A wooden bridge stretches into a tranquil village at sunset, with warm orange and red skies casting long shadows across the planks. Traditional Japanese houses line the path, framed by autumn trees.","[""landscape"", ""anime"", ""bridge"", ""village"", ""sunset"", ""wooden"", ""traditional_japanese"", ""autumn"", ""serene"", ""warm_color_palette""]",illustration,,,,unknown_legacy,,,repair_required,parse_fallback_legacy,,,,,,,webdav:/13730b09/발송작품/작품/켄신,visual:bg-complex-q0039:37990,diverse_rank=3; source_count=8; visual_group=visual:bg-complex-q0039:37990
bg-complex-q0039,"켄신 자료에서 목조 교량과 강, 전통 건축이 함께 보이지만 현대식 건물이나 밤 장면은 아닌 야외 배경",complex,켄신,38027,1,"mv,triaxis,vv","{""mv"": 1, ""triaxis"": 1, ""vv"": 23}","{""background_complex_v2_scoped_20260506:mv"": 1, ""background_complex_v2_scoped_20260506:triaxis"": 1, ""background_complex_v2_scoped_20260506:vv"": 23}",webdav://13730b09/발송작품/작품/켄신/켄신-077.jpg,38027_켄신-077.jpg,발송작품/작품/켄신/켄신-077.jpg,webdav:/13730b09/발송작품/작품/켄신,/Users/saintiron/Projects/Imagine/thumbnails/38027_켄신-077_thumb.png,jpg,,,"A traditional Japanese building with wooden flooring and dark paneling, viewed from a low angle under a clear sky.","[""traditional_japanese"", ""wooden_floor"", ""dark_panels"", ""anime_art"", ""outdoor"", ""clear_sky""]",background,outdoor,,,unknown_legacy,,,repair_required,parse_fallback_legacy,,,,,,,webdav:/13730b09/발송작품/작품/켄신,visual:bg-complex-q0039:38027,diverse_rank=6; source_count=8; visual_group=visual:bg-complex-q0039:38027
bg-complex-q0039,"켄신 자료에서 목조 교량과 강, 전통 건축이 함께 보이지만 현대식 건물이나 밤 장면은 아닌 야외 배경",complex,켄신,37992,6,"mv,vv","{""mv"": 12, ""vv"": 6}","{""background_complex_v2_scoped_20260506:mv"": 12, ""background_complex_v2_scoped_20260506:vv"": 6}",webdav://13730b09/발송작품/작품/켄신/켄신-017.jpg,37992_켄신-017.jpg,발송작품/작품/켄신/켄신-017.jpg,webdav:/13730b09/발송작품/작품/켄신,/Users/saintiron/Projects/Imagine/thumbnails/37992_켄신-017_thumb.png,jpg,,,A wooden bridge leads to traditional Japanese houses under a dramatic sunset sky with deep purples and oranges.,"[""anime"", ""sunset"", ""traditional_japanese"", ""wooden_bridge"", ""melancholic"", ""autumn"", ""golden_hour"", ""painterly"", ""TEAM'S ART""]",background,rural,,,unknown_legacy,,,repair_required,parse_fallback_legacy,,,,,,,webdav:/13730b09/발송작품/작품/켄신,visual:bg-complex-q0039:37992,diverse_rank=1; source_count=8; visual_group=visual:bg-complex-q0039:37992
bg-complex-q0039,"켄신 자료에서 목조 교량과 강, 전통 건축이 함께 보이지만 현대식 건물이나 밤 장면은 아닌 야외 배경",complex,켄신,38075,6,"mv,triaxis","{""mv"": 32, ""triaxis"": 6}","{""background_complex_v2_scoped_20260506:mv"": 32, ""background_complex_v2_scoped_20260506:triaxis"": 6}",webdav://13730b09/발송작품/작품/켄신/켄신-131.jpg,38075_켄신-131.jpg,발송작품/작품/켄신/켄신-131.jpg,webdav:/13730b09/발송작품/작품/켄신,/Users/saintiron/Projects/Imagine/thumbnails/38075_켄신-131_thumb.png,jpg,,,"A traditional Japanese dojo entrance under a clear blue sky, flanked by green trees and wooden fences.","[""traditional_japanese"", ""dojo"", ""anime"", ""summer"", ""peaceful"", ""clear_sky"", ""wooden_doors"", ""green_trees"", ""rural""]",background,rural,,,unknown_legacy,,,repair_required,parse_fallback_legacy,,,,,,,webdav:/13730b09/발송작품/작품/켄신,visual:bg-complex-q0039:38075,diverse_rank=4; source_count=8; visual_group=visual:bg-complex-q0039:38075
bg-complex-q0039,"켄신 자료에서 목조 교량과 강, 전통 건축이 함께 보이지만 현대식 건물이나 밤 장면은 아닌 야외 배경",complex,켄신,38166,6,"fts,mv,triaxis","{""fts"": 14, ""mv"": 6, ""triaxis"": 14}","{""background_complex_v2_scoped_20260506:fts"": 14, ""background_complex_v2_scoped_20260506:mv"": 6, ""background_complex_v2_scoped_20260506:triaxis"": 14}",webdav://13730b09/발송작품/작품/켄신/켄신-245.JPG,38166_켄신-245.JPG,발송작품/작품/켄신/켄신-245.JPG,webdav:/13730b09/발송작품/작품/켄신,/Users/saintiron/Projects/Imagine/thumbnails/38166_켄신-245_thumb.png,jpg,,,A traditional Japanese wooden building with a glowing window revealing a warm sunset.,"[""traditional_japanese"", ""wooden_building"", ""sunset"", ""anime"", ""melancholic"", ""window"", ""rural""]",background,rural,,,unknown_legacy,,,repair_required,parse_fallback_legacy,,,,,,,webdav:/13730b09/발송작품/작품/켄신,visual:bg-complex-q0039:38166,diverse_rank=8; source_count=8; visual_group=visual:bg-complex-q0039:38166
bg-complex-q0039,"켄신 자료에서 목조 교량과 강, 전통 건축이 함께 보이지만 현대식 건물이나 밤 장면은 아닌 야외 배경",complex,켄신,38046,11,"mv,triaxis,vv","{""mv"": 31, ""triaxis"": 23, ""vv"": 11}","{""background_complex_v2_scoped_20260506:mv"": 31, ""background_complex_v2_scoped_20260506:triaxis"": 23, ""background_complex_v2_scoped_20260506:vv"": 11}",webdav://13730b09/발송작품/작품/켄신/켄신-112.jpg,38046_켄신-112.jpg,발송작품/작품/켄신/켄신-112.jpg,webdav:/13730b09/발송작품/작품/켄신,/Users/saintiron/Projects/Imagine/thumbnails/38046_켄신-112_thumb.png,jpg,,,"A dimly lit wooden corridor of a traditional Japanese building, with misty atmosphere and soft shadows, evoking a quiet, contemplative mood.","[""traditional_japanese"", ""wooden_corridor"", ""twilight"", ""foggy"", ""melancholic"", ""anime"", ""indoor"", ""depth_of_field""]",background,indoor,,,unknown_legacy,,,repair_required,parse_fallback_legacy,,,,,,,webdav:/13730b09/발송작품/작품/켄신,visual:bg-complex-q0039:38046,diverse_rank=2; source_count=8; visual_group=visual:bg-complex-q0039:38046
bg-complex-q0039,"켄신 자료에서 목조 교량과 강, 전통 건축이 함께 보이지만 현대식 건물이나 밤 장면은 아닌 야외 배경",complex,켄신,38098,11,"fts,triaxis,vv","{""fts"": 35, ""triaxis"": 11, ""vv"": 43}","{""background_complex_v2_scoped_20260506:fts"": 35, ""background_complex_v2_scoped_20260506:triaxis"": 11, ""background_complex_v2_scoped_20260506:vv"": 43}",webdav://13730b09/발송작품/작품/켄신/켄신-162.jpg,38098_켄신-162.jpg,발송작품/작품/켄신/켄신-162.jpg,webdav:/13730b09/발송작품/작품/켄신,/Users/saintiron/Projects/Imagine/thumbnails/38098_켄신-162_thumb.png,jpg,,,"A traditional Japanese shrine rendered in anime style, featuring wooden architecture and a warm, golden background.","[""anime"", ""shrine"", ""traditional_japanese"", ""concept_art"", ""wooden_structure"", ""golden_background"", ""serene""]",illustration,,,,unknown_legacy,,,repair_required,parse_fallback_legacy,,,,,,,webdav:/13730b09/발송작품/작품/켄신,visual:bg-complex-q0039:38098,diverse_rank=7; source_count=8; visual_group=visual:bg-complex-q0039:38098
bg-complex-q0039,"켄신 자료에서 목조 교량과 강, 전통 건축이 함께 보이지만 현대식 건물이나 밤 장면은 아닌 야외 배경",complex,켄신,38019,21,"mv,vv","{""mv"": 21, ""vv"": 24}","{""background_complex_v2_scoped_20260506:mv"": 21, ""background_complex_v2_scoped_20260506:vv"": 24}",webdav://13730b09/발송작품/작품/켄신/켄신-063.jpg,38019_켄신-063.jpg,발송작품/작품/켄신/켄신-063.jpg,webdav:/13730b09/발송작품/작품/켄신,/Users/saintiron/Projects/Imagine/thumbnails/38019_켄신-063_thumb.png,jpg,,,"A traditional Japanese wooden house at sunset, with hanging baskets and wooden barrels, evoking a quiet, nostalgic rural atmosphere.","[""traditional_japanese"", ""sunset"", ""rural"", ""melancholic"", ""anime"", ""wooden_house"", ""hanging_baskets"", ""autumn""]",background,rural,,,unknown_legacy,,,repair_required,parse_fallback_legacy,,,,,,,webdav:/13730b09/발송작품/작품/켄신,visual:bg-complex-q0039:38019,diverse_rank=5; source_count=8; visual_group=visual:bg-complex-q0039:38019
bg-complex-q0040,"다윈즈게임 도시 낮에서 도로와 건물 외관, 밝은 낮하늘이 함께 보이지만 실내나 야경이나 인물 중심은 아닌 도시 배경",complex,다윈즈게임/장소/도시 낮,30073,1,vv,"{""vv"": 1}","{""background_complex_v2_scoped_20260506:vv"": 1}",webdav://13730b09/발송/범선/작품 쫑/다윈즈게임/장소/도시 낮/dwg02_169.psd,dwg02_169.psd,발송/범선/작품 쫑/다윈즈게임/장소/도시 낮/dwg02_169.psd,발송/범선/작품 쫑/다윈즈게임/장소/도시 낮,/Users/saintiron/Projects/Imagine/thumbnails/dwg02_169_thumb.png,psd,1885,1264,"A modern cityscape with tall skyscrapers under a clear blue sky, featuring green trees and a street-level view.","[""cityscape"", ""skyscrapers"", ""urban"", ""modern"", ""3d_render"", ""blue_sky"", ""green_trees"", ""street_view""]",illustration,,,,unknown_legacy,parse_fallback_legacy,"pre-fix: psd-tools failed, fell back to thumbnail-only",repair_required,parse_fallback_legacy,,,,,,,발송/범선/작품 쫑/다윈즈게임/장소/도시 낮,visual:bg-complex-q0040:30073,diverse_rank=4; source_count=8; visual_group=visual:bg-complex-q0040:30073
bg-complex-q0040,"다윈즈게임 도시 낮에서 도로와 건물 외관, 밝은 낮하늘이 함께 보이지만 실내나 야경이나 인물 중심은 아닌 도시 배경",complex,다윈즈게임/장소/도시 낮,30261,1,fts,"{""fts"": 1}","{""background_complex_v2_scoped_20260506:fts"": 1}",webdav://13730b09/발송/범선/작품 쫑/다윈즈게임/장소/도시 낮/dwg04_020.psd,dwg04_020.psd,발송/범선/작품 쫑/다윈즈게임/장소/도시 낮/dwg04_020.psd,발송/범선/작품 쫑/다윈즈게임/장소/도시 낮,/Users/saintiron/Projects/Imagine/thumbnails/dwg04_020_thumb.png,psd,2496,1744,Blue gradient light effect,"[""light"", ""gradient"", ""blue"", ""glow"", ""aura""]",effect,,,,unknown_legacy,parse_fallback_legacy,"pre-fix: psd-tools failed, fell back to thumbnail-only",repair_required,parse_fallback_legacy,,,,,,,발송/범선/작품 쫑/다윈즈게임/장소/도시 낮,visual:bg-complex-q0040:30261,diverse_rank=7; source_count=8; visual_group=visual:bg-complex-q0040:30261
bg-complex-q0040,"다윈즈게임 도시 낮에서 도로와 건물 외관, 밝은 낮하늘이 함께 보이지만 실내나 야경이나 인물 중심은 아닌 도시 배경",complex,다윈즈게임/장소/도시 낮,29912,6,"mv,triaxis","{""mv"": 11, ""triaxis"": 6}","{""background_complex_v2_scoped_20260506:mv"": 11, ""background_complex_v2_scoped_20260506:triaxis"": 6}",webdav://13730b09/발송/범선/작품 쫑/다윈즈게임/장소/도시 낮/dwg01_057_058_362_BG2.psd,dwg01_057_058_362_BG2.psd,발송/범선/작품 쫑/다윈즈게임/장소/도시 낮/dwg01_057_058_362_BG2.psd,발송/범선/작품 쫑/다윈즈게임/장소/도시 낮,/Users/saintiron/Projects/Imagine/thumbnails/dwg01_057_058_362_BG2_thumb.png,psd,1760,1456,"A bright blue sky overlooks a cityscape from a rooftop, with buildings stretching into the distance under clear weather.","[""city"", ""rooftop"", ""blue_sky"", ""urban"", ""anime"", ""modern_buildings"", ""noon"", ""clear_weather""]",background,urban,,,unknown_legacy,parse_fallback_legacy,"pre-fix: psd-tools failed, fell back to thumbnail-only",repair_required,parse_fallback_legacy,,,,,,,발송/범선/작품 쫑/다윈즈게임/장소/도시 낮,visual:bg-complex-q0040:29912,diverse_rank=1; source_count=8; visual_group=visual:bg-complex-q0040:29912
bg-complex-q0040,"다윈즈게임 도시 낮에서 도로와 건물 외관, 밝은 낮하늘이 함께 보이지만 실내나 야경이나 인물 중심은 아닌 도시 배경",complex,다윈즈게임/장소/도시 낮,30056,6,mv,"{""mv"": 6}","{""background_complex_v2_scoped_20260506:mv"": 6}",webdav://13730b09/발송/범선/작품 쫑/다윈즈게임/장소/도시 낮/dwg02_100.psd,dwg02_100.psd,발송/범선/작품 쫑/다윈즈게임/장소/도시 낮/dwg02_100.psd,발송/범선/작품 쫑/다윈즈게임/장소/도시 낮,/Users/saintiron/Projects/Imagine/thumbnails/dwg02_100_thumb.png,psd,1744,1288,A bustling urban street with towering buildings and vibrant neon signs under clear skies.,"[""city"", ""urban"", ""neon"", ""modern"", ""3d_render"", ""street"", ""buildings"", ""sunset""]",background,urban,,,unknown_legacy,parse_fallback_legacy,"pre-fix: psd-tools failed, fell back to thumbnail-only",repair_required,parse_fallback_legacy,,,,,,,발송/범선/작품 쫑/다윈즈게임/장소/도시 낮,visual:bg-complex-q0040:30056,diverse_rank=5; source_count=8; visual_group=visual:bg-complex-q0040:30056
bg-complex-q0040,"다윈즈게임 도시 낮에서 도로와 건물 외관, 밝은 낮하늘이 함께 보이지만 실내나 야경이나 인물 중심은 아닌 도시 배경",complex,다윈즈게임/장소/도시 낮,30312,6,"mv,triaxis,vv","{""mv"": 33, ""triaxis"": 25, ""vv"": 6}","{""background_complex_v2_scoped_20260506:mv"": 33, ""background_complex_v2_scoped_20260506:triaxis"": 25, ""background_complex_v2_scoped_20260506:vv"": 6}",webdav://13730b09/발송/범선/작품 쫑/다윈즈게임/장소/도시 낮/dwg05_197.psd,dwg05_197.psd,발송/범선/작품 쫑/다윈즈게임/장소/도시 낮/dwg05_197.psd,발송/범선/작품 쫑/다윈즈게임/장소/도시 낮,/Users/saintiron/Projects/Imagine/thumbnails/dwg05_197_thumb.png,psd,1794,1087,"A serene urban street with modern buildings, greenery, and orange traffic cones under clear daylight.","[""urban"", ""modern"", ""anime"", ""street"", ""greenery"", ""traffic_cones"", ""clear_sky"", ""peaceful""]",background,urban,,,unknown_legacy,parse_fallback_legacy,"pre-fix: psd-tools failed, fell back to thumbnail-only",repair_required,parse_fallback_legacy,,,,,,,발송/범선/작품 쫑/다윈즈게임/장소/도시 낮,visual:bg-complex-q0040:30312,diverse_rank=8; source_count=8; visual_group=visual:bg-complex-q0040:30312
bg-complex-q0040,"다윈즈게임 도시 낮에서 도로와 건물 외관, 밝은 낮하늘이 함께 보이지만 실내나 야경이나 인물 중심은 아닌 도시 배경",complex,다윈즈게임/장소/도시 낮,29937,11,"mv,triaxis","{""mv"": 12, ""triaxis"": 11}","{""background_complex_v2_scoped_20260506:mv"": 12, ""background_complex_v2_scoped_20260506:triaxis"": 11}",webdav://13730b09/발송/범선/작품 쫑/다윈즈게임/장소/도시 낮/dwg01_165.psd,dwg01_165.psd,발송/범선/작품 쫑/다윈즈게임/장소/도시 낮/dwg01_165.psd,발송/범선/작품 쫑/다윈즈게임/장소/도시 낮,/Users/saintiron/Projects/Imagine/thumbnails/dwg01_165_thumb.png,psd,2095,2008,"A modern urban street scene with a pedestrian crossing, surrounded by contemporary buildings under clear skies.","[""urban"", ""modern architecture"", ""pedestrian crossing"", ""clear sky"", ""noon"", ""3d render""]",background,urban,,,unknown_legacy,parse_fallback_legacy,"pre-fix: psd-tools failed, fell back to thumbnail-only",repair_required,parse_fallback_legacy,,,,,,,발송/범선/작품 쫑/다윈즈게임/장소/도시 낮,visual:bg-complex-q0040:29937,diverse_rank=2; source_count=8; visual_group=visual:bg-complex-q0040:29937
bg-complex-q0040,"다윈즈게임 도시 낮에서 도로와 건물 외관, 밝은 낮하늘이 함께 보이지만 실내나 야경이나 인물 중심은 아닌 도시 배경",complex,다윈즈게임/장소/도시 낮,30185,11,"mv,triaxis,vv","{""mv"": 21, ""triaxis"": 15, ""vv"": 11}","{""background_complex_v2_scoped_20260506:mv"": 21, ""background_complex_v2_scoped_20260506:triaxis"": 15, ""background_complex_v2_scoped_20260506:vv"": 11}",webdav://13730b09/발송/범선/작품 쫑/다윈즈게임/장소/도시 낮/dwg03_182.psd,dwg03_182.psd,발송/범선/작품 쫑/다윈즈게임/장소/도시 낮/dwg03_182.psd,발송/범선/작품 쫑/다윈즈게임/장소/도시 낮,/Users/saintiron/Projects/Imagine/thumbnails/dwg03_182_thumb.png,psd,1864,1760,"A vibrant urban street scene under a clear blue sky, with modern buildings and a sense of calm.","[""urban"", ""anime"", ""modern"", ""blue_sky"", ""clear_weather"", ""noon"", ""peaceful"", ""cityscape""]",background,urban,,,unknown_legacy,parse_fallback_legacy,"pre-fix: psd-tools failed, fell back to thumbnail-only",repair_required,parse_fallback_legacy,,,,,,,발송/범선/작품 쫑/다윈즈게임/장소/도시 낮,visual:bg-complex-q0040:30033,diverse_rank=6; source_count=8; visual_group=visual:bg-complex-q0040:30033
bg-complex-q0040,"다윈즈게임 도시 낮에서 도로와 건물 외관, 밝은 낮하늘이 함께 보이지만 실내나 야경이나 인물 중심은 아닌 도시 배경",complex,다윈즈게임/장소/도시 낮,29960,21,"mv,triaxis,vv","{""mv"": 26, ""triaxis"": 21, ""vv"": 33}","{""background_complex_v2_scoped_20260506:mv"": 26, ""background_complex_v2_scoped_20260506:triaxis"": 21, ""background_complex_v2_scoped_20260506:vv"": 33}",webdav://13730b09/발송/범선/작품 쫑/다윈즈게임/장소/도시 낮/dwg01_208.psd,dwg01_208.psd,발송/범선/작품 쫑/다윈즈게임/장소/도시 낮/dwg01_208.psd,발송/범선/작품 쫑/다윈즈게임/장소/도시 낮,/Users/saintiron/Projects/Imagine/thumbnails/dwg01_208_thumb.png,psd,1760,1352,"A serene urban street bathed in golden hour light, framed by lush green trees and modern buildings.","[""urban"", ""golden_hour"", ""trees"", ""modern_buildings"", ""anime_style"", ""peaceful"", ""summer""]",background,urban,,,unknown_legacy,parse_fallback_legacy,"pre-fix: psd-tools failed, fell back to thumbnail-only",repair_required,parse_fallback_legacy,,,,,,,발송/범선/작품 쫑/다윈즈게임/장소/도시 낮,visual:bg-complex-q0040:29960,diverse_rank=3; source_count=8; visual_group=visual:bg-complex-q0040:29960
