query_id,query_text,query_type,item_id,best_rank,engines,engine_ranks,run_ranks,file_path,file_name,relative_path,folder_path,thumbnail_url,format,width,height,mc_caption,ai_tags,image_type,scene_type,time_of_day,weather,caption_model,processing_status,processing_error,metadata_status,metadata_issue,suggested_relevance,suggested_label_source,suggested_label_version,reviewer_relevance,reviewer_id,review_notes,source_group,visual_group,diversity_note
bg-complex-q0001,기절용사와 암살공주 #08/bg에서 밤하늘과 달이 함께 보이고 성이나 마을 조명이 있는 배경,complex,58570,1,mv,"{""mv"": 1}","{""background_complex_v1_20260506:mv"": 1}",webdav://13730b09/예비/작품2/대마도학원35시험 소대/BG/TM#05_146.psd,58570_TM#05_146.psd,예비/작품2/대마도학원35시험 소대/BG/TM#05_146.psd,BG,/Users/saintiron/Projects/Imagine/thumbnails/58570_TM#05_146_thumb.png,psd,1979,1392,"Night scene with brick wall, trees, power lines, and streetlight under cloudy sky.","[""night"", ""brick wall"", ""trees"", ""power lines"", ""streetlight"", ""clouds"", ""sky""]",background,,,,Qwen/Qwen3.5-9B,,,ok,,,,,,,,BG,visual:bg-complex-q0001:58570,diverse_rank=1; source_count=3; visual_group=visual:bg-complex-q0001:58570
bg-complex-q0001,기절용사와 암살공주 #08/bg에서 밤하늘과 달이 함께 보이고 성이나 마을 조명이 있는 배경,complex,58067,2,mv,"{""mv"": 2}","{""background_complex_v1_20260506:mv"": 2}",webdav://13730b09/예비/작품2/대마도학원35시험 소대/제작회사BG/#2/TM#02_334.psd,58067_TM#02_334.psd,예비/작품2/대마도학원35시험 소대/제작회사BG/#2/TM#02_334.psd,#2,/Users/saintiron/Projects/Imagine/thumbnails/58067_TM#02_334_thumb.png,psd,1674,1182,"Night scene with water, trees, and street lamps under a dark sky.","[""water"", ""trees"", ""street lamps"", ""night"", ""dark sky""]",background,,,,Qwen/Qwen3.5-9B,,,ok,,,,,,,,#2,visual:bg-complex-q0001:58067,diverse_rank=2; source_count=3; visual_group=visual:bg-complex-q0001:58067
bg-complex-q0001,기절용사와 암살공주 #08/bg에서 밤하늘과 달이 함께 보이고 성이나 마을 조명이 있는 배경,complex,60044,4,mv,"{""mv"": 4}","{""background_complex_v1_20260506:mv"": 4}",webdav://13730b09/예비/마법과고교의 우등생/#13/BG/mky13_084.psd,60044_mky13_084.psd,예비/마법과고교의 우등생/#13/BG/mky13_084.psd,BG,/Users/saintiron/Projects/Imagine/thumbnails/60044_mky13_084_thumb.png,psd,1867,1298,"Night sky with stars, clouds, and a shooting star.","[""night sky"", ""stars"", ""clouds"", ""shooting star"", ""dark blue""]",background,,,,Qwen/Qwen3.5-9B,,,ok,,,,,,,,BG,visual:bg-complex-q0001:60044,diverse_rank=3; source_count=3; visual_group=visual:bg-complex-q0001:60044
bg-complex-q0001,기절용사와 암살공주 #08/bg에서 밤하늘과 달이 함께 보이고 성이나 마을 조명이 있는 배경,complex,58105,9,mv,"{""mv"": 9}","{""background_complex_v1_20260506:mv"": 9}",webdav://13730b09/예비/작품2/대마도학원35시험 소대/제작회사BG/#1/TM#01_013.psd,58105_TM#01_013.psd,예비/작품2/대마도학원35시험 소대/제작회사BG/#1/TM#01_013.psd,#1,/Users/saintiron/Projects/Imagine/thumbnails/58105_TM#01_013_thumb.png,psd,2325,1647,Night sky with clouds and stars above a building corner.,"[""night sky"", ""clouds"", ""stars"", ""building"", ""window"", ""balcony"", ""dark blue""]",background,,,,Qwen/Qwen3.5-9B,,,ok,,,,,,,,#1,visual:bg-complex-q0001:58105,diverse_rank=4; source_count=1; visual_group=visual:bg-complex-q0001:58105
bg-complex-q0001,기절용사와 암살공주 #08/bg에서 밤하늘과 달이 함께 보이고 성이나 마을 조명이 있는 배경,complex,57435,10,mv,"{""mv"": 10}","{""background_complex_v1_20260506:mv"": 10}",webdav://13730b09/예비/작품2/대마도학원35시험 소대/제작회사BG/건물/TM#02_354.psd,57435_TM#02_354.psd,예비/작품2/대마도학원35시험 소대/제작회사BG/건물/TM#02_354.psd,건물,/Users/saintiron/Projects/Imagine/thumbnails/57435_TM#02_354_thumb.png,psd,2325,1642,Nighttime cityscape with illuminated buildings and dark sky,"[""cityscape"", ""night"", ""buildings"", ""lights"", ""sky"", ""urban"", ""darkness"", ""windows""]",background,,,,Qwen/Qwen3.5-9B,,,ok,,,,,,,,건물,visual:bg-complex-q0001:57435,diverse_rank=5; source_count=3; visual_group=visual:bg-complex-q0001:57435
bg-complex-q0001,기절용사와 암살공주 #08/bg에서 밤하늘과 달이 함께 보이고 성이나 마을 조명이 있는 배경,complex,58077,11,mv,"{""mv"": 11}","{""background_complex_v1_20260506:mv"": 11}",webdav://13730b09/예비/작품2/대마도학원35시험 소대/제작회사BG/#2/TM#02_345.psd,58077_TM#02_345.psd,예비/작품2/대마도학원35시험 소대/제작회사BG/#2/TM#02_345.psd,#2,/Users/saintiron/Projects/Imagine/thumbnails/58077_TM#02_345_thumb.png,psd,1681,1186,"A dark, moody night scene with trees, streetlamps, and a fence under a cloudy sky.","[""night"", ""streetlamps"", ""trees"", ""fence"", ""clouds"", ""pavement"", ""dark"", ""moody""]",background,,,,Qwen/Qwen3.5-9B,,,ok,,,,,,,,#2,visual:bg-complex-q0001:58077,diverse_rank=6; source_count=3; visual_group=visual:bg-complex-q0001:58077
bg-complex-q0001,기절용사와 암살공주 #08/bg에서 밤하늘과 달이 함께 보이고 성이나 마을 조명이 있는 배경,complex,60043,12,mv,"{""mv"": 12}","{""background_complex_v1_20260506:mv"": 12}",webdav://13730b09/예비/마법과고교의 우등생/#13/BG/mky13_083.psd,60043_mky13_083.psd,예비/마법과고교의 우등생/#13/BG/mky13_083.psd,BG,/Users/saintiron/Projects/Imagine/thumbnails/60043_mky13_083_thumb.png,psd,1854,1292,"Night sky with stars, clouds, and a shooting star over blue buildings.","[""night sky"", ""stars"", ""clouds"", ""shooting star"", ""blue buildings"", ""architecture"", ""nighttime"", ""space""]",background,,,,Qwen/Qwen3.5-9B,,,ok,,,,,,,,BG,visual:bg-complex-q0001:60043,diverse_rank=7; source_count=3; visual_group=visual:bg-complex-q0001:60043
bg-complex-q0001,기절용사와 암살공주 #08/bg에서 밤하늘과 달이 함께 보이고 성이나 마을 조명이 있는 배경,complex,57384,15,vv,"{""vv"": 15}","{""background_complex_v1_20260506:vv"": 15}",webdav://13730b09/예비/작품2/대마도학원35시험 소대/제작회사BG/건물/TM#01_101_235.psd,57384_TM#01_101_235.psd,예비/작품2/대마도학원35시험 소대/제작회사BG/건물/TM#01_101_235.psd,건물,/Users/saintiron/Projects/Imagine/thumbnails/57384_TM#01_101_235_thumb.png,psd,2838,2131,A moonlit urban alleyway under an overpass with buildings and railings.,"[""moon"", ""overpass"", ""building"", ""streetlight"", ""railings"", ""night"", ""concrete""]",illustration,,,,Qwen/Qwen3.5-9B,,,ok,,,,,,,,건물,visual:bg-complex-q0001:57384,diverse_rank=8; source_count=3; visual_group=visual:bg-complex-q0001:57384
bg-complex-q0001,기절용사와 암살공주 #08/bg에서 밤하늘과 달이 함께 보이고 성이나 마을 조명이 있는 배경,complex,57402,18,vv,"{""vv"": 18}","{""background_complex_v1_20260506:vv"": 18}",webdav://13730b09/예비/작품2/대마도학원35시험 소대/제작회사BG/건물/TM#01_283.psd,57402_TM#01_283.psd,예비/작품2/대마도학원35시험 소대/제작회사BG/건물/TM#01_283.psd,건물,/Users/saintiron/Projects/Imagine/thumbnails/57402_TM#01_283_thumb.png,psd,2365,1187,"Nighttime industrial area with warehouses, cranes, and city skyline in background.","[""night"", ""industrial"", ""warehouse"", ""crane"", ""cityscape"", ""dark"", ""urban""]",background,,,,Qwen/Qwen3.5-9B,,,ok,,,,,,,,건물,visual:bg-complex-q0001:57402,diverse_rank=9; source_count=3; visual_group=visual:bg-complex-q0001:57402
bg-complex-q0001,기절용사와 암살공주 #08/bg에서 밤하늘과 달이 함께 보이고 성이나 마을 조명이 있는 배경,complex,58063,19,mv,"{""mv"": 19}","{""background_complex_v1_20260506:mv"": 19}",webdav://13730b09/예비/작품2/대마도학원35시험 소대/제작회사BG/#2/TM#02_329.psd,58063_TM#02_329.psd,예비/작품2/대마도학원35시험 소대/제작회사BG/#2/TM#02_329.psd,#2,/Users/saintiron/Projects/Imagine/thumbnails/58063_TM#02_329_thumb.png,psd,1681,1186,"Night scene with trees, street lamps, and a building under a cloudy sky.","[""night"", ""trees"", ""street lamps"", ""building"", ""clouds"", ""sky"", ""silhouette""]",background,,,,Qwen/Qwen3.5-9B,,,ok,,,,,,,,#2,visual:bg-complex-q0001:58063,diverse_rank=10; source_count=3; visual_group=visual:bg-complex-q0001:58063
bg-complex-q0002,로네느의집 거실에서 창문과 책장이 함께 보이고 생활감 있는 실내 가구가 배치된 배경,complex,57352,1,fts,"{""fts"": 1}","{""background_complex_v1_20260506:fts"": 1}",webdav://13730b09/예비/작품2/대마도학원35시험 소대/택처/창문.psd,57352_창문.psd,예비/작품2/대마도학원35시험 소대/택처/창문.psd,택처,/Users/saintiron/Projects/Imagine/thumbnails/57352_창문_thumb.png,psd,1701,1701,A four-pane window frame with a modern design.,"[""window"", ""frame"", ""pane"", ""modern"", ""gray"", ""rectangular"", ""interior""]",item,,,,Qwen/Qwen3.5-9B,,,ok,,,,,,,,택처,visual:bg-complex-q0002:57352,diverse_rank=1; source_count=1; visual_group=visual:bg-complex-q0002:57352
bg-complex-q0002,로네느의집 거실에서 창문과 책장이 함께 보이고 생활감 있는 실내 가구가 배치된 배경,complex,58180,1,mv,"{""mv"": 1}","{""background_complex_v1_20260506:mv"": 1}",webdav://13730b09/예비/작품2/대마도학원35시험 소대/제작회사BG/#1/TM#01_088.psd,58180_TM#01_088.psd,예비/작품2/대마도학원35시험 소대/제작회사BG/#1/TM#01_088.psd,#1,/Users/saintiron/Projects/Imagine/thumbnails/58180_TM#01_088_thumb.png,psd,1667,1194,"A room corner with a bookshelf, window, and wooden furniture.","[""bookshelf"", ""window"", ""wall"", ""furniture"", ""plant"", ""bed"", ""shelves"", ""indoor""]",background,,,,Qwen/Qwen3.5-9B,,,ok,,,,,,,,#1,visual:bg-complex-q0002:58180,diverse_rank=2; source_count=3; visual_group=visual:bg-complex-q0002:58180
bg-complex-q0002,로네느의집 거실에서 창문과 책장이 함께 보이고 생활감 있는 실내 가구가 배치된 배경,complex,58303,1,"mv,vv","{""mv"": 4, ""vv"": 1}","{""background_complex_v1_20260506:mv"": 4, ""background_complex_v1_20260506:vv"": 1}",webdav://13730b09/예비/작품2/대마도학원35시험 소대/제작회사BG/#1/TM#01_250.psd,58303_TM#01_250.psd,예비/작품2/대마도학원35시험 소대/제작회사BG/#1/TM#01_250.psd,#1,/Users/saintiron/Projects/Imagine/thumbnails/58303_TM#01_250_thumb.png,psd,1668,1183,"A cozy room with a red sofa, chair, bookshelf, and large windows.","[""sofa"", ""chair"", ""bookshelf"", ""windows"", ""plants"", ""fan"", ""curtain"", ""stairs""]",background,,,,Qwen/Qwen3.5-9B,,,ok,,,,,,,,#1,visual:bg-complex-q0002:58303,diverse_rank=3; source_count=3; visual_group=visual:bg-complex-q0002:58303
bg-complex-q0002,로네느의집 거실에서 창문과 책장이 함께 보이고 생활감 있는 실내 가구가 배치된 배경,complex,58409,2,fts,"{""fts"": 2}","{""background_complex_v1_20260506:fts"": 2}",webdav://13730b09/예비/작품2/대마도학원35시험 소대/설정/사이온지 집 실내.jpg,58409_사이온지 집 실내.jpg,예비/작품2/대마도학원35시험 소대/설정/사이온지 집 실내.jpg,설정,/Users/saintiron/Projects/Imagine/thumbnails/58409_사이온지 집 실내_thumb.png,jpg,2866,2024,"Line art of a formal office interior with desk, fireplace, and windows","[""desk"", ""fireplace"", ""windows"", ""curtains"", ""character"", ""plant""]",illustration,,,,Qwen/Qwen3.5-9B,,,ok,,,,,,,,설정,visual:bg-complex-q0002:58409,diverse_rank=4; source_count=1; visual_group=visual:bg-complex-q0002:58409
bg-complex-q0002,로네느의집 거실에서 창문과 책장이 함께 보이고 생활감 있는 실내 가구가 배치된 배경,complex,58292,5,mv,"{""mv"": 5}","{""background_complex_v1_20260506:mv"": 5}",webdav://13730b09/예비/작품2/대마도학원35시험 소대/제작회사BG/#1/TM#01_238.psd,58292_TM#01_238.psd,예비/작품2/대마도학원35시험 소대/제작회사BG/#1/TM#01_238.psd,#1,/Users/saintiron/Projects/Imagine/thumbnails/58292_TM#01_238_thumb.png,psd,1668,1187,"Interior scene with red sofa, books, plant, and draped fabric near windows.","[""sofa"", ""books"", ""plant"", ""windows"", ""fabric"", ""wall"", ""indoor"", ""furniture""]",illustration,,,,Qwen/Qwen3.5-9B,,,ok,,,,,,,,#1,visual:bg-complex-q0002:58292,diverse_rank=5; source_count=3; visual_group=visual:bg-complex-q0002:58292
bg-complex-q0002,로네느의집 거실에서 창문과 책장이 함께 보이고 생활감 있는 실내 가구가 배치된 배경,complex,31472,6,"mv,vv","{""mv"": 12, ""vv"": 6}","{""background_complex_v1_20260506:mv"": 12, ""background_complex_v1_20260506:vv"": 6}",/Users/saintiron/imageDB/마캬베리즈무/실내소품/MM15_007.psd,MM15_007.psd,MM15_007.psd,실내소품,/Users/saintiron/Projects/Imagine/thumbnails/MM15_007_thumb.png,psd,2254,2059,"A cozy corner with wooden shelves, plants, and framed photos near a bright window.","[""shelves"", ""plants"", ""framed photos"", ""window"", ""wooden wall"", ""natural light"", ""indoor scene"", ""decor""]",background,,,,Qwen/Qwen3.5-9B,vision_done,,ok,,,,,,,,실내소품,visual:bg-complex-q0002:31472,diverse_rank=6; source_count=3; visual_group=visual:bg-complex-q0002:31472
bg-complex-q0002,로네느의집 거실에서 창문과 책장이 함께 보이고 생활감 있는 실내 가구가 배치된 배경,complex,31512,9,mv,"{""mv"": 9}","{""background_complex_v1_20260506:mv"": 9}",/Users/saintiron/imageDB/마캬베리즈무/실내소품/pf46_007.psd,pf46_007.psd,pf46_007.psd,실내소품,/Users/saintiron/Projects/Imagine/thumbnails/pf46_007_thumb.png,psd,1871,2072,Green sofa on pink rug with small table and books nearby,"[""sofa"", ""rug"", ""table"", ""books"", ""wall"", ""window"", ""floor"", ""shadows""]",illustration,,,,Qwen/Qwen3.5-9B,vision_done,,ok,,,,,,,,실내소품,visual:bg-complex-q0002:31512,diverse_rank=7; source_count=3; visual_group=visual:bg-complex-q0002:31512
bg-complex-q0002,로네느의집 거실에서 창문과 책장이 함께 보이고 생활감 있는 실내 가구가 배치된 배경,complex,31516,11,mv,"{""mv"": 11}","{""background_complex_v1_20260506:mv"": 11}",/Users/saintiron/imageDB/마캬베리즈무/실내소품/pf46_011.psd,pf46_011.psd,pf46_011.psd,실내소품,/Users/saintiron/Projects/Imagine/thumbnails/pf46_011_thumb.png,psd,1654,1145,"A dimly lit room with a green sofa, open door, and staircase.","[""sofa"", ""door"", ""staircase"", ""window"", ""rug"", ""table"", ""books"", ""wall""]",background,,,,Qwen/Qwen3.5-9B,vision_done,,ok,,,,,,,,실내소품,visual:bg-complex-q0002:31516,diverse_rank=8; source_count=3; visual_group=visual:bg-complex-q0002:31516
bg-complex-q0002,로네느의집 거실에서 창문과 책장이 함께 보이고 생활감 있는 실내 가구가 배치된 배경,complex,58475,16,mv,"{""mv"": 16}","{""background_complex_v1_20260506:mv"": 16}",webdav://13730b09/예비/작품2/대마도학원35시험 소대/보도/사이온지 집 실내.psd,58475_사이온지 집 실내.psd,예비/작품2/대마도학원35시험 소대/보도/사이온지 집 실내.psd,보도,/Users/saintiron/Projects/Imagine/thumbnails/58475_사이온지 집 실내_thumb.png,psd,2778,2024,"A detailed anime-style interior of a formal room with wooden furniture, windows, and decorative elements.","[""office"", ""desk"", ""bookshelf"", ""windows"", ""painting"", ""plant"", ""fireplace"", ""door""]",background,,,,Qwen/Qwen3.5-9B,,,ok,,,,,,,,보도,visual:bg-complex-q0002:58475,diverse_rank=9; source_count=1; visual_group=visual:bg-complex-q0002:58475
bg-complex-q0003,홍콩사무실에서 큰 창문 너머 도시 전망이 보이고 소파나 라운지 좌석이 있는 실내 배경,complex,31237,1,"mv,triaxis,vv","{""mv"": 12, ""triaxis"": 3, ""vv"": 1}","{""background_complex_v1_20260506:mv"": 12, ""background_complex_v1_20260506:triaxis"": 3, ""background_complex_v1_20260506:vv"": 1}",/Users/saintiron/imageDB/마캬베리즈무/실내소품/apart-inside-2.psd,apart-inside-2.psd,apart-inside-2.psd,실내소품,/Users/saintiron/Projects/Imagine/thumbnails/apart-inside-2_thumb.png,psd,1578,1142,"A living room with a sectional sofa, coffee table, and large window.","[""sofa"", ""coffee table"", ""window"", ""curtains"", ""plant"", ""floor"", ""building"", ""wall""]",background,,,,Qwen/Qwen3.5-9B,vision_done,,ok,,,,,,,,실내소품,visual:bg-complex-q0003:31237,diverse_rank=1; source_count=3; visual_group=visual:bg-complex-q0003:31237
bg-complex-q0003,홍콩사무실에서 큰 창문 너머 도시 전망이 보이고 소파나 라운지 좌석이 있는 실내 배경,complex,31433,1,"mv,triaxis","{""mv"": 8, ""triaxis"": 1}","{""background_complex_v1_20260506:mv"": 8, ""background_complex_v1_20260506:triaxis"": 1}",/Users/saintiron/imageDB/마캬베리즈무/실내소품/LCCBG005AA_R - 복사본.psd,LCCBG005AA_R - 복사본.psd,LCCBG005AA_R - 복사본.psd,실내소품,/Users/saintiron/Projects/Imagine/thumbnails/LCCBG005AA_R - 복사본_thumb.png,psd,2338,1653,"Modern living room with city view, sofa, TV, and armchairs","[""living room"", ""sofa"", ""armchairs"", ""coffee table"", ""TV"", ""windows"", ""curtains"", ""cityscape""]",background,,,,Qwen/Qwen3.5-9B,vision_done,,ok,,,,,,,,실내소품,visual:bg-complex-q0003:31433,diverse_rank=2; source_count=3; visual_group=visual:bg-complex-q0003:31433
bg-complex-q0003,홍콩사무실에서 큰 창문 너머 도시 전망이 보이고 소파나 라운지 좌석이 있는 실내 배경,complex,57352,1,fts,"{""fts"": 1}","{""background_complex_v1_20260506:fts"": 1}",webdav://13730b09/예비/작품2/대마도학원35시험 소대/택처/창문.psd,57352_창문.psd,예비/작품2/대마도학원35시험 소대/택처/창문.psd,택처,/Users/saintiron/Projects/Imagine/thumbnails/57352_창문_thumb.png,psd,1701,1701,A four-pane window frame with a modern design.,"[""window"", ""frame"", ""pane"", ""modern"", ""gray"", ""rectangular"", ""interior""]",item,,,,Qwen/Qwen3.5-9B,,,ok,,,,,,,,택처,visual:bg-complex-q0003:57352,diverse_rank=3; source_count=1; visual_group=visual:bg-complex-q0003:57352
bg-complex-q0003,홍콩사무실에서 큰 창문 너머 도시 전망이 보이고 소파나 라운지 좌석이 있는 실내 배경,complex,57438,3,"mv,triaxis,vv","{""mv"": 3, ""triaxis"": 5, ""vv"": 3}","{""background_complex_v1_20260506:mv"": 3, ""background_complex_v1_20260506:triaxis"": 5, ""background_complex_v1_20260506:vv"": 3}",webdav://13730b09/예비/작품2/대마도학원35시험 소대/제작회사BG/건물/TM#04_156.psd,57438_TM#04_156.psd,예비/작품2/대마도학원35시험 소대/제작회사BG/건물/TM#04_156.psd,건물,/Users/saintiron/Projects/Imagine/thumbnails/57438_TM#04_156_thumb.png,psd,1681,1194,Dark cityscape view through large windows in a modern interior room.,"[""cityscape"", ""windows"", ""interior"", ""night"", ""skyscrapers"", ""modern"", ""dark""]",background,,,,Qwen/Qwen3.5-9B,,,ok,,,,,,,,건물,visual:bg-complex-q0003:57438,diverse_rank=4; source_count=1; visual_group=visual:bg-complex-q0003:57438
bg-complex-q0003,홍콩사무실에서 큰 창문 너머 도시 전망이 보이고 소파나 라운지 좌석이 있는 실내 배경,complex,31238,4,"triaxis,vv","{""triaxis"": 4, ""vv"": 19}","{""background_complex_v1_20260506:triaxis"": 4, ""background_complex_v1_20260506:vv"": 19}",/Users/saintiron/imageDB/마캬베리즈무/실내소품/apart-inside..psd,apart-inside..psd,apart-inside..psd,실내소품,/Users/saintiron/Projects/Imagine/thumbnails/apart-inside._thumb.png,psd,1600,1200,"A modern living room with a sectional sofa, coffee table, and city view.","[""sofa"", ""coffee table"", ""curtains"", ""cityscape"", ""pendant lights"", ""painting"", ""potted plants"", ""wooden floor""]",background,,,,Qwen/Qwen3.5-9B,vision_done,,ok,,,,,,,,실내소품,visual:bg-complex-q0003:31238,diverse_rank=5; source_count=3; visual_group=visual:bg-complex-q0003:31238
bg-complex-q0003,홍콩사무실에서 큰 창문 너머 도시 전망이 보이고 소파나 라운지 좌석이 있는 실내 배경,complex,58519,4,mv,"{""mv"": 4}","{""background_complex_v1_20260506:mv"": 4}",webdav://13730b09/예비/작품2/대마도학원35시험 소대/보도/혼데드의 방 밤.psd,58519_혼데드의 방 밤.psd,예비/작품2/대마도학원35시험 소대/보도/혼데드의 방 밤.psd,보도,/Users/saintiron/Projects/Imagine/thumbnails/58519_혼데드의 방 밤_thumb.png,psd,2769,1930,Nighttime office interior with city view and modern furniture,"[""office"", ""night"", ""cityscape"", ""furniture"", ""interior"", ""modern"", ""windows"", ""dark""]",illustration,,,,Qwen/Qwen3.5-9B,,,ok,,,,,,,,보도,visual:bg-complex-q0003:58519,diverse_rank=6; source_count=2; visual_group=visual:bg-complex-q0003:58519
bg-complex-q0003,홍콩사무실에서 큰 창문 너머 도시 전망이 보이고 소파나 라운지 좌석이 있는 실내 배경,complex,58479,6,"mv,triaxis","{""mv"": 7, ""triaxis"": 6}","{""background_complex_v1_20260506:mv"": 7, ""background_complex_v1_20260506:triaxis"": 6}",webdav://13730b09/예비/작품2/대마도학원35시험 소대/보도/아르케미스트 본사 사장실 어두운석양.psd,58479_아르케미스트 본사 사장실 어두운석양.psd,예비/작품2/대마도학원35시험 소대/보도/아르케미스트 본사 사장실 어두운석양.psd,보도,/Users/saintiron/Projects/Imagine/thumbnails/58479_아르케미스트 본사 사장실 어두운석양_thumb.png,psd,2674,1994,Sunset view of a modern office with large windows and leather furniture,"[""office"", ""leather sofa"", ""windows"", ""sunset"", ""plants"", ""modern interior"", ""desk"", ""wall shelves""]",background,,,,Qwen/Qwen3.5-9B,,,ok,,,,,,,,보도,visual:bg-complex-q0003:58479,diverse_rank=7; source_count=2; visual_group=visual:bg-complex-q0003:58479
bg-complex-q0003,홍콩사무실에서 큰 창문 너머 도시 전망이 보이고 소파나 라운지 좌석이 있는 실내 배경,complex,57824,7,"mv,vv","{""mv"": 18, ""vv"": 7}","{""background_complex_v1_20260506:mv"": 18, ""background_complex_v1_20260506:vv"": 7}",webdav://13730b09/예비/작품2/대마도학원35시험 소대/제작회사BG/#2/TM#02_028.psd,57824_TM#02_028.psd,예비/작품2/대마도학원35시험 소대/제작회사BG/#2/TM#02_028.psd,#2,/Users/saintiron/Projects/Imagine/thumbnails/57824_TM#02_028_thumb.png,psd,1979,1176,Dark office interior seen through vertical window bars at night.,"[""office"", ""window"", ""night"", ""bars"", ""interior"", ""darkness"", ""building""]",illustration,,,,Qwen/Qwen3.5-9B,,,ok,,,,,,,,#2,visual:bg-complex-q0003:57824,diverse_rank=8; source_count=1; visual_group=visual:bg-complex-q0003:57824
bg-complex-q0003,홍콩사무실에서 큰 창문 너머 도시 전망이 보이고 소파나 라운지 좌석이 있는 실내 배경,complex,56777,8,vv,"{""vv"": 8}","{""background_complex_v1_20260506:vv"": 8}",webdav://13730b09/발송/외주 회사/빔 studio/메탈#07/bg/MR07_056_BG_수정.psd,56777_MR07_056_BG_수정.psd,발송/외주 회사/빔 studio/메탈#07/bg/MR07_056_BG_수정.psd,bg,/Users/saintiron/Projects/Imagine/thumbnails/56777_MR07_056_BG_수정_thumb.png,psd,1847,1315,A translucent figure sits on a dark tufted sofa in a modern room.,"[""sofa"", ""figure"", ""translucent"", ""modern interior"", ""blue tones""]",illustration,,,,Qwen/Qwen3.5-9B,,,ok,,,,,,,,bg,visual:bg-complex-q0003:56777,diverse_rank=9; source_count=1; visual_group=visual:bg-complex-q0003:56777
bg-complex-q0003,홍콩사무실에서 큰 창문 너머 도시 전망이 보이고 소파나 라운지 좌석이 있는 실내 배경,complex,28709,10,mv,"{""mv"": 10}","{""background_complex_v1_20260506:mv"": 10}",/Users/saintiron/imageDB/마캬베리즈무/장소/강다외부/agm03_213.psd,agm03_213.psd,agm03_213.psd,강다외부,/Users/saintiron/Projects/Imagine/thumbnails/agm03_213_thumb.png,psd,1716,1211,A sketch of a girl's face seen through a window frame.,"[""girl"", ""face"", ""sketch"", ""window"", ""frame""]",illustration,,,,Qwen/Qwen3.5-9B,vision_done,,ok,,,,,,,,강다외부,visual:bg-complex-q0003:28709,diverse_rank=10; source_count=1; visual_group=visual:bg-complex-q0003:28709
bg-complex-q0003,홍콩사무실에서 큰 창문 너머 도시 전망이 보이고 소파나 라운지 좌석이 있는 실내 배경,complex,58143,11,"mv,triaxis","{""mv"": 11, ""triaxis"": 13}","{""background_complex_v1_20260506:mv"": 11, ""background_complex_v1_20260506:triaxis"": 13}",webdav://13730b09/예비/작품2/대마도학원35시험 소대/제작회사BG/#1/TM#01_062.psd,58143_TM#01_062.psd,예비/작품2/대마도학원35시험 소대/제작회사BG/#1/TM#01_062.psd,#1,/Users/saintiron/Projects/Imagine/thumbnails/58143_TM#01_062_thumb.png,psd,2682,1648,"A grand room with large windows, blue curtains, and a desk.","[""windows"", ""curtains"", ""desk"", ""columns"", ""sofa"", ""lamp"", ""rug"", ""wall""]",background,,,,Qwen/Qwen3.5-9B,,,ok,,,,,,,,#1,visual:bg-complex-q0003:58143,diverse_rank=11; source_count=2; visual_group=visual:bg-complex-q0003:58143
bg-complex-q0003,홍콩사무실에서 큰 창문 너머 도시 전망이 보이고 소파나 라운지 좌석이 있는 실내 배경,complex,58206,13,mv,"{""mv"": 13}","{""background_complex_v1_20260506:mv"": 13}",webdav://13730b09/예비/작품2/대마도학원35시험 소대/제작회사BG/#1/TM#01_137.psd,58206_TM#01_137.psd,예비/작품2/대마도학원35시험 소대/제작회사BG/#1/TM#01_137.psd,#1,/Users/saintiron/Projects/Imagine/thumbnails/58206_TM#01_137_thumb.png,psd,1682,1179,Dark room with patterned wallpaper and glowing blue city lights through window,"[""wallpaper"", ""window"", ""city lights"", ""interior"", ""night"", ""urban"", ""dark""]",background,,,,Qwen/Qwen3.5-9B,,,ok,,,,,,,,#1,visual:bg-complex-q0003:58206,diverse_rank=12; source_count=2; visual_group=visual:bg-complex-q0003:58206
bg-complex-q0004,종말투어링 #07/bg에서 교량 구조와 넓은 하늘이 함께 보이고 강이나 도로가 이어지는 야외 배경,complex,58498,15,mv,"{""mv"": 15}","{""background_complex_v1_20260506:mv"": 15}",webdav://13730b09/예비/작품2/대마도학원35시험 소대/보도/타케루의 집 외관 어두운석양.psd,58498_타케루의 집 외관 어두운석양.psd,예비/작품2/대마도학원35시험 소대/보도/타케루의 집 외관 어두운석양.psd,보도,/Users/saintiron/Projects/Imagine/thumbnails/58498_타케루의 집 외관 어두운석양_thumb.png,psd,2770,1955,Sunset view of a traditional Japanese house with modern buildings in the background.,"[""Japanese house"", ""modern buildings"", ""sunset"", ""street"", ""power lines"", ""trees"", ""fences"", ""road""]",illustration,,,,Qwen/Qwen3.5-9B,,,ok,,,,,,,,보도,visual:bg-complex-q0004:58498,diverse_rank=1; source_count=2; visual_group=visual:bg-complex-q0004:58498
bg-complex-q0004,종말투어링 #07/bg에서 교량 구조와 넓은 하늘이 함께 보이고 강이나 도로가 이어지는 야외 배경,complex,58497,20,mv,"{""mv"": 20}","{""background_complex_v1_20260506:mv"": 20}",webdav://13730b09/예비/작품2/대마도학원35시험 소대/보도/타케루의 집 외관 낮.psd,58497_타케루의 집 외관 낮.psd,예비/작품2/대마도학원35시험 소대/보도/타케루의 집 외관 낮.psd,보도,/Users/saintiron/Projects/Imagine/thumbnails/58497_타케루의 집 외관 낮_thumb.png,psd,2768,1951,A street scene with a weathered two-story building and modern high-rises in the background.,"[""street"", ""building"", ""sky"", ""power lines"", ""road"", ""trees"", ""fence"", ""signboard""]",illustration,,,,Qwen/Qwen3.5-9B,,,ok,,,,,,,,보도,visual:bg-complex-q0004:58497,diverse_rank=2; source_count=2; visual_group=visual:bg-complex-q0004:58497
bg-complex-q0005,크랑베르무 마을에서 밤하늘과 거리 조명이 함께 보이는 조용한 마을 배경,complex,31669,1,fts,"{""fts"": 1}","{""background_complex_v1_20260506:fts"": 1}",/Users/saintiron/imageDB/마캬베리즈무/실내소품/조명.psd,조명.psd,조명.psd,실내소품,/Users/saintiron/Projects/Imagine/thumbnails/조명_thumb.png,psd,1910,1205,A cozy cafe interior with hanging lights and a red chair.,"[""cafe"", ""interior"", ""hanging lights"", ""red chair"", ""shelves"", ""glass display"", ""signage"", ""modern""]",background,,,,Qwen/Qwen3.5-9B,vision_done,,ok,,,,,,,,실내소품,visual:bg-complex-q0005:31669,diverse_rank=1; source_count=1; visual_group=visual:bg-complex-q0005:31669
bg-complex-q0005,크랑베르무 마을에서 밤하늘과 거리 조명이 함께 보이는 조용한 마을 배경,complex,58514,2,fts,"{""fts"": 2}","{""background_complex_v1_20260506:fts"": 2}",webdav://13730b09/예비/작품2/대마도학원35시험 소대/보도/학교 밤 조명.psd,58514_학교 밤 조명.psd,예비/작품2/대마도학원35시험 소대/보도/학교 밤 조명.psd,보도,/Users/saintiron/Projects/Imagine/thumbnails/58514_학교 밤 조명_thumb.png,psd,2827,1784,"A grand, illuminated school building at night with surrounding trees and a dark sky.","[""school building"", ""night scene"", ""illuminated windows"", ""trees"", ""dark sky"", ""architectural details"", ""landscape""]",illustration,,,,Qwen/Qwen3.5-9B,,,ok,,,,,,,,보도,visual:bg-complex-q0005:58514,diverse_rank=2; source_count=1; visual_group=visual:bg-complex-q0005:58514
bg-complex-q0005,크랑베르무 마을에서 밤하늘과 거리 조명이 함께 보이는 조용한 마을 배경,complex,60273,3,fts,"{""fts"": 3}","{""background_complex_v1_20260506:fts"": 3}",webdav://13730b09/예비/마법과고교의 우등생/#11/bg/MKY11_245.psd,60273_MKY11_245.psd,예비/마법과고교의 우등생/#11/bg/MKY11_245.psd,bg,/Users/saintiron/Projects/Imagine/thumbnails/60273_MKY11_245_thumb.png,psd,1863,1293,Grassy field with a faint overlay of a character's face.,"[""grass"", ""field"", ""overlay"", ""face"", ""nature""]",background,,,,Qwen/Qwen3.5-9B,,,ok,,,,,,,,bg,visual:bg-complex-q0005:60273,diverse_rank=3; source_count=3; visual_group=visual:bg-complex-q0005:60273
bg-complex-q0005,크랑베르무 마을에서 밤하늘과 거리 조명이 함께 보이는 조용한 마을 배경,complex,60365,4,fts,"{""fts"": 4}","{""background_complex_v1_20260506:fts"": 4}",webdav://13730b09/예비/마법과고교의 우등생/#11/bg/MKY11_246.psd,60365_MKY11_246.psd,예비/마법과고교의 우등생/#11/bg/MKY11_246.psd,bg,/Users/saintiron/Projects/Imagine/thumbnails/60365_MKY11_246_thumb.png,psd,1879,1303,Three translucent figures stand in a grassy field with mountains and sky.,"[""translucent figures"", ""mountains"", ""sky"", ""grass"", ""trees"", ""anime style"", ""blue sky"", ""green landscape""]",illustration,,,,Qwen/Qwen3.5-9B,,,ok,,,,,,,,bg,visual:bg-complex-q0005:60365,diverse_rank=4; source_count=3; visual_group=visual:bg-complex-q0005:60365
bg-complex-q0005,크랑베르무 마을에서 밤하늘과 거리 조명이 함께 보이는 조용한 마을 배경,complex,56706,5,fts,"{""fts"": 5}","{""background_complex_v1_20260506:fts"": 5}",webdav://13730b09/발송/외주 회사/빔 studio/산다/bg/SAN_09_057_BG.psd,56706_SAN_09_057_BG.psd,발송/외주 회사/빔 studio/산다/bg/SAN_09_057_BG.psd,bg,/Users/saintiron/Projects/Imagine/thumbnails/56706_SAN_09_057_BG_thumb.png,psd,2339,1654,A hooded figure in a suit stands in a sunlit Japanese room.,"[""hooded figure"", ""suit"", ""shoji screen"", ""bonsai tree"", ""paper lanterns"", ""anime style"", ""sketch overlay""]",illustration,,,,Qwen/Qwen3.5-9B,,,ok,,,,,,,,bg,visual:bg-complex-q0005:56706,diverse_rank=5; source_count=3; visual_group=visual:bg-complex-q0005:56706
bg-complex-q0005,크랑베르무 마을에서 밤하늘과 거리 조명이 함께 보이는 조용한 마을 배경,complex,57919,5,mv,"{""mv"": 5}","{""background_complex_v1_20260506:mv"": 5}",webdav://13730b09/예비/작품2/대마도학원35시험 소대/제작회사BG/#2/TM#02_161.psd,57919_TM#02_161.psd,예비/작품2/대마도학원35시험 소대/제작회사BG/#2/TM#02_161.psd,#2,/Users/saintiron/Projects/Imagine/thumbnails/57919_TM#02_161_thumb.png,psd,5103,1313,"Dark night scene with trees, street lamps, and building facade","[""trees"", ""street lamps"", ""building"", ""night"", ""darkness""]",background,,,,Qwen/Qwen3.5-9B,,,ok,,,,,,,,#2,visual:bg-complex-q0005:57919,diverse_rank=6; source_count=2; visual_group=visual:bg-complex-q0005:57919
bg-complex-q0005,크랑베르무 마을에서 밤하늘과 거리 조명이 함께 보이는 조용한 마을 배경,complex,58077,16,mv,"{""mv"": 16}","{""background_complex_v1_20260506:mv"": 16}",webdav://13730b09/예비/작품2/대마도학원35시험 소대/제작회사BG/#2/TM#02_345.psd,58077_TM#02_345.psd,예비/작품2/대마도학원35시험 소대/제작회사BG/#2/TM#02_345.psd,#2,/Users/saintiron/Projects/Imagine/thumbnails/58077_TM#02_345_thumb.png,psd,1681,1186,"A dark, moody night scene with trees, streetlamps, and a fence under a cloudy sky.","[""night"", ""streetlamps"", ""trees"", ""fence"", ""clouds"", ""pavement"", ""dark"", ""moody""]",background,,,,Qwen/Qwen3.5-9B,,,ok,,,,,,,,#2,visual:bg-complex-q0005:58077,diverse_rank=7; source_count=2; visual_group=visual:bg-complex-q0005:58077
bg-complex-q0005,크랑베르무 마을에서 밤하늘과 거리 조명이 함께 보이는 조용한 마을 배경,complex,58570,19,mv,"{""mv"": 19}","{""background_complex_v1_20260506:mv"": 19}",webdav://13730b09/예비/작품2/대마도학원35시험 소대/BG/TM#05_146.psd,58570_TM#05_146.psd,예비/작품2/대마도학원35시험 소대/BG/TM#05_146.psd,BG,/Users/saintiron/Projects/Imagine/thumbnails/58570_TM#05_146_thumb.png,psd,1979,1392,"Night scene with brick wall, trees, power lines, and streetlight under cloudy sky.","[""night"", ""brick wall"", ""trees"", ""power lines"", ""streetlight"", ""clouds"", ""sky""]",background,,,,Qwen/Qwen3.5-9B,,,ok,,,,,,,,BG,visual:bg-complex-q0005:58570,diverse_rank=8; source_count=1; visual_group=visual:bg-complex-q0005:58570
bg-complex-q0006,후시 늪지대에서 숲과 안개가 함께 보이고 물가나 습지 분위기가 강한 배경,complex,58070,6,vv,"{""vv"": 6}","{""background_complex_v1_20260506:vv"": 6}",webdav://13730b09/예비/작품2/대마도학원35시험 소대/제작회사BG/#2/TM#02_338.psd,58070_TM#02_338.psd,예비/작품2/대마도학원35시험 소대/제작회사BG/#2/TM#02_338.psd,#2,/Users/saintiron/Projects/Imagine/thumbnails/58070_TM#02_338_thumb.png,psd,1681,1186,"Dark, blurry forest scene with indistinct trees and foliage.","[""forest"", ""trees"", ""dark"", ""blurry"", ""night"", ""nature"", ""foliage""]",background,,,,Qwen/Qwen3.5-9B,,,ok,,,,,,,,#2,visual:bg-complex-q0006:58070,diverse_rank=1; source_count=2; visual_group=visual:bg-complex-q0006:58070
bg-complex-q0006,후시 늪지대에서 숲과 안개가 함께 보이고 물가나 습지 분위기가 강한 배경,complex,58051,18,vv,"{""vv"": 18}","{""background_complex_v1_20260506:vv"": 18}",webdav://13730b09/예비/작품2/대마도학원35시험 소대/제작회사BG/#2/TM#02_316.psd,58051_TM#02_316.psd,예비/작품2/대마도학원35시험 소대/제작회사BG/#2/TM#02_316.psd,#2,/Users/saintiron/Projects/Imagine/thumbnails/58051_TM#02_316_thumb.png,psd,1668,1186,"Dark, misty forest floor with tree roots and rocky terrain","[""forest"", ""tree roots"", ""rocks"", ""mist"", ""dark"", ""ground"", ""nature""]",background,,,,Qwen/Qwen3.5-9B,,,ok,,,,,,,,#2,visual:bg-complex-q0006:58051,diverse_rank=2; source_count=2; visual_group=visual:bg-complex-q0006:58051
bg-complex-q0007,안나의집에서 커튼과 창문이 함께 보이고 따뜻한 실내 조명이 느껴지는 방 배경,complex,31144,1,vv,"{""vv"": 1}","{""background_complex_v1_20260506:vv"": 1}",/Users/saintiron/imageDB/마캬베리즈무/실내소품/140_hg02.psd,140_hg02.psd,140_hg02.psd,실내소품,/Users/saintiron/Projects/Imagine/thumbnails/140_hg02_thumb.png,psd,2033,1496,"A room with two windows, pink curtains, and a wall-mounted lamp.","[""curtains"", ""windows"", ""lamp"", ""wall"", ""wood paneling""]",background,,,,Qwen/Qwen3.5-9B,vision_done,,ok,,,,,,,,실내소품,visual:bg-complex-q0007:31144,diverse_rank=1; source_count=3; visual_group=visual:bg-complex-q0007:31144
bg-complex-q0007,안나의집에서 커튼과 창문이 함께 보이고 따뜻한 실내 조명이 느껴지는 방 배경,complex,31480,1,mv,"{""mv"": 1}","{""background_complex_v1_20260506:mv"": 1}",/Users/saintiron/imageDB/마캬베리즈무/실내소품/NM#02_108.psd,NM#02_108.psd,NM#02_108.psd,실내소품,/Users/saintiron/Projects/Imagine/thumbnails/NM#02_108_thumb.png,psd,2027,1263,"A kitchen scene with a refrigerator, sink, and floral curtains.","[""kitchen"", ""refrigerator"", ""sink"", ""curtains"", ""microwave"", ""cabinet"", ""door"", ""countertop""]",background,,,,Qwen/Qwen3.5-9B,vision_done,,ok,,,,,,,,실내소품,visual:bg-complex-q0007:31480,diverse_rank=2; source_count=3; visual_group=visual:bg-complex-q0007:31480
bg-complex-q0007,안나의집에서 커튼과 창문이 함께 보이고 따뜻한 실내 조명이 느껴지는 방 배경,complex,31669,1,fts,"{""fts"": 1}","{""background_complex_v1_20260506:fts"": 1}",/Users/saintiron/imageDB/마캬베리즈무/실내소품/조명.psd,조명.psd,조명.psd,실내소품,/Users/saintiron/Projects/Imagine/thumbnails/조명_thumb.png,psd,1910,1205,A cozy cafe interior with hanging lights and a red chair.,"[""cafe"", ""interior"", ""hanging lights"", ""red chair"", ""shelves"", ""glass display"", ""signage"", ""modern""]",background,,,,Qwen/Qwen3.5-9B,vision_done,,ok,,,,,,,,실내소품,visual:bg-complex-q0007:31669,diverse_rank=3; source_count=3; visual_group=visual:bg-complex-q0007:31669
bg-complex-q0007,안나의집에서 커튼과 창문이 함께 보이고 따뜻한 실내 조명이 느껴지는 방 배경,complex,58514,2,fts,"{""fts"": 2}","{""background_complex_v1_20260506:fts"": 2}",webdav://13730b09/예비/작품2/대마도학원35시험 소대/보도/학교 밤 조명.psd,58514_학교 밤 조명.psd,예비/작품2/대마도학원35시험 소대/보도/학교 밤 조명.psd,보도,/Users/saintiron/Projects/Imagine/thumbnails/58514_학교 밤 조명_thumb.png,psd,2827,1784,"A grand, illuminated school building at night with surrounding trees and a dark sky.","[""school building"", ""night scene"", ""illuminated windows"", ""trees"", ""dark sky"", ""architectural details"", ""landscape""]",illustration,,,,Qwen/Qwen3.5-9B,,,ok,,,,,,,,보도,visual:bg-complex-q0007:58514,diverse_rank=4; source_count=3; visual_group=visual:bg-complex-q0007:58514
bg-complex-q0007,안나의집에서 커튼과 창문이 함께 보이고 따뜻한 실내 조명이 느껴지는 방 배경,complex,58460,3,fts,"{""fts"": 3}","{""background_complex_v1_20260506:fts"": 3}",webdav://13730b09/예비/작품2/대마도학원35시험 소대/설정/혼데드의 방.jpg,58460_혼데드의 방.jpg,예비/작품2/대마도학원35시험 소대/설정/혼데드의 방.jpg,설정,/Users/saintiron/Projects/Imagine/thumbnails/58460_혼데드의 방_thumb.png,jpg,2873,1970,Architectural sketches of a room with labeled sections and character placements,"[""sketch"", ""architecture"", ""room"", ""character"", ""label"", ""line art"", ""design""]",illustration,,,,Qwen/Qwen3.5-9B,,,ok,,,,,,,,설정,visual:bg-complex-q0007:58460,diverse_rank=5; source_count=3; visual_group=visual:bg-complex-q0007:58460
bg-complex-q0007,안나의집에서 커튼과 창문이 함께 보이고 따뜻한 실내 조명이 느껴지는 방 배경,complex,58437,4,fts,"{""fts"": 4}","{""background_complex_v1_20260506:fts"": 4}",webdav://13730b09/예비/작품2/대마도학원35시험 소대/설정/타케루의 집 방.jpg,58437_타케루의 집 방.jpg,예비/작품2/대마도학원35시험 소대/설정/타케루의 집 방.jpg,설정,/Users/saintiron/Projects/Imagine/thumbnails/58437_타케루의 집 방_thumb.png,jpg,2866,2032,Architectural sketches of two rooms in Takeo's house with furniture and layout details,"[""architectural sketch"", ""furniture"", ""room layout"", ""Japanese interior"", ""line drawing"", ""perspective view"", ""labelled diagram""]",illustration,,,,Qwen/Qwen3.5-9B,,,ok,,,,,,,,설정,visual:bg-complex-q0007:58437,diverse_rank=6; source_count=3; visual_group=visual:bg-complex-q0007:58437
bg-complex-q0007,안나의집에서 커튼과 창문이 함께 보이고 따뜻한 실내 조명이 느껴지는 방 배경,complex,58519,6,fts,"{""fts"": 6}","{""background_complex_v1_20260506:fts"": 6}",webdav://13730b09/예비/작품2/대마도학원35시험 소대/보도/혼데드의 방 밤.psd,58519_혼데드의 방 밤.psd,예비/작품2/대마도학원35시험 소대/보도/혼데드의 방 밤.psd,보도,/Users/saintiron/Projects/Imagine/thumbnails/58519_혼데드의 방 밤_thumb.png,psd,2769,1930,Nighttime office interior with city view and modern furniture,"[""office"", ""night"", ""cityscape"", ""furniture"", ""interior"", ""modern"", ""windows"", ""dark""]",illustration,,,,Qwen/Qwen3.5-9B,,,ok,,,,,,,,보도,visual:bg-complex-q0007:58519,diverse_rank=7; source_count=3; visual_group=visual:bg-complex-q0007:58519
bg-complex-q0007,안나의집에서 커튼과 창문이 함께 보이고 따뜻한 실내 조명이 느껴지는 방 배경,complex,58409,7,fts,"{""fts"": 7}","{""background_complex_v1_20260506:fts"": 7}",webdav://13730b09/예비/작품2/대마도학원35시험 소대/설정/사이온지 집 실내.jpg,58409_사이온지 집 실내.jpg,예비/작품2/대마도학원35시험 소대/설정/사이온지 집 실내.jpg,설정,/Users/saintiron/Projects/Imagine/thumbnails/58409_사이온지 집 실내_thumb.png,jpg,2866,2024,"Line art of a formal office interior with desk, fireplace, and windows","[""desk"", ""fireplace"", ""windows"", ""curtains"", ""character"", ""plant""]",illustration,,,,Qwen/Qwen3.5-9B,,,ok,,,,,,,,설정,visual:bg-complex-q0007:58409,diverse_rank=8; source_count=3; visual_group=visual:bg-complex-q0007:58409
bg-complex-q0007,안나의집에서 커튼과 창문이 함께 보이고 따뜻한 실내 조명이 느껴지는 방 배경,complex,58496,8,fts,"{""fts"": 8}","{""background_complex_v1_20260506:fts"": 8}",webdav://13730b09/예비/작품2/대마도학원35시험 소대/보도/타케루의 집 방 밝음.psd,58496_타케루의 집 방 밝음.psd,예비/작품2/대마도학원35시험 소대/보도/타케루의 집 방 밝음.psd,보도,/Users/saintiron/Projects/Imagine/thumbnails/58496_타케루의 집 방 밝음_thumb.png,psd,2704,2004,Two views of a traditional Japanese apartment room at night with lights on,"[""Japanese room"", ""tatami mats"", ""low table"", ""sliding doors"", ""desk"", ""night scene"", ""traditional interior""]",illustration,,,,Qwen/Qwen3.5-9B,,,ok,,,,,,,,보도,visual:bg-complex-q0007:58496,diverse_rank=9; source_count=3; visual_group=visual:bg-complex-q0007:58496
bg-complex-q0007,안나의집에서 커튼과 창문이 함께 보이고 따뜻한 실내 조명이 느껴지는 방 배경,complex,56898,9,fts,"{""fts"": 9}","{""background_complex_v1_20260506:fts"": 9}",webdav://13730b09/발송/외주 회사/빔 studio/귀인환등초/bg/KGS_01_092.psd,56898_KGS_01_092.psd,발송/외주 회사/빔 studio/귀인환등초/bg/KGS_01_092.psd,bg,/Users/saintiron/Projects/Imagine/thumbnails/56898_KGS_01_092_thumb.png,psd,2400,1700,A traditional Japanese room with sliding doors and faint character outlines.,"[""sliding doors"", ""shoji screen"", ""traditional architecture"", ""character outlines"", ""wooden frame"", ""paper panels"", ""balcony railing"", ""greenery""]",illustration,,,,Qwen/Qwen3.5-9B,,,ok,,,,,,,,bg,visual:bg-complex-q0007:56898,diverse_rank=10; source_count=2; visual_group=visual:bg-complex-q0007:56898
bg-complex-q0007,안나의집에서 커튼과 창문이 함께 보이고 따뜻한 실내 조명이 느껴지는 방 배경,complex,56869,13,fts,"{""fts"": 13}","{""background_complex_v1_20260506:fts"": 13}",webdav://13730b09/발송/외주 회사/빔 studio/귀인환등초/0313-re/KGS_01_352_R.psd,56869_KGS_01_352_R.psd,발송/외주 회사/빔 studio/귀인환등초/0313-re/KGS_01_352_R.psd,0313-re,/Users/saintiron/Projects/Imagine/thumbnails/56869_KGS_01_352_R_thumb.png,psd,2339,1653,A dimly lit room with traditional Japanese architecture and furniture.,"[""Japanese architecture"", ""Sliding doors"", ""Lantern"", ""Cabinet"", ""Sword"", ""Wall"", ""Light fixture""]",background,,,,Qwen/Qwen3.5-9B,,,ok,,,,,,,,0313-re,visual:bg-complex-q0007:31505,diverse_rank=11; source_count=1; visual_group=visual:bg-complex-q0007:31505
bg-complex-q0007,안나의집에서 커튼과 창문이 함께 보이고 따뜻한 실내 조명이 느껴지는 방 배경,complex,56963,15,fts,"{""fts"": 15}","{""background_complex_v1_20260506:fts"": 15}",webdav://13730b09/발송/외주 회사/빔 studio/귀인환등초/bg/KGS_01_360.psd,56963_KGS_01_360.psd,발송/외주 회사/빔 studio/귀인환등초/bg/KGS_01_360.psd,bg,/Users/saintiron/Projects/Imagine/thumbnails/56963_KGS_01_360_thumb.png,psd,2339,1653,Traditional Japanese room with paper doors and three outlined figures.,"[""Japanese room"", ""shoji screen"", ""tatami mats"", ""wooden floor"", ""outline figures"", ""indoor scene"", ""traditional architecture"", ""furniture""]",background,,,,Qwen/Qwen3.5-9B,,,ok,,,,,,,,bg,visual:bg-complex-q0007:56963,diverse_rank=12; source_count=2; visual_group=visual:bg-complex-q0007:56963
bg-complex-q0008,"작품 쫑 후시 장소/숲,자연에서 높은 나무와 밤 분위기가 함께 보이는 숲 배경",complex,58089,1,mv,"{""mv"": 1}","{""background_complex_v1_20260506:mv"": 1}",webdav://13730b09/예비/작품2/대마도학원35시험 소대/제작회사BG/#2/TM#02_358.psd,58089_TM#02_358.psd,예비/작품2/대마도학원35시험 소대/제작회사BG/#2/TM#02_358.psd,#2,/Users/saintiron/Projects/Imagine/thumbnails/58089_TM#02_358_thumb.png,psd,2320,1639,Dark forest scene with tall trees and dim lighting,"[""forest"", ""trees"", ""dark"", ""nature"", ""night"", ""forest floor"", ""foliage"", ""shadows""]",background,,,,Qwen/Qwen3.5-9B,,,ok,,,,,,,,#2,visual:bg-complex-q0008:58089,diverse_rank=1; source_count=5; visual_group=visual:bg-complex-q0008:58089
bg-complex-q0008,"작품 쫑 후시 장소/숲,자연에서 높은 나무와 밤 분위기가 함께 보이는 숲 배경",complex,57801,2,mv,"{""mv"": 2}","{""background_complex_v1_20260506:mv"": 2}",webdav://13730b09/예비/작품2/대마도학원35시험 소대/제작회사BG/#2/TM#02_004.psd,57801_TM#02_004.psd,예비/작품2/대마도학원35시험 소대/제작회사BG/#2/TM#02_004.psd,#2,/Users/saintiron/Projects/Imagine/thumbnails/57801_TM#02_004_thumb.png,psd,1668,1176,Dark forest scene with tall trees and dense foliage under dim lighting.,"[""forest"", ""trees"", ""foliage"", ""dark"", ""nature""]",background,,,,Qwen/Qwen3.5-9B,,,ok,,,,,,,,#2,visual:bg-complex-q0008:57801,diverse_rank=2; source_count=5; visual_group=visual:bg-complex-q0008:57801
bg-complex-q0008,"작품 쫑 후시 장소/숲,자연에서 높은 나무와 밤 분위기가 함께 보이는 숲 배경",complex,57973,3,"mv,vv","{""mv"": 3, ""vv"": 14}","{""background_complex_v1_20260506:mv"": 3, ""background_complex_v1_20260506:vv"": 14}",webdav://13730b09/예비/작품2/대마도학원35시험 소대/제작회사BG/#2/TM#02_222.psd,57973_TM#02_222.psd,예비/작품2/대마도학원35시험 소대/제작회사BG/#2/TM#02_222.psd,#2,/Users/saintiron/Projects/Imagine/thumbnails/57973_TM#02_222_thumb.png,psd,1984,1186,Dark forest scene with dense trees under dim lighting.,"[""forest"", ""trees"", ""dark"", ""nature"", ""night""]",background,,,,Qwen/Qwen3.5-9B,,,ok,,,,,,,,#2,visual:bg-complex-q0008:57973,diverse_rank=3; source_count=5; visual_group=visual:bg-complex-q0008:57973
bg-complex-q0008,"작품 쫑 후시 장소/숲,자연에서 높은 나무와 밤 분위기가 함께 보이는 숲 배경",complex,58573,4,vv,"{""vv"": 4}","{""background_complex_v1_20260506:vv"": 4}",webdav://13730b09/예비/작품2/대마도학원35시험 소대/BG/TM#05_149.psd,58573_TM#05_149.psd,예비/작품2/대마도학원35시험 소대/BG/TM#05_149.psd,BG,/Users/saintiron/Projects/Imagine/thumbnails/58573_TM#05_149_thumb.png,psd,1676,1187,Night scene with streetlight illuminating dark trees and a pole.,"[""streetlight"", ""trees"", ""pole"", ""night"", ""forest"", ""darkness"", ""sky""]",background,,,,Qwen/Qwen3.5-9B,,,ok,,,,,,,,BG,visual:bg-complex-q0008:58573,diverse_rank=4; source_count=3; visual_group=visual:bg-complex-q0008:58573
bg-complex-q0008,"작품 쫑 후시 장소/숲,자연에서 높은 나무와 밤 분위기가 함께 보이는 숲 배경",complex,57809,5,mv,"{""mv"": 5}","{""background_complex_v1_20260506:mv"": 5}",webdav://13730b09/예비/작품2/대마도학원35시험 소대/제작회사BG/#2/TM#02_012.psd,57809_TM#02_012.psd,예비/작품2/대마도학원35시험 소대/제작회사BG/#2/TM#02_012.psd,#2,/Users/saintiron/Projects/Imagine/thumbnails/57809_TM#02_012_thumb.png,psd,2320,1648,Dark forest scene with tall trees and dense foliage under dim lighting.,"[""forest"", ""trees"", ""foliage"", ""dark"", ""nature""]",background,,,,Qwen/Qwen3.5-9B,,,ok,,,,,,,,#2,visual:bg-complex-q0008:57809,diverse_rank=7; source_count=5; visual_group=visual:bg-complex-q0008:57809
bg-complex-q0008,"작품 쫑 후시 장소/숲,자연에서 높은 나무와 밤 분위기가 함께 보이는 숲 배경",complex,58005,6,mv,"{""mv"": 6}","{""background_complex_v1_20260506:mv"": 6}",webdav://13730b09/예비/작품2/대마도학원35시험 소대/제작회사BG/#2/TM#02_258.psd,58005_TM#02_258.psd,예비/작품2/대마도학원35시험 소대/제작회사BG/#2/TM#02_258.psd,#2,/Users/saintiron/Projects/Imagine/thumbnails/58005_TM#02_258_thumb.png,psd,1668,1186,Dark forest scene with dense trees and undergrowth in shadow.,"[""forest"", ""trees"", ""foliage"", ""dark"", ""nature"", ""shadows"", ""green"", ""night""]",background,,,,Qwen/Qwen3.5-9B,,,ok,,,,,,,,#2,visual:bg-complex-q0008:58005,diverse_rank=8; source_count=5; visual_group=visual:bg-complex-q0008:58005
bg-complex-q0008,"작품 쫑 후시 장소/숲,자연에서 높은 나무와 밤 분위기가 함께 보이는 숲 배경",complex,58569,8,"mv,vv","{""mv"": 12, ""vv"": 8}","{""background_complex_v1_20260506:mv"": 12, ""background_complex_v1_20260506:vv"": 8}",webdav://13730b09/예비/작품2/대마도학원35시험 소대/BG/TM#05_145.psd,58569_TM#05_145.psd,예비/작품2/대마도학원35시험 소대/BG/TM#05_145.psd,BG,/Users/saintiron/Projects/Imagine/thumbnails/58569_TM#05_145_thumb.png,psd,6236,1560,Night scene with a row of trees under a cloudy sky.,"[""trees"", ""night"", ""clouds"", ""forest"", ""darkness""]",background,,,,Qwen/Qwen3.5-9B,,,ok,,,,,,,,BG,visual:bg-complex-q0008:58569,diverse_rank=5; source_count=3; visual_group=visual:bg-complex-q0008:58569
bg-complex-q0008,"작품 쫑 후시 장소/숲,자연에서 높은 나무와 밤 분위기가 함께 보이는 숲 배경",complex,60126,10,"mv,vv","{""mv"": 10, ""vv"": 12}","{""background_complex_v1_20260506:mv"": 10, ""background_complex_v1_20260506:vv"": 12}",webdav://13730b09/예비/마법과고교의 우등생/#13/BG/mky13_304.psd,60126_mky13_304.psd,예비/마법과고교의 우등생/#13/BG/mky13_304.psd,BG,/Users/saintiron/Projects/Imagine/thumbnails/60126_mky13_304_thumb.png,psd,3582,1290,Dark forest scene with tall trees under a night sky,"[""forest"", ""trees"", ""night"", ""dark"", ""sky""]",background,,,,Qwen/Qwen3.5-9B,,,ok,,,,,,,,BG,visual:bg-complex-q0008:60126,diverse_rank=6; source_count=3; visual_group=visual:bg-complex-q0008:60126
bg-complex-q0009,기절용사와 암살공주 #09/bg에서 푸른 하늘과 바다가 함께 보이는 탁 트인 해변 배경,complex,56947,4,fts,"{""fts"": 4}","{""background_complex_v1_20260506:fts"": 4}",webdav://13730b09/발송/외주 회사/빔 studio/귀인환등초/bg/KGS_01_336.psd,56947_KGS_01_336.psd,발송/외주 회사/빔 studio/귀인환등초/bg/KGS_01_336.psd,bg,/Users/saintiron/Projects/Imagine/thumbnails/56947_KGS_01_336_thumb.png,psd,2339,1653,A serene sky with fluffy clouds and a thatched roof corner.,"[""sky"", ""clouds"", ""thatched roof"", ""grass"", ""blue sky"", ""white clouds"", ""rural"", ""peaceful""]",background,,,,Qwen/Qwen3.5-9B,,,ok,,,,,,,,bg,visual:bg-complex-q0009:56947,diverse_rank=1; source_count=6; visual_group=visual:bg-complex-q0009:56947
bg-complex-q0009,기절용사와 암살공주 #09/bg에서 푸른 하늘과 바다가 함께 보이는 탁 트인 해변 배경,complex,60216,5,fts,"{""fts"": 5}","{""background_complex_v1_20260506:fts"": 5}",webdav://13730b09/예비/마법과고교의 우등생/#11/bg/MKY11_180.psd,60216_MKY11_180.psd,예비/마법과고교의 우등생/#11/bg/MKY11_180.psd,bg,/Users/saintiron/Projects/Imagine/thumbnails/60216_MKY11_180_thumb.png,psd,1755,1241,Cracked earth texture with scattered rocks and sparse green grass.,"[""dirt"", ""cracks"", ""rocks"", ""grass"", ""texture"", ""ground"", ""natural"", ""earth""]",texture,,,,Qwen/Qwen3.5-9B,,,ok,,,,,,,,bg,visual:bg-complex-q0009:60216,diverse_rank=2; source_count=6; visual_group=visual:bg-complex-q0009:60216
bg-complex-q0009,기절용사와 암살공주 #09/bg에서 푸른 하늘과 바다가 함께 보이는 탁 트인 해변 배경,complex,56933,6,fts,"{""fts"": 6}","{""background_complex_v1_20260506:fts"": 6}",webdav://13730b09/발송/외주 회사/빔 studio/귀인환등초/bg/KGS_01_380.psd,56933_KGS_01_380.psd,발송/외주 회사/빔 studio/귀인환등초/bg/KGS_01_380.psd,bg,/Users/saintiron/Projects/Imagine/thumbnails/56933_KGS_01_380_thumb.png,psd,2339,1653,A white spider hangs from a tree branch surrounded by green leaves against a blue sky.,"[""spider"", ""tree branch"", ""leaves"", ""sky"", ""illustration""]",illustration,,,,Qwen/Qwen3.5-9B,,,ok,,,,,,,,bg,visual:bg-complex-q0009:56933,diverse_rank=3; source_count=6; visual_group=visual:bg-complex-q0009:56933
bg-complex-q0009,기절용사와 암살공주 #09/bg에서 푸른 하늘과 바다가 함께 보이는 탁 트인 해변 배경,complex,56968,7,fts,"{""fts"": 7}","{""background_complex_v1_20260506:fts"": 7}",webdav://13730b09/발송/외주 회사/빔 studio/귀인환등초/bg/KGS_01_171.psd,56968_KGS_01_171.psd,발송/외주 회사/빔 studio/귀인환등초/bg/KGS_01_171.psd,bg,/Users/saintiron/Projects/Imagine/thumbnails/56968_KGS_01_171_thumb.png,psd,2339,2030,A translucent anime girl stands in a lush green forest under a blue sky.,"[""anime girl"", ""forest"", ""trees"", ""blue sky"", ""clouds"", ""translucent figure"", ""traditional house""]",illustration,,,,Qwen/Qwen3.5-9B,,,ok,,,,,,,,bg,visual:bg-complex-q0009:56968,diverse_rank=6; source_count=6; visual_group=visual:bg-complex-q0009:56968
bg-complex-q0009,기절용사와 암살공주 #09/bg에서 푸른 하늘과 바다가 함께 보이는 탁 트인 해변 배경,complex,56837,8,mv,"{""mv"": 8}","{""background_complex_v1_20260506:mv"": 8}",webdav://13730b09/발송/외주 회사/빔 studio/나카무라/bg/GNK_04_199_genzu.psd,56837_GNK_04_199_genzu.psd,발송/외주 회사/빔 studio/나카무라/bg/GNK_04_199_genzu.psd,bg,/Users/saintiron/Projects/Imagine/thumbnails/56837_GNK_04_199_genzu_thumb.png,psd,3189,1240,"A sunny suburban street with houses, trees, and a blue sky.","[""houses"", ""trees"", ""sky"", ""street"", ""residential"", ""suburban"", ""blue sky"", ""greenery""]",background,,,,Qwen/Qwen3.5-9B,,,ok,,,,,,,,bg,visual:bg-complex-q0009:56837,diverse_rank=7; source_count=6; visual_group=visual:bg-complex-q0009:56837
bg-complex-q0009,기절용사와 암살공주 #09/bg에서 푸른 하늘과 바다가 함께 보이는 탁 트인 해변 배경,complex,56908,8,fts,"{""fts"": 8}","{""background_complex_v1_20260506:fts"": 8}",webdav://13730b09/발송/외주 회사/빔 studio/귀인환등초/bg/KGS_01_161.psd,56908_KGS_01_161.psd,발송/외주 회사/빔 studio/귀인환등초/bg/KGS_01_161.psd,bg,/Users/saintiron/Projects/Imagine/thumbnails/56908_KGS_01_161_thumb.png,psd,2339,1653,A serene landscape with a faint anime-style character overlay.,"[""landscape"", ""anime"", ""sky"", ""trees"", ""mountains"", ""clouds"", ""character"", ""overlay""]",illustration,,,,Qwen/Qwen3.5-9B,,,ok,,,,,,,,bg,visual:bg-complex-q0009:56908,diverse_rank=8; source_count=6; visual_group=visual:bg-complex-q0009:56908
bg-complex-q0009,기절용사와 암살공주 #09/bg에서 푸른 하늘과 바다가 함께 보이는 탁 트인 해변 배경,complex,31060,15,mv,"{""mv"": 15}","{""background_complex_v1_20260506:mv"": 15}",/Users/saintiron/imageDB/마캬베리즈무/실내소품/#02_04.psd,#02_04.psd,#02_04.psd,실내소품,/Users/saintiron/Projects/Imagine/thumbnails/#02_04_thumb.png,psd,2475,1714,A lakeside cottage with a wooden dock and small boat under a bright sky.,"[""cottage"", ""dock"", ""boat"", ""lake"", ""trees"", ""sky"", ""porch"", ""chimney""]",background,,,,Qwen/Qwen3.5-9B,vision_done,,ok,,,,,,,,실내소품,visual:bg-complex-q0009:31060,diverse_rank=4; source_count=1; visual_group=visual:bg-complex-q0009:31060
bg-complex-q0009,기절용사와 암살공주 #09/bg에서 푸른 하늘과 바다가 함께 보이는 탁 트인 해변 배경,complex,57883,17,mv,"{""mv"": 17}","{""background_complex_v1_20260506:mv"": 17}",webdav://13730b09/예비/작품2/대마도학원35시험 소대/제작회사BG/#2/TM#02_099.psd,57883_TM#02_099.psd,예비/작품2/대마도학원35시험 소대/제작회사BG/#2/TM#02_099.psd,#2,/Users/saintiron/Projects/Imagine/thumbnails/57883_TM#02_099_thumb.png,psd,2320,1639,A serene sky with soft pink and orange clouds at sunset.,"[""sky"", ""clouds"", ""sunset"", ""pink"", ""orange"", ""gradient"", ""horizon"", ""atmosphere""]",photo,,,,Qwen/Qwen3.5-9B,,,ok,,,,,,,,#2,visual:bg-complex-q0009:57883,diverse_rank=5; source_count=1; visual_group=visual:bg-complex-q0009:57883
bg-complex-q0010,크랑베르무 장소/학교교실에서 칠판이나 책상보다 창문과 교실 구조가 뚜렷한 실내 배경,complex,58392,1,"fts,mv","{""fts"": 1, ""mv"": 16}","{""background_complex_v1_20260506:fts"": 1, ""background_complex_v1_20260506:mv"": 16}",webdav://13730b09/예비/작품2/대마도학원35시험 소대/설정/교실.jpg,58392_교실.jpg,예비/작품2/대마도학원35시험 소대/설정/교실.jpg,설정,/Users/saintiron/Projects/Imagine/thumbnails/58392_교실_thumb.png,jpg,2866,2024,"Classroom layout with desks, lockers, and architectural details in black and white","[""classroom"", ""desks"", ""chairs"", ""lockers"", ""windows"", ""blackboard"", ""architectural sketch""]",illustration,,,,Qwen/Qwen3.5-9B,,,ok,,,,,,,,설정,visual:bg-complex-q0010:58392,diverse_rank=1; source_count=1; visual_group=visual:bg-complex-q0010:58392
bg-complex-q0010,크랑베르무 장소/학교교실에서 칠판이나 책상보다 창문과 교실 구조가 뚜렷한 실내 배경,complex,58463,2,"fts,mv","{""fts"": 2, ""mv"": 3}","{""background_complex_v1_20260506:fts"": 2, ""background_complex_v1_20260506:mv"": 3}",webdav://13730b09/예비/작품2/대마도학원35시험 소대/보도/교실 낮2.psd,58463_교실 낮2.psd,예비/작품2/대마도학원35시험 소대/보도/교실 낮2.psd,보도,/Users/saintiron/Projects/Imagine/thumbnails/58463_교실 낮2_thumb.png,psd,2724,2006,"An anime-style classroom interior with desks, whiteboard, and purple curtains.","[""classroom"", ""whiteboard"", ""desks"", ""curtains"", ""ceiling lights"", ""windows""]",background,,,,Qwen/Qwen3.5-9B,,,ok,,,,,,,,보도,visual:bg-complex-q0010:58463,diverse_rank=2; source_count=1; visual_group=visual:bg-complex-q0010:58463
bg-complex-q0010,크랑베르무 장소/학교교실에서 칠판이나 책상보다 창문과 교실 구조가 뚜렷한 실내 배경,complex,58530,4,mv,"{""mv"": 4}","{""background_complex_v1_20260506:mv"": 4}",webdav://13730b09/예비/작품2/대마도학원35시험 소대/보도/학교 복도 파티 버젼/FD#08_145.psd,58530_FD#08_145.psd,예비/작품2/대마도학원35시험 소대/보도/학교 복도 파티 버젼/FD#08_145.psd,학교 복도 파티 버젼,/Users/saintiron/Projects/Imagine/thumbnails/58530_FD#08_145_thumb.png,psd,2151,1300,"A decorated classroom with balloons, streamers, and a chalkboard.","[""classroom"", ""balloons"", ""streamers"", ""chalkboard"", ""lockers"", ""books"", ""curtains"", ""floor""]",background,,,,Qwen/Qwen3.5-9B,,,ok,,,,,,,,학교 복도 파티 버젼,visual:bg-complex-q0010:58530,diverse_rank=3; source_count=1; visual_group=visual:bg-complex-q0010:58530
bg-complex-q0010,크랑베르무 장소/학교교실에서 칠판이나 책상보다 창문과 교실 구조가 뚜렷한 실내 배경,complex,58184,5,mv,"{""mv"": 5}","{""background_complex_v1_20260506:mv"": 5}",webdav://13730b09/예비/작품2/대마도학원35시험 소대/제작회사BG/#1/TM#01_094.psd,58184_TM#01_094.psd,예비/작품2/대마도학원35시험 소대/제작회사BG/#1/TM#01_094.psd,#1,/Users/saintiron/Projects/Imagine/thumbnails/58184_TM#01_094_thumb.png,psd,1667,1194,"A classroom with a staircase, whiteboard, and hanging lamps.","[""classroom"", ""staircase"", ""whiteboard"", ""lamps"", ""books"", ""chair"", ""window"", ""balcony""]",background,,,,Qwen/Qwen3.5-9B,,,ok,,,,,,,,#1,visual:bg-complex-q0010:58184,diverse_rank=4; source_count=2; visual_group=visual:bg-complex-q0010:58184
bg-complex-q0010,크랑베르무 장소/학교교실에서 칠판이나 책상보다 창문과 교실 구조가 뚜렷한 실내 배경,complex,57896,6,mv,"{""mv"": 6}","{""background_complex_v1_20260506:mv"": 6}",webdav://13730b09/예비/작품2/대마도학원35시험 소대/제작회사BG/#2/TM#02_130.psd,57896_TM#02_130.psd,예비/작품2/대마도학원35시험 소대/제작회사BG/#2/TM#02_130.psd,#2,/Users/saintiron/Projects/Imagine/thumbnails/57896_TM#02_130_thumb.png,psd,2113,1263,"An empty classroom with a whiteboard, bookshelf, and wooden floor.","[""classroom"", ""whiteboard"", ""bookshelf"", ""wooden floor"", ""windows"", ""clock"", ""bulletin board"", ""door""]",background,,,,Qwen/Qwen3.5-9B,,,ok,,,,,,,,#2,visual:bg-complex-q0010:57896,diverse_rank=5; source_count=2; visual_group=visual:bg-complex-q0010:57896
bg-complex-q0010,크랑베르무 장소/학교교실에서 칠판이나 책상보다 창문과 교실 구조가 뚜렷한 실내 배경,complex,57895,7,vv,"{""vv"": 7}","{""background_complex_v1_20260506:vv"": 7}",webdav://13730b09/예비/작품2/대마도학원35시험 소대/제작회사BG/#2/TM#02_129.psd,57895_TM#02_129.psd,예비/작품2/대마도학원35시험 소대/제작회사BG/#2/TM#02_129.psd,#2,/Users/saintiron/Projects/Imagine/thumbnails/57895_TM#02_129_thumb.png,psd,1668,1186,Blueprint-style illustration of two windows with grid patterns and faint annotations.,"[""windows"", ""blueprint"", ""grid"", ""architecture"", ""sketch"", ""annotation"", ""dark""]",illustration,,,,Qwen/Qwen3.5-9B,,,ok,,,,,,,,#2,visual:bg-complex-q0010:57895,diverse_rank=6; source_count=2; visual_group=visual:bg-complex-q0010:57895
bg-complex-q0010,크랑베르무 장소/학교교실에서 칠판이나 책상보다 창문과 교실 구조가 뚜렷한 실내 배경,complex,31471,9,mv,"{""mv"": 9}","{""background_complex_v1_20260506:mv"": 9}",/Users/saintiron/imageDB/마캬베리즈무/실내소품/MM12_164.psd,MM12_164.psd,MM12_164.psd,실내소품,/Users/saintiron/Projects/Imagine/thumbnails/MM12_164_thumb.png,psd,2773,1729,"An anime-style classroom with desks, a chalkboard, and windows showing a bright sky.","[""classroom"", ""desks"", ""chalkboard"", ""windows"", ""anime"", ""furniture"", ""blue"", ""green""]",background,,,,Qwen/Qwen3.5-9B,vision_done,,ok,,,,,,,,실내소품,visual:bg-complex-q0010:31471,diverse_rank=7; source_count=2; visual_group=visual:bg-complex-q0010:31471
bg-complex-q0010,크랑베르무 장소/학교교실에서 칠판이나 책상보다 창문과 교실 구조가 뚜렷한 실내 배경,complex,31430,13,mv,"{""mv"": 13}","{""background_complex_v1_20260506:mv"": 13}",/Users/saintiron/imageDB/마캬베리즈무/실내소품/kyoushituB.psd,kyoushituB.psd,kyoushituB.psd,실내소품,/Users/saintiron/Projects/Imagine/thumbnails/kyoushituB_thumb.png,psd,3370,2382,"An empty anime classroom with wooden floors, desks, and large windows.","[""classroom"", ""wooden floor"", ""blackboard"", ""windows"", ""desks"", ""anime"", ""empty"", ""school""]",background,,,,Qwen/Qwen3.5-9B,vision_done,,ok,,,,,,,,실내소품,visual:bg-complex-q0010:31430,diverse_rank=8; source_count=2; visual_group=visual:bg-complex-q0010:31430
bg-complex-q0010,크랑베르무 장소/학교교실에서 칠판이나 책상보다 창문과 교실 구조가 뚜렷한 실내 배경,complex,58294,18,vv,"{""vv"": 18}","{""background_complex_v1_20260506:vv"": 18}",webdav://13730b09/예비/작품2/대마도학원35시험 소대/제작회사BG/#1/TM#01_240.psd,58294_TM#01_240.psd,예비/작품2/대마도학원35시험 소대/제작회사BG/#1/TM#01_240.psd,#1,/Users/saintiron/Projects/Imagine/thumbnails/58294_TM#01_240_thumb.png,psd,1678,1187,"Interior scene with windows, walls, and furniture in soft tones.","[""windows"", ""walls"", ""furniture"", ""plant"", ""books"", ""curtain"", ""pillow"", ""indoor""]",illustration,,,,Qwen/Qwen3.5-9B,,,ok,,,,,,,,#1,visual:bg-complex-q0010:58294,diverse_rank=9; source_count=2; visual_group=visual:bg-complex-q0010:58294
bg-complex-q0011,"뱅가드 24 #01/bg에서 현대적인 사무실 구조와 큰 창문, 도시 풍경이 함께 보이는 배경",complex,56898,1,fts,"{""fts"": 1}","{""background_complex_v1_20260506:fts"": 1}",webdav://13730b09/발송/외주 회사/빔 studio/귀인환등초/bg/KGS_01_092.psd,56898_KGS_01_092.psd,발송/외주 회사/빔 studio/귀인환등초/bg/KGS_01_092.psd,bg,/Users/saintiron/Projects/Imagine/thumbnails/56898_KGS_01_092_thumb.png,psd,2400,1700,A traditional Japanese room with sliding doors and faint character outlines.,"[""sliding doors"", ""shoji screen"", ""traditional architecture"", ""character outlines"", ""wooden frame"", ""paper panels"", ""balcony railing"", ""greenery""]",illustration,,,,Qwen/Qwen3.5-9B,,,ok,,,,,,,,bg,visual:bg-complex-q0011:56898,diverse_rank=1; source_count=3; visual_group=visual:bg-complex-q0011:56898
bg-complex-q0011,"뱅가드 24 #01/bg에서 현대적인 사무실 구조와 큰 창문, 도시 풍경이 함께 보이는 배경",complex,57440,1,vv,"{""vv"": 1}","{""background_complex_v1_20260506:vv"": 1}",webdav://13730b09/예비/작품2/대마도학원35시험 소대/제작회사BG/건물/TM#04_158.psd,57440_TM#04_158.psd,예비/작품2/대마도학원35시험 소대/제작회사BG/건물/TM#04_158.psd,건물,/Users/saintiron/Projects/Imagine/thumbnails/57440_TM#04_158_thumb.png,psd,1761,1194,Night cityscape viewed through a window with grid lines overlay.,"[""cityscape"", ""night"", ""skyscrapers"", ""window"", ""grid"", ""lights"", ""urban"", ""dark""]",background,,,,Qwen/Qwen3.5-9B,,,ok,,,,,,,,건물,visual:bg-complex-q0011:57440,diverse_rank=2; source_count=1; visual_group=visual:bg-complex-q0011:57440
bg-complex-q0011,"뱅가드 24 #01/bg에서 현대적인 사무실 구조와 큰 창문, 도시 풍경이 함께 보이는 배경",complex,56762,2,mv,"{""mv"": 2}","{""background_complex_v1_20260506:mv"": 2}",webdav://13730b09/발송/외주 회사/빔 studio/메탈#07/bg/MR07_199_BG.psd,56762_MR07_199_BG.psd,발송/외주 회사/빔 studio/메탈#07/bg/MR07_199_BG.psd,bg,/Users/saintiron/Projects/Imagine/thumbnails/56762_MR07_199_BG_thumb.png,psd,2800,1658,"Modern indoor space with large windows, trees, and greenery.","[""windows"", ""trees"", ""greenery"", ""architecture"", ""indoor"", ""modern"", ""light""]",background,,,,Qwen/Qwen3.5-9B,,,ok,,,,,,,,bg,visual:bg-complex-q0011:56762,diverse_rank=3; source_count=3; visual_group=visual:bg-complex-q0011:56762
bg-complex-q0011,"뱅가드 24 #01/bg에서 현대적인 사무실 구조와 큰 창문, 도시 풍경이 함께 보이는 배경",complex,56868,2,fts,"{""fts"": 2}","{""background_complex_v1_20260506:fts"": 2}",webdav://13730b09/발송/외주 회사/빔 studio/귀인환등초/0313-re/KGS_01_346_R.psd,56868_KGS_01_346_R.psd,발송/외주 회사/빔 studio/귀인환등초/0313-re/KGS_01_346_R.psd,0313-re,/Users/saintiron/Projects/Imagine/thumbnails/56868_KGS_01_346_R_thumb.png,psd,2339,1653,A translucent figure sits in a traditional Japanese room with sliding doors and tatami mats.,"[""Japanese room"", ""tatami mats"", ""sliding doors"", ""translucent figure"", ""wooden furniture"", ""lantern"", ""kimono"", ""shoji screen""]",illustration,,,,Qwen/Qwen3.5-9B,,,ok,,,,,,,,0313-re,visual:bg-complex-q0011:56868,diverse_rank=4; source_count=1; visual_group=visual:bg-complex-q0011:56868
bg-complex-q0011,"뱅가드 24 #01/bg에서 현대적인 사무실 구조와 큰 창문, 도시 풍경이 함께 보이는 배경",complex,56794,3,mv,"{""mv"": 3}","{""background_complex_v1_20260506:mv"": 3}",webdav://13730b09/발송/외주 회사/빔 studio/메탈#07/bg/MR07_183_BG.psd,56794_MR07_183_BG.psd,발송/외주 회사/빔 studio/메탈#07/bg/MR07_183_BG.psd,bg,/Users/saintiron/Projects/Imagine/thumbnails/56794_MR07_183_BG_thumb.png,psd,1942,1304,"Modern architectural scene with glass panels, greenery, and structural beams.","[""architecture"", ""glass"", ""greenery"", ""beams"", ""modern"", ""sketch"", ""outdoor""]",illustration,,,,Qwen/Qwen3.5-9B,,,ok,,,,,,,,bg,visual:bg-complex-q0011:56794,diverse_rank=5; source_count=3; visual_group=visual:bg-complex-q0011:56794
bg-complex-q0011,"뱅가드 24 #01/bg에서 현대적인 사무실 구조와 큰 창문, 도시 풍경이 함께 보이는 배경",complex,31371,7,vv,"{""vv"": 7}","{""background_complex_v1_20260506:vv"": 7}",/Users/saintiron/imageDB/마캬베리즈무/실내소품/GEN014.psd,GEN014.psd,GEN014.psd,실내소품,/Users/saintiron/Projects/Imagine/thumbnails/GEN014_thumb.png,psd,1415,877,Modern interior view through six window panes showing ceiling and elevator doors.,"[""windows"", ""ceiling"", ""elevator"", ""interior"", ""architecture"", ""lights"", ""metal frame""]",background,,,,Qwen/Qwen3.5-9B,vision_done,,ok,,,,,,,,실내소품,visual:bg-complex-q0011:31371,diverse_rank=6; source_count=1; visual_group=visual:bg-complex-q0011:31371
bg-complex-q0011,"뱅가드 24 #01/bg에서 현대적인 사무실 구조와 큰 창문, 도시 풍경이 함께 보이는 배경",complex,58512,7,mv,"{""mv"": 7}","{""background_complex_v1_20260506:mv"": 7}",webdav://13730b09/예비/작품2/대마도학원35시험 소대/보도/학교 낮.psd,58512_학교 낮.psd,예비/작품2/대마도학원35시험 소대/보도/학교 낮.psd,보도,/Users/saintiron/Projects/Imagine/thumbnails/58512_학교 낮_thumb.png,psd,2906,1774,Grand historic building with gardens and modern skyscrapers in background,"[""building"", ""garden"", ""skyscraper"", ""architectural"", ""landscaped"", ""windows"", ""trees"", ""sky""]",illustration,,,,Qwen/Qwen3.5-9B,,,ok,,,,,,,,보도,visual:bg-complex-q0011:58512,diverse_rank=7; source_count=1; visual_group=visual:bg-complex-q0011:58512
bg-complex-q0011,"뱅가드 24 #01/bg에서 현대적인 사무실 구조와 큰 창문, 도시 풍경이 함께 보이는 배경",complex,57824,11,vv,"{""vv"": 11}","{""background_complex_v1_20260506:vv"": 11}",webdav://13730b09/예비/작품2/대마도학원35시험 소대/제작회사BG/#2/TM#02_028.psd,57824_TM#02_028.psd,예비/작품2/대마도학원35시험 소대/제작회사BG/#2/TM#02_028.psd,#2,/Users/saintiron/Projects/Imagine/thumbnails/57824_TM#02_028_thumb.png,psd,1979,1176,Dark office interior seen through vertical window bars at night.,"[""office"", ""window"", ""night"", ""bars"", ""interior"", ""darkness"", ""building""]",illustration,,,,Qwen/Qwen3.5-9B,,,ok,,,,,,,,#2,visual:bg-complex-q0011:57824,diverse_rank=8; source_count=2; visual_group=visual:bg-complex-q0011:57824
bg-complex-q0011,"뱅가드 24 #01/bg에서 현대적인 사무실 구조와 큰 창문, 도시 풍경이 함께 보이는 배경",complex,58099,15,vv,"{""vv"": 15}","{""background_complex_v1_20260506:vv"": 15}",webdav://13730b09/예비/작품2/대마도학원35시험 소대/제작회사BG/#2/TM#02_368.psd,58099_TM#02_368.psd,예비/작품2/대마도학원35시험 소대/제작회사BG/#2/TM#02_368.psd,#2,/Users/saintiron/Projects/Imagine/thumbnails/58099_TM#02_368_thumb.png,psd,1678,1190,Nighttime cityscape with illuminated skyscrapers viewed through a window frame.,"[""cityscape"", ""night"", ""skyscrapers"", ""windows"", ""urban"", ""darkness"", ""lights""]",background,,,,Qwen/Qwen3.5-9B,,,ok,,,,,,,,#2,visual:bg-complex-q0011:58099,diverse_rank=9; source_count=2; visual_group=visual:bg-complex-q0011:58099
bg-complex-q0011,"뱅가드 24 #01/bg에서 현대적인 사무실 구조와 큰 창문, 도시 풍경이 함께 보이는 배경",complex,58315,16,mv,"{""mv"": 16}","{""background_complex_v1_20260506:mv"": 16}",webdav://13730b09/예비/작품2/대마도학원35시험 소대/제작회사BG/#1/TM#01_264.psd,58315_TM#01_264.psd,예비/작품2/대마도학원35시험 소대/제작회사BG/#1/TM#01_264.psd,#1,/Users/saintiron/Projects/Imagine/thumbnails/58315_TM#01_264_thumb.png,psd,1639,1152,"Decorated wall with garland, window, and fan in a room.","[""wall"", ""window"", ""garland"", ""fan"", ""flowers"", ""indoor"", ""decoration"", ""beige""]",background,,,,Qwen/Qwen3.5-9B,,,ok,,,,,,,,#1,visual:bg-complex-q0011:58315,diverse_rank=10; source_count=2; visual_group=visual:bg-complex-q0011:58315
bg-complex-q0011,"뱅가드 24 #01/bg에서 현대적인 사무실 구조와 큰 창문, 도시 풍경이 함께 보이는 배경",complex,58206,18,vv,"{""vv"": 18}","{""background_complex_v1_20260506:vv"": 18}",webdav://13730b09/예비/작품2/대마도학원35시험 소대/제작회사BG/#1/TM#01_137.psd,58206_TM#01_137.psd,예비/작품2/대마도학원35시험 소대/제작회사BG/#1/TM#01_137.psd,#1,/Users/saintiron/Projects/Imagine/thumbnails/58206_TM#01_137_thumb.png,psd,1682,1179,Dark room with patterned wallpaper and glowing blue city lights through window,"[""wallpaper"", ""window"", ""city lights"", ""interior"", ""night"", ""urban"", ""dark""]",background,,,,Qwen/Qwen3.5-9B,,,ok,,,,,,,,#1,visual:bg-complex-q0011:58206,diverse_rank=11; source_count=2; visual_group=visual:bg-complex-q0011:58206
bg-complex-q0012,기절용사와 암살공주 장소/호텔실내에서 침대와 창문 또는 조명이 함께 보이는 호텔 방 배경,complex,60195,1,mv,"{""mv"": 1}","{""background_complex_v1_20260506:mv"": 1}",webdav://13730b09/예비/마법과고교의 우등생/#11/bg/MKY11_079.psd,60195_MKY11_079.psd,예비/마법과고교의 우등생/#11/bg/MKY11_079.psd,bg,/Users/saintiron/Projects/Imagine/thumbnails/60195_MKY11_079_thumb.png,psd,1977,1317,Hotel room with ghostly figures and warm lighting,"[""ghosts"", ""bed"", ""desk"", ""lamp"", ""window"", ""pillow"", ""chair"", ""night""]",illustration,,,,Qwen/Qwen3.5-9B,,,ok,,,,,,,,bg,visual:bg-complex-q0012:60195,diverse_rank=1; source_count=3; visual_group=visual:bg-complex-q0012:60195
bg-complex-q0012,기절용사와 암살공주 장소/호텔실내에서 침대와 창문 또는 조명이 함께 보이는 호텔 방 배경,complex,31272,2,vv,"{""vv"": 2}","{""background_complex_v1_20260506:vv"": 2}",/Users/saintiron/imageDB/마캬베리즈무/실내소품/bg009b.psd,bg009b.psd,bg009b.psd,실내소품,/Users/saintiron/Projects/Imagine/thumbnails/bg009b_thumb.png,psd,2232,1578,"A warmly lit bedroom with a bed, sofa, chair, and window.","[""bed"", ""sofa"", ""chair"", ""window"", ""lamp"", ""painting"", ""curtains"", ""carpet""]",background,,,,Qwen/Qwen3.5-9B,vision_done,,ok,,,,,,,,실내소품,visual:bg-complex-q0012:31272,diverse_rank=2; source_count=3; visual_group=visual:bg-complex-q0012:31272
bg-complex-q0012,기절용사와 암살공주 장소/호텔실내에서 침대와 창문 또는 조명이 함께 보이는 호텔 방 배경,complex,31425,2,"mv,triaxis,vv","{""mv"": 12, ""triaxis"": 2, ""vv"": 3}","{""background_complex_v1_20260506:mv"": 12, ""background_complex_v1_20260506:triaxis"": 2, ""background_complex_v1_20260506:vv"": 3}",/Users/saintiron/imageDB/마캬베리즈무/실내소품/iromi_board.psd,iromi_board.psd,iromi_board.psd,실내소품,/Users/saintiron/Projects/Imagine/thumbnails/iromi_board_thumb.png,psd,1685,1417,"A dimly lit hotel room interior with a bed, sofa, and wall sconces.","[""bed"", ""sofa"", ""wall sconce"", ""pillow"", ""nightstand"", ""wall"", ""floor"", ""curtain""]",background,,,,Qwen/Qwen3.5-9B,vision_done,,ok,,,,,,,,실내소품,visual:bg-complex-q0012:31425,diverse_rank=3; source_count=3; visual_group=visual:bg-complex-q0012:31425
bg-complex-q0012,기절용사와 암살공주 장소/호텔실내에서 침대와 창문 또는 조명이 함께 보이는 호텔 방 배경,complex,58350,2,mv,"{""mv"": 2}","{""background_complex_v1_20260506:mv"": 2}",webdav://13730b09/예비/작품2/대마도학원35시험 소대/제작회사BG/#1/TM#01_302.psd,58350_TM#01_302.psd,예비/작품2/대마도학원35시험 소대/제작회사BG/#1/TM#01_302.psd,#1,/Users/saintiron/Projects/Imagine/thumbnails/58350_TM#01_302_thumb.png,psd,1910,1190,Dark room with bloodstains on concrete floor and wooden walls,"[""blood"", ""concrete"", ""wood"", ""dark"", ""room"", ""floor"", ""wall""]",background,,,,Qwen/Qwen3.5-9B,,,ok,,,,,,,,#1,visual:bg-complex-q0012:58350,diverse_rank=4; source_count=2; visual_group=visual:bg-complex-q0012:58350
bg-complex-q0012,기절용사와 암살공주 장소/호텔실내에서 침대와 창문 또는 조명이 함께 보이는 호텔 방 배경,complex,60276,4,fts,"{""fts"": 4}","{""background_complex_v1_20260506:fts"": 4}",webdav://13730b09/예비/마법과고교의 우등생/#11/bg/MKY11_252.psd,60276_MKY11_252.psd,예비/마법과고교의 우등생/#11/bg/MKY11_252.psd,bg,/Users/saintiron/Projects/Imagine/thumbnails/60276_MKY11_252_thumb.png,psd,1754,1252,Close-up sketch of a man's face with green and blue lines.,"[""face"", ""sketch"", ""green lines"", ""blue lines"", ""eyes"", ""mouth"", ""ears""]",illustration,,,,Qwen/Qwen3.5-9B,,,ok,,,,,,,,bg,visual:bg-complex-q0012:60276,diverse_rank=5; source_count=3; visual_group=visual:bg-complex-q0012:60276
bg-complex-q0012,기절용사와 암살공주 장소/호텔실내에서 침대와 창문 또는 조명이 함께 보이는 호텔 방 배경,complex,28709,5,mv,"{""mv"": 5}","{""background_complex_v1_20260506:mv"": 5}",/Users/saintiron/imageDB/마캬베리즈무/장소/강다외부/agm03_213.psd,agm03_213.psd,agm03_213.psd,강다외부,/Users/saintiron/Projects/Imagine/thumbnails/agm03_213_thumb.png,psd,1716,1211,A sketch of a girl's face seen through a window frame.,"[""girl"", ""face"", ""sketch"", ""window"", ""frame""]",illustration,,,,Qwen/Qwen3.5-9B,vision_done,,ok,,,,,,,,강다외부,visual:bg-complex-q0012:28709,diverse_rank=6; source_count=1; visual_group=visual:bg-complex-q0012:28709
bg-complex-q0012,기절용사와 암살공주 장소/호텔실내에서 침대와 창문 또는 조명이 함께 보이는 호텔 방 배경,complex,60169,5,fts,"{""fts"": 5}","{""background_complex_v1_20260506:fts"": 5}",webdav://13730b09/예비/마법과고교의 우등생/#11/bg/MKY11_013.psd,60169_MKY11_013.psd,예비/마법과고교의 우등생/#11/bg/MKY11_013.psd,bg,/Users/saintiron/Projects/Imagine/thumbnails/60169_MKY11_013_thumb.png,psd,1754,1252,A man in a suit sits with clasped hands in a dimly lit room.,"[""man"", ""suit"", ""hands"", ""room"", ""windows"", ""collar"", ""rings""]",illustration,,,,Qwen/Qwen3.5-9B,,,ok,,,,,,,,bg,visual:bg-complex-q0012:60169,diverse_rank=7; source_count=3; visual_group=visual:bg-complex-q0012:60169
bg-complex-q0012,기절용사와 암살공주 장소/호텔실내에서 침대와 창문 또는 조명이 함께 보이는 호텔 방 배경,complex,31119,6,vv,"{""vv"": 6}","{""background_complex_v1_20260506:vv"": 6}",/Users/saintiron/imageDB/마캬베리즈무/실내소품/070_bg_hg25_r.psd,070_bg_hg25_r.psd,070_bg_hg25_r.psd,실내소품,/Users/saintiron/Projects/Imagine/thumbnails/070_bg_hg25_r_thumb.png,psd,1681,1088,"A bedroom with a bed, window, curtains, and hanging decorations.","[""bed"", ""window"", ""curtains"", ""decorations"", ""wall"", ""furniture"", ""bedroom"", ""ornaments""]",background,,,,Qwen/Qwen3.5-9B,vision_done,,ok,,,,,,,,실내소품,visual:bg-complex-q0012:31119,diverse_rank=8; source_count=3; visual_group=visual:bg-complex-q0012:31119
bg-complex-q0012,기절용사와 암살공주 장소/호텔실내에서 침대와 창문 또는 조명이 함께 보이는 호텔 방 배경,complex,58480,6,mv,"{""mv"": 6}","{""background_complex_v1_20260506:mv"": 6}",webdav://13730b09/예비/작품2/대마도학원35시험 소대/보도/아르케미스트 제5연구소 객실 라이트꺼짐.psd,58480_아르케미스트 제5연구소 객실 라이트꺼짐.psd,예비/작품2/대마도학원35시험 소대/보도/아르케미스트 제5연구소 객실 라이트꺼짐.psd,보도,/Users/saintiron/Projects/Imagine/thumbnails/58480_아르케미스트 제5연구소 객실 라이트꺼짐_thumb.png,psd,2727,1848,Two views of a dimly lit room with beds and doors,"[""beds"", ""doors"", ""walls"", ""floor"", ""ceiling""]",background,,,,Qwen/Qwen3.5-9B,,,ok,,,,,,,,보도,visual:bg-complex-q0012:58480,diverse_rank=9; source_count=2; visual_group=visual:bg-complex-q0012:58480
bg-complex-q0012,기절용사와 암살공주 장소/호텔실내에서 침대와 창문 또는 조명이 함께 보이는 호텔 방 배경,complex,58506,6,triaxis,"{""triaxis"": 6}","{""background_complex_v1_20260506:triaxis"": 6}",webdav://13730b09/예비/작품2/대마도학원35시험 소대/보도/페허도시 러브호텔실내 밤.psd,58506_페허도시 러브호텔실내 밤.psd,예비/작품2/대마도학원35시험 소대/보도/페허도시 러브호텔실내 밤.psd,보도,/Users/saintiron/Projects/Imagine/thumbnails/58506_페허도시 러브호텔실내 밤_thumb.png,psd,2477,1877,"A retro-style hotel room interior with a round bed, red walls, and vintage decor.","[""hotel room"", ""round bed"", ""red walls"", ""ceiling fan"", ""curtains"", ""lamp"", ""nightstand"", ""vintage decor""]",illustration,,,,Qwen/Qwen3.5-9B,,,ok,,,,,,,,보도,visual:bg-complex-q0012:58506,diverse_rank=10; source_count=2; visual_group=visual:bg-complex-q0012:58506
bg-complex-q0012,기절용사와 암살공주 장소/호텔실내에서 침대와 창문 또는 조명이 함께 보이는 호텔 방 배경,complex,58446,7,mv,"{""mv"": 7}","{""background_complex_v1_20260506:mv"": 7}",webdav://13730b09/예비/작품2/대마도학원35시험 소대/설정/페허도시 러브호텔실내.jpg,58446_페허도시 러브호텔실내.jpg,예비/작품2/대마도학원35시험 소대/설정/페허도시 러브호텔실내.jpg,설정,/Users/saintiron/Projects/Imagine/thumbnails/58446_페허도시 러브호텔실내_thumb.png,jpg,2866,2024,Sketch of a love hotel room interior with a character and detailed furniture layout,"[""bed"", ""desk"", ""lamp"", ""curtains"", ""character""]",illustration,,,,Qwen/Qwen3.5-9B,,,ok,,,,,,,,설정,visual:bg-complex-q0012:58446,diverse_rank=11; source_count=1; visual_group=visual:bg-complex-q0012:58446
bg-complex-q0012,기절용사와 암살공주 장소/호텔실내에서 침대와 창문 또는 조명이 함께 보이는 호텔 방 배경,complex,58246,8,mv,"{""mv"": 8}","{""background_complex_v1_20260506:mv"": 8}",webdav://13730b09/예비/작품2/대마도학원35시험 소대/제작회사BG/#1/TM#01_181.psd,58246_TM#01_181.psd,예비/작품2/대마도학원35시험 소대/제작회사BG/#1/TM#01_181.psd,#1,/Users/saintiron/Projects/Imagine/thumbnails/58246_TM#01_181_thumb.png,psd,1701,1204,Dark interior view of a room with furniture and architectural details.,"[""interior"", ""furniture"", ""architecture"", ""dark"", ""room""]",background,,,,Qwen/Qwen3.5-9B,,,ok,,,,,,,,#1,visual:bg-complex-q0012:58246,diverse_rank=12; source_count=2; visual_group=visual:bg-complex-q0012:58246
bg-complex-q0013,크랑베르무 장소/신사에서 기둥과 지붕 구조가 보이고 숲이나 나무가 둘러싼 야외 배경,complex,56943,1,"fts,triaxis","{""fts"": 1, ""triaxis"": 1}","{""background_complex_v1_20260506:fts"": 1, ""background_complex_v1_20260506:triaxis"": 1}",webdav://13730b09/발송/외주 회사/빔 studio/귀인환등초/bg/KGS_01_148.psd,56943_KGS_01_148.psd,발송/외주 회사/빔 studio/귀인환등초/bg/KGS_01_148.psd,bg,/Users/saintiron/Projects/Imagine/thumbnails/56943_KGS_01_148_thumb.png,psd,2339,1653,"A serene anime-style scene with a tree, blue sky, and green hills.","[""tree"", ""sky"", ""clouds"", ""hills"", ""roof"", ""flowers"", ""grass"", ""wood""]",illustration,,,,Qwen/Qwen3.5-9B,,,ok,,,,,,,,bg,visual:bg-complex-q0013:56943,diverse_rank=1; source_count=2; visual_group=visual:bg-complex-q0013:56943
bg-complex-q0013,크랑베르무 장소/신사에서 기둥과 지붕 구조가 보이고 숲이나 나무가 둘러싼 야외 배경,complex,57342,2,"fts,triaxis","{""fts"": 2, ""triaxis"": 16}","{""background_complex_v1_20260506:fts"": 2, ""background_complex_v1_20260506:triaxis"": 16}",webdav://13730b09/예비/작품2/대마도학원35시험 소대/택처/Untitled-1.psd,57342_Untitled-1.psd,예비/작품2/대마도학원35시험 소대/택처/Untitled-1.psd,택처,/Users/saintiron/Projects/Imagine/thumbnails/57342_Untitled-1_thumb.png,psd,1890,1417,"Abstract architectural collage with doors, windows, and wooden panels.","[""doors"", ""windows"", ""wood"", ""architecture"", ""collage"", ""panels"", ""frames""]",illustration,,,,Qwen/Qwen3.5-9B,,,ok,,,,,,,,택처,visual:bg-complex-q0013:57342,diverse_rank=2; source_count=1; visual_group=visual:bg-complex-q0013:57342
bg-complex-q0013,크랑베르무 장소/신사에서 기둥과 지붕 구조가 보이고 숲이나 나무가 둘러싼 야외 배경,complex,56819,4,mv,"{""mv"": 4}","{""background_complex_v1_20260506:mv"": 4}",webdav://13730b09/발송/외주 회사/빔 studio/나카무라/re/GNK_04_195_bg_take1_r.psd,56819_GNK_04_195_bg_take1_r.psd,발송/외주 회사/빔 studio/나카무라/re/GNK_04_195_bg_take1_r.psd,re,/Users/saintiron/Projects/Imagine/thumbnails/56819_GNK_04_195_bg_take1_r_thumb.png,psd,3366,1240,A concrete fence with vertical bars in front of a dense green forest.,"[""fence"", ""concrete"", ""forest"", ""trees"", ""greenery"", ""barrier"", ""outdoors""]",background,,,,Qwen/Qwen3.5-9B,,,ok,,,,,,,,re,visual:bg-complex-q0013:56819,diverse_rank=3; source_count=1; visual_group=visual:bg-complex-q0013:56819
bg-complex-q0013,크랑베르무 장소/신사에서 기둥과 지붕 구조가 보이고 숲이나 나무가 둘러싼 야외 배경,complex,56972,19,vv,"{""vv"": 19}","{""background_complex_v1_20260506:vv"": 19}",webdav://13730b09/발송/외주 회사/빔 studio/귀인환등초/bg/KGS_01_178_genzu.psd,56972_KGS_01_178_genzu.psd,발송/외주 회사/빔 studio/귀인환등초/bg/KGS_01_178_genzu.psd,bg,/Users/saintiron/Projects/Imagine/thumbnails/56972_KGS_01_178_genzu_thumb.png,psd,2340,1654,Lush green trees under a bright blue sky with a traditional building corner.,"[""trees"", ""sky"", ""clouds"", ""building"", ""roof"", ""leaves"", ""nature"", ""daytime""]",background,,,,Qwen/Qwen3.5-9B,,,ok,,,,,,,,bg,visual:bg-complex-q0013:56972,diverse_rank=4; source_count=2; visual_group=visual:bg-complex-q0013:56972
bg-complex-q0013,크랑베르무 장소/신사에서 기둥과 지붕 구조가 보이고 숲이나 나무가 둘러싼 야외 배경,complex,58001,20,mv,"{""mv"": 20}","{""background_complex_v1_20260506:mv"": 20}",webdav://13730b09/예비/작품2/대마도학원35시험 소대/제작회사BG/#2/TM#02_253.psd,58001_TM#02_253.psd,예비/작품2/대마도학원35시험 소대/제작회사BG/#2/TM#02_253.psd,#2,/Users/saintiron/Projects/Imagine/thumbnails/58001_TM#02_253_thumb.png,psd,1674,1182,A wireframe overlay on a dimly lit outdoor scene with trees and a wall.,"[""wireframe"", ""trees"", ""wall"", ""dark"", ""outdoor"", ""blue"", ""overlay"", ""landscape""]",background,,,,Qwen/Qwen3.5-9B,,,ok,,,,,,,,#2,visual:bg-complex-q0013:58001,diverse_rank=5; source_count=1; visual_group=visual:bg-complex-q0013:58001
bg-complex-q0014,작품 쫑 후시 장소/마법창고에서 어두운 실내와 선반 또는 상자가 함께 보이는 창고 배경,complex,58283,1,mv,"{""mv"": 1}","{""background_complex_v1_20260506:mv"": 1}",webdav://13730b09/예비/작품2/대마도학원35시험 소대/제작회사BG/#1/TM#01_227.psd,58283_TM#01_227.psd,예비/작품2/대마도학원35시험 소대/제작회사BG/#1/TM#01_227.psd,#1,/Users/saintiron/Projects/Imagine/thumbnails/58283_TM#01_227_thumb.png,psd,1670,1183,Dark room with minimal visible furniture and shadowy background.,"[""dark"", ""shadow"", ""interior"", ""furniture"", ""wall"", ""low light"", ""blurry""]",background,,,,Qwen/Qwen3.5-9B,,,ok,,,,,,,,#1,visual:bg-complex-q0014:58283,diverse_rank=1; source_count=4; visual_group=visual:bg-complex-q0014:58283
bg-complex-q0014,작품 쫑 후시 장소/마법창고에서 어두운 실내와 선반 또는 상자가 함께 보이는 창고 배경,complex,58219,2,mv,"{""mv"": 2}","{""background_complex_v1_20260506:mv"": 2}",webdav://13730b09/예비/작품2/대마도학원35시험 소대/제작회사BG/#1/TM#01_154.psd,58219_TM#01_154.psd,예비/작품2/대마도학원35시험 소대/제작회사BG/#1/TM#01_154.psd,#1,/Users/saintiron/Projects/Imagine/thumbnails/58219_TM#01_154_thumb.png,psd,1678,1183,Dark bar with shelves of bottles and wooden floor in dim lighting.,"[""bar"", ""shelves"", ""bottles"", ""wooden floor"", ""dark lighting""]",background,,,,Qwen/Qwen3.5-9B,,,ok,,,,,,,,#1,visual:bg-complex-q0014:58219,diverse_rank=2; source_count=4; visual_group=visual:bg-complex-q0014:58219
bg-complex-q0014,작품 쫑 후시 장소/마법창고에서 어두운 실내와 선반 또는 상자가 함께 보이는 창고 배경,complex,31579,3,"mv,vv","{""mv"": 3, ""vv"": 15}","{""background_complex_v1_20260506:mv"": 3, ""background_complex_v1_20260506:vv"": 15}",/Users/saintiron/imageDB/마캬베리즈무/실내소품/SM13_011.psd,SM13_011.psd,SM13_011.psd,실내소품,/Users/saintiron/Projects/Imagine/thumbnails/SM13_011_thumb.png,psd,2335,1657,"Dimly lit shelves filled with jars, boxes, and baked goods in a cozy interior.","[""shelves"", ""jars"", ""boxes"", ""baked goods"", ""interior""]",background,,,,Qwen/Qwen3.5-9B,vision_done,,ok,,,,,,,,실내소품,visual:bg-complex-q0014:31579,diverse_rank=3; source_count=3; visual_group=visual:bg-complex-q0014:31579
bg-complex-q0014,작품 쫑 후시 장소/마법창고에서 어두운 실내와 선반 또는 상자가 함께 보이는 창고 배경,complex,58244,4,mv,"{""mv"": 4}","{""background_complex_v1_20260506:mv"": 4}",webdav://13730b09/예비/작품2/대마도학원35시험 소대/제작회사BG/#1/TM#01_179.psd,58244_TM#01_179.psd,예비/작품2/대마도학원35시험 소대/제작회사BG/#1/TM#01_179.psd,#1,/Users/saintiron/Projects/Imagine/thumbnails/58244_TM#01_179_thumb.png,psd,1984,1701,"Dark, moody interior with shelves of bottles and a doorway to a city view.","[""shelves"", ""bottles"", ""doorway"", ""cityscape"", ""dark"", ""interior"", ""wooden floor"", ""blinds""]",background,,,,Qwen/Qwen3.5-9B,,,ok,,,,,,,,#1,visual:bg-complex-q0014:58244,diverse_rank=4; source_count=4; visual_group=visual:bg-complex-q0014:58244
bg-complex-q0014,작품 쫑 후시 장소/마법창고에서 어두운 실내와 선반 또는 상자가 함께 보이는 창고 배경,complex,31487,7,mv,"{""mv"": 7}","{""background_complex_v1_20260506:mv"": 7}",/Users/saintiron/imageDB/마캬베리즈무/실내소품/noir-iro2.psd,noir-iro2.psd,noir-iro2.psd,실내소품,/Users/saintiron/Projects/Imagine/thumbnails/noir-iro2_thumb.png,psd,1685,1191,A dimly lit chocolate shop interior with vintage furniture and warm tones.,"[""chocolate shop"", ""vintage furniture"", ""dark wood"", ""glass display"", ""cupcakes"", ""potted plant"", ""shelves"", ""warm lighting""]",background,,,,Qwen/Qwen3.5-9B,vision_done,,ok,,,,,,,,실내소품,visual:bg-complex-q0014:31487,diverse_rank=5; source_count=3; visual_group=visual:bg-complex-q0014:31487
bg-complex-q0014,작품 쫑 후시 장소/마법창고에서 어두운 실내와 선반 또는 상자가 함께 보이는 창고 배경,complex,58191,9,mv,"{""mv"": 9}","{""background_complex_v1_20260506:mv"": 9}",webdav://13730b09/예비/작품2/대마도학원35시험 소대/제작회사BG/#1/TM#01_115.psd,58191_TM#01_115.psd,예비/작품2/대마도학원35시험 소대/제작회사BG/#1/TM#01_115.psd,#1,/Users/saintiron/Projects/Imagine/thumbnails/58191_TM#01_115_thumb.png,psd,1670,1173,"Dark room with skeleton, cabinets, and vintage equipment under dim lighting.","[""skeleton"", ""cabinet"", ""vintage equipment"", ""dark room"", ""dim lighting""]",background,,,,Qwen/Qwen3.5-9B,,,ok,,,,,,,,#1,visual:bg-complex-q0014:58191,diverse_rank=8; source_count=4; visual_group=visual:bg-complex-q0014:58191
bg-complex-q0014,작품 쫑 후시 장소/마법창고에서 어두운 실내와 선반 또는 상자가 함께 보이는 창고 배경,complex,31583,10,mv,"{""mv"": 10}","{""background_complex_v1_20260506:mv"": 10}",/Users/saintiron/imageDB/마캬베리즈무/실내소품/SM13_015.psd,SM13_015.psd,SM13_015.psd,실내소품,/Users/saintiron/Projects/Imagine/thumbnails/SM13_015_thumb.png,psd,1684,1193,Dimly lit wooden shelves holding jars and boxes in a cozy interior.,"[""shelves"", ""jars"", ""boxes"", ""wooden furniture"", ""indoor"", ""dim lighting"", ""cozy"", ""still life""]",background,,,,Qwen/Qwen3.5-9B,vision_done,,ok,,,,,,,,실내소품,visual:bg-complex-q0014:31583,diverse_rank=6; source_count=3; visual_group=visual:bg-complex-q0014:31583
bg-complex-q0014,작품 쫑 후시 장소/마법창고에서 어두운 실내와 선반 또는 상자가 함께 보이는 창고 배경,complex,57819,20,mv,"{""mv"": 20}","{""background_complex_v1_20260506:mv"": 20}",webdav://13730b09/예비/작품2/대마도학원35시험 소대/제작회사BG/#2/TM#02_023.psd,57819_TM#02_023.psd,예비/작품2/대마도학원35시험 소대/제작회사BG/#2/TM#02_023.psd,#2,/Users/saintiron/Projects/Imagine/thumbnails/57819_TM#02_023_thumb.png,psd,1668,1176,"Dark, ornate interior with vertical bars and faint background details.","[""bars"", ""ornate"", ""dark"", ""interior"", ""furniture"", ""architecture"", ""shadow"", ""pattern""]",background,,,,Qwen/Qwen3.5-9B,,,ok,,,,,,,,#2,visual:bg-complex-q0014:58274,diverse_rank=7; source_count=1; visual_group=visual:bg-complex-q0014:58274
bg-complex-q0015,사카모토 bg에서 도로와 건물 외관이 함께 보이고 도시 골목 느낌이 나는 배경,complex,57451,1,fts,"{""fts"": 1}","{""background_complex_v1_20260506:fts"": 1}",webdav://13730b09/예비/작품2/대마도학원35시험 소대/제작회사BG/건물/타케루의 집 외관.psd,57451_타케루의 집 외관.psd,예비/작품2/대마도학원35시험 소대/제작회사BG/건물/타케루의 집 외관.psd,건물,/Users/saintiron/Projects/Imagine/thumbnails/57451_타케루의 집 외관_thumb.png,psd,2774,1951,Night view of a traditional Japanese house with modern apartment buildings in the background.,"[""night"", ""traditional house"", ""apartment buildings"", ""streetlights"", ""power lines"", ""urban"", ""residential""]",illustration,,,,Qwen/Qwen3.5-9B,,,ok,,,,,,,,건물,visual:bg-complex-q0015:57451,diverse_rank=1; source_count=3; visual_group=visual:bg-complex-q0015:57451
bg-complex-q0015,사카모토 bg에서 도로와 건물 외관이 함께 보이고 도시 골목 느낌이 나는 배경,complex,57449,2,fts,"{""fts"": 2}","{""background_complex_v1_20260506:fts"": 2}",webdav://13730b09/예비/작품2/대마도학원35시험 소대/제작회사BG/건물/타케루의 집 외관 낮.psd,57449_타케루의 집 외관 낮.psd,예비/작품2/대마도학원35시험 소대/제작회사BG/건물/타케루의 집 외관 낮.psd,건물,/Users/saintiron/Projects/Imagine/thumbnails/57449_타케루의 집 외관 낮_thumb.png,psd,2768,1951,"A street scene with a two-story building, power lines, and modern buildings in the background.","[""street"", ""building"", ""power lines"", ""sky"", ""trees"", ""road"", ""fence"", ""signboard""]",illustration,,,,Qwen/Qwen3.5-9B,,,ok,,,,,,,,건물,visual:bg-complex-q0015:57449,diverse_rank=2; source_count=3; visual_group=visual:bg-complex-q0015:57449
bg-complex-q0015,사카모토 bg에서 도로와 건물 외관이 함께 보이고 도시 골목 느낌이 나는 배경,complex,57450,3,fts,"{""fts"": 3}","{""background_complex_v1_20260506:fts"": 3}",webdav://13730b09/예비/작품2/대마도학원35시험 소대/제작회사BG/건물/타케루의 집 외관 어두운석양.psd,57450_타케루의 집 외관 어두운석양.psd,예비/작품2/대마도학원35시험 소대/제작회사BG/건물/타케루의 집 외관 어두운석양.psd,건물,/Users/saintiron/Projects/Imagine/thumbnails/57450_타케루의 집 외관 어두운석양_thumb.png,psd,2770,1955,Sunset view of a traditional Japanese house with modern buildings in background,"[""traditional house"", ""modern buildings"", ""sunset"", ""street"", ""power lines"", ""residential area"", ""urban landscape"", ""Japanese architecture""]",illustration,,,,Qwen/Qwen3.5-9B,,,ok,,,,,,,,건물,visual:bg-complex-q0015:57450,diverse_rank=3; source_count=3; visual_group=visual:bg-complex-q0015:57450
bg-complex-q0015,사카모토 bg에서 도로와 건물 외관이 함께 보이고 도시 골목 느낌이 나는 배경,complex,58432,4,fts,"{""fts"": 4}","{""background_complex_v1_20260506:fts"": 4}",webdav://13730b09/예비/작품2/대마도학원35시험 소대/설정/콜로세움 외관.jpg,58432_콜로세움 외관.jpg,예비/작품2/대마도학원35시험 소대/설정/콜로세움 외관.jpg,설정,/Users/saintiron/Projects/Imagine/thumbnails/58432_콜로세움 외관_thumb.png,jpg,2873,1984,Line art of a fantasy castle and barracks with detailed architecture,"[""castle"", ""barracks"", ""line art"", ""architecture"", ""fantasy"", ""sketch"", ""building""]",illustration,,,,Qwen/Qwen3.5-9B,,,ok,,,,,,,,설정,visual:bg-complex-q0015:58432,diverse_rank=4; source_count=3; visual_group=visual:bg-complex-q0015:58432
bg-complex-q0015,사카모토 bg에서 도로와 건물 외관이 함께 보이고 도시 골목 느낌이 나는 배경,complex,58456,5,fts,"{""fts"": 5}","{""background_complex_v1_20260506:fts"": 5}",webdav://13730b09/예비/작품2/대마도학원35시험 소대/설정/학교 외관.jpg,58456_학교 외관.jpg,예비/작품2/대마도학원35시험 소대/설정/학교 외관.jpg,설정,/Users/saintiron/Projects/Imagine/thumbnails/58456_학교 외관_thumb.png,jpg,2873,2032,Detailed architectural sketch of a grand school building with surrounding landscape,"[""school building"", ""architectural sketch"", ""garden"", ""fountain"", ""trees"", ""towers"", ""windows"", ""sketch lines""]",illustration,,,,Qwen/Qwen3.5-9B,,,ok,,,,,,,,설정,visual:bg-complex-q0015:58456,diverse_rank=5; source_count=3; visual_group=visual:bg-complex-q0015:58456
bg-complex-q0015,사카모토 bg에서 도로와 건물 외관이 함께 보이고 도시 골목 느낌이 나는 배경,complex,58407,6,fts,"{""fts"": 6}","{""background_complex_v1_20260506:fts"": 6}",webdav://13730b09/예비/작품2/대마도학원35시험 소대/설정/병원 외관.jpg,58407_병원 외관.jpg,예비/작품2/대마도학원35시험 소대/설정/병원 외관.jpg,설정,/Users/saintiron/Projects/Imagine/thumbnails/58407_병원 외관_thumb.png,jpg,2912,2056,Line drawing of a large building with arched windows and a person standing outside.,"[""building"", ""windows"", ""person"", ""stairs"", ""trees"", ""roof"", ""arches"", ""line art""]",illustration,,,,Qwen/Qwen3.5-9B,,,ok,,,,,,,,설정,visual:bg-complex-q0015:58407,diverse_rank=6; source_count=3; visual_group=visual:bg-complex-q0015:58407
bg-complex-q0015,사카모토 bg에서 도로와 건물 외관이 함께 보이고 도시 골목 느낌이 나는 배경,complex,57912,7,mv,"{""mv"": 7}","{""background_complex_v1_20260506:mv"": 7}",webdav://13730b09/예비/작품2/대마도학원35시험 소대/제작회사BG/#2/TM#02_151.psd,57912_TM#02_151.psd,예비/작품2/대마도학원35시험 소대/제작회사BG/#2/TM#02_151.psd,#2,/Users/saintiron/Projects/Imagine/thumbnails/57912_TM#02_151_thumb.png,psd,2386,1674,"Dark, moody night scene of a grand building with trees and streetlamps.","[""building"", ""trees"", ""streetlamps"", ""night"", ""architecture""]",background,,,,Qwen/Qwen3.5-9B,,,ok,,,,,,,,#2,visual:bg-complex-q0015:57912,diverse_rank=7; source_count=1; visual_group=visual:bg-complex-q0015:57912
bg-complex-q0015,사카모토 bg에서 도로와 건물 외관이 함께 보이고 도시 골목 느낌이 나는 배경,complex,56936,12,fts,"{""fts"": 12}","{""background_complex_v1_20260506:fts"": 12}",webdav://13730b09/발송/외주 회사/빔 studio/귀인환등초/bg/KGS_01_155.psd,56936_KGS_01_155.psd,발송/외주 회사/빔 studio/귀인환등초/bg/KGS_01_155.psd,bg,/Users/saintiron/Projects/Imagine/thumbnails/56936_KGS_01_155_thumb.png,psd,2339,1653,Anime-style character sketch overlaid on a lush outdoor landscape with trees and sky.,"[""anime"", ""character"", ""sketch"", ""landscape"", ""trees"", ""sky"", ""overlay""]",illustration,,,,Qwen/Qwen3.5-9B,,,ok,,,,,,,,bg,visual:bg-complex-q0015:56936,diverse_rank=8; source_count=3; visual_group=visual:bg-complex-q0015:56936
bg-complex-q0015,사카모토 bg에서 도로와 건물 외관이 함께 보이고 도시 골목 느낌이 나는 배경,complex,58476,13,fts,"{""fts"": 13}","{""background_complex_v1_20260506:fts"": 13}",webdav://13730b09/예비/작품2/대마도학원35시험 소대/보도/사이온지 집 외관 아침.psd,58476_사이온지 집 외관 아침.psd,예비/작품2/대마도학원35시험 소대/보도/사이온지 집 외관 아침.psd,보도,/Users/saintiron/Projects/Imagine/thumbnails/58476_사이온지 집 외관 아침_thumb.png,psd,2866,2024,A grand white mansion with green shutters set in a lush garden under a bright sky.,"[""mansion"", ""garden"", ""windows"", ""shutters"", ""trees"", ""fountain"", ""sky""]",background,,,,Qwen/Qwen3.5-9B,,,ok,,,,,,,,보도,visual:bg-complex-q0015:58476,diverse_rank=9; source_count=1; visual_group=visual:bg-complex-q0015:58476
bg-complex-q0015,사카모토 bg에서 도로와 건물 외관이 함께 보이고 도시 골목 느낌이 나는 배경,complex,56974,14,fts,"{""fts"": 14}","{""background_complex_v1_20260506:fts"": 14}",webdav://13730b09/발송/외주 회사/빔 studio/귀인환등초/bg/KGS_01_339_R.psd,56974_KGS_01_339_R.psd,발송/외주 회사/빔 studio/귀인환등초/bg/KGS_01_339_R.psd,bg,/Users/saintiron/Projects/Imagine/thumbnails/56974_KGS_01_339_R_thumb.png,psd,2339,1653,A sketch of a girl looking through a window with layered lines.,"[""girl"", ""window"", ""sketch"", ""lines"", ""reflection""]",illustration,,,,Qwen/Qwen3.5-9B,,,ok,,,,,,,,bg,visual:bg-complex-q0015:56974,diverse_rank=10; source_count=3; visual_group=visual:bg-complex-q0015:56974
bg-complex-q0015,사카모토 bg에서 도로와 건물 외관이 함께 보이고 도시 골목 느낌이 나는 배경,complex,56814,16,mv,"{""mv"": 16}","{""background_complex_v1_20260506:mv"": 16}",webdav://13730b09/발송/외주 회사/빔 studio/메탈#07/bg/MR07_045_BG.psd,56814_MR07_045_BG.psd,발송/외주 회사/빔 studio/메탈#07/bg/MR07_045_BG.psd,bg,/Users/saintiron/Projects/Imagine/thumbnails/56814_MR07_045_BG_thumb.png,psd,1756,1308,Modern urban walkway with railings and colorful building facades,"[""walkway"", ""railings"", ""buildings"", ""urban"", ""modern"", ""architecture"", ""stairs"", ""glass""]",background,,,,Qwen/Qwen3.5-9B,,,ok,,,,,,,,bg,visual:bg-complex-q0015:56814,diverse_rank=11; source_count=3; visual_group=visual:bg-complex-q0015:56814
bg-complex-q0016,켄신 자료에서 목조 교량이나 강이 보이고 전통 건축 분위기가 함께 있는 배경,complex,60273,1,fts,"{""fts"": 1}","{""background_complex_v1_20260506:fts"": 1}",webdav://13730b09/예비/마법과고교의 우등생/#11/bg/MKY11_245.psd,60273_MKY11_245.psd,예비/마법과고교의 우등생/#11/bg/MKY11_245.psd,bg,/Users/saintiron/Projects/Imagine/thumbnails/60273_MKY11_245_thumb.png,psd,1863,1293,Grassy field with a faint overlay of a character's face.,"[""grass"", ""field"", ""overlay"", ""face"", ""nature""]",background,,,,Qwen/Qwen3.5-9B,,,ok,,,,,,,,bg,visual:bg-complex-q0016:60273,diverse_rank=1; source_count=5; visual_group=visual:bg-complex-q0016:60273
bg-complex-q0016,켄신 자료에서 목조 교량이나 강이 보이고 전통 건축 분위기가 함께 있는 배경,complex,60365,2,fts,"{""fts"": 2}","{""background_complex_v1_20260506:fts"": 2}",webdav://13730b09/예비/마법과고교의 우등생/#11/bg/MKY11_246.psd,60365_MKY11_246.psd,예비/마법과고교의 우등생/#11/bg/MKY11_246.psd,bg,/Users/saintiron/Projects/Imagine/thumbnails/60365_MKY11_246_thumb.png,psd,1879,1303,Three translucent figures stand in a grassy field with mountains and sky.,"[""translucent figures"", ""mountains"", ""sky"", ""grass"", ""trees"", ""anime style"", ""blue sky"", ""green landscape""]",illustration,,,,Qwen/Qwen3.5-9B,,,ok,,,,,,,,bg,visual:bg-complex-q0016:60365,diverse_rank=2; source_count=5; visual_group=visual:bg-complex-q0016:60365
bg-complex-q0016,켄신 자료에서 목조 교량이나 강이 보이고 전통 건축 분위기가 함께 있는 배경,complex,56900,7,mv,"{""mv"": 7}","{""background_complex_v1_20260506:mv"": 7}",webdav://13730b09/발송/외주 회사/빔 studio/귀인환등초/bg/KGS_01_096.psd,56900_KGS_01_096.psd,발송/외주 회사/빔 studio/귀인환등초/bg/KGS_01_096.psd,bg,/Users/saintiron/Projects/Imagine/thumbnails/56900_KGS_01_096_thumb.png,psd,2401,1701,Traditional Japanese-style building with sliding doors and a flowering tree.,"[""Japanese architecture"", ""sliding doors"", ""flowering tree"", ""wooden beams"", ""shoji screens"", ""green leaves"", ""red flowers"", ""thatched roof""]",illustration,,,,Qwen/Qwen3.5-9B,,,ok,,,,,,,,bg,visual:bg-complex-q0016:56900,diverse_rank=3; source_count=5; visual_group=visual:bg-complex-q0016:56900
bg-complex-q0016,켄신 자료에서 목조 교량이나 강이 보이고 전통 건축 분위기가 함께 있는 배경,complex,56686,11,mv,"{""mv"": 11}","{""background_complex_v1_20260506:mv"": 11}",webdav://13730b09/발송/외주 회사/빔 studio/산다/bg/SAN_09_025_BG.psd,56686_SAN_09_025_BG.psd,발송/외주 회사/빔 studio/산다/bg/SAN_09_025_BG.psd,bg,/Users/saintiron/Projects/Imagine/thumbnails/56686_SAN_09_025_BG_thumb.png,psd,1817,1240,"Traditional Japanese room with shoji screens, tatami mats, and a bonsai tree.","[""shoji screens"", ""tatami mats"", ""bonsai tree"", ""wooden beams"", ""paper doors"", ""traditional architecture"", ""indoor scene"", ""anime background""]",background,,,,Qwen/Qwen3.5-9B,,,ok,,,,,,,,bg,visual:bg-complex-q0016:56686,diverse_rank=6; source_count=5; visual_group=visual:bg-complex-q0016:56686
bg-complex-q0016,켄신 자료에서 목조 교량이나 강이 보이고 전통 건축 분위기가 함께 있는 배경,complex,57450,12,mv,"{""mv"": 12}","{""background_complex_v1_20260506:mv"": 12}",webdav://13730b09/예비/작품2/대마도학원35시험 소대/제작회사BG/건물/타케루의 집 외관 어두운석양.psd,57450_타케루의 집 외관 어두운석양.psd,예비/작품2/대마도학원35시험 소대/제작회사BG/건물/타케루의 집 외관 어두운석양.psd,건물,/Users/saintiron/Projects/Imagine/thumbnails/57450_타케루의 집 외관 어두운석양_thumb.png,psd,2770,1955,Sunset view of a traditional Japanese house with modern buildings in background,"[""traditional house"", ""modern buildings"", ""sunset"", ""street"", ""power lines"", ""residential area"", ""urban landscape"", ""Japanese architecture""]",illustration,,,,Qwen/Qwen3.5-9B,,,ok,,,,,,,,건물,visual:bg-complex-q0016:57450,diverse_rank=4; source_count=1; visual_group=visual:bg-complex-q0016:57450
bg-complex-q0016,켄신 자료에서 목조 교량이나 강이 보이고 전통 건축 분위기가 함께 있는 배경,complex,57777,17,mv,"{""mv"": 17}","{""background_complex_v1_20260506:mv"": 17}",webdav://13730b09/예비/작품2/대마도학원35시험 소대/제작회사BG/#3/AT03_254.psd,57777_AT03_254.psd,예비/작품2/대마도학원35시험 소대/제작회사BG/#3/AT03_254.psd,#3,/Users/saintiron/Projects/Imagine/thumbnails/57777_AT03_254_thumb.png,psd,2338,1653,Anime-style scene with characters in front of a traditional building and modern skyscrapers.,"[""anime"", ""characters"", ""traditional building"", ""skyscrapers"", ""sky""]",illustration,,,,Qwen/Qwen3.5-9B,,,ok,,,,,,,,#3,visual:bg-complex-q0016:57777,diverse_rank=5; source_count=1; visual_group=visual:bg-complex-q0016:57777
bg-complex-q0016,켄신 자료에서 목조 교량이나 강이 보이고 전통 건축 분위기가 함께 있는 배경,complex,60168,19,mv,"{""mv"": 19}","{""background_complex_v1_20260506:mv"": 19}",webdav://13730b09/예비/마법과고교의 우등생/#11/bg/MKY11_012.psd,60168_MKY11_012.psd,예비/마법과고교의 우등생/#11/bg/MKY11_012.psd,bg,/Users/saintiron/Projects/Imagine/thumbnails/60168_MKY11_012_thumb.png,psd,1754,1252,Traditional Chinese interior with blue screens and wooden architecture,"[""screens"", ""wood"", ""architecture"", ""blue"", ""traditional"", ""indoor"", ""dark""]",background,,,,Qwen/Qwen3.5-9B,,,ok,,,,,,,,bg,visual:bg-complex-q0016:60168,diverse_rank=7; source_count=5; visual_group=visual:bg-complex-q0016:60168
bg-complex-q0017,Fate BG 참고에서 어두운 숲과 밤하늘이 함께 보이는 자연 배경,complex,57915,1,"triaxis,vv","{""triaxis"": 6, ""vv"": 1}","{""background_complex_v1_20260506:triaxis"": 6, ""background_complex_v1_20260506:vv"": 1}",webdav://13730b09/예비/작품2/대마도학원35시험 소대/제작회사BG/#2/TM#02_156.psd,57915_TM#02_156.psd,예비/작품2/대마도학원35시험 소대/제작회사BG/#2/TM#02_156.psd,#2,/Users/saintiron/Projects/Imagine/thumbnails/57915_TM#02_156_thumb.png,psd,2835,2835,Night sky with clouds and tree silhouettes against a dark background,"[""night sky"", ""clouds"", ""trees"", ""silhouette"", ""dark"", ""stars"", ""landscape""]",background,,,,Qwen/Qwen3.5-9B,,,ok,,,,,,,,#2,visual:bg-complex-q0017:57915,diverse_rank=1; source_count=5; visual_group=visual:bg-complex-q0017:57915
bg-complex-q0017,Fate BG 참고에서 어두운 숲과 밤하늘이 함께 보이는 자연 배경,complex,58070,2,vv,"{""vv"": 2}","{""background_complex_v1_20260506:vv"": 2}",webdav://13730b09/예비/작품2/대마도학원35시험 소대/제작회사BG/#2/TM#02_338.psd,58070_TM#02_338.psd,예비/작품2/대마도학원35시험 소대/제작회사BG/#2/TM#02_338.psd,#2,/Users/saintiron/Projects/Imagine/thumbnails/58070_TM#02_338_thumb.png,psd,1681,1186,"Dark, blurry forest scene with indistinct trees and foliage.","[""forest"", ""trees"", ""dark"", ""blurry"", ""night"", ""nature"", ""foliage""]",background,,,,Qwen/Qwen3.5-9B,,,ok,,,,,,,,#2,visual:bg-complex-q0017:58070,diverse_rank=2; source_count=5; visual_group=visual:bg-complex-q0017:58070
bg-complex-q0017,Fate BG 참고에서 어두운 숲과 밤하늘이 함께 보이는 자연 배경,complex,58075,3,mv,"{""mv"": 3}","{""background_complex_v1_20260506:mv"": 3}",webdav://13730b09/예비/작품2/대마도학원35시험 소대/제작회사BG/#2/TM#02_343.psd,58075_TM#02_343.psd,예비/작품2/대마도학원35시험 소대/제작회사BG/#2/TM#02_343.psd,#2,/Users/saintiron/Projects/Imagine/thumbnails/58075_TM#02_343_thumb.png,psd,1668,1186,Dark forest scene with dense trees and moody sky,"[""forest"", ""trees"", ""night"", ""dark"", ""sky""]",background,,,,Qwen/Qwen3.5-9B,,,ok,,,,,,,,#2,visual:bg-complex-q0017:58075,diverse_rank=3; source_count=5; visual_group=visual:bg-complex-q0017:58075
bg-complex-q0017,Fate BG 참고에서 어두운 숲과 밤하늘이 함께 보이는 자연 배경,complex,60126,4,"mv,triaxis","{""mv"": 4, ""triaxis"": 8}","{""background_complex_v1_20260506:mv"": 4, ""background_complex_v1_20260506:triaxis"": 8}",webdav://13730b09/예비/마법과고교의 우등생/#13/BG/mky13_304.psd,60126_mky13_304.psd,예비/마법과고교의 우등생/#13/BG/mky13_304.psd,BG,/Users/saintiron/Projects/Imagine/thumbnails/60126_mky13_304_thumb.png,psd,3582,1290,Dark forest scene with tall trees under a night sky,"[""forest"", ""trees"", ""night"", ""dark"", ""sky""]",background,,,,Qwen/Qwen3.5-9B,,,ok,,,,,,,,BG,visual:bg-complex-q0017:60126,diverse_rank=4; source_count=3; visual_group=visual:bg-complex-q0017:60126
bg-complex-q0017,Fate BG 참고에서 어두운 숲과 밤하늘이 함께 보이는 자연 배경,complex,57911,5,"mv,vv","{""mv"": 5, ""vv"": 7}","{""background_complex_v1_20260506:mv"": 5, ""background_complex_v1_20260506:vv"": 7}",webdav://13730b09/예비/작품2/대마도학원35시험 소대/제작회사BG/#2/TM#02_150.psd,57911_TM#02_150.psd,예비/작품2/대마도학원35시험 소대/제작회사BG/#2/TM#02_150.psd,#2,/Users/saintiron/Projects/Imagine/thumbnails/57911_TM#02_150_thumb.png,psd,5955,1186,Dark forest scene with dense trees under dim lighting,"[""forest"", ""trees"", ""dark"", ""night"", ""nature"", ""foliage"", ""shadows"", ""atmospheric""]",background,,,,Qwen/Qwen3.5-9B,,,ok,,,,,,,,#2,visual:bg-complex-q0017:57911,diverse_rank=7; source_count=5; visual_group=visual:bg-complex-q0017:57911
bg-complex-q0017,Fate BG 참고에서 어두운 숲과 밤하늘이 함께 보이는 자연 배경,complex,57909,6,"mv,vv","{""mv"": 10, ""vv"": 6}","{""background_complex_v1_20260506:mv"": 10, ""background_complex_v1_20260506:vv"": 6}",webdav://13730b09/예비/작품2/대마도학원35시험 소대/제작회사BG/#2/TM#02_148.psd,57909_TM#02_148.psd,예비/작품2/대마도학원35시험 소대/제작회사BG/#2/TM#02_148.psd,#2,/Users/saintiron/Projects/Imagine/thumbnails/57909_TM#02_148_thumb.png,psd,11024,1647,Dark forest scene with dense trees under dim lighting.,"[""forest"", ""trees"", ""dark"", ""night"", ""nature"", ""silhouette"", ""dense"", ""shadows""]",background,,,,Qwen/Qwen3.5-9B,,,ok,,,,,,,,#2,visual:bg-complex-q0017:57909,diverse_rank=8; source_count=5; visual_group=visual:bg-complex-q0017:57909
bg-complex-q0017,Fate BG 참고에서 어두운 숲과 밤하늘이 함께 보이는 자연 배경,complex,58569,9,"triaxis,vv","{""triaxis"": 9, ""vv"": 13}","{""background_complex_v1_20260506:triaxis"": 9, ""background_complex_v1_20260506:vv"": 13}",webdav://13730b09/예비/작품2/대마도학원35시험 소대/BG/TM#05_145.psd,58569_TM#05_145.psd,예비/작품2/대마도학원35시험 소대/BG/TM#05_145.psd,BG,/Users/saintiron/Projects/Imagine/thumbnails/58569_TM#05_145_thumb.png,psd,6236,1560,Night scene with a row of trees under a cloudy sky.,"[""trees"", ""night"", ""clouds"", ""forest"", ""darkness""]",background,,,,Qwen/Qwen3.5-9B,,,ok,,,,,,,,BG,visual:bg-complex-q0017:58569,diverse_rank=5; source_count=3; visual_group=visual:bg-complex-q0017:58569
bg-complex-q0017,Fate BG 참고에서 어두운 숲과 밤하늘이 함께 보이는 자연 배경,complex,60129,18,triaxis,"{""triaxis"": 18}","{""background_complex_v1_20260506:triaxis"": 18}",webdav://13730b09/예비/마법과고교의 우등생/#13/BG/mky13_310.psd,60129_mky13_310.psd,예비/마법과고교의 우등생/#13/BG/mky13_310.psd,BG,/Users/saintiron/Projects/Imagine/thumbnails/60129_mky13_310_thumb.png,psd,5020,1271,Two silhouetted figures stand in a dark forest under a starry night sky.,"[""forest"", ""night"", ""silhouette"", ""stars"", ""trees""]",background,,,,Qwen/Qwen3.5-9B,,,ok,,,,,,,,BG,visual:bg-complex-q0017:60129,diverse_rank=6; source_count=3; visual_group=visual:bg-complex-q0017:60129
bg-complex-q0018,뱅가드 25 #12/bg에서 하늘과 구름 사이에 미래적인 구조물이 떠 있는 장면 배경,complex,56768,1,mv,"{""mv"": 1}","{""background_complex_v1_20260506:mv"": 1}",webdav://13730b09/발송/외주 회사/빔 studio/메탈#07/bg/MR07_205_BG.psd,56768_MR07_205_BG.psd,발송/외주 회사/빔 studio/메탈#07/bg/MR07_205_BG.psd,bg,/Users/saintiron/Projects/Imagine/thumbnails/56768_MR07_205_BG_thumb.png,psd,1756,1300,A futuristic structure with glowing elements against a cloudy sky.,"[""futuristic"", ""structure"", ""glowing"", ""sky"", ""clouds"", ""architecture"", ""modern""]",illustration,,,,Qwen/Qwen3.5-9B,,,ok,,,,,,,,bg,visual:bg-complex-q0018:56768,diverse_rank=1; source_count=4; visual_group=visual:bg-complex-q0018:56768
bg-complex-q0018,뱅가드 25 #12/bg에서 하늘과 구름 사이에 미래적인 구조물이 떠 있는 장면 배경,complex,60216,1,fts,"{""fts"": 1}","{""background_complex_v1_20260506:fts"": 1}",webdav://13730b09/예비/마법과고교의 우등생/#11/bg/MKY11_180.psd,60216_MKY11_180.psd,예비/마법과고교의 우등생/#11/bg/MKY11_180.psd,bg,/Users/saintiron/Projects/Imagine/thumbnails/60216_MKY11_180_thumb.png,psd,1755,1241,Cracked earth texture with scattered rocks and sparse green grass.,"[""dirt"", ""cracks"", ""rocks"", ""grass"", ""texture"", ""ground"", ""natural"", ""earth""]",texture,,,,Qwen/Qwen3.5-9B,,,ok,,,,,,,,bg,visual:bg-complex-q0018:60216,diverse_rank=2; source_count=4; visual_group=visual:bg-complex-q0018:60216
bg-complex-q0018,뱅가드 25 #12/bg에서 하늘과 구름 사이에 미래적인 구조물이 떠 있는 장면 배경,complex,56908,3,fts,"{""fts"": 3}","{""background_complex_v1_20260506:fts"": 3}",webdav://13730b09/발송/외주 회사/빔 studio/귀인환등초/bg/KGS_01_161.psd,56908_KGS_01_161.psd,발송/외주 회사/빔 studio/귀인환등초/bg/KGS_01_161.psd,bg,/Users/saintiron/Projects/Imagine/thumbnails/56908_KGS_01_161_thumb.png,psd,2339,1653,A serene landscape with a faint anime-style character overlay.,"[""landscape"", ""anime"", ""sky"", ""trees"", ""mountains"", ""clouds"", ""character"", ""overlay""]",illustration,,,,Qwen/Qwen3.5-9B,,,ok,,,,,,,,bg,visual:bg-complex-q0018:56908,diverse_rank=3; source_count=4; visual_group=visual:bg-complex-q0018:56908
bg-complex-q0018,뱅가드 25 #12/bg에서 하늘과 구름 사이에 미래적인 구조물이 떠 있는 장면 배경,complex,58105,10,mv,"{""mv"": 10}","{""background_complex_v1_20260506:mv"": 10}",webdav://13730b09/예비/작품2/대마도학원35시험 소대/제작회사BG/#1/TM#01_013.psd,58105_TM#01_013.psd,예비/작품2/대마도학원35시험 소대/제작회사BG/#1/TM#01_013.psd,#1,/Users/saintiron/Projects/Imagine/thumbnails/58105_TM#01_013_thumb.png,psd,2325,1647,Night sky with clouds and stars above a building corner.,"[""night sky"", ""clouds"", ""stars"", ""building"", ""window"", ""balcony"", ""dark blue""]",background,,,,Qwen/Qwen3.5-9B,,,ok,,,,,,,,#1,visual:bg-complex-q0018:58105,diverse_rank=4; source_count=1; visual_group=visual:bg-complex-q0018:58105
bg-complex-q0018,뱅가드 25 #12/bg에서 하늘과 구름 사이에 미래적인 구조물이 떠 있는 장면 배경,complex,56972,15,mv,"{""mv"": 15}","{""background_complex_v1_20260506:mv"": 15}",webdav://13730b09/발송/외주 회사/빔 studio/귀인환등초/bg/KGS_01_178_genzu.psd,56972_KGS_01_178_genzu.psd,발송/외주 회사/빔 studio/귀인환등초/bg/KGS_01_178_genzu.psd,bg,/Users/saintiron/Projects/Imagine/thumbnails/56972_KGS_01_178_genzu_thumb.png,psd,2340,1654,Lush green trees under a bright blue sky with a traditional building corner.,"[""trees"", ""sky"", ""clouds"", ""building"", ""roof"", ""leaves"", ""nature"", ""daytime""]",background,,,,Qwen/Qwen3.5-9B,,,ok,,,,,,,,bg,visual:bg-complex-q0018:56972,diverse_rank=6; source_count=4; visual_group=visual:bg-complex-q0018:56972
bg-complex-q0018,뱅가드 25 #12/bg에서 하늘과 구름 사이에 미래적인 구조물이 떠 있는 장면 배경,complex,60147,20,mv,"{""mv"": 20}","{""background_complex_v1_20260506:mv"": 20}",webdav://13730b09/예비/마법과고교의 우등생/#13/BG/mky13_020.psd,60147_mky13_020.psd,예비/마법과고교의 우등생/#13/BG/mky13_020.psd,BG,/Users/saintiron/Projects/Imagine/thumbnails/60147_mky13_020_thumb.png,psd,1860,1670,A large tree stands in front of a brick building under a bright blue sky.,"[""tree"", ""building"", ""grass"", ""sky"", ""windows"", ""roof"", ""clouds"", ""greenery""]",illustration,,,,Qwen/Qwen3.5-9B,,,ok,,,,,,,,BG,visual:bg-complex-q0018:60147,diverse_rank=5; source_count=1; visual_group=visual:bg-complex-q0018:60147
bg-complex-q0019,크랑베르무 장소/켐핑장에서 나무와 야외 시설이 함께 보이고 캠핑장처럼 보이는 배경,complex,57334,9,mv,"{""mv"": 9}","{""background_complex_v1_20260506:mv"": 9}",webdav://13730b09/예비/작품2/대마도학원35시험 소대/택처/TM#02_366.psd,57334_TM#02_366.psd,예비/작품2/대마도학원35시험 소대/택처/TM#02_366.psd,택처,/Users/saintiron/Projects/Imagine/thumbnails/57334_TM#02_366_thumb.png,psd,2330,3300,Green tree with bench and railing in park-like setting,"[""tree"", ""bench"", ""railing"", ""lamp"", ""bushes"", ""grass"", ""path"", ""green""]",illustration,,,,Qwen/Qwen3.5-9B,,,ok,,,,,,,,택처,visual:bg-complex-q0019:57334,diverse_rank=1; source_count=1; visual_group=visual:bg-complex-q0019:57334
bg-complex-q0019,크랑베르무 장소/켐핑장에서 나무와 야외 시설이 함께 보이고 캠핑장처럼 보이는 배경,complex,58517,13,vv,"{""vv"": 13}","{""background_complex_v1_20260506:vv"": 13}",webdav://13730b09/예비/작품2/대마도학원35시험 소대/보도/학교 정원 낮.psd,58517_학교 정원 낮.psd,예비/작품2/대마도학원35시험 소대/보도/학교 정원 낮.psd,보도,/Users/saintiron/Projects/Imagine/thumbnails/58517_학교 정원 낮_thumb.png,psd,2906,2019,"Anime-style illustration of a school courtyard with buildings, trees, and city skyline.","[""school"", ""courtyard"", ""trees"", ""cityscape"", ""architecture"", ""bench"", ""fountain"", ""flags""]",illustration,,,,Qwen/Qwen3.5-9B,,,ok,,,,,,,,보도,visual:bg-complex-q0019:58517,diverse_rank=2; source_count=1; visual_group=visual:bg-complex-q0019:58517
bg-complex-q0019,크랑베르무 장소/켐핑장에서 나무와 야외 시설이 함께 보이고 캠핑장처럼 보이는 배경,complex,56819,15,mv,"{""mv"": 15}","{""background_complex_v1_20260506:mv"": 15}",webdav://13730b09/발송/외주 회사/빔 studio/나카무라/re/GNK_04_195_bg_take1_r.psd,56819_GNK_04_195_bg_take1_r.psd,발송/외주 회사/빔 studio/나카무라/re/GNK_04_195_bg_take1_r.psd,re,/Users/saintiron/Projects/Imagine/thumbnails/56819_GNK_04_195_bg_take1_r_thumb.png,psd,3366,1240,A concrete fence with vertical bars in front of a dense green forest.,"[""fence"", ""concrete"", ""forest"", ""trees"", ""greenery"", ""barrier"", ""outdoors""]",background,,,,Qwen/Qwen3.5-9B,,,ok,,,,,,,,re,visual:bg-complex-q0019:56819,diverse_rank=3; source_count=1; visual_group=visual:bg-complex-q0019:56819
bg-complex-q0020,기절용사와 암살공주 장소/유적지에서 돌기둥과 폐허 느낌이 함께 나는 야외 배경,complex,56936,1,fts,"{""fts"": 1}","{""background_complex_v1_20260506:fts"": 1}",webdav://13730b09/발송/외주 회사/빔 studio/귀인환등초/bg/KGS_01_155.psd,56936_KGS_01_155.psd,발송/외주 회사/빔 studio/귀인환등초/bg/KGS_01_155.psd,bg,/Users/saintiron/Projects/Imagine/thumbnails/56936_KGS_01_155_thumb.png,psd,2339,1653,Anime-style character sketch overlaid on a lush outdoor landscape with trees and sky.,"[""anime"", ""character"", ""sketch"", ""landscape"", ""trees"", ""sky"", ""overlay""]",illustration,,,,Qwen/Qwen3.5-9B,,,ok,,,,,,,,bg,visual:bg-complex-q0020:56936,diverse_rank=1; source_count=2; visual_group=visual:bg-complex-q0020:56936
bg-complex-q0020,기절용사와 암살공주 장소/유적지에서 돌기둥과 폐허 느낌이 함께 나는 야외 배경,complex,56974,2,fts,"{""fts"": 2}","{""background_complex_v1_20260506:fts"": 2}",webdav://13730b09/발송/외주 회사/빔 studio/귀인환등초/bg/KGS_01_339_R.psd,56974_KGS_01_339_R.psd,발송/외주 회사/빔 studio/귀인환등초/bg/KGS_01_339_R.psd,bg,/Users/saintiron/Projects/Imagine/thumbnails/56974_KGS_01_339_R_thumb.png,psd,2339,1653,A sketch of a girl looking through a window with layered lines.,"[""girl"", ""window"", ""sketch"", ""lines"", ""reflection""]",illustration,,,,Qwen/Qwen3.5-9B,,,ok,,,,,,,,bg,visual:bg-complex-q0020:56974,diverse_rank=2; source_count=2; visual_group=visual:bg-complex-q0020:56974
bg-complex-q0020,기절용사와 암살공주 장소/유적지에서 돌기둥과 폐허 느낌이 함께 나는 야외 배경,complex,57358,4,mv,"{""mv"": 4}","{""background_complex_v1_20260506:mv"": 4}",webdav://13730b09/예비/작품2/대마도학원35시험 소대/제작회사BG/건물/AT03_108BR.psd,57358_AT03_108BR.psd,예비/작품2/대마도학원35시험 소대/제작회사BG/건물/AT03_108BR.psd,건물,/Users/saintiron/Projects/Imagine/thumbnails/57358_AT03_108BR_thumb.png,psd,2338,1653,"A stone wall with a fence, trash bin, and city skyline in the background.","[""stone wall"", ""fence"", ""trash bin"", ""city skyline"", ""grass"", ""trees"", ""blue sky"", ""clouds""]",background,,,,Qwen/Qwen3.5-9B,,,ok,,,,,,,,건물,visual:bg-complex-q0020:57358,diverse_rank=3; source_count=1; visual_group=visual:bg-complex-q0020:57358
bg-complex-q0020,기절용사와 암살공주 장소/유적지에서 돌기둥과 폐허 느낌이 함께 나는 야외 배경,complex,58047,7,vv,"{""vv"": 7}","{""background_complex_v1_20260506:vv"": 7}",webdav://13730b09/예비/작품2/대마도학원35시험 소대/제작회사BG/#2/TM#02_311.psd,58047_TM#02_311.psd,예비/작품2/대마도학원35시험 소대/제작회사BG/#2/TM#02_311.psd,#2,/Users/saintiron/Projects/Imagine/thumbnails/58047_TM#02_311_thumb.png,psd,1668,1186,"A dark, starry night scene with a stone archway over water and trees.","[""night"", ""stars"", ""stone archway"", ""water"", ""trees"", ""dark"", ""arch"", ""bridge""]",background,,,,Qwen/Qwen3.5-9B,,,ok,,,,,,,,#2,visual:bg-complex-q0020:58047,diverse_rank=4; source_count=2; visual_group=visual:bg-complex-q0020:58047
bg-complex-q0020,기절용사와 암살공주 장소/유적지에서 돌기둥과 폐허 느낌이 함께 나는 야외 배경,complex,58076,17,vv,"{""vv"": 17}","{""background_complex_v1_20260506:vv"": 17}",webdav://13730b09/예비/작품2/대마도학원35시험 소대/제작회사BG/#2/TM#02_344.psd,58076_TM#02_344.psd,예비/작품2/대마도학원35시험 소대/제작회사BG/#2/TM#02_344.psd,#2,/Users/saintiron/Projects/Imagine/thumbnails/58076_TM#02_344_thumb.png,psd,1681,1186,Dark night scene with ruined architecture and glowing windows under cloudy sky.,"[""night"", ""ruins"", ""architecture"", ""clouds"", ""glow"", ""landscape"", ""darkness""]",background,,,,Qwen/Qwen3.5-9B,,,ok,,,,,,,,#2,visual:bg-complex-q0020:58076,diverse_rank=5; source_count=2; visual_group=visual:bg-complex-q0020:58076
bg-complex-q0021,"AGM_01_001_013_030 3DBG에서 학교 건물 외관과 창문, 지붕 또는 울타리가 함께 보이는 건축 배경",complex,28887,1,"fts,mv,triaxis","{""fts"": 18, ""mv"": 4, ""triaxis"": 1}","{""background_complex_v1_20260506:fts"": 18, ""background_complex_v1_20260506:mv"": 4, ""background_complex_v1_20260506:triaxis"": 1}",/Users/saintiron/imageDB/마캬베리즈무/장소/AGM_01_001_013_030 3DBG/kosya_koutoubu.psd,kosya_koutoubu.psd,kosya_koutoubu.psd,AGM_01_001_013_030 3DBG,/Users/saintiron/Projects/Imagine/thumbnails/kosya_koutoubu_thumb.png,psd,2205,1495,A multi-story school building with blue windows and a rooftop fence.,"[""school building"", ""windows"", ""roof"", ""fence"", ""entrance"", ""architecture""]",illustration,,,,Qwen/Qwen3.5-9B,vision_done,,ok,,,,,,,,AGM_01_001_013_030 3DBG,visual:bg-complex-q0021:28887,diverse_rank=1; source_count=3; visual_group=visual:bg-complex-q0021:28887
bg-complex-q0021,"AGM_01_001_013_030 3DBG에서 학교 건물 외관과 창문, 지붕 또는 울타리가 함께 보이는 건축 배경",complex,28896,1,"fts,mv","{""fts"": 1, ""mv"": 12}","{""background_complex_v1_20260506:fts"": 1, ""background_complex_v1_20260506:mv"": 12}",/Users/saintiron/imageDB/마캬베리즈무/장소/AGM_01_001_013_030 3DBG/koudou_watarirouka.psd,koudou_watarirouka.psd,koudou_watarirouka.psd,AGM_01_001_013_030 3DBG,/Users/saintiron/Projects/Imagine/thumbnails/koudou_watarirouka_thumb.png,psd,2500,1200,"A modern, metallic torii gate with a curved roof and multiple pillars.","[""torii gate"", ""metal"", ""architecture"", ""roof"", ""pillars"", ""shrine"", ""japanese"", ""modern""]",item,,,,Qwen/Qwen3.5-9B,vision_done,,ok,,,,,,,,AGM_01_001_013_030 3DBG,visual:bg-complex-q0021:28896,diverse_rank=2; source_count=3; visual_group=visual:bg-complex-q0021:28896
bg-complex-q0021,"AGM_01_001_013_030 3DBG에서 학교 건물 외관과 창문, 지붕 또는 울타리가 함께 보이는 건축 배경",complex,28901,2,"mv,triaxis","{""mv"": 18, ""triaxis"": 2}","{""background_complex_v1_20260506:mv"": 18, ""background_complex_v1_20260506:triaxis"": 2}",/Users/saintiron/imageDB/마캬베리즈무/장소/AGM_01_001_013_030 3DBG/kousya_tyuutoubu.psd,kousya_tyuutoubu.psd,kousya_tyuutoubu.psd,AGM_01_001_013_030 3DBG,/Users/saintiron/Projects/Imagine/thumbnails/kousya_tyuutoubu_thumb.png,psd,4000,1579,A multi-story school building with varied architectural sections and a modern design.,"[""school building"", ""windows"", ""modern architecture"", ""concrete"", ""glass"", ""exterior view""]",illustration,,,,Qwen/Qwen3.5-9B,vision_done,,ok,,,,,,,,AGM_01_001_013_030 3DBG,visual:bg-complex-q0021:28901,diverse_rank=3; source_count=3; visual_group=visual:bg-complex-q0021:28901
bg-complex-q0021,"AGM_01_001_013_030 3DBG에서 학교 건물 외관과 창문, 지붕 또는 울타리가 함께 보이는 건축 배경",complex,58338,2,mv,"{""mv"": 2}","{""background_complex_v1_20260506:mv"": 2}",webdav://13730b09/예비/작품2/대마도학원35시험 소대/제작회사BG/#1/TM#01_289.psd,58338_TM#01_289.psd,예비/작품2/대마도학원35시험 소대/제작회사BG/#1/TM#01_289.psd,#1,/Users/saintiron/Projects/Imagine/thumbnails/58338_TM#01_289_thumb.png,psd,1686,1187,Nighttime view of a building with a triangular roof and large windows.,"[""building"", ""roof"", ""windows"", ""night"", ""sky"", ""clouds"", ""architecture""]",background,,,,Qwen/Qwen3.5-9B,,,ok,,,,,,,,#1,visual:bg-complex-q0021:58338,diverse_rank=4; source_count=2; visual_group=visual:bg-complex-q0021:58338
bg-complex-q0021,"AGM_01_001_013_030 3DBG에서 학교 건물 외관과 창문, 지붕 또는 울타리가 함께 보이는 건축 배경",complex,58574,5,mv,"{""mv"": 5}","{""background_complex_v1_20260506:mv"": 5}",webdav://13730b09/예비/작품2/대마도학원35시험 소대/BG/TM#05_150_152.psd,58574_TM#05_150_152.psd,예비/작품2/대마도학원35시험 소대/BG/TM#05_150_152.psd,BG,/Users/saintiron/Projects/Imagine/thumbnails/58574_TM#05_150_152_thumb.png,psd,1678,1197,Nighttime view of a building exterior with a lit doorway and dark walls.,"[""building"", ""wall"", ""window"", ""doorway"", ""light"", ""night"", ""architecture""]",background,,,,Qwen/Qwen3.5-9B,,,ok,,,,,,,,BG,visual:bg-complex-q0021:58574,diverse_rank=5; source_count=1; visual_group=visual:bg-complex-q0021:58574
bg-complex-q0021,"AGM_01_001_013_030 3DBG에서 학교 건물 외관과 창문, 지붕 또는 울타리가 함께 보이는 건축 배경",complex,58456,6,fts,"{""fts"": 6}","{""background_complex_v1_20260506:fts"": 6}",webdav://13730b09/예비/작품2/대마도학원35시험 소대/설정/학교 외관.jpg,58456_학교 외관.jpg,예비/작품2/대마도학원35시험 소대/설정/학교 외관.jpg,설정,/Users/saintiron/Projects/Imagine/thumbnails/58456_학교 외관_thumb.png,jpg,2873,2032,Detailed architectural sketch of a grand school building with surrounding landscape,"[""school building"", ""architectural sketch"", ""garden"", ""fountain"", ""trees"", ""towers"", ""windows"", ""sketch lines""]",illustration,,,,Qwen/Qwen3.5-9B,,,ok,,,,,,,,설정,visual:bg-complex-q0021:58456,diverse_rank=6; source_count=1; visual_group=visual:bg-complex-q0021:58456
bg-complex-q0021,"AGM_01_001_013_030 3DBG에서 학교 건물 외관과 창문, 지붕 또는 울타리가 함께 보이는 건축 배경",complex,56801,8,mv,"{""mv"": 8}","{""background_complex_v1_20260506:mv"": 8}",webdav://13730b09/발송/외주 회사/빔 studio/메탈#07/bg/MR07_270_BG.psd,56801_MR07_270_BG.psd,발송/외주 회사/빔 studio/메탈#07/bg/MR07_270_BG.psd,bg,/Users/saintiron/Projects/Imagine/thumbnails/56801_MR07_270_BG_thumb.png,psd,5330,1249,Modern building exterior with concrete walls and glass windows,"[""concrete"", ""glass"", ""building"", ""windows"", ""architecture"", ""modern"", ""urban"", ""structure""]",background,,,,Qwen/Qwen3.5-9B,,,ok,,,,,,,,bg,visual:bg-complex-q0021:56801,diverse_rank=7; source_count=1; visual_group=visual:bg-complex-q0021:56801
bg-complex-q0021,"AGM_01_001_013_030 3DBG에서 학교 건물 외관과 창문, 지붕 또는 울타리가 함께 보이는 건축 배경",complex,57451,8,fts,"{""fts"": 8}","{""background_complex_v1_20260506:fts"": 8}",webdav://13730b09/예비/작품2/대마도학원35시험 소대/제작회사BG/건물/타케루의 집 외관.psd,57451_타케루의 집 외관.psd,예비/작품2/대마도학원35시험 소대/제작회사BG/건물/타케루의 집 외관.psd,건물,/Users/saintiron/Projects/Imagine/thumbnails/57451_타케루의 집 외관_thumb.png,psd,2774,1951,Night view of a traditional Japanese house with modern apartment buildings in the background.,"[""night"", ""traditional house"", ""apartment buildings"", ""streetlights"", ""power lines"", ""urban"", ""residential""]",illustration,,,,Qwen/Qwen3.5-9B,,,ok,,,,,,,,건물,visual:bg-complex-q0021:57451,diverse_rank=8; source_count=2; visual_group=visual:bg-complex-q0021:57451
bg-complex-q0021,"AGM_01_001_013_030 3DBG에서 학교 건물 외관과 창문, 지붕 또는 울타리가 함께 보이는 건축 배경",complex,28783,9,mv,"{""mv"": 9}","{""background_complex_v1_20260506:mv"": 9}",/Users/saintiron/imageDB/마캬베리즈무/장소/강다외부/agmOP_035A.psd,agmOP_035A.psd,agmOP_035A.psd,강다외부,/Users/saintiron/Projects/Imagine/thumbnails/agmOP_035A_thumb.png,psd,2328,1639,Modern school building with glass windows and metal beams under a blue sky.,"[""school"", ""building"", ""windows"", ""metal beams"", ""blue sky"", ""concrete"", ""architecture"", ""daytime""]",background,,,,Qwen/Qwen3.5-9B,vision_done,,ok,,,,,,,,강다외부,visual:bg-complex-q0021:28783,diverse_rank=9; source_count=1; visual_group=visual:bg-complex-q0021:28783
bg-complex-q0021,"AGM_01_001_013_030 3DBG에서 학교 건물 외관과 창문, 지붕 또는 울타리가 함께 보이는 건축 배경",complex,57449,9,fts,"{""fts"": 9}","{""background_complex_v1_20260506:fts"": 9}",webdav://13730b09/예비/작품2/대마도학원35시험 소대/제작회사BG/건물/타케루의 집 외관 낮.psd,57449_타케루의 집 외관 낮.psd,예비/작품2/대마도학원35시험 소대/제작회사BG/건물/타케루의 집 외관 낮.psd,건물,/Users/saintiron/Projects/Imagine/thumbnails/57449_타케루의 집 외관 낮_thumb.png,psd,2768,1951,"A street scene with a two-story building, power lines, and modern buildings in the background.","[""street"", ""building"", ""power lines"", ""sky"", ""trees"", ""road"", ""fence"", ""signboard""]",illustration,,,,Qwen/Qwen3.5-9B,,,ok,,,,,,,,건물,visual:bg-complex-q0021:57449,diverse_rank=10; source_count=2; visual_group=visual:bg-complex-q0021:57449
bg-complex-q0021,"AGM_01_001_013_030 3DBG에서 학교 건물 외관과 창문, 지붕 또는 울타리가 함께 보이는 건축 배경",complex,58116,10,vv,"{""vv"": 10}","{""background_complex_v1_20260506:vv"": 10}",webdav://13730b09/예비/작품2/대마도학원35시험 소대/제작회사BG/#1/TM#01_033.psd,58116_TM#01_033.psd,예비/작품2/대마도학원35시험 소대/제작회사BG/#1/TM#01_033.psd,#1,/Users/saintiron/Projects/Imagine/thumbnails/58116_TM#01_033_thumb.png,psd,1710,1204,Blurred view of a prison cell block with bars and windows.,"[""prison"", ""bars"", ""windows"", ""architecture"", ""interior"", ""blue"", ""blurry""]",background,,,,Qwen/Qwen3.5-9B,,,ok,,,,,,,,#1,visual:bg-complex-q0021:58116,diverse_rank=11; source_count=2; visual_group=visual:bg-complex-q0021:58116
bg-complex-q0021,"AGM_01_001_013_030 3DBG에서 학교 건물 외관과 창문, 지붕 또는 울타리가 함께 보이는 건축 배경",complex,57935,13,mv,"{""mv"": 13}","{""background_complex_v1_20260506:mv"": 13}",webdav://13730b09/예비/작품2/대마도학원35시험 소대/제작회사BG/#2/TM#02_181.psd,57935_TM#02_181.psd,예비/작품2/대마도학원35시험 소대/제작회사BG/#2/TM#02_181.psd,#2,/Users/saintiron/Projects/Imagine/thumbnails/57935_TM#02_181_thumb.png,psd,2040,1176,Dark blue building facade with arched windows and trees in front.,"[""building"", ""windows"", ""trees"", ""architecture"", ""night"", ""blue"", ""urban""]",background,,,,Qwen/Qwen3.5-9B,,,ok,,,,,,,,#2,visual:bg-complex-q0021:57935,diverse_rank=12; source_count=1; visual_group=visual:bg-complex-q0021:57935
bg-complex-q0022,"강다외부에서 콘크리트 복도와 큰 창문, 파이프가 함께 보이는 산업적인 실내 배경",complex,28716,1,"mv,triaxis,vv","{""mv"": 1, ""triaxis"": 3, ""vv"": 6}","{""background_complex_v1_20260506:mv"": 1, ""background_complex_v1_20260506:triaxis"": 3, ""background_complex_v1_20260506:vv"": 6}",/Users/saintiron/imageDB/마캬베리즈무/장소/강다외부/agm03_227.psd,agm03_227.psd,agm03_227.psd,강다외부,/Users/saintiron/Projects/Imagine/thumbnails/agm03_227_thumb.png,psd,3639,2361,"Industrial interior with exposed pipes, beams, and large windows.","[""industrial"", ""interior"", ""pipes"", ""beams"", ""windows"", ""concrete"", ""ceiling"", ""columns""]",background,,,,Qwen/Qwen3.5-9B,vision_done,,ok,,,,,,,,강다외부,visual:bg-complex-q0022:28716,diverse_rank=1; source_count=3; visual_group=visual:bg-complex-q0022:28716
bg-complex-q0022,"강다외부에서 콘크리트 복도와 큰 창문, 파이프가 함께 보이는 산업적인 실내 배경",complex,28750,1,"mv,triaxis","{""mv"": 11, ""triaxis"": 1}","{""background_complex_v1_20260506:mv"": 11, ""background_complex_v1_20260506:triaxis"": 1}",/Users/saintiron/imageDB/마캬베리즈무/장소/강다외부/agm03_288.psd,agm03_288.psd,agm03_288.psd,강다외부,/Users/saintiron/Projects/Imagine/thumbnails/agm03_288_thumb.png,psd,2330,1645,An empty industrial corridor with concrete pillars and bright light at the end.,"[""industrial"", ""corridor"", ""concrete"", ""pillars"", ""windows"", ""pipes"", ""empty"", ""bright light""]",background,,,,Qwen/Qwen3.5-9B,vision_done,,ok,,,,,,,,강다외부,visual:bg-complex-q0022:28750,diverse_rank=2; source_count=3; visual_group=visual:bg-complex-q0022:28750
bg-complex-q0022,"강다외부에서 콘크리트 복도와 큰 창문, 파이프가 함께 보이는 산업적인 실내 배경",complex,60227,1,fts,"{""fts"": 1}","{""background_complex_v1_20260506:fts"": 1}",webdav://13730b09/예비/마법과고교의 우등생/#11/bg/MKY11_265.psd,60227_MKY11_265.psd,예비/마법과고교의 우등생/#11/bg/MKY11_265.psd,bg,/Users/saintiron/Projects/Imagine/thumbnails/60227_MKY11_265_thumb.png,psd,1875,1306,Two anime-style girls in white dresses stand facing each other on a dark ground.,"[""anime"", ""girls"", ""dresses"", ""white"", ""ground"", ""outline"", ""sketch""]",illustration,,,,Qwen/Qwen3.5-9B,,,ok,,,,,,,,bg,visual:bg-complex-q0022:60227,diverse_rank=3; source_count=1; visual_group=visual:bg-complex-q0022:60227
bg-complex-q0022,"강다외부에서 콘크리트 복도와 큰 창문, 파이프가 함께 보이는 산업적인 실내 배경",complex,28711,2,"mv,triaxis","{""mv"": 2, ""triaxis"": 14}","{""background_complex_v1_20260506:mv"": 2, ""background_complex_v1_20260506:triaxis"": 14}",/Users/saintiron/imageDB/마캬베리즈무/장소/강다외부/agm03_215.psd,agm03_215.psd,agm03_215.psd,강다외부,/Users/saintiron/Projects/Imagine/thumbnails/agm03_215_thumb.png,psd,3412,3045,Industrial interior with textured wall and exposed ceiling infrastructure,"[""industrial"", ""ceiling"", ""pipes"", ""concrete"", ""texture"", ""architecture"", ""interior"", ""structural""]",background,,,,Qwen/Qwen3.5-9B,vision_done,,ok,,,,,,,,강다외부,visual:bg-complex-q0022:28711,diverse_rank=4; source_count=3; visual_group=visual:bg-complex-q0022:28711
bg-complex-q0022,"강다외부에서 콘크리트 복도와 큰 창문, 파이프가 함께 보이는 산업적인 실내 배경",complex,58360,3,mv,"{""mv"": 3}","{""background_complex_v1_20260506:mv"": 3}",webdav://13730b09/예비/작품2/대마도학원35시험 소대/제작회사BG/#1/TM#01_312.psd,58360_TM#01_312.psd,예비/작품2/대마도학원35시험 소대/제작회사BG/#1/TM#01_312.psd,#1,/Users/saintiron/Projects/Imagine/thumbnails/58360_TM#01_312_thumb.png,psd,1670,1187,Dark industrial interior with concrete walls and metal beams.,"[""concrete"", ""metal"", ""industrial"", ""dark"", ""architecture""]",background,,,,Qwen/Qwen3.5-9B,,,ok,,,,,,,,#1,visual:bg-complex-q0022:58360,diverse_rank=5; source_count=2; visual_group=visual:bg-complex-q0022:58360
bg-complex-q0022,"강다외부에서 콘크리트 복도와 큰 창문, 파이프가 함께 보이는 산업적인 실내 배경",complex,57486,4,mv,"{""mv"": 4}","{""background_complex_v1_20260506:mv"": 4}",webdav://13730b09/예비/작품2/대마도학원35시험 소대/제작회사BG/_4/#4/TM#04_074.psd,57486_TM#04_074.psd,예비/작품2/대마도학원35시험 소대/제작회사BG/_4/#4/TM#04_074.psd,#4,/Users/saintiron/Projects/Imagine/thumbnails/57486_TM#04_074_thumb.png,psd,1698,1183,Industrial interior with concrete blocks and structural beams under bright lighting.,"[""concrete"", ""industrial"", ""architecture"", ""beams"", ""blocks"", ""structural"", ""interior"", ""blue""]",background,,,,Qwen/Qwen3.5-9B,,,ok,,,,,,,,#4,visual:bg-complex-q0022:57486,diverse_rank=6; source_count=1; visual_group=visual:bg-complex-q0022:57486
bg-complex-q0022,"강다외부에서 콘크리트 복도와 큰 창문, 파이프가 함께 보이는 산업적인 실내 배경",complex,58394,4,fts,"{""fts"": 4}","{""background_complex_v1_20260506:fts"": 4}",webdav://13730b09/예비/작품2/대마도학원35시험 소대/설정/대마도학원 복도.jpg,58394_대마도학원 복도.jpg,예비/작품2/대마도학원35시험 소대/설정/대마도학원 복도.jpg,설정,/Users/saintiron/Projects/Imagine/thumbnails/58394_대마도학원 복도_thumb.png,jpg,2873,2032,"Anime-style corridor scene with doors, pillars, and a character standing in a school hallway.","[""corridor"", ""doors"", ""pillars"", ""character"", ""school"", ""hallway"", ""line art"", ""architecture""]",illustration,,,,Qwen/Qwen3.5-9B,,,ok,,,,,,,,설정,visual:bg-complex-q0022:58394,diverse_rank=7; source_count=2; visual_group=visual:bg-complex-q0022:58394
bg-complex-q0022,"강다외부에서 콘크리트 복도와 큰 창문, 파이프가 함께 보이는 산업적인 실내 배경",complex,58373,5,mv,"{""mv"": 5}","{""background_complex_v1_20260506:mv"": 5}",webdav://13730b09/예비/작품2/대마도학원35시험 소대/제작회사BG/#1/TM#01_327.psd,58373_TM#01_327.psd,예비/작품2/대마도학원35시험 소대/제작회사BG/#1/TM#01_327.psd,#1,/Users/saintiron/Projects/Imagine/thumbnails/58373_TM#01_327_thumb.png,psd,1681,1187,Dark interior view of a concrete ceiling with wooden beams and metal supports.,"[""concrete"", ""ceiling"", ""wood"", ""metal"", ""industrial"", ""dark"", ""architecture""]",background,,,,Qwen/Qwen3.5-9B,,,ok,,,,,,,,#1,visual:bg-complex-q0022:58373,diverse_rank=8; source_count=2; visual_group=visual:bg-complex-q0022:58373
bg-complex-q0022,"강다외부에서 콘크리트 복도와 큰 창문, 파이프가 함께 보이는 산업적인 실내 배경",complex,58438,5,fts,"{""fts"": 5}","{""background_complex_v1_20260506:fts"": 5}",webdav://13730b09/예비/작품2/대마도학원35시험 소대/설정/타케루의 집 복도.jpg,58438_타케루의 집 복도.jpg,예비/작품2/대마도학원35시험 소대/설정/타케루의 집 복도.jpg,설정,/Users/saintiron/Projects/Imagine/thumbnails/58438_타케루의 집 복도_thumb.png,jpg,2866,2032,Line art of a character standing in a corridor with stairs and ceiling details,"[""corridor"", ""stairs"", ""ceiling"", ""character"", ""fire extinguisher"", ""line art"", ""architecture""]",illustration,,,,Qwen/Qwen3.5-9B,,,ok,,,,,,,,설정,visual:bg-complex-q0022:58438,diverse_rank=9; source_count=2; visual_group=visual:bg-complex-q0022:58438
bg-complex-q0022,"강다외부에서 콘크리트 복도와 큰 창문, 파이프가 함께 보이는 산업적인 실내 배경",complex,58477,6,fts,"{""fts"": 6}","{""background_complex_v1_20260506:fts"": 6}",webdav://13730b09/예비/작품2/대마도학원35시험 소대/보도/소대 복도.psd,58477_소대 복도.psd,예비/작품2/대마도학원35시험 소대/보도/소대 복도.psd,보도,/Users/saintiron/Projects/Imagine/thumbnails/58477_소대 복도_thumb.png,psd,1664,1238,"Empty school hallway with doors, windows, and tiled flooring.","[""hallway"", ""school"", ""doors"", ""windows"", ""tiled floor"", ""architectural"", ""empty"", ""interior""]",background,,,,Qwen/Qwen3.5-9B,,,ok,,,,,,,,보도,visual:bg-complex-q0022:58477,diverse_rank=10; source_count=1; visual_group=visual:bg-complex-q0022:58477
bg-complex-q0022,"강다외부에서 콘크리트 복도와 큰 창문, 파이프가 함께 보이는 산업적인 실내 배경",complex,57383,7,"mv,vv","{""mv"": 16, ""vv"": 7}","{""background_complex_v1_20260506:mv"": 16, ""background_complex_v1_20260506:vv"": 7}",webdav://13730b09/예비/작품2/대마도학원35시험 소대/제작회사BG/건물/TM#01_100.psd,57383_TM#01_100.psd,예비/작품2/대마도학원35시험 소대/제작회사BG/건물/TM#01_100.psd,건물,/Users/saintiron/Projects/Imagine/thumbnails/57383_TM#01_100_thumb.png,psd,2330,1639,Dark industrial alleyway with pipes and dim lighting,"[""pipes"", ""wall"", ""industrial"", ""dark"", ""concrete"", ""light"", ""alleyway""]",background,,,,Qwen/Qwen3.5-9B,,,ok,,,,,,,,건물,visual:bg-complex-q0022:57383,diverse_rank=11; source_count=1; visual_group=visual:bg-complex-q0022:57383
bg-complex-q0022,"강다외부에서 콘크리트 복도와 큰 창문, 파이프가 함께 보이는 산업적인 실내 배경",complex,58524,7,fts,"{""fts"": 7}","{""background_complex_v1_20260506:fts"": 7}",webdav://13730b09/예비/작품2/대마도학원35시험 소대/보도/학교 복도 파티 버젼/1.psd,58524_1.psd,예비/작품2/대마도학원35시험 소대/보도/학교 복도 파티 버젼/1.psd,학교 복도 파티 버젼,/Users/saintiron/Projects/Imagine/thumbnails/58524_1_thumb.png,psd,2614,1785,School hallway decorated for cultural festival with balloons and posters,"[""school"", ""hallway"", ""balloons"", ""posters"", ""table"", ""windows"", ""ceiling lights""]",background,,,,Qwen/Qwen3.5-9B,,,ok,,,,,,,,학교 복도 파티 버젼,visual:bg-complex-q0022:58524,diverse_rank=12; source_count=1; visual_group=visual:bg-complex-q0022:58524
bg-complex-q0023,"실내소품에서 식물과 창문, 작은 가구가 함께 보이는 아늑한 실내 배경",complex,31063,1,"triaxis,vv","{""triaxis"": 4, ""vv"": 1}","{""background_complex_v1_20260506:triaxis"": 4, ""background_complex_v1_20260506:vv"": 1}",/Users/saintiron/imageDB/마캬베리즈무/실내소품/#03_199.psd,#03_199.psd,#03_199.psd,실내소품,/Users/saintiron/Projects/Imagine/thumbnails/#03_199_thumb.png,psd,2340,1654,"A bright room with a dresser, mirror, plants, and a window with blue curtains.","[""dresser"", ""mirror"", ""plants"", ""window"", ""curtains"", ""wall"", ""sky"", ""trees""]",background,,,,Qwen/Qwen3.5-9B,vision_done,,ok,,,,,,,,실내소품,visual:bg-complex-q0023:31063,diverse_rank=1; source_count=3; visual_group=visual:bg-complex-q0023:31063
bg-complex-q0023,"실내소품에서 식물과 창문, 작은 가구가 함께 보이는 아늑한 실내 배경",complex,31472,1,"mv,triaxis,vv","{""mv"": 5, ""triaxis"": 1, ""vv"": 6}","{""background_complex_v1_20260506:mv"": 5, ""background_complex_v1_20260506:triaxis"": 1, ""background_complex_v1_20260506:vv"": 6}",/Users/saintiron/imageDB/마캬베리즈무/실내소품/MM15_007.psd,MM15_007.psd,MM15_007.psd,실내소품,/Users/saintiron/Projects/Imagine/thumbnails/MM15_007_thumb.png,psd,2254,2059,"A cozy corner with wooden shelves, plants, and framed photos near a bright window.","[""shelves"", ""plants"", ""framed photos"", ""window"", ""wooden wall"", ""natural light"", ""indoor scene"", ""decor""]",background,,,,Qwen/Qwen3.5-9B,vision_done,,ok,,,,,,,,실내소품,visual:bg-complex-q0023:31472,diverse_rank=2; source_count=3; visual_group=visual:bg-complex-q0023:31472
bg-complex-q0023,"실내소품에서 식물과 창문, 작은 가구가 함께 보이는 아늑한 실내 배경",complex,58294,1,"mv,vv","{""mv"": 1, ""vv"": 7}","{""background_complex_v1_20260506:mv"": 1, ""background_complex_v1_20260506:vv"": 7}",webdav://13730b09/예비/작품2/대마도학원35시험 소대/제작회사BG/#1/TM#01_240.psd,58294_TM#01_240.psd,예비/작품2/대마도학원35시험 소대/제작회사BG/#1/TM#01_240.psd,#1,/Users/saintiron/Projects/Imagine/thumbnails/58294_TM#01_240_thumb.png,psd,1678,1187,"Interior scene with windows, walls, and furniture in soft tones.","[""windows"", ""walls"", ""furniture"", ""plant"", ""books"", ""curtain"", ""pillow"", ""indoor""]",illustration,,,,Qwen/Qwen3.5-9B,,,ok,,,,,,,,#1,visual:bg-complex-q0023:58294,diverse_rank=3; source_count=3; visual_group=visual:bg-complex-q0023:58294
bg-complex-q0023,"실내소품에서 식물과 창문, 작은 가구가 함께 보이는 아늑한 실내 배경",complex,31474,2,triaxis,"{""triaxis"": 2}","{""background_complex_v1_20260506:triaxis"": 2}",/Users/saintiron/imageDB/마캬베리즈무/실내소품/MM15_215.psd,MM15_215.psd,MM15_215.psd,실내소품,/Users/saintiron/Projects/Imagine/thumbnails/MM15_215_thumb.png,psd,1678,1172,"A classroom with wooden desks and chairs, pink walls, and large windows.","[""classroom"", ""desk"", ""chair"", ""window"", ""wall"", ""wood"", ""blue"", ""pink""]",background,,,,Qwen/Qwen3.5-9B,vision_done,,ok,,,,,,,,실내소품,visual:bg-complex-q0023:31474,diverse_rank=4; source_count=3; visual_group=visual:bg-complex-q0023:31474
bg-complex-q0023,"실내소품에서 식물과 창문, 작은 가구가 함께 보이는 아늑한 실내 배경",complex,58181,3,"mv,vv","{""mv"": 10, ""vv"": 3}","{""background_complex_v1_20260506:mv"": 10, ""background_complex_v1_20260506:vv"": 3}",webdav://13730b09/예비/작품2/대마도학원35시험 소대/제작회사BG/#1/TM#01_089_091.psd,58181_TM#01_089_091.psd,예비/작품2/대마도학원35시험 소대/제작회사BG/#1/TM#01_089_091.psd,#1,/Users/saintiron/Projects/Imagine/thumbnails/58181_TM#01_089_091_thumb.png,psd,1688,1197,"Minimalist interior corner with plant, shelf, and window frame.","[""plant"", ""shelf"", ""window"", ""wall"", ""book"", ""vase"", ""modern"", ""interior""]",illustration,,,,Qwen/Qwen3.5-9B,,,ok,,,,,,,,#1,visual:bg-complex-q0023:58181,diverse_rank=5; source_count=3; visual_group=visual:bg-complex-q0023:58181
bg-complex-q0023,"실내소품에서 식물과 창문, 작은 가구가 함께 보이는 아늑한 실내 배경",complex,58246,3,mv,"{""mv"": 3}","{""background_complex_v1_20260506:mv"": 3}",webdav://13730b09/예비/작품2/대마도학원35시험 소대/제작회사BG/#1/TM#01_181.psd,58246_TM#01_181.psd,예비/작품2/대마도학원35시험 소대/제작회사BG/#1/TM#01_181.psd,#1,/Users/saintiron/Projects/Imagine/thumbnails/58246_TM#01_181_thumb.png,psd,1701,1204,Dark interior view of a room with furniture and architectural details.,"[""interior"", ""furniture"", ""architecture"", ""dark"", ""room""]",background,,,,Qwen/Qwen3.5-9B,,,ok,,,,,,,,#1,visual:bg-complex-q0023:58246,diverse_rank=6; source_count=3; visual_group=visual:bg-complex-q0023:58246
bg-complex-q0023,"실내소품에서 식물과 창문, 작은 가구가 함께 보이는 아늑한 실내 배경",complex,58475,5,fts,"{""fts"": 5}","{""background_complex_v1_20260506:fts"": 5}",webdav://13730b09/예비/작품2/대마도학원35시험 소대/보도/사이온지 집 실내.psd,58475_사이온지 집 실내.psd,예비/작품2/대마도학원35시험 소대/보도/사이온지 집 실내.psd,보도,/Users/saintiron/Projects/Imagine/thumbnails/58475_사이온지 집 실내_thumb.png,psd,2778,2024,"A detailed anime-style interior of a formal room with wooden furniture, windows, and decorative elements.","[""office"", ""desk"", ""bookshelf"", ""windows"", ""painting"", ""plant"", ""fireplace"", ""door""]",background,,,,Qwen/Qwen3.5-9B,,,ok,,,,,,,,보도,visual:bg-complex-q0023:58475,diverse_rank=7; source_count=1; visual_group=visual:bg-complex-q0023:58475
bg-complex-q0023,"실내소품에서 식물과 창문, 작은 가구가 함께 보이는 아늑한 실내 배경",complex,56862,8,fts,"{""fts"": 8}","{""background_complex_v1_20260506:fts"": 8}",webdav://13730b09/발송/외주 회사/빔 studio/귀인환등초/0313-re/KGS_01_150_R.psd,56862_KGS_01_150_R.psd,발송/외주 회사/빔 studio/귀인환등초/0313-re/KGS_01_150_R.psd,0313-re,/Users/saintiron/Projects/Imagine/thumbnails/56862_KGS_01_150_R_thumb.png,psd,2339,1653,"Two anime-style characters in motion, outlined in sketch lines over a building facade.","[""anime"", ""characters"", ""sketch lines"", ""building"", ""motion""]",illustration,,,,Qwen/Qwen3.5-9B,,,ok,,,,,,,,0313-re,visual:bg-complex-q0023:60273,diverse_rank=8; source_count=2; visual_group=visual:bg-complex-q0023:60273
bg-complex-q0023,"실내소품에서 식물과 창문, 작은 가구가 함께 보이는 아늑한 실내 배경",complex,56963,9,fts,"{""fts"": 9}","{""background_complex_v1_20260506:fts"": 9}",webdav://13730b09/발송/외주 회사/빔 studio/귀인환등초/bg/KGS_01_360.psd,56963_KGS_01_360.psd,발송/외주 회사/빔 studio/귀인환등초/bg/KGS_01_360.psd,bg,/Users/saintiron/Projects/Imagine/thumbnails/56963_KGS_01_360_thumb.png,psd,2339,1653,Traditional Japanese room with paper doors and three outlined figures.,"[""Japanese room"", ""shoji screen"", ""tatami mats"", ""wooden floor"", ""outline figures"", ""indoor scene"", ""traditional architecture"", ""furniture""]",background,,,,Qwen/Qwen3.5-9B,,,ok,,,,,,,,bg,visual:bg-complex-q0023:56963,diverse_rank=9; source_count=3; visual_group=visual:bg-complex-q0023:56963
bg-complex-q0023,"실내소품에서 식물과 창문, 작은 가구가 함께 보이는 아늑한 실내 배경",complex,56856,10,fts,"{""fts"": 10}","{""background_complex_v1_20260506:fts"": 10}",webdav://13730b09/발송/외주 회사/빔 studio/귀인환등초/0313-re/KGS_01_376_R.psd,56856_KGS_01_376_R.psd,발송/외주 회사/빔 studio/귀인환등초/0313-re/KGS_01_376_R.psd,0313-re,/Users/saintiron/Projects/Imagine/thumbnails/56856_KGS_01_376_R_thumb.png,psd,2339,1653,Traditional Japanese room with sliding door opening to a misty garden,"[""shoji screen"", ""parasol"", ""straw hat"", ""wooden frame"", ""sliding door"", ""garden view"", ""blue wall"", ""tatami mat""]",illustration,,,,Qwen/Qwen3.5-9B,,,ok,,,,,,,,0313-re,visual:bg-complex-q0023:56856,diverse_rank=10; source_count=2; visual_group=visual:bg-complex-q0023:56856
bg-complex-q0023,"실내소품에서 식물과 창문, 작은 가구가 함께 보이는 아늑한 실내 배경",complex,56699,12,fts,"{""fts"": 12}","{""background_complex_v1_20260506:fts"": 12}",webdav://13730b09/발송/외주 회사/빔 studio/산다/bg/SAN_09_022_BG.psd,56699_SAN_09_022_BG.psd,발송/외주 회사/빔 studio/산다/bg/SAN_09_022_BG.psd,bg,/Users/saintiron/Projects/Imagine/thumbnails/56699_SAN_09_022_BG_thumb.png,psd,2105,1488,Sunlit Japanese room with tatami mats and translucent ghostly figures.,"[""tatami"", ""shoji"", ""bonsai"", ""ghosts"", ""folded screen"", ""wooden beams"", ""anime"", ""warm light""]",illustration,,,,Qwen/Qwen3.5-9B,,,ok,,,,,,,,bg,visual:bg-complex-q0023:56699,diverse_rank=11; source_count=3; visual_group=visual:bg-complex-q0023:56699
bg-complex-q0023,"실내소품에서 식물과 창문, 작은 가구가 함께 보이는 아늑한 실내 배경",complex,56690,13,fts,"{""fts"": 13}","{""background_complex_v1_20260506:fts"": 13}",webdav://13730b09/발송/외주 회사/빔 studio/산다/bg/SAN_09_051_BG.psd,56690_SAN_09_051_BG.psd,발송/외주 회사/빔 studio/산다/bg/SAN_09_051_BG.psd,bg,/Users/saintiron/Projects/Imagine/thumbnails/56690_SAN_09_051_BG_thumb.png,psd,2178,1500,A sketch of a man's face in a dimly lit room with warm window light.,"[""sketch"", ""face"", ""man"", ""window"", ""light"", ""room"", ""line art""]",illustration,,,,Qwen/Qwen3.5-9B,,,ok,,,,,,,,bg,visual:bg-complex-q0023:56690,diverse_rank=12; source_count=3; visual_group=visual:bg-complex-q0023:56690
bg-complex-q0024,다윈즈게임 도시 낮에서 도로와 건물이 보이고 낮 시간의 도시 분위기가 분명한 배경,complex,58278,2,mv,"{""mv"": 2}","{""background_complex_v1_20260506:mv"": 2}",webdav://13730b09/예비/작품2/대마도학원35시험 소대/제작회사BG/#1/TM#01_221.psd,58278_TM#01_221.psd,예비/작품2/대마도학원35시험 소대/제작회사BG/#1/TM#01_221.psd,#1,/Users/saintiron/Projects/Imagine/thumbnails/58278_TM#01_221_thumb.png,psd,1670,1183,Dark ribbons obscure a green-lit cityscape at night.,"[""ribbons"", ""cityscape"", ""night"", ""green"", ""windows"", ""buildings"", ""darkness""]",illustration,,,,Qwen/Qwen3.5-9B,,,ok,,,,,,,,#1,visual:bg-complex-q0024:58278,diverse_rank=1; source_count=1; visual_group=visual:bg-complex-q0024:58278
bg-complex-q0024,다윈즈게임 도시 낮에서 도로와 건물이 보이고 낮 시간의 도시 분위기가 분명한 배경,complex,57435,3,mv,"{""mv"": 3}","{""background_complex_v1_20260506:mv"": 3}",webdav://13730b09/예비/작품2/대마도학원35시험 소대/제작회사BG/건물/TM#02_354.psd,57435_TM#02_354.psd,예비/작품2/대마도학원35시험 소대/제작회사BG/건물/TM#02_354.psd,건물,/Users/saintiron/Projects/Imagine/thumbnails/57435_TM#02_354_thumb.png,psd,2325,1642,Nighttime cityscape with illuminated buildings and dark sky,"[""cityscape"", ""night"", ""buildings"", ""lights"", ""sky"", ""urban"", ""darkness"", ""windows""]",background,,,,Qwen/Qwen3.5-9B,,,ok,,,,,,,,건물,visual:bg-complex-q0024:57435,diverse_rank=2; source_count=4; visual_group=visual:bg-complex-q0024:57435
bg-complex-q0024,다윈즈게임 도시 낮에서 도로와 건물이 보이고 낮 시간의 도시 분위기가 분명한 배경,complex,57381,7,mv,"{""mv"": 7}","{""background_complex_v1_20260506:mv"": 7}",webdav://13730b09/예비/작품2/대마도학원35시험 소대/제작회사BG/건물/TM#01_005.psd,57381_TM#01_005.psd,예비/작품2/대마도학원35시험 소대/제작회사BG/건물/TM#01_005.psd,건물,/Users/saintiron/Projects/Imagine/thumbnails/57381_TM#01_005_thumb.png,psd,2972,1187,Nighttime city street with illuminated buildings and trees under dark sky,"[""city"", ""night"", ""buildings"", ""street"", ""trees"", ""lights"", ""urban"", ""sky""]",background,,,,Qwen/Qwen3.5-9B,,,ok,,,,,,,,건물,visual:bg-complex-q0024:57381,diverse_rank=3; source_count=4; visual_group=visual:bg-complex-q0024:57381
bg-complex-q0024,다윈즈게임 도시 낮에서 도로와 건물이 보이고 낮 시간의 도시 분위기가 분명한 배경,complex,57919,8,mv,"{""mv"": 8}","{""background_complex_v1_20260506:mv"": 8}",webdav://13730b09/예비/작품2/대마도학원35시험 소대/제작회사BG/#2/TM#02_161.psd,57919_TM#02_161.psd,예비/작품2/대마도학원35시험 소대/제작회사BG/#2/TM#02_161.psd,#2,/Users/saintiron/Projects/Imagine/thumbnails/57919_TM#02_161_thumb.png,psd,5103,1313,"Dark night scene with trees, street lamps, and building facade","[""trees"", ""street lamps"", ""building"", ""night"", ""darkness""]",background,,,,Qwen/Qwen3.5-9B,,,ok,,,,,,,,#2,visual:bg-complex-q0024:57919,diverse_rank=4; source_count=3; visual_group=visual:bg-complex-q0024:57919
bg-complex-q0024,다윈즈게임 도시 낮에서 도로와 건물이 보이고 낮 시간의 도시 분위기가 분명한 배경,complex,58084,9,mv,"{""mv"": 9}","{""background_complex_v1_20260506:mv"": 9}",webdav://13730b09/예비/작품2/대마도학원35시험 소대/제작회사BG/#2/TM#02_353.psd,58084_TM#02_353.psd,예비/작품2/대마도학원35시험 소대/제작회사BG/#2/TM#02_353.psd,#2,/Users/saintiron/Projects/Imagine/thumbnails/58084_TM#02_353_thumb.png,psd,1674,1182,Nighttime cityscape with illuminated buildings and trees under a dark sky,"[""cityscape"", ""night"", ""buildings"", ""trees"", ""streetlights"", ""sky"", ""waterfront"", ""architecture""]",background,,,,Qwen/Qwen3.5-9B,,,ok,,,,,,,,#2,visual:bg-complex-q0024:58084,diverse_rank=5; source_count=3; visual_group=visual:bg-complex-q0024:58084
bg-complex-q0024,다윈즈게임 도시 낮에서 도로와 건물이 보이고 낮 시간의 도시 분위기가 분명한 배경,complex,57422,10,mv,"{""mv"": 10}","{""background_complex_v1_20260506:mv"": 10}",webdav://13730b09/예비/작품2/대마도학원35시험 소대/제작회사BG/건물/TM#02_113.psd,57422_TM#02_113.psd,예비/작품2/대마도학원35시험 소대/제작회사BG/건물/TM#02_113.psd,건물,/Users/saintiron/Projects/Imagine/thumbnails/57422_TM#02_113_thumb.png,psd,1668,1190,Nighttime cityscape with modern buildings and a solitary tree.,"[""cityscape"", ""night"", ""buildings"", ""tree"", ""windows"", ""urban"", ""modern"", ""dark""]",background,,,,Qwen/Qwen3.5-9B,,,ok,,,,,,,,건물,visual:bg-complex-q0024:57422,diverse_rank=6; source_count=4; visual_group=visual:bg-complex-q0024:57422
bg-complex-q0024,다윈즈게임 도시 낮에서 도로와 건물이 보이고 낮 시간의 도시 분위기가 분명한 배경,complex,57965,12,mv,"{""mv"": 12}","{""background_complex_v1_20260506:mv"": 12}",webdav://13730b09/예비/작품2/대마도학원35시험 소대/제작회사BG/#2/TM#02_214.psd,57965_TM#02_214.psd,예비/작품2/대마도학원35시험 소대/제작회사BG/#2/TM#02_214.psd,#2,/Users/saintiron/Projects/Imagine/thumbnails/57965_TM#02_214_thumb.png,psd,1668,1186,Nighttime cityscape with illuminated buildings and trees under a cloudy sky.,"[""night"", ""cityscape"", ""buildings"", ""trees"", ""clouds"", ""lights"", ""sky""]",background,,,,Qwen/Qwen3.5-9B,,,ok,,,,,,,,#2,visual:bg-complex-q0024:57965,diverse_rank=7; source_count=3; visual_group=visual:bg-complex-q0024:57965
bg-complex-q0024,다윈즈게임 도시 낮에서 도로와 건물이 보이고 낮 시간의 도시 분위기가 분명한 배경,complex,57395,14,mv,"{""mv"": 14}","{""background_complex_v1_20260506:mv"": 14}",webdav://13730b09/예비/작품2/대마도학원35시험 소대/제작회사BG/건물/TM#01_120_128.psd,57395_TM#01_120_128.psd,예비/작품2/대마도학원35시험 소대/제작회사BG/건물/TM#01_120_128.psd,건물,/Users/saintiron/Projects/Imagine/thumbnails/57395_TM#01_120_128_thumb.png,psd,1814,1183,Nighttime urban scene with buildings and railings under a starry sky,"[""buildings"", ""railings"", ""night"", ""sky"", ""windows"", ""urban"", ""darkness"", ""stars""]",background,,,,Qwen/Qwen3.5-9B,,,ok,,,,,,,,건물,visual:bg-complex-q0024:57395,diverse_rank=8; source_count=4; visual_group=visual:bg-complex-q0024:57395
bg-complex-q0025,기절용사와 암살공주 #12/bg에서 발코니나 난간과 하늘이 함께 보이는 높은 장소 배경,complex,58566,1,mv,"{""mv"": 1}","{""background_complex_v1_20260506:mv"": 1}",webdav://13730b09/예비/작품2/대마도학원35시험 소대/BG/TM#05_142.psd,58566_TM#05_142.psd,예비/작품2/대마도학원35시험 소대/BG/TM#05_142.psd,BG,/Users/saintiron/Projects/Imagine/thumbnails/58566_TM#05_142_thumb.png,psd,5081,1185,"Two ghostly figures stand beside a fence under a dark, stormy sky.","[""ghosts"", ""fence"", ""wall"", ""night"", ""storm"", ""silhouette"", ""anime""]",background,,,,Qwen/Qwen3.5-9B,,,ok,,,,,,,,BG,visual:bg-complex-q0025:58566,diverse_rank=1; source_count=2; visual_group=visual:bg-complex-q0025:58566
bg-complex-q0025,기절용사와 암살공주 #12/bg에서 발코니나 난간과 하늘이 함께 보이는 높은 장소 배경,complex,60116,3,mv,"{""mv"": 3}","{""background_complex_v1_20260506:mv"": 3}",webdav://13730b09/예비/마법과고교의 우등생/#13/BG/mky13_263.psd,60116_mky13_263.psd,예비/마법과고교의 우등생/#13/BG/mky13_263.psd,BG,/Users/saintiron/Projects/Imagine/thumbnails/60116_mky13_263_thumb.png,psd,2523,1271,Two anime characters stand under trees with a fence and blue sky.,"[""trees"", ""fence"", ""sky"", ""characters"", ""anime"", ""outdoors"", ""daytime""]",background,,,,Qwen/Qwen3.5-9B,,,ok,,,,,,,,BG,visual:bg-complex-q0025:60116,diverse_rank=2; source_count=2; visual_group=visual:bg-complex-q0025:60116
bg-complex-q0025,기절용사와 암살공주 #12/bg에서 발코니나 난간과 하늘이 함께 보이는 높은 장소 배경,complex,56813,4,fts,"{""fts"": 4}","{""background_complex_v1_20260506:fts"": 4}",webdav://13730b09/발송/외주 회사/빔 studio/메탈#07/bg/MR07_044_BG.psd,56813_MR07_044_BG.psd,발송/외주 회사/빔 studio/메탈#07/bg/MR07_044_BG.psd,bg,/Users/saintiron/Projects/Imagine/thumbnails/56813_MR07_044_BG_thumb.png,psd,1752,1304,Futuristic cityscape with tall buildings and a railing in the foreground.,"[""cityscape"", ""skyscrapers"", ""railing"", ""futuristic"", ""architecture""]",background,,,,Qwen/Qwen3.5-9B,,,ok,,,,,,,,bg,visual:bg-complex-q0025:56813,diverse_rank=3; source_count=6; visual_group=visual:bg-complex-q0025:56813
bg-complex-q0025,기절용사와 암살공주 #12/bg에서 발코니나 난간과 하늘이 함께 보이는 높은 장소 배경,complex,56940,5,fts,"{""fts"": 5}","{""background_complex_v1_20260506:fts"": 5}",webdav://13730b09/발송/외주 회사/빔 studio/귀인환등초/bg/KGS_01_167.psd,56940_KGS_01_167.psd,발송/외주 회사/빔 studio/귀인환등초/bg/KGS_01_167.psd,bg,/Users/saintiron/Projects/Imagine/thumbnails/56940_KGS_01_167_thumb.png,psd,2339,1653,A translucent figure stands before a lush green mountain under a blue sky.,"[""mountain"", ""trees"", ""sky"", ""clouds"", ""translucent figure"", ""anime style"", ""greenery""]",illustration,,,,Qwen/Qwen3.5-9B,,,ok,,,,,,,,bg,visual:bg-complex-q0025:56940,diverse_rank=4; source_count=6; visual_group=visual:bg-complex-q0025:56940
bg-complex-q0025,기절용사와 암살공주 #12/bg에서 발코니나 난간과 하늘이 함께 보이는 높은 장소 배경,complex,56947,6,fts,"{""fts"": 6}","{""background_complex_v1_20260506:fts"": 6}",webdav://13730b09/발송/외주 회사/빔 studio/귀인환등초/bg/KGS_01_336.psd,56947_KGS_01_336.psd,발송/외주 회사/빔 studio/귀인환등초/bg/KGS_01_336.psd,bg,/Users/saintiron/Projects/Imagine/thumbnails/56947_KGS_01_336_thumb.png,psd,2339,1653,A serene sky with fluffy clouds and a thatched roof corner.,"[""sky"", ""clouds"", ""thatched roof"", ""grass"", ""blue sky"", ""white clouds"", ""rural"", ""peaceful""]",background,,,,Qwen/Qwen3.5-9B,,,ok,,,,,,,,bg,visual:bg-complex-q0025:56947,diverse_rank=5; source_count=6; visual_group=visual:bg-complex-q0025:56947
bg-complex-q0025,기절용사와 암살공주 #12/bg에서 발코니나 난간과 하늘이 함께 보이는 높은 장소 배경,complex,56933,9,fts,"{""fts"": 9}","{""background_complex_v1_20260506:fts"": 9}",webdav://13730b09/발송/외주 회사/빔 studio/귀인환등초/bg/KGS_01_380.psd,56933_KGS_01_380.psd,발송/외주 회사/빔 studio/귀인환등초/bg/KGS_01_380.psd,bg,/Users/saintiron/Projects/Imagine/thumbnails/56933_KGS_01_380_thumb.png,psd,2339,1653,A white spider hangs from a tree branch surrounded by green leaves against a blue sky.,"[""spider"", ""tree branch"", ""leaves"", ""sky"", ""illustration""]",illustration,,,,Qwen/Qwen3.5-9B,,,ok,,,,,,,,bg,visual:bg-complex-q0025:56933,diverse_rank=6; source_count=6; visual_group=visual:bg-complex-q0025:56933
bg-complex-q0025,기절용사와 암살공주 #12/bg에서 발코니나 난간과 하늘이 함께 보이는 높은 장소 배경,complex,56968,10,fts,"{""fts"": 10}","{""background_complex_v1_20260506:fts"": 10}",webdav://13730b09/발송/외주 회사/빔 studio/귀인환등초/bg/KGS_01_171.psd,56968_KGS_01_171.psd,발송/외주 회사/빔 studio/귀인환등초/bg/KGS_01_171.psd,bg,/Users/saintiron/Projects/Imagine/thumbnails/56968_KGS_01_171_thumb.png,psd,2339,2030,A translucent anime girl stands in a lush green forest under a blue sky.,"[""anime girl"", ""forest"", ""trees"", ""blue sky"", ""clouds"", ""translucent figure"", ""traditional house""]",illustration,,,,Qwen/Qwen3.5-9B,,,ok,,,,,,,,bg,visual:bg-complex-q0025:56968,diverse_rank=7; source_count=6; visual_group=visual:bg-complex-q0025:56968
bg-complex-q0025,기절용사와 암살공주 #12/bg에서 발코니나 난간과 하늘이 함께 보이는 높은 장소 배경,complex,56929,11,fts,"{""fts"": 11}","{""background_complex_v1_20260506:fts"": 11}",webdav://13730b09/발송/외주 회사/빔 studio/귀인환등초/bg/KGS_01_375_377.psd,56929_KGS_01_375_377.psd,발송/외주 회사/빔 studio/귀인환등초/bg/KGS_01_375_377.psd,bg,/Users/saintiron/Projects/Imagine/thumbnails/56929_KGS_01_375_377_thumb.png,psd,3126,2044,Anime-style character with short hair stands by a window.,"[""anime"", ""character"", ""window"", ""hair"", ""sky""]",illustration,,,,Qwen/Qwen3.5-9B,,,ok,,,,,,,,bg,visual:bg-complex-q0025:56929,diverse_rank=8; source_count=6; visual_group=visual:bg-complex-q0025:56929
bg-complex-q0026,크랑베르무 장소/달에서 달 표면이나 크레이터 느낌이 나고 보라색 또는 푸른색 톤이 강한 배경,complex,58057,2,mv,"{""mv"": 2}","{""background_complex_v1_20260506:mv"": 2}",webdav://13730b09/예비/작품2/대마도학원35시험 소대/제작회사BG/#2/TM#02_323.psd,58057_TM#02_323.psd,예비/작품2/대마도학원35시험 소대/제작회사BG/#2/TM#02_323.psd,#2,/Users/saintiron/Projects/Imagine/thumbnails/58057_TM#02_323_thumb.png,psd,1681,1186,"Cracked, broken concrete surface with a dark blue color palette.","[""concrete"", ""cracked"", ""broken"", ""texture"", ""blue"", ""dark"", ""surface"", ""pattern""]",texture,,,,Qwen/Qwen3.5-9B,,,ok,,,,,,,,#2,visual:bg-complex-q0026:58057,diverse_rank=1; source_count=1; visual_group=visual:bg-complex-q0026:58057
bg-complex-q0026,크랑베르무 장소/달에서 달 표면이나 크레이터 느낌이 나고 보라색 또는 푸른색 톤이 강한 배경,complex,60256,14,mv,"{""mv"": 14}","{""background_complex_v1_20260506:mv"": 14}",webdav://13730b09/예비/마법과고교의 우등생/#11/bg/MKY11_196.psd,60256_MKY11_196.psd,예비/마법과고교의 우등생/#11/bg/MKY11_196.psd,bg,/Users/saintiron/Projects/Imagine/thumbnails/60256_MKY11_196_thumb.png,psd,2514,3271,Dark blue textured surface resembling weathered concrete or stone.,"[""concrete"", ""texture"", ""blue"", ""wall"", ""grunge"", ""dark"", ""surface""]",texture,,,,Qwen/Qwen3.5-9B,,,ok,,,,,,,,bg,visual:bg-complex-q0026:60256,diverse_rank=2; source_count=1; visual_group=visual:bg-complex-q0026:60256
bg-complex-q0026,크랑베르무 장소/달에서 달 표면이나 크레이터 느낌이 나고 보라색 또는 푸른색 톤이 강한 배경,complex,57326,18,mv,"{""mv"": 18}","{""background_complex_v1_20260506:mv"": 18}",webdav://13730b09/예비/작품2/대마도학원35시험 소대/택처/sozai_7.psd,57326_sozai_7.psd,예비/작품2/대마도학원35시험 소대/택처/sozai_7.psd,택처,/Users/saintiron/Projects/Imagine/thumbnails/57326_sozai_7_thumb.png,psd,2700,1600,Abstract teal textured surface resembling weathered concrete or stone.,"[""texture"", ""concrete"", ""teal"", ""grunge"", ""pattern"", ""surface"", ""abstract"", ""background""]",texture,,,,Qwen/Qwen3.5-9B,,,ok,,,,,,,,택처,visual:bg-complex-q0026:57326,diverse_rank=3; source_count=1; visual_group=visual:bg-complex-q0026:57326
bg-complex-q0027,뱅가드 26 #05/bg에서 분수와 로비 구조가 함께 보이는 현대적인 실내 배경,complex,56776,4,vv,"{""vv"": 4}","{""background_complex_v1_20260506:vv"": 4}",webdav://13730b09/발송/외주 회사/빔 studio/메탈#07/bg/MR07_052_BG.psd,56776_MR07_052_BG.psd,발송/외주 회사/빔 studio/메탈#07/bg/MR07_052_BG.psd,bg,/Users/saintiron/Projects/Imagine/thumbnails/56776_MR07_052_BG_thumb.png,psd,1898,1378,Two leather sofas with ghostly figures in a minimalist room.,"[""sofas"", ""ghosts"", ""minimalist"", ""interior"", ""statue"", ""table"", ""window"", ""greenery""]",illustration,,,,Qwen/Qwen3.5-9B,,,ok,,,,,,,,bg,visual:bg-complex-q0027:56776,diverse_rank=1; source_count=2; visual_group=visual:bg-complex-q0027:56776
bg-complex-q0027,뱅가드 26 #05/bg에서 분수와 로비 구조가 함께 보이는 현대적인 실내 배경,complex,56812,5,vv,"{""vv"": 5}","{""background_complex_v1_20260506:vv"": 5}",webdav://13730b09/발송/외주 회사/빔 studio/메탈#07/bg/MR07_222_BG.psd,56812_MR07_222_BG.psd,발송/외주 회사/빔 studio/메탈#07/bg/MR07_222_BG.psd,bg,/Users/saintiron/Projects/Imagine/thumbnails/56812_MR07_222_BG_thumb.png,psd,1769,4809,Modern futuristic corridor with glass ceiling and greenery outside,"[""corridor"", ""glass ceiling"", ""futuristic"", ""trees"", ""white walls"", ""yellow lights"", ""modern architecture""]",illustration,,,,Qwen/Qwen3.5-9B,,,ok,,,,,,,,bg,visual:bg-complex-q0027:56812,diverse_rank=2; source_count=2; visual_group=visual:bg-complex-q0027:56812
bg-complex-q0027,뱅가드 26 #05/bg에서 분수와 로비 구조가 함께 보이는 현대적인 실내 배경,complex,58477,6,vv,"{""vv"": 6}","{""background_complex_v1_20260506:vv"": 6}",webdav://13730b09/예비/작품2/대마도학원35시험 소대/보도/소대 복도.psd,58477_소대 복도.psd,예비/작품2/대마도학원35시험 소대/보도/소대 복도.psd,보도,/Users/saintiron/Projects/Imagine/thumbnails/58477_소대 복도_thumb.png,psd,1664,1238,"Empty school hallway with doors, windows, and tiled flooring.","[""hallway"", ""school"", ""doors"", ""windows"", ""tiled floor"", ""architectural"", ""empty"", ""interior""]",background,,,,Qwen/Qwen3.5-9B,,,ok,,,,,,,,보도,visual:bg-complex-q0027:58477,diverse_rank=3; source_count=1; visual_group=visual:bg-complex-q0027:58477
bg-complex-q0027,뱅가드 26 #05/bg에서 분수와 로비 구조가 함께 보이는 현대적인 실내 배경,complex,58161,8,mv,"{""mv"": 8}","{""background_complex_v1_20260506:mv"": 8}",webdav://13730b09/예비/작품2/대마도학원35시험 소대/제작회사BG/#1/TM#01_082.psd,58161_TM#01_082.psd,예비/작품2/대마도학원35시험 소대/제작회사BG/#1/TM#01_082.psd,#1,/Users/saintiron/Projects/Imagine/thumbnails/58161_TM#01_082_thumb.png,psd,1683,1187,A modern interior with wooden flooring and a glass partition.,"[""wooden floor"", ""glass partition"", ""modern interior"", ""architectural detail"", ""indoor space"", ""minimalist design"", ""geometric pattern""]",background,,,,Qwen/Qwen3.5-9B,,,ok,,,,,,,,#1,visual:bg-complex-q0027:58161,diverse_rank=4; source_count=2; visual_group=visual:bg-complex-q0027:58161
bg-complex-q0027,뱅가드 26 #05/bg에서 분수와 로비 구조가 함께 보이는 현대적인 실내 배경,complex,31651,9,vv,"{""vv"": 9}","{""background_complex_v1_20260506:vv"": 9}",/Users/saintiron/imageDB/마캬베리즈무/실내소품/스카이트리 리셉션회장1.psd,스카이트리 리셉션회장1.psd,스카이트리 리셉션회장1.psd,실내소품,/Users/saintiron/Projects/Imagine/thumbnails/스카이트리 리셉션회장1_thumb.png,psd,2572,1717,"A futuristic reception hall with a stage, screens, and modern lighting.","[""reception hall"", ""stage"", ""screens"", ""lighting"", ""futuristic"", ""indoor""]",background,,,,Qwen/Qwen3.5-9B,vision_done,,ok,,,,,,,,실내소품,visual:bg-complex-q0027:31651,diverse_rank=5; source_count=3; visual_group=visual:bg-complex-q0027:31651
bg-complex-q0027,뱅가드 26 #05/bg에서 분수와 로비 구조가 함께 보이는 현대적인 실내 배경,complex,31264,10,vv,"{""vv"": 10}","{""background_complex_v1_20260506:vv"": 10}",/Users/saintiron/imageDB/마캬베리즈무/실내소품/B_21.psd,B_21.psd,B_21.psd,실내소품,/Users/saintiron/Projects/Imagine/thumbnails/B_21_thumb.png,psd,2780,1969,Futuristic underground base command room with lounge seating and control consoles.,"[""lounge"", ""control consoles"", ""seating"", ""palm tree"", ""futuristic"", ""underground base"", ""command room""]",background,,,,Qwen/Qwen3.5-9B,vision_done,,ok,,,,,,,,실내소품,visual:bg-complex-q0027:31264,diverse_rank=6; source_count=3; visual_group=visual:bg-complex-q0027:31264
bg-complex-q0027,뱅가드 26 #05/bg에서 분수와 로비 구조가 함께 보이는 현대적인 실내 배경,complex,58311,10,mv,"{""mv"": 10}","{""background_complex_v1_20260506:mv"": 10}",webdav://13730b09/예비/작품2/대마도학원35시험 소대/제작회사BG/#1/TM#01_258.psd,58311_TM#01_258.psd,예비/작품2/대마도학원35시험 소대/제작회사BG/#1/TM#01_258.psd,#1,/Users/saintiron/Projects/Imagine/thumbnails/58311_TM#01_258_thumb.png,psd,1674,2069,Pink gradient background with floating bubbles and flower shapes,"[""bubbles"", ""flowers"", ""pink"", ""gradient"", ""abstract"", ""soft"", ""background""]",background,,,,Qwen/Qwen3.5-9B,,,ok,,,,,,,,#1,visual:bg-complex-q0027:58311,diverse_rank=7; source_count=2; visual_group=visual:bg-complex-q0027:58311
bg-complex-q0027,뱅가드 26 #05/bg에서 분수와 로비 구조가 함께 보이는 현대적인 실내 배경,complex,30623,11,mv,"{""mv"": 11}","{""background_complex_v1_20260506:mv"": 11}",/Users/saintiron/imageDB/마캬베리즈무/실내소품/금박문 참고/2.psd,2.psd,2.psd,금박문 참고,/Users/saintiron/Projects/Imagine/output/thumbnails/a96a5e6e_2_thumb.png,psd,4895,1626,"Traditional Japanese garden scene with trees, flowers, and golden background","[""trees"", ""flowers"", ""rocks"", ""gold background"", ""clouds"", ""nature"", ""traditional art"", ""autumn""]",background,,,,Qwen/Qwen3.5-9B,vision_done,,ok,,,,,,,,금박문 참고,visual:bg-complex-q0027:30623,diverse_rank=8; source_count=1; visual_group=visual:bg-complex-q0027:30623
bg-complex-q0027,뱅가드 26 #05/bg에서 분수와 로비 구조가 함께 보이는 현대적인 실내 배경,complex,31654,12,vv,"{""vv"": 12}","{""background_complex_v1_20260506:vv"": 12}",/Users/saintiron/imageDB/마캬베리즈무/실내소품/스카이트리 리셉션회장4.psd,스카이트리 리셉션회장4.psd,스카이트리 리셉션회장4.psd,실내소품,/Users/saintiron/Projects/Imagine/thumbnails/스카이트리 리셉션회장4_thumb.png,psd,2280,1728,Indoor reception entrance with decorative doors and blue partition,"[""reception"", ""entrance"", ""doors"", ""partition"", ""indoor"", ""blue"", ""ornate""]",background,,,,Qwen/Qwen3.5-9B,vision_done,,ok,,,,,,,,실내소품,visual:bg-complex-q0027:31654,diverse_rank=9; source_count=3; visual_group=visual:bg-complex-q0027:31654
bg-complex-q0027,뱅가드 26 #05/bg에서 분수와 로비 구조가 함께 보이는 현대적인 실내 배경,complex,58571,12,mv,"{""mv"": 12}","{""background_complex_v1_20260506:mv"": 12}",webdav://13730b09/예비/작품2/대마도학원35시험 소대/BG/TM#05_147.psd,58571_TM#05_147.psd,예비/작품2/대마도학원35시험 소대/BG/TM#05_147.psd,BG,/Users/saintiron/Projects/Imagine/thumbnails/58571_TM#05_147_thumb.png,psd,5052,1193,Nighttime scene of a modern building with illuminated plants and stone walls.,"[""night"", ""building"", ""plants"", ""stone wall"", ""modern architecture"", ""lighting"", ""balcony""]",background,,,,Qwen/Qwen3.5-9B,,,ok,,,,,,,,BG,visual:bg-complex-q0027:58571,diverse_rank=10; source_count=2; visual_group=visual:bg-complex-q0027:58571
bg-complex-q0027,뱅가드 26 #05/bg에서 분수와 로비 구조가 함께 보이는 현대적인 실내 배경,complex,56875,13,mv,"{""mv"": 13}","{""background_complex_v1_20260506:mv"": 13}",webdav://13730b09/발송/외주 회사/빔 studio/귀인환등초/0313-re/KGS_01_109_111_R.psd,56875_KGS_01_109_111_R.psd,발송/외주 회사/빔 studio/귀인환등초/0313-re/KGS_01_109_111_R.psd,0313-re,/Users/saintiron/Projects/Imagine/thumbnails/56875_KGS_01_109_111_R_thumb.png,psd,2800,2141,Two figures in traditional robes sit in a dimly lit room with a glowing lantern.,"[""lantern"", ""robes"", ""figures"", ""shoji screen"", ""floor mat""]",illustration,,,,Qwen/Qwen3.5-9B,,,ok,,,,,,,,0313-re,visual:bg-complex-q0027:56875,diverse_rank=11; source_count=1; visual_group=visual:bg-complex-q0027:56875
bg-complex-q0027,뱅가드 26 #05/bg에서 분수와 로비 구조가 함께 보이는 현대적인 실내 배경,complex,60058,16,vv,"{""vv"": 16}","{""background_complex_v1_20260506:vv"": 16}",webdav://13730b09/예비/마법과고교의 우등생/#13/BG/mky13_241.psd,60058_mky13_241.psd,예비/마법과고교의 우등생/#13/BG/mky13_241.psd,BG,/Users/saintiron/Projects/Imagine/thumbnails/60058_mky13_241_thumb.png,psd,2598,1328,"Elegant hall with red curtains, golden walls, and a central table.","[""hall"", ""curtains"", ""table"", ""columns"", ""windows"", ""carpet"", ""gold"", ""red""]",background,,,,Qwen/Qwen3.5-9B,,,ok,,,,,,,,BG,visual:bg-complex-q0027:60058,diverse_rank=12; source_count=2; visual_group=visual:bg-complex-q0027:60058
bg-complex-q0028,기절용사와 암살공주 장소/동굴에서 어두운 바위 벽과 통로가 함께 보이는 지하 배경,complex,56795,13,vv,"{""vv"": 13}","{""background_complex_v1_20260506:vv"": 13}",webdav://13730b09/발송/외주 회사/빔 studio/메탈#07/bg/MR07_184_BG.psd,56795_MR07_184_BG.psd,발송/외주 회사/빔 studio/메탈#07/bg/MR07_184_BG.psd,bg,/Users/saintiron/Projects/Imagine/thumbnails/56795_MR07_184_BG_thumb.png,psd,1756,1308,Cracked concrete ground with dark void and scattered rubble,"[""concrete"", ""cracked"", ""rubble"", ""void"", ""dark"", ""ruins"", ""ground"", ""debris""]",background,,,,Qwen/Qwen3.5-9B,,,ok,,,,,,,,bg,visual:bg-complex-q0028:56795,diverse_rank=1; source_count=1; visual_group=visual:bg-complex-q0028:56795
bg-complex-q0028,기절용사와 암살공주 장소/동굴에서 어두운 바위 벽과 통로가 함께 보이는 지하 배경,complex,58453,16,triaxis,"{""triaxis"": 16}","{""background_complex_v1_20260506:triaxis"": 16}",webdav://13730b09/예비/작품2/대마도학원35시험 소대/설정/하수도.jpg,58453_하수도.jpg,예비/작품2/대마도학원35시험 소대/설정/하수도.jpg,설정,/Users/saintiron/Projects/Imagine/thumbnails/58453_하수도_thumb.png,jpg,2866,2024,A character walks through a dimly lit underground sewer passage with brick walls and water channels.,"[""underground"", ""sewer"", ""character"", ""brick walls"", ""water channel"", ""tunnel"", ""lighting""]",illustration,,,,Qwen/Qwen3.5-9B,,,ok,,,,,,,,설정,visual:bg-complex-q0028:58453,diverse_rank=2; source_count=1; visual_group=visual:bg-complex-q0028:58453
bg-complex-q0029,"실내소품에서 카페 조명과 의자, 작은 테이블이 함께 보이는 아늑한 실내 배경",complex,31332,1,"mv,triaxis,vv","{""mv"": 3, ""triaxis"": 1, ""vv"": 12}","{""background_complex_v1_20260506:mv"": 3, ""background_complex_v1_20260506:triaxis"": 1, ""background_complex_v1_20260506:vv"": 12}",/Users/saintiron/imageDB/마캬베리즈무/실내소품/cafe-inside.psd,cafe-inside.psd,cafe-inside.psd,실내소품,/Users/saintiron/Projects/Imagine/thumbnails/cafe-inside_thumb.png,psd,1600,1200,"Cozy cafe interior with bar stools, shelves, and a window view of trees.","[""cafe"", ""bar stools"", ""shelves"", ""dishes"", ""window"", ""trees"", ""sofa"", ""table""]",background,,,,Qwen/Qwen3.5-9B,vision_done,,ok,,,,,,,,실내소품,visual:bg-complex-q0029:31332,diverse_rank=1; source_count=3; visual_group=visual:bg-complex-q0029:31332
bg-complex-q0029,"실내소품에서 카페 조명과 의자, 작은 테이블이 함께 보이는 아늑한 실내 배경",complex,31442,2,"mv,triaxis,vv","{""mv"": 10, ""triaxis"": 2, ""vv"": 4}","{""background_complex_v1_20260506:mv"": 10, ""background_complex_v1_20260506:triaxis"": 2, ""background_complex_v1_20260506:vv"": 4}",/Users/saintiron/imageDB/마캬베리즈무/실내소품/maid_kissa .psd,maid_kissa .psd,maid_kissa .psd,실내소품,/Users/saintiron/Projects/Imagine/thumbnails/maid_kissa _thumb.png,psd,4133,2952,"Cozy cafe interior with wooden furniture, warm lighting, and large windows.","[""cafe"", ""interior"", ""wooden furniture"", ""hanging lamps"", ""windows"", ""seating area"", ""shelves"", ""warm lighting""]",background,,,,Qwen/Qwen3.5-9B,vision_done,,ok,,,,,,,,실내소품,visual:bg-complex-q0029:31442,diverse_rank=2; source_count=3; visual_group=visual:bg-complex-q0029:31442
bg-complex-q0029,"실내소품에서 카페 조명과 의자, 작은 테이블이 함께 보이는 아늑한 실내 배경",complex,58298,2,mv,"{""mv"": 2}","{""background_complex_v1_20260506:mv"": 2}",webdav://13730b09/예비/작품2/대마도학원35시험 소대/제작회사BG/#1/TM#01_245.psd,58298_TM#01_245.psd,예비/작품2/대마도학원35시험 소대/제작회사BG/#1/TM#01_245.psd,#1,/Users/saintiron/Projects/Imagine/thumbnails/58298_TM#01_245_thumb.png,psd,1678,1187,"Interior room with desk, shelves, and wall paneling under soft lighting.","[""desk"", ""shelves"", ""wall paneling"", ""candles"", ""switch"", ""drawers"", ""indoor"", ""minimalist""]",background,,,,Qwen/Qwen3.5-9B,,,ok,,,,,,,,#1,visual:bg-complex-q0029:58298,diverse_rank=3; source_count=3; visual_group=visual:bg-complex-q0029:58298
bg-complex-q0029,"실내소품에서 카페 조명과 의자, 작은 테이블이 함께 보이는 아늑한 실내 배경",complex,31474,3,triaxis,"{""triaxis"": 3}","{""background_complex_v1_20260506:triaxis"": 3}",/Users/saintiron/imageDB/마캬베리즈무/실내소품/MM15_215.psd,MM15_215.psd,MM15_215.psd,실내소품,/Users/saintiron/Projects/Imagine/thumbnails/MM15_215_thumb.png,psd,1678,1172,"A classroom with wooden desks and chairs, pink walls, and large windows.","[""classroom"", ""desk"", ""chair"", ""window"", ""wall"", ""wood"", ""blue"", ""pink""]",background,,,,Qwen/Qwen3.5-9B,vision_done,,ok,,,,,,,,실내소품,visual:bg-complex-q0029:31474,diverse_rank=4; source_count=3; visual_group=visual:bg-complex-q0029:31474
bg-complex-q0029,"실내소품에서 카페 조명과 의자, 작은 테이블이 함께 보이는 아늑한 실내 배경",complex,58371,3,vv,"{""vv"": 3}","{""background_complex_v1_20260506:vv"": 3}",webdav://13730b09/예비/작품2/대마도학원35시험 소대/제작회사BG/#1/TM#01_325.psd,58371_TM#01_325.psd,예비/작품2/대마도학원35시험 소대/제작회사BG/#1/TM#01_325.psd,#1,/Users/saintiron/Projects/Imagine/thumbnails/58371_TM#01_325_thumb.png,psd,1674,1176,"Blurred indoor scene with vertical slats, blue object, and radiator.","[""vertical slats"", ""blue object"", ""radiator"", ""indoor"", ""blurry"", ""dark"", ""furniture"", ""wall""]",background,,,,Qwen/Qwen3.5-9B,,,ok,,,,,,,,#1,visual:bg-complex-q0029:58371,diverse_rank=5; source_count=3; visual_group=visual:bg-complex-q0029:58371
bg-complex-q0029,"실내소품에서 카페 조명과 의자, 작은 테이블이 함께 보이는 아늑한 실내 배경",complex,58224,7,mv,"{""mv"": 7}","{""background_complex_v1_20260506:mv"": 7}",webdav://13730b09/예비/작품2/대마도학원35시험 소대/제작회사BG/#1/TM#01_158.psd,58224_TM#01_158.psd,예비/작품2/대마도학원35시험 소대/제작회사BG/#1/TM#01_158.psd,#1,/Users/saintiron/Projects/Imagine/thumbnails/58224_TM#01_158_thumb.png,psd,1670,1187,"Dimly lit interior with shelves, counter, and patterned walls.","[""shelves"", ""counter"", ""patterned walls"", ""ceiling light"", ""dark interior"", ""indoor space"", ""furniture"", ""signage""]",background,,,,Qwen/Qwen3.5-9B,,,ok,,,,,,,,#1,visual:bg-complex-q0029:58224,diverse_rank=6; source_count=3; visual_group=visual:bg-complex-q0029:58224
bg-complex-q0029,"실내소품에서 카페 조명과 의자, 작은 테이블이 함께 보이는 아늑한 실내 배경",complex,56862,9,fts,"{""fts"": 9}","{""background_complex_v1_20260506:fts"": 9}",webdav://13730b09/발송/외주 회사/빔 studio/귀인환등초/0313-re/KGS_01_150_R.psd,56862_KGS_01_150_R.psd,발송/외주 회사/빔 studio/귀인환등초/0313-re/KGS_01_150_R.psd,0313-re,/Users/saintiron/Projects/Imagine/thumbnails/56862_KGS_01_150_R_thumb.png,psd,2339,1653,"Two anime-style characters in motion, outlined in sketch lines over a building facade.","[""anime"", ""characters"", ""sketch lines"", ""building"", ""motion""]",illustration,,,,Qwen/Qwen3.5-9B,,,ok,,,,,,,,0313-re,visual:bg-complex-q0029:56862,diverse_rank=7; source_count=3; visual_group=visual:bg-complex-q0029:56862
bg-complex-q0029,"실내소품에서 카페 조명과 의자, 작은 테이블이 함께 보이는 아늑한 실내 배경",complex,56706,11,fts,"{""fts"": 11}","{""background_complex_v1_20260506:fts"": 11}",webdav://13730b09/발송/외주 회사/빔 studio/산다/bg/SAN_09_057_BG.psd,56706_SAN_09_057_BG.psd,발송/외주 회사/빔 studio/산다/bg/SAN_09_057_BG.psd,bg,/Users/saintiron/Projects/Imagine/thumbnails/56706_SAN_09_057_BG_thumb.png,psd,2339,1654,A hooded figure in a suit stands in a sunlit Japanese room.,"[""hooded figure"", ""suit"", ""shoji screen"", ""bonsai tree"", ""paper lanterns"", ""anime style"", ""sketch overlay""]",illustration,,,,Qwen/Qwen3.5-9B,,,ok,,,,,,,,bg,visual:bg-complex-q0029:56706,diverse_rank=8; source_count=3; visual_group=visual:bg-complex-q0029:56706
bg-complex-q0029,"실내소품에서 카페 조명과 의자, 작은 테이블이 함께 보이는 아늑한 실내 배경",complex,56856,12,fts,"{""fts"": 12}","{""background_complex_v1_20260506:fts"": 12}",webdav://13730b09/발송/외주 회사/빔 studio/귀인환등초/0313-re/KGS_01_376_R.psd,56856_KGS_01_376_R.psd,발송/외주 회사/빔 studio/귀인환등초/0313-re/KGS_01_376_R.psd,0313-re,/Users/saintiron/Projects/Imagine/thumbnails/56856_KGS_01_376_R_thumb.png,psd,2339,1653,Traditional Japanese room with sliding door opening to a misty garden,"[""shoji screen"", ""parasol"", ""straw hat"", ""wooden frame"", ""sliding door"", ""garden view"", ""blue wall"", ""tatami mat""]",illustration,,,,Qwen/Qwen3.5-9B,,,ok,,,,,,,,0313-re,visual:bg-complex-q0029:56856,diverse_rank=9; source_count=3; visual_group=visual:bg-complex-q0029:56856
bg-complex-q0029,"실내소품에서 카페 조명과 의자, 작은 테이블이 함께 보이는 아늑한 실내 배경",complex,56690,14,fts,"{""fts"": 14}","{""background_complex_v1_20260506:fts"": 14}",webdav://13730b09/발송/외주 회사/빔 studio/산다/bg/SAN_09_051_BG.psd,56690_SAN_09_051_BG.psd,발송/외주 회사/빔 studio/산다/bg/SAN_09_051_BG.psd,bg,/Users/saintiron/Projects/Imagine/thumbnails/56690_SAN_09_051_BG_thumb.png,psd,2178,1500,A sketch of a man's face in a dimly lit room with warm window light.,"[""sketch"", ""face"", ""man"", ""window"", ""light"", ""room"", ""line art""]",illustration,,,,Qwen/Qwen3.5-9B,,,ok,,,,,,,,bg,visual:bg-complex-q0029:56690,diverse_rank=10; source_count=3; visual_group=visual:bg-complex-q0029:56690
bg-complex-q0029,"실내소품에서 카페 조명과 의자, 작은 테이블이 함께 보이는 아늑한 실내 배경",complex,56866,15,fts,"{""fts"": 15}","{""background_complex_v1_20260506:fts"": 15}",webdav://13730b09/발송/외주 회사/빔 studio/귀인환등초/0313-re/KGS_01_341_R.psd,56866_KGS_01_341_R.psd,발송/외주 회사/빔 studio/귀인환등초/0313-re/KGS_01_341_R.psd,0313-re,/Users/saintiron/Projects/Imagine/thumbnails/56866_KGS_01_341_R_thumb.png,psd,2339,1653,A translucent figure sits on a wooden porch outside a traditional Japanese room.,"[""translucent figure"", ""wooden porch"", ""shoji screen"", ""tatami mat"", ""traditional house"", ""anime style"", ""ghostly figure"", ""indoor room""]",illustration,,,,Qwen/Qwen3.5-9B,,,ok,,,,,,,,0313-re,visual:bg-complex-q0029:56866,diverse_rank=11; source_count=3; visual_group=visual:bg-complex-q0029:56866
bg-complex-q0029,"실내소품에서 카페 조명과 의자, 작은 테이블이 함께 보이는 아늑한 실내 배경",complex,56921,16,fts,"{""fts"": 16}","{""background_complex_v1_20260506:fts"": 16}",webdav://13730b09/발송/외주 회사/빔 studio/귀인환등초/bg/KGS_01_164.psd,56921_KGS_01_164.psd,발송/외주 회사/빔 studio/귀인환등초/bg/KGS_01_164.psd,bg,/Users/saintiron/Projects/Imagine/thumbnails/56921_KGS_01_164_thumb.png,psd,2339,1653,Anime-style scene with a ghostly figure and a girl in a traditional room,"[""anime"", ""ghost"", ""girl"", ""traditional room"", ""shoji screen"", ""furniture"", ""transparency"", ""line art""]",illustration,,,,Qwen/Qwen3.5-9B,,,ok,,,,,,,,bg,visual:bg-complex-q0029:56921,diverse_rank=12; source_count=3; visual_group=visual:bg-complex-q0029:56921
bg-complex-q0030,"크랑베르무 장소/마을에서 낮 시간의 거리와 건물, 하늘이 함께 보이는 밝은 마을 배경",complex,57444,1,fts,"{""fts"": 1}","{""background_complex_v1_20260506:fts"": 1}",webdav://13730b09/예비/작품2/대마도학원35시험 소대/제작회사BG/건물/빌딩옥상 헬기장 낮.psd,57444_빌딩옥상 헬기장 낮.psd,예비/작품2/대마도학원35시험 소대/제작회사BG/건물/빌딩옥상 헬기장 낮.psd,건물,/Users/saintiron/Projects/Imagine/thumbnails/57444_빌딩옥상 헬기장 낮_thumb.png,psd,2445,1844,A rooftop helipad on a modern city building during daytime.,"[""helipad"", ""rooftop"", ""building"", ""cityscape"", ""stairs"", ""air conditioning units""]",illustration,,,,Qwen/Qwen3.5-9B,,,ok,,,,,,,,건물,visual:bg-complex-q0030:57444,diverse_rank=1; source_count=3; visual_group=visual:bg-complex-q0030:57444
bg-complex-q0030,"크랑베르무 장소/마을에서 낮 시간의 거리와 건물, 하늘이 함께 보이는 밝은 마을 배경",complex,57447,2,fts,"{""fts"": 2}","{""background_complex_v1_20260506:fts"": 2}",webdav://13730b09/예비/작품2/대마도학원35시험 소대/제작회사BG/건물/아르케미스트 제5연구소 전경 낮.psd,57447_아르케미스트 제5연구소 전경 낮.psd,예비/작품2/대마도학원35시험 소대/제작회사BG/건물/아르케미스트 제5연구소 전경 낮.psd,건물,/Users/saintiron/Projects/Imagine/thumbnails/57447_아르케미스트 제5연구소 전경 낮_thumb.png,psd,2505,2024,A futuristic research facility surrounded by a ruined cityscape.,"[""research facility"", ""futuristic architecture"", ""ruined city"", ""concrete structures"", ""aerial view"", ""daytime""]",illustration,,,,Qwen/Qwen3.5-9B,,,ok,,,,,,,,건물,visual:bg-complex-q0030:57447,diverse_rank=2; source_count=3; visual_group=visual:bg-complex-q0030:57447
bg-complex-q0030,"크랑베르무 장소/마을에서 낮 시간의 거리와 건물, 하늘이 함께 보이는 밝은 마을 배경",complex,57452,4,fts,"{""fts"": 4}","{""background_complex_v1_20260506:fts"": 4}",webdav://13730b09/예비/작품2/대마도학원35시험 소대/제작회사BG/건물/페허도시 경계선 입구앞 낮.psd,57452_페허도시 경계선 입구앞 낮.psd,예비/작품2/대마도학원35시험 소대/제작회사BG/건물/페허도시 경계선 입구앞 낮.psd,건물,/Users/saintiron/Projects/Imagine/thumbnails/57452_페허도시 경계선 입구앞 낮_thumb.png,psd,2532,1702,"A dilapidated urban border entrance with fences, guard booth, and ruined buildings under daylight.","[""ruined buildings"", ""barbed wire fence"", ""guard booth"", ""barrier gate"", ""urban decay"", ""daylight""]",illustration,,,,Qwen/Qwen3.5-9B,,,ok,,,,,,,,건물,visual:bg-complex-q0030:57452,diverse_rank=3; source_count=3; visual_group=visual:bg-complex-q0030:57452
bg-complex-q0030,"크랑베르무 장소/마을에서 낮 시간의 거리와 건물, 하늘이 함께 보이는 밝은 마을 배경",complex,58055,7,mv,"{""mv"": 7}","{""background_complex_v1_20260506:mv"": 7}",webdav://13730b09/예비/작품2/대마도학원35시험 소대/제작회사BG/#2/TM#02_321.psd,58055_TM#02_321.psd,예비/작품2/대마도학원35시험 소대/제작회사BG/#2/TM#02_321.psd,#2,/Users/saintiron/Projects/Imagine/thumbnails/58055_TM#02_321_thumb.png,psd,6803,1252,"Dark, moody night scene with trees and a distant building under blue lighting.","[""night"", ""trees"", ""building"", ""blue"", ""dark"", ""landscape"", ""atmospheric"", ""silhouette""]",background,,,,Qwen/Qwen3.5-9B,,,ok,,,,,,,,#2,visual:bg-complex-q0030:58055,diverse_rank=4; source_count=3; visual_group=visual:bg-complex-q0030:58055
bg-complex-q0030,"크랑베르무 장소/마을에서 낮 시간의 거리와 건물, 하늘이 함께 보이는 밝은 마을 배경",complex,56929,8,fts,"{""fts"": 8}","{""background_complex_v1_20260506:fts"": 8}",webdav://13730b09/발송/외주 회사/빔 studio/귀인환등초/bg/KGS_01_375_377.psd,56929_KGS_01_375_377.psd,발송/외주 회사/빔 studio/귀인환등초/bg/KGS_01_375_377.psd,bg,/Users/saintiron/Projects/Imagine/thumbnails/56929_KGS_01_375_377_thumb.png,psd,3126,2044,Anime-style character with short hair stands by a window.,"[""anime"", ""character"", ""window"", ""hair"", ""sky""]",illustration,,,,Qwen/Qwen3.5-9B,,,ok,,,,,,,,bg,visual:bg-complex-q0030:56929,diverse_rank=5; source_count=1; visual_group=visual:bg-complex-q0030:56929
bg-complex-q0030,"크랑베르무 장소/마을에서 낮 시간의 거리와 건물, 하늘이 함께 보이는 밝은 마을 배경",complex,58108,8,mv,"{""mv"": 8}","{""background_complex_v1_20260506:mv"": 8}",webdav://13730b09/예비/작품2/대마도학원35시험 소대/제작회사BG/#1/TM#01_019.psd,58108_TM#01_019.psd,예비/작품2/대마도학원35시험 소대/제작회사BG/#1/TM#01_019.psd,#1,/Users/saintiron/Projects/Imagine/thumbnails/58108_TM#01_019_thumb.png,psd,1677,1190,"Night scene with illuminated buildings, trees, and a dark foreground.","[""night"", ""buildings"", ""trees"", ""illuminated"", ""dark"", ""sky"", ""grass"", ""monument""]",illustration,,,,Qwen/Qwen3.5-9B,,,ok,,,,,,,,#1,visual:bg-complex-q0030:58108,diverse_rank=6; source_count=1; visual_group=visual:bg-complex-q0030:58108
bg-complex-q0030,"크랑베르무 장소/마을에서 낮 시간의 거리와 건물, 하늘이 함께 보이는 밝은 마을 배경",complex,58064,9,mv,"{""mv"": 9}","{""background_complex_v1_20260506:mv"": 9}",webdav://13730b09/예비/작품2/대마도학원35시험 소대/제작회사BG/#2/TM#02_330.psd,58064_TM#02_330.psd,예비/작품2/대마도학원35시험 소대/제작회사BG/#2/TM#02_330.psd,#2,/Users/saintiron/Projects/Imagine/thumbnails/58064_TM#02_330_thumb.png,psd,1681,1186,Nighttime view of a grand building with trees and streetlights in the foreground.,"[""building"", ""trees"", ""streetlights"", ""night"", ""architecture"", ""pavement"", ""fountain"", ""dark""]",background,,,,Qwen/Qwen3.5-9B,,,ok,,,,,,,,#2,visual:bg-complex-q0030:58064,diverse_rank=7; source_count=3; visual_group=visual:bg-complex-q0030:58064
bg-complex-q0030,"크랑베르무 장소/마을에서 낮 시간의 거리와 건물, 하늘이 함께 보이는 밝은 마을 배경",complex,58074,10,mv,"{""mv"": 10}","{""background_complex_v1_20260506:mv"": 10}",webdav://13730b09/예비/작품2/대마도학원35시험 소대/제작회사BG/#2/TM#02_342.psd,58074_TM#02_342.psd,예비/작품2/대마도학원35시험 소대/제작회사BG/#2/TM#02_342.psd,#2,/Users/saintiron/Projects/Imagine/thumbnails/58074_TM#02_342_thumb.png,psd,5003,1186,"Dark, moody scene with a large building and trees under a cloudy sky.","[""building"", ""trees"", ""sky"", ""night"", ""architecture""]",background,,,,Qwen/Qwen3.5-9B,,,ok,,,,,,,,#2,visual:bg-complex-q0030:58074,diverse_rank=8; source_count=3; visual_group=visual:bg-complex-q0030:58074
bg-complex-q0030,"크랑베르무 장소/마을에서 낮 시간의 거리와 건물, 하늘이 함께 보이는 밝은 마을 배경",complex,57331,14,mv,"{""mv"": 14}","{""background_complex_v1_20260506:mv"": 14}",webdav://13730b09/예비/작품2/대마도학원35시험 소대/택처/TM#01_098.psd,57331_TM#01_098.psd,예비/작품2/대마도학원35시험 소대/택처/TM#01_098.psd,택처,/Users/saintiron/Projects/Imagine/thumbnails/57331_TM#01_098_thumb.png,psd,2871,1170,Dark night sky with clouds and faint stars over a silhouette of a building.,"[""night sky"", ""clouds"", ""stars"", ""building silhouette"", ""dark tones""]",background,,,,Qwen/Qwen3.5-9B,,,ok,,,,,,,,택처,visual:bg-complex-q0030:57331,diverse_rank=9; source_count=1; visual_group=visual:bg-complex-q0030:57331
