sample_id,sample_version,sample_created_at,sample_seed,sample_rank,dedupe_key,source_group,analysis_status,analysis_issue,item_id,file_path,file_name,relative_path,folder_path,thumbnail_url,format,width,height,mc_caption,ai_tags,image_type,scene_type,time_of_day,weather,caption_model,processing_status,processing_error,content_hash,perceptual_hash,dup_group_id,caption_ko_display,tags_ko_display,caption_alignment,tag_alignment,overall_alignment,issue_types,reviewer_notes,reviewer_id,reviewed_at
metadata-quality-v1-0001,metadata-quality-v1,2026-05-10T00:00:00+09:00,20260510,1,content:9f1ea6d660d702b93a53837d9a986cd517f53aa1102e734c5e6111061c4e4f38,#4,ok,,57524,webdav://13730b09/예비/작품2/대마도학원35시험 소대/제작회사BG/_4/#4/TM#04_077.psd,57524_TM#04_077.psd,예비/작품2/대마도학원35시험 소대/제작회사BG/_4/#4/TM#04_077.psd,#4,/Users/saintiron/Projects/Imagine/thumbnails/57524_TM#04_077_thumb.png,psd,1698,1183,Digital sketch of a building facade with windows and structural lines.,"[""building"", ""windows"", ""sketch"", ""architecture"", ""blueprint"", ""lines"", ""concrete""]",illustration,,,,Qwen/Qwen3.5-9B,,,9f1ea6d660d702b93a53837d9a986cd517f53aa1102e734c5e6111061c4e4f38,-7306322134229537792,1,창문과 구조선이 보이는 건물 외관의 디지털 스케치입니다.,건물 · 창문 · 스케치 · 건축 · 청사진 · 선 · 콘크리트,2,2,,,,manual_review,2026-05-13T23:08:17
metadata-quality-v1-0002,metadata-quality-v1,2026-05-10T00:00:00+09:00,20260510,2,content:fe7b408bcf2a23282cc967477872a06bfe43e40284236696fbe32c1ffd7becea,bg,ok,,56909,webdav://13730b09/발송/외주 회사/빔 studio/귀인환등초/bg/KGS_01_163.psd,56909_KGS_01_163.psd,발송/외주 회사/빔 studio/귀인환등초/bg/KGS_01_163.psd,bg,/Users/saintiron/Projects/Imagine/thumbnails/56909_KGS_01_163_thumb.png,psd,2339,1906,A translucent anime-style man stands in a lush green landscape under a blue sky.,"[""anime"", ""man"", ""landscape"", ""trees"", ""sky"", ""clouds"", ""translucent"", ""kimono""]",illustration,,,,Qwen/Qwen3.5-9B,,,fe7b408bcf2a23282cc967477872a06bfe43e40284236696fbe32c1ffd7becea,-6735550401922562048,,"무성한 초록 풍경 안에 반투명한 애니메이션풍 남성이 서 있고, 푸른 하늘 아래입니다.",애니풍 · 남성 · 풍경 · 나무 · 하늘 · 구름 · 반투명한 · 기모노,2,2,,,,manual_review,2026-05-10T15:15:35
metadata-quality-v1-0003,metadata-quality-v1,2026-05-10T00:00:00+09:00,20260510,3,content:7205046c73e34e11aec0c4e3476c1d241b30e8cb21dfcaea7746c8bd96358fed,BG,ok,,59999,webdav://13730b09/예비/마법과고교의 우등생/#13/BG/mky13_152.psd,59999_mky13_152.psd,예비/마법과고교의 우등생/#13/BG/mky13_152.psd,BG,/Users/saintiron/Projects/Imagine/thumbnails/59999_mky13_152_thumb.png,psd,1835,1275,Three translucent anime characters in a blue-lit stadium at night.,"[""anime characters"", ""stadium"", ""night sky"", ""translucent figures"", ""blue lighting""]",illustration,,,,Qwen/Qwen3.5-9B,,,7205046c73e34e11aec0c4e3476c1d241b30e8cb21dfcaea7746c8bd96358fed,-1803547976983068862,,밤의 푸른 조명이 비치는 경기장 안에 세 반투명한 애니메이션 캐릭터가 있습니다.,애니메이션 캐릭터 · 경기장 · 밤하늘 · 반투명한 인물 · 푸른 조명,2,2,,,,manual_review,2026-05-11T21:51:14
metadata-quality-v1-0004,metadata-quality-v1,2026-05-10T00:00:00+09:00,20260510,4,phash:-6727636143165225472,webdav:/13730b09/예비/크랑베르무/장소/전투/1,legacy_warning,legacy_parse_or_caption_model,40801,webdav://13730b09/예비/크랑베르무/장소/전투/1/grb01_092.psd,40801_grb01_092.psd,예비/크랑베르무/장소/전투/1/grb01_092.psd,webdav:/13730b09/예비/크랑베르무/장소/전투/1,/Users/saintiron/Projects/Imagine/thumbnails/40801_grb01_092_thumb.png,psd,,,Purple motion blur effect,"[""motion blur"", ""purple"", ""dynamic"", ""high intensity""]",effect,,,,unknown_legacy,parse_fallback_legacy,"pre-fix: psd-tools failed, fell back to thumbnail-only",,-6727636143165225472,1,보라색 모션 블러 효과입니다.,모션 블러 · 보라색 · 역동적인 · 고강도,2,2,,,,manual_review,2026-05-10T15:20:43
metadata-quality-v1-0005,metadata-quality-v1,2026-05-10T00:00:00+09:00,20260510,5,phash:-6130935477100180864,발송/외주 회사/뱅가드/26/#02/bg,legacy_warning,legacy_parse_or_caption_model,48312,webdav://13730b09/발송/외주 회사/뱅가드/26/#02/bg/VS10_02_033_GENZU.psd,48312_VS10_02_033_GENZU.psd,발송/외주 회사/뱅가드/26/#02/bg/VS10_02_033_GENZU.psd,발송/외주 회사/뱅가드/26/#02/bg,/Users/saintiron/Projects/Imagine/thumbnails/48312_VS10_02_033_GENZU_thumb.png,psd,,,Four anime characters stand before a giant monster under a starry night sky.,"[""anime"", ""monster"", ""night"", ""group"", ""fantasy"", ""sketch"", ""horror"", ""sci-fi""]",illustration,,,,unknown_legacy,parse_fallback_legacy,"pre-fix: psd-tools failed, fell back to thumbnail-only",,-6130935477100180864,1,"네 애니메이션 캐릭터가 거대한 괴물 앞에 서 있고, 별이 있는 밤하늘 아래입니다.",애니풍 · 괴물 · 밤 · 무리 · 판타지 · 스케치 · 공포 · 공상과학,1,1,,"caption_wrong,tag_false_positive",괴물 아님 건물,manual_review,2026-05-13T23:15:07
metadata-quality-v1-0006,metadata-quality-v1,2026-05-10T00:00:00+09:00,20260510,6,phash:59328500624579072,발송/외주 회사/뱅가드/25/#11/bg,legacy_warning,legacy_parse_or_caption_model,49148,webdav://13730b09/발송/외주 회사/뱅가드/25/#11/bg/VS9_11_261_GENZU.psd,49148_VS9_11_261_GENZU.psd,발송/외주 회사/뱅가드/25/#11/bg/VS9_11_261_GENZU.psd,발송/외주 회사/뱅가드/25/#11/bg,/Users/saintiron/Projects/Imagine/thumbnails/49148_VS9_11_261_GENZU_thumb.png,psd,,,Anime-style portrait with lava and starry sky background,"[""anime"", ""portrait"", ""lava"", ""stars"", ""blue"", ""orange"", ""digital art"", ""overlay""]",illustration,,,,unknown_legacy,parse_fallback_legacy,"pre-fix: psd-tools failed, fell back to thumbnail-only",,59328500624579072,,"애니메이션풍 인물화이며, 용암 및 별이 있는 하늘 배경이/가 보입니다.",애니풍 · 인물화 · 용암 · 별 · 푸른색 · 주황색 · 디지털 아트 · 오버레이,2,2,,,,manual_review,2026-05-10T15:21:09
metadata-quality-v1-0007,metadata-quality-v1,2026-05-10T00:00:00+09:00,20260510,7,content:2ec2bd228b81327e886ff6eab7af364ca820d1581c8e756218202fed9ed72ee7,#3,ok,,57710,webdav://13730b09/예비/작품2/대마도학원35시험 소대/제작회사BG/#3/AT03_160A.psd,57710_AT03_160A.psd,예비/작품2/대마도학원35시험 소대/제작회사BG/#3/AT03_160A.psd,#3,/Users/saintiron/Projects/Imagine/thumbnails/57710_AT03_160A_thumb.png,psd,2338,1653,Anime-style character sketch overlaid on a warm-toned interior scene,"[""anime character"", ""sketch overlay"", ""interior room"", ""wooden panels"", ""warm lighting""]",illustration,,,,Qwen/Qwen3.5-9B,,,2ec2bd228b81327e886ff6eab7af364ca820d1581c8e756218202fed9ed72ee7,-1808504338197840384,1,애니메이션풍 캐릭터 스케치가 따뜻한 색조의 실내 장면 위에 겹쳐져 있습니다.,애니메이션 캐릭터 · 스케치 오버레이 · 실내 · 나무 패널 · 따뜻한,1,1,,"caption_wrong,tag_false_positive",실외,manual_review,2026-05-13T23:15:05
metadata-quality-v1-0008,metadata-quality-v1,2026-05-10T00:00:00+09:00,20260510,8,content:4b28c3edb1dd499524e731eae4f969c1c0c0eae6188b24aa0f178420b3e1eef6,bg,ok,,56807,webdav://13730b09/발송/외주 회사/빔 studio/메탈#07/bg/MR07_043_BG.psd,56807_MR07_043_BG.psd,발송/외주 회사/빔 studio/메탈#07/bg/MR07_043_BG.psd,bg,/Users/saintiron/Projects/Imagine/thumbnails/56807_MR07_043_BG_thumb.png,psd,1836,1304,Abstract cityscape with geometric buildings and translucent overlays,"[""cityscape"", ""buildings"", ""geometric"", ""translucent"", ""modern"", ""abstract"", ""urban"", ""digital""]",illustration,,,,Qwen/Qwen3.5-9B,,,4b28c3edb1dd499524e731eae4f969c1c0c0eae6188b24aa0f178420b3e1eef6,52592495579159040,1,"추상적인 도시 풍경이며, 기하학적 건물 및 반투명한 오버레이이/가 보입니다.",도시 풍경 · 건물 · 기하학적 · 반투명한 · 현대적인 · 추상적인 · 도시의 · 디지털,2,2,,,,manual_review,2026-05-10T15:21:46
metadata-quality-v1-0009,metadata-quality-v1,2026-05-10T00:00:00+09:00,20260510,9,phash:-1954314913915021056,webdav:/13730b09/예비/크랑베르무/장소/전투/5,legacy_warning,legacy_parse_or_caption_model,39929,webdav://13730b09/예비/크랑베르무/장소/전투/5/grb09_144.psd,39929_grb09_144.psd,예비/크랑베르무/장소/전투/5/grb09_144.psd,webdav:/13730b09/예비/크랑베르무/장소/전투/5,/Users/saintiron/Projects/Imagine/thumbnails/39929_grb09_144_thumb.png,psd,,,"A translucent, winged mechanical creature perched on a rocky cliff against a misty blue background.","[""mechanical"", ""wings"", ""anime"", ""mysterious"", ""translucent"", ""cliff"", ""blue"", ""green"", ""rock""]",illustration,,,,unknown_legacy,parse_fallback_legacy,"pre-fix: psd-tools failed, fell back to thumbnail-only",,-1954314913915021056,1,"반투명한, 날개 달린 기계적인 생물이 바위 절벽 위에 앉아 있고, 안개 낀 푸른색 배경을/를 배경으로 합니다.",기계적인 · 날개 · 애니풍 · 신비로운 · 반투명한 · 절벽 · 푸른색 · 초록 · 바위,2,2,,,,manual_review,2026-05-10T15:23:13
metadata-quality-v1-0010,metadata-quality-v1,2026-05-10T00:00:00+09:00,20260510,10,phash:-5696788602408603424,webdav:/13730b09/예비/크랑베르무/장소/안나의집,legacy_warning,legacy_parse_or_caption_model,41180,webdav://13730b09/예비/크랑베르무/장소/안나의집/grb06_256.psd,41180_grb06_256.psd,예비/크랑베르무/장소/안나의집/grb06_256.psd,webdav:/13730b09/예비/크랑베르무/장소/안나의집,/Users/saintiron/Projects/Imagine/thumbnails/41180_grb06_256_thumb.png,psd,,,"Character sketch of a young female with flowing hair and closed eyes, rendered in soft pastel tones with vertical color distortion effects.","[""grb06_256.psd"", ""concept art"", ""line art"", ""pastel palette"", ""side profile"", ""serene expression"", ""vertical distortion""]",character,,,,unknown_legacy,parse_fallback_legacy,"pre-fix: psd-tools failed, fell back to thumbnail-only",,-5696788602408603424,1,"흐르는 머리카락 및 감은 눈, 표현된 부드러운 파스텔 톤 함께 세로 색상 왜곡 효과이/가 보이는 젊은 여성의 캐릭터 스케치입니다.",콘셉트 아트 · 선화 · 파스텔 팔레트 · 옆모습 · 고요한 표정 · 세로 왜곡,2,2,,,,manual_review,2026-05-10T15:24:02
metadata-quality-v1-0011,metadata-quality-v1,2026-05-10T00:00:00+09:00,20260510,11,phash:1374446437209008128,webdav:/13730b09/발송4/범선/작품 쫑/후시/장소/마법창고,legacy_warning,legacy_parse_or_caption_model,33653,webdav://13730b09/발송4/범선/작품 쫑/후시/장소/마법창고/nfb11_178_BG1.psd,33653_nfb11_178_BG1.psd,발송4/범선/작품 쫑/후시/장소/마법창고/nfb11_178_BG1.psd,webdav:/13730b09/발송4/범선/작품 쫑/후시/장소/마법창고,/Users/saintiron/Projects/Imagine/thumbnails/33653_nfb11_178_BG1_thumb.png,psd,,,A dimly lit gothic dungeon shelf with purple glowing accents and intricate carvings.,"[""dungeon"", ""gothic"", ""anime"", ""mysterious"", ""purple glow"", ""night"", ""shelf"", ""carvings""]",background,Dungeons,night,clear,unknown_legacy,parse_fallback_legacy,"pre-fix: psd-tools failed, fell back to thumbnail-only",,1374446437209008128,,"어둡게 조명된 고딕풍 던전 선반이며, 보라색으로 빛나는 강조 요소 및 정교한 조각이/가 보입니다.",던전 · 고딕풍 · 애니풍 · 신비로운 · 보라색 광채 · 밤 · 선반 · 조각,1,1,,"caption_wrong,tag_false_positive",던전아님,manual_review,2026-05-13T23:15:03
metadata-quality-v1-0012,metadata-quality-v1,2026-05-10T00:00:00+09:00,20260510,12,phash:8999578406290108928,webdav:/13730b09/발송/범선/기절용사와 암살공주/장소/마을,legacy_warning,legacy_parse_or_caption_model,52808,webdav://13730b09/발송/범선/기절용사와 암살공주/장소/마을/kya02_057.psd,52808_kya02_057.psd,발송/범선/기절용사와 암살공주/장소/마을/kya02_057.psd,webdav:/13730b09/발송/범선/기절용사와 암살공주/장소/마을,/Users/saintiron/Projects/Imagine/thumbnails/52808_kya02_057_thumb.png,psd,,,A wooden notice board with children's drawings in a sunny outdoor setting.,"[""notice board"", ""children's drawings"", ""wooden structure"", ""trees"", ""stone wall"", ""roof"", ""outdoor scene""]",illustration,,,,unknown_legacy,parse_fallback_legacy,"pre-fix: psd-tools failed, fell back to thumbnail-only",,8999578406290108928,,"나무 게시판이며, 어린이의 그림 안에 햇빛 드는 야외 환경이/가 보입니다.",게시판 · 어린이 그림 · 나무 · 돌 · 지붕 · 야외 장면,2,2,,,,manual_review,2026-05-10T15:24:45
metadata-quality-v1-0013,metadata-quality-v1,2026-05-10T00:00:00+09:00,20260510,13,content:3acd3db9c691854e6d9fdd305a089281ce41379b169d30fd0da5bd86d6caed48,BG,ok,,59879,webdav://13730b09/예비/마법과고교의 우등생/#13/BG/mky13_203.psd,59879_mky13_203.psd,예비/마법과고교의 우등생/#13/BG/mky13_203.psd,BG,/Users/saintiron/Projects/Imagine/thumbnails/59879_mky13_203_thumb.png,psd,1903,1323,A hand sketch of a foot with anatomical lines on a blue gradient background.,"[""foot"", ""sketch"", ""anatomy"", ""blue"", ""gradient"", ""line art""]",illustration,,,,Qwen/Qwen3.5-9B,,,3acd3db9c691854e6d9fdd305a089281ce41379b169d30fd0da5bd86d6caed48,-9187201811381960704,1,해부학적 선 위에 푸른색 그라데이션 배경이/가 보이는 발의 손그림 스케치입니다.,발 · 스케치 · 해부학 · 푸른색 · 그라데이션 · 선화,2,2,,,,manual_review,2026-05-13T23:14:58
metadata-quality-v1-0014,metadata-quality-v1,2026-05-10T00:00:00+09:00,20260510,14,phash:-2267394631215049187,발송/외주 회사/뱅가드/25/#07/bg,legacy_warning,legacy_parse_or_caption_model,49514,webdav://13730b09/발송/외주 회사/뱅가드/25/#07/bg/VS9_07_032_GENZU.psd,49514_VS9_07_032_GENZU.psd,발송/외주 회사/뱅가드/25/#07/bg/VS9_07_032_GENZU.psd,발송/외주 회사/뱅가드/25/#07/bg,/Users/saintiron/Projects/Imagine/thumbnails/49514_VS9_07_032_GENZU_thumb.png,psd,,,Anime-style characters in a street scene with ice cream.,"[""anime"", ""street"", ""ice cream"", ""characters"", ""sketch"", ""urban"", ""casual"", ""daytime""]",illustration,,,,unknown_legacy,parse_fallback_legacy,"pre-fix: psd-tools failed, fell back to thumbnail-only",,-2267394631215049187,,"애니메이션풍 캐릭터 안에 거리 장면이며, 아이스크림이/가 보입니다.",애니풍 · 거리 · 아이스크림 · 캐릭터 · 스케치 · 도시의 · 일상적인 · 낮,2,2,,,,manual_review,2026-05-10T15:27:07
metadata-quality-v1-0015,metadata-quality-v1,2026-05-10T00:00:00+09:00,20260510,15,phash:5455044778004648136,webdav:/13730b09/발송작품/작품/켄신,legacy_warning,legacy_parse_or_caption_model,37958,webdav://13730b09/발송작품/작품/켄신/외부-004~4.jpg,37958_외부-004~4.jpg,발송작품/작품/켄신/외부-004~4.jpg,webdav:/13730b09/발송작품/작품/켄신,/Users/saintiron/Projects/Imagine/thumbnails/37958_외부-004~4_thumb.png,jpg,,,"A traditional Japanese thatched house nestled in a snowy autumn landscape, surrounded by trees with red and white foliage, evoking a serene, nostalgic rural atmosphere.","[""rural"", ""snow"", ""autumn"", ""traditional_japanese_house"", ""painterly"", ""peaceful"", ""thatched_roof"", ""forest_background"", ""seasonal_colors""]",background,rural,,,unknown_legacy,,,,5455044778004648136,,"전통적인 일본식 초가집 자리한 눈 덮인 가을 풍경, 둘러싸인 나무이며, 붉은 및 흰 잎, 느낌을 주는 고요한, 향수를 불러일으키는 시골 분위기이/가 보입니다.",시골 · 눈 · 가을 · 일본 전통 가옥 · 회화풍 · 평온한 · 초가지붕 · 숲 · 계절감 있는 색상,2,2,,,,manual_review,2026-05-10T15:27:23
metadata-quality-v1-0016,metadata-quality-v1,2026-05-10T00:00:00+09:00,20260510,16,content:fd9b13af7facb4fdcbf908fb4fe6ba082cc697c3c53b8966d8ff1dbcfeea0d64,발송/범선/작품 쫑/다윈즈게임/장소/도시 낮,legacy_warning,legacy_parse_or_caption_model,30194,webdav://13730b09/발송/범선/작품 쫑/다윈즈게임/장소/도시 낮/dwg03_185_R.psd,dwg03_185_R.psd,발송/범선/작품 쫑/다윈즈게임/장소/도시 낮/dwg03_185_R.psd,발송/범선/작품 쫑/다윈즈게임/장소/도시 낮,/Users/saintiron/Projects/Imagine/thumbnails/dwg03_185_R_thumb.png,psd,1832,1344,"A quiet, empty street in an urban setting bathed in cool twilight light, with muted tones and a solitary signpost indicating a pedestrian crossing.","[""urban"", ""twilight"", ""melancholic"", ""empty_street"", ""modern_architecture"", ""cool_palette"", ""realistic""]",background,urban,,,unknown_legacy,parse_fallback_legacy,"pre-fix: psd-tools failed, fell back to thumbnail-only",fd9b13af7facb4fdcbf908fb4fe6ba082cc697c3c53b8966d8ff1dbcfeea0d64,-4357627903063980032,,"조용한, 빈 거리 안에 도시 환경 물든 차가운 황혼빛,이며, 차분한 색조 및 홀로 선 표지판 나타내는 횡단보도이/가 보입니다.",도시의 · 황혼 · 쓸쓸한 · 빈 거리 · 현대적인 · 차가운 색감 · 사실적인,1,1,,,,manual_review,2026-05-10T15:27:38
metadata-quality-v1-0017,metadata-quality-v1,2026-05-10T00:00:00+09:00,20260510,17,phash:-959116530678586688,webdav:/13730b09/발송/범선/기절용사와 암살공주/장소/마을,legacy_warning,legacy_parse_or_caption_model,52689,webdav://13730b09/발송/범선/기절용사와 암살공주/장소/마을/kya05_225B_245B_BG1.psd,52689_kya05_225B_245B_BG1.psd,발송/범선/기절용사와 암살공주/장소/마을/kya05_225B_245B_BG1.psd,webdav:/13730b09/발송/범선/기절용사와 암살공주/장소/마을,/Users/saintiron/Projects/Imagine/thumbnails/52689_kya05_225B_245B_BG1_thumb.png,psd,,,Two characters stand in a moonlit medieval courtyard with stone buildings and glowing windows.,"[""moon"", ""night sky"", ""stone buildings"", ""characters"", ""windows"", ""courtyard"", ""plants""]",illustration,,,,unknown_legacy,parse_fallback_legacy,"pre-fix: psd-tools failed, fell back to thumbnail-only",,-959116530678586688,447,"달빛이 비치는 중세풍 안뜰 안에 두 캐릭터가 서 있고, 석조 건물 및 빛나는 창문이/가 보입니다.",달 · 밤하늘 · 석조 건물 · 캐릭터 · 창문 · 안뜰 · 식물,2,2,,,,manual_review,2026-05-10T15:27:46
metadata-quality-v1-0018,metadata-quality-v1,2026-05-10T00:00:00+09:00,20260510,18,phash:-9121782793807283200,webdav:/13730b09/예비/크랑베르무/장소/전투/3,legacy_warning,legacy_parse_or_caption_model,40454,webdav://13730b09/예비/크랑베르무/장소/전투/3/grb05_211.psd,40454_grb05_211.psd,예비/크랑베르무/장소/전투/3/grb05_211.psd,webdav:/13730b09/예비/크랑베르무/장소/전투/3,/Users/saintiron/Projects/Imagine/thumbnails/40454_grb05_211_thumb.png,psd,,,A mecha dragon stands in a canyon under a starry sky with aurora-like lights.,"[""mecha"", ""dragon"", ""canyon"", ""starry sky"", ""aurora"", ""anime"", ""epic"", ""mysterious""]",illustration,,,,unknown_legacy,parse_fallback_legacy,"pre-fix: psd-tools failed, fell back to thumbnail-only",,-9121782793807283200,,"협곡 안에 메카 드래곤이 서 있고, 별이 있는 하늘 아래에 오로라 같은 조명이/가 보입니다.",메카 · 용 · 협곡 · 별이 있는 하늘 · 오로라 · 애니풍 · 장대한 · 신비로운,1,1,,,,manual_review,2026-05-10T15:28:02
metadata-quality-v1-0019,metadata-quality-v1,2026-05-10T00:00:00+09:00,20260510,19,phash:-2111421205923710976,webdav:/13730b09/발송/범선/기절용사와 암살공주/#08/bg,legacy_warning,legacy_parse_or_caption_model,51304,webdav://13730b09/발송/범선/기절용사와 암살공주/#08/bg/kya08_098_e.psd,51304_kya08_098_e.psd,발송/범선/기절용사와 암살공주/#08/bg/kya08_098_e.psd,webdav:/13730b09/발송/범선/기절용사와 암살공주/#08/bg,/Users/saintiron/Projects/Imagine/thumbnails/51304_kya08_098_e_thumb.png,psd,,,Anime character sketch overlaid on a purple wall with decorative lines.,"[""anime character"", ""sketch"", ""wall"", ""purple"", ""headwear"", ""lines"", ""overlay""]",illustration,,,,unknown_legacy,parse_fallback_legacy,"pre-fix: psd-tools failed, fell back to thumbnail-only",,-2111421205923710976,,애니메이션 캐릭터 스케치가 보라색 벽 함께 장식적인 선 위에 겹쳐져 있습니다.,애니메이션 캐릭터 · 스케치 · 벽 · 보라색 · 머리 장식 · 선 · 오버레이,2,2,,,,manual_review,2026-05-10T15:28:24
metadata-quality-v1-0020,metadata-quality-v1,2026-05-10T00:00:00+09:00,20260510,20,phash:-5290970131766132736,webdav:/13730b09/발송/범선/기절용사와 암살공주/#06/bg,legacy_warning,legacy_parse_or_caption_model,53350,webdav://13730b09/발송/범선/기절용사와 암살공주/#06/bg/kya06_089.psd,53350_kya06_089.psd,발송/범선/기절용사와 암살공주/#06/bg/kya06_089.psd,webdav:/13730b09/발송/범선/기절용사와 암살공주/#06/bg,/Users/saintiron/Projects/Imagine/thumbnails/53350_kya06_089_thumb.png,psd,,,A red-tinted illustration of a torso framed by wooden panels.,"[""torso"", ""wood"", ""red"", ""sketch"", ""frame""]",illustration,,,,unknown_legacy,parse_fallback_legacy,"pre-fix: psd-tools failed, fell back to thumbnail-only",,-5290970131766132736,1,나무 패널에 둘러싸인 붉은 색조의 일러스트 의 몸통입니다.,몸통 · 나무 · 붉은 · 스케치 · 프레임,0,0,,"caption_wrong,tag_false_positive",의자,manual_review,2026-05-13T23:14:55
metadata-quality-v1-0021,metadata-quality-v1,2026-05-10T00:00:00+09:00,20260510,21,phash:-5137860971830247936,webdav:/13730b09/예비/크랑베르무/장소/성안,legacy_warning,legacy_parse_or_caption_model,41497,webdav://13730b09/예비/크랑베르무/장소/성안/grb13_270_272_BG2.psd,41497_grb13_270_272_BG2.psd,예비/크랑베르무/장소/성안/grb13_270_272_BG2.psd,webdav:/13730b09/예비/크랑베르무/장소/성안,/Users/saintiron/Projects/Imagine/thumbnails/41497_grb13_270_272_BG2_thumb.png,psd,,,Abstract composition with horizontal bands and diagonal light rays.,"[""abstract"", ""horizontal"", ""light rays"", ""texture"", ""red"", ""green"", ""blue"", ""digital art""]",texture,,,,unknown_legacy,parse_fallback_legacy,"pre-fix: psd-tools failed, fell back to thumbnail-only",,-5137860971830247936,,"추상적인 구도이며, 수평 띠 및 대각선 빛줄기이/가 보입니다.",추상적인 · 수평 · 빛줄기 · 질감 · 붉은 · 초록 · 푸른색 · 디지털 아트,0,1,,"caption_wrong,tag_false_positive,tag_missing_key",계단과 카페트,manual_review,2026-05-13T23:14:54
metadata-quality-v1-0022,metadata-quality-v1,2026-05-10T00:00:00+09:00,20260510,22,phash:-8724887916451286358,webdav:/13730b09/예비/크랑베르무/장소/학교,legacy_warning,legacy_parse_or_caption_model,39226,webdav://13730b09/예비/크랑베르무/장소/학교/grb02_164.psd,39226_grb02_164.psd,예비/크랑베르무/장소/학교/grb02_164.psd,webdav:/13730b09/예비/크랑베르무/장소/학교,/Users/saintiron/Projects/Imagine/thumbnails/39226_grb02_164_thumb.png,psd,,,"A serene courtyard of a school building with lush green trees, benches, and a clear blue sky.","[""school"", ""courtyard"", ""anime"", ""summer"", ""peaceful"", ""academic"", ""trees"", ""benches"", ""bright""]",background,outdoor,,,unknown_legacy,parse_fallback_legacy,"pre-fix: psd-tools failed, fell back to thumbnail-only",,-8724887916451286358,,"무성한 초록 나무, 벤치, 및 맑은 푸른 하늘이/가 보이는 학교 건물의 고요한 안뜰입니다.",학교 · 안뜰 · 애니풍 · 여름 · 평온한 · 학교 분위기 · 나무 · 벤치 · 밝은,2,2,,,,manual_review,2026-05-10T15:29:28
metadata-quality-v1-0023,metadata-quality-v1,2026-05-10T00:00:00+09:00,20260510,23,phash:3761699931269026048,webdav:/13730b09/발송/범선/기절용사와 암살공주/장소/유적지,legacy_warning,legacy_parse_or_caption_model,52280,webdav://13730b09/발송/범선/기절용사와 암살공주/장소/유적지/kya05_087.psd,52280_kya05_087.psd,발송/범선/기절용사와 암살공주/장소/유적지/kya05_087.psd,webdav:/13730b09/발송/범선/기절용사와 암살공주/장소/유적지,/Users/saintiron/Projects/Imagine/thumbnails/52280_kya05_087_thumb.png,psd,,,A dragon-like creature in a dark cave with glowing light in the background.,"[""dragon"", ""cave"", ""glowing light"", ""sketch"", ""fantasy""]",illustration,,,,unknown_legacy,parse_fallback_legacy,"pre-fix: psd-tools failed, fell back to thumbnail-only",,3761699931269026048,,"용 같은 생물 안에 어두운 동굴이며, 빛나는 빛 안에 배경이/가 보입니다.",용 · 동굴 · 빛나는 빛 · 스케치 · 판타지,2,2,,,,manual_review,2026-05-10T15:29:59
metadata-quality-v1-0024,metadata-quality-v1,2026-05-10T00:00:00+09:00,20260510,24,phash:-1085103013753749504,발송작품/작품/세일러문/#30/1,legacy_warning,legacy_parse_or_caption_model,29613,webdav://13730b09/발송작품/작품/세일러문/#30/1/346BG1_BG2.psd,29613_346BG1_BG2.psd,발송작품/작품/세일러문/#30/1/346BG1_BG2.psd,발송작품/작품/세일러문/#30/1,/Users/saintiron/Projects/Imagine/thumbnails/29613_346BG1_BG2_thumb.png,psd,,,"A radiant explosion of golden light erupts from a rocky terrain, illuminating the dark horizon with intense, fiery energy.","[""fantasy"", ""explosion"", ""golden_light"", ""rocky_ground"", ""dramatic"", ""anime_style"", ""sunset"", ""radiant_light""]",background,fantasy,,,unknown_legacy,parse_fallback_legacy,"pre-fix: psd-tools failed, fell back to thumbnail-only",,-1085103013753749504,,"강렬한, 불타는 에너지이/가 보이는 금빛 에서 솟아오르는 바위 지형, 비추는 어두운 지평선의 빛나는 폭발입니다.",판타지 · 폭발 · 금빛 · 바위 지면 · 극적인 · 애니메이션풍 · 일몰 · 빛나는 빛,2,2,,,,manual_review,2026-05-10T15:30:06
metadata-quality-v1-0025,metadata-quality-v1,2026-05-10T00:00:00+09:00,20260510,25,phash:-8028620039238674432,발송/외주 회사/뱅가드/25/#06/bg,legacy_warning,legacy_parse_or_caption_model,49556,webdav://13730b09/발송/외주 회사/뱅가드/25/#06/bg/VS9_06_068_GENZU.psd,49556_VS9_06_068_GENZU.psd,발송/외주 회사/뱅가드/25/#06/bg/VS9_06_068_GENZU.psd,발송/외주 회사/뱅가드/25/#06/bg,/Users/saintiron/Projects/Imagine/thumbnails/49556_VS9_06_068_GENZU_thumb.png,psd,,,A girl with cat ears and a small angel appear in a warmly lit room.,"[""anime"", ""fantasy"", ""catgirl"", ""angel"", ""warm lighting"", ""indoor scene"", ""character design"", ""digital art""]",illustration,,,,unknown_legacy,parse_fallback_legacy,"pre-fix: psd-tools failed, fell back to thumbnail-only",,-8028620039238674432,1,"소녀이며, 고양이 귀 및 작은 천사 나타남 안에 따뜻하게 조명된 방이/가 보입니다.",애니풍 · 판타지 · 고양이귀 소녀 · 천사 · 따뜻한 · 실내 · 캐릭터 · 디지털 아트,2,2,,,,manual_review,2026-05-10T15:30:15
metadata-quality-v1-0026,metadata-quality-v1,2026-05-10T00:00:00+09:00,20260510,26,phash:-2109181255002840064,webdav:/13730b09/발송작품/작품/유루유리/#11/1,legacy_warning,legacy_parse_or_caption_model,38593,webdav://13730b09/발송작품/작품/유루유리/#11/1/yr11_166.psd,38593_yr11_166.psd,발송작품/작품/유루유리/#11/1/yr11_166.psd,webdav:/13730b09/발송작품/작품/유루유리/#11/1,/Users/saintiron/Projects/Imagine/thumbnails/38593_yr11_166_thumb.png,psd,,,"A cozy bedroom with wooden furniture, a pink desk lamp, and a plush rabbit toy, set against lavender walls.","[""bedroom"", ""anime"", ""pastel"", ""whimsical"", ""wooden_furniture"", ""pink_lamp"", ""plush_rabbit""]",background,indoor,,,unknown_legacy,parse_fallback_legacy,"pre-fix: psd-tools failed, fell back to thumbnail-only",,-2109181255002840064,,"아늑한 침실이며, 나무 가구, 분홍색 책상 램프, 및 푹신한 토끼 인형, 배경으로 한 라벤더색 벽이/가 보입니다.",침실 · 애니풍 · 파스텔 · 기발한 · 나무 가구 · 분홍색 · 푹신한 토끼,2,2,,,,manual_review,2026-05-10T15:30:30
metadata-quality-v1-0027,metadata-quality-v1,2026-05-10T00:00:00+09:00,20260510,27,phash:-1085102850202078992,webdav:/13730b09/발송4/범선/작품 쫑/후시/장소/던전,legacy_warning,legacy_parse_or_caption_model,34607,webdav://13730b09/발송4/범선/작품 쫑/후시/장소/던전/nfb06_137.psd,34607_nfb06_137.psd,발송4/범선/작품 쫑/후시/장소/던전/nfb06_137.psd,webdav:/13730b09/발송4/범선/작품 쫑/후시/장소/던전,/Users/saintiron/Projects/Imagine/thumbnails/34607_nfb06_137_thumb.png,psd,,,"A sketch of a figure with a skull-like face is superimposed over a blurred, vertical-striped background of deep red and brown tones, suggesting an indoor, mysterious setting.","[""indoor"", ""night"", ""dramatic"", ""sketch"", ""dark"", ""blurred_background"", ""skull_face"", ""concept_art""]",background,indoor,,,unknown_legacy,parse_fallback_legacy,"pre-fix: psd-tools failed, fell back to thumbnail-only",,-1085102850202078992,1,"해골 같은 얼굴 위에 겹쳐진 흐릿한, 세로 줄무늬의 배경 의 짙은 붉은 및 갈색 톤, 암시하는 실내, 신비로운 환경이/가 보이는 인물의 스케치입니다.",실내 · 밤 · 극적인 · 스케치 · 어두운 · 흐릿한 · 해골 얼굴 · 콘셉트 아트,1,1,,caption_wrong,,manual_review,2026-05-13T23:14:51
metadata-quality-v1-0028,metadata-quality-v1,2026-05-10T00:00:00+09:00,20260510,28,content:26c759c7c00c38aad80763697fc804884bfdedcde9b9a81d355f501089cca25b,발송/범선/작품 쫑/다윈즈게임/장소/도시 낮,legacy_warning,legacy_parse_or_caption_model,30414,webdav://13730b09/발송/범선/작품 쫑/다윈즈게임/장소/도시 낮/dwg05_246.psd,dwg05_246.psd,발송/범선/작품 쫑/다윈즈게임/장소/도시 낮/dwg05_246.psd,발송/범선/작품 쫑/다윈즈게임/장소/도시 낮,/Users/saintiron/Projects/Imagine/thumbnails/dwg05_246_thumb.png,psd,2026,1275,"A translucent, stylized human figure stands in a dimly lit subway station, blending into the background with soft, ethereal lines.","[""anime"", ""translucent"", ""subway_station"", ""ethereal"", ""cool_palette"", ""bust_pose""]",character,,,,unknown_legacy,parse_fallback_legacy,"pre-fix: psd-tools failed, fell back to thumbnail-only",26c759c7c00c38aad80763697fc804884bfdedcde9b9a81d355f501089cca25b,-1817498274325404928,1,"어둡게 조명된 지하철역, 배경에 녹아드는 배경 안에 반투명한, 양식화된 사람 인물이 서 있고, 부드러운, 몽환적인 선이/가 보입니다.",애니풍 · 반투명한 · 지하철역 · 몽환적인 · 차가운 색감 · 상반신 포즈,1,1,,,바닥 타일이다,manual_review,2026-05-13T23:14:48
metadata-quality-v1-0029,metadata-quality-v1,2026-05-10T00:00:00+09:00,20260510,29,phash:-1383578183677185536,webdav:/13730b09/예비/크랑베르무/장소/홍콩,legacy_warning,legacy_parse_or_caption_model,39046,webdav://13730b09/예비/크랑베르무/장소/홍콩/grb02_144.psd,39046_grb02_144.psd,예비/크랑베르무/장소/홍콩/grb02_144.psd,webdav:/13730b09/예비/크랑베르무/장소/홍콩,/Users/saintiron/Projects/Imagine/thumbnails/39046_grb02_144_thumb.png,psd,,,"A vibrant street market scene with colorful umbrellas and traditional Chinese signage, set against a backdrop of dense urban buildings.","[""market"", ""urban"", ""colorful"", ""Chinese_signage"", ""painterly"", ""street_view"", ""vibrant"", ""cheerful"", ""illustration""]",illustration,,,,unknown_legacy,parse_fallback_legacy,"pre-fix: psd-tools failed, fell back to thumbnail-only",,-1383578183677185536,,"선명한 거리 시장 장면이며, 화려한 우산 및 전통 중국식 간판, 배경으로 한 배경 의 빽빽한 도시 건물이/가 보입니다.",시장 · 도시의 · 화려한 · 중국식 간판 · 회화풍 · 거리 풍경 · 선명한 · 밝은 분위기 · 일러스트,2,2,,,,manual_review,2026-05-10T15:32:45
metadata-quality-v1-0030,metadata-quality-v1,2026-05-10T00:00:00+09:00,20260510,30,phash:-2025524804971996183,webdav:/13730b09/발송작품/작품/켄신,legacy_warning,legacy_parse_or_caption_model,38168,webdav://13730b09/발송작품/작품/켄신/켄신-247.JPG,38168_켄신-247.JPG,발송작품/작품/켄신/켄신-247.JPG,webdav:/13730b09/발송작품/작품/켄신,/Users/saintiron/Projects/Imagine/thumbnails/38168_켄신-247_thumb.png,jpg,,,"A dimly lit traditional Japanese room with wooden walls and a hanging curtain, bathed in soft purple and pink twilight light filtering through an open doorway.","[""indoor"", ""traditional_japanese"", ""twilight"", ""anime"", ""ethereal"", ""wooden_structure"", ""curtain"", ""soft_light"", ""purple_light""]",background,indoor,,,unknown_legacy,,,,-2025524804971996183,395,"어둡게 조명된 일본 전통 방이며, 나무 벽 및 걸린 커튼, 물든 부드러운 보라색 및 분홍색 황혼 빛 통해 스며드는 열린 출입구이/가 보입니다.",실내 · 일본 전통 · 황혼 · 애니풍 · 몽환적인 · 나무 · 커튼 · 부드러운 · 보라색,1,1,,tag_false_positive,커튼이 아니라 그물이다,manual_review,2026-05-13T23:14:47
metadata-quality-v1-0031,metadata-quality-v1,2026-05-10T00:00:00+09:00,20260510,31,phash:-2551121390360286208,webdav:/13730b09/예비/크랑베르무/장소/산위,legacy_warning,legacy_parse_or_caption_model,41540,webdav://13730b09/예비/크랑베르무/장소/산위/grb11_268.psd,41540_grb11_268.psd,예비/크랑베르무/장소/산위/grb11_268.psd,webdav:/13730b09/예비/크랑베르무/장소/산위,/Users/saintiron/Projects/Imagine/thumbnails/41540_grb11_268_thumb.png,psd,,,"Anime illustration of two characters in a twilight forest, with layered lineart and color grading.","[""anime"", ""twilight"", ""forest"", ""lineart"", ""color grading"", ""mysterious"", ""melancholic""]",illustration,,,,unknown_legacy,parse_fallback_legacy,"pre-fix: psd-tools failed, fell back to thumbnail-only",,-2551121390360286208,1,"겹쳐진 선화 및 색보정이/가 보이는 두 캐릭터 안에 황혼 숲,의 애니풍 일러스트입니다.",애니풍 · 황혼 · 숲 · 선화 · 색보정 · 신비로운 · 쓸쓸한,2,2,,,,manual_review,2026-05-10T15:33:27
metadata-quality-v1-0032,metadata-quality-v1,2026-05-10T00:00:00+09:00,20260510,32,phash:-4121153427872092160,webdav:/13730b09/발송/범선/기절용사와 암살공주/#06/bg,legacy_warning,legacy_parse_or_caption_model,53471,webdav://13730b09/발송/범선/기절용사와 암살공주/#06/bg/kya06_198.psd,53471_kya06_198.psd,발송/범선/기절용사와 암살공주/#06/bg/kya06_198.psd,webdav:/13730b09/발송/범선/기절용사와 암살공주/#06/bg,/Users/saintiron/Projects/Imagine/thumbnails/53471_kya06_198_thumb.png,psd,,,"A cozy, wooden-floored boutique with shelves of colorful fabrics and a central counter.","[""boutique"", ""wooden"", ""shelves"", ""fabric"", ""counter"", ""dress"", ""lamps"", ""benches""]",background,,,,unknown_legacy,parse_fallback_legacy,"pre-fix: psd-tools failed, fell back to thumbnail-only",,-4121153427872092160,,"아늑한, 나무 바닥의 부티크이며, 선반 의 화려한 직물 및 중앙 계산대이/가 보입니다.",부티크 · 나무 · 선반 · 직물 · 계산대 · 의상 · 램프 · 벤치,2,2,,,,manual_review,2026-05-10T15:33:36
metadata-quality-v1-0033,metadata-quality-v1,2026-05-10T00:00:00+09:00,20260510,33,content:eb9e14d861868d4e237dae6ccaaf510116cf1abc0b5446ee63735365d93928a0,발송/범선/작품 쫑/다윈즈게임/장소/도시 낮,legacy_warning,legacy_parse_or_caption_model,30602,webdav://13730b09/발송/범선/작품 쫑/다윈즈게임/장소/도시 낮/dwg11_312.psd,dwg11_312.psd,발송/범선/작품 쫑/다윈즈게임/장소/도시 낮/dwg11_312.psd,발송/범선/작품 쫑/다윈즈게임/장소/도시 낮,/Users/saintiron/Projects/Imagine/output/thumbnails/webdav_13730b09_dwg11_312_ce5248960712_thumb.png,psd,1896,1242,A serene urban landscape with lush green trees in the foreground and modern skyscrapers under a bright blue sky with fluffy clouds.,"[""city"", ""sky"", ""trees"", ""buildings"", ""anime"", ""summer"", ""peaceful"", ""modern"", ""clear_sky""]",background,urban,,,unknown_legacy,parse_fallback_legacy,"pre-fix: psd-tools failed, fell back to thumbnail-only",eb9e14d861868d4e237dae6ccaaf510116cf1abc0b5446ee63735365d93928a0,-5583675295966786048,1,"밝은 푸른 하늘 함께 폭신한 구름 아래의 고요한 도시의 풍경이며, 무성한 초록 나무 안에 전경 및 현대적인 고층 건물이/가 보입니다.",도시 · 하늘 · 나무 · 건물 · 애니풍 · 여름 · 평온한 · 현대적인 · 맑은,2,2,,,,manual_review,2026-05-10T15:34:07
metadata-quality-v1-0034,metadata-quality-v1,2026-05-10T00:00:00+09:00,20260510,34,phash:-1684681848031836672,"webdav:/13730b09/발송4/범선/작품 쫑/후시/장소/숲,자연",legacy_warning,legacy_parse_or_caption_model,33270,"webdav://13730b09/발송4/범선/작품 쫑/후시/장소/숲,자연/nfb08_174.psd",33270_nfb08_174.psd,"발송4/범선/작품 쫑/후시/장소/숲,자연/nfb08_174.psd","webdav:/13730b09/발송4/범선/작품 쫑/후시/장소/숲,자연",/Users/saintiron/Projects/Imagine/thumbnails/33270_nfb08_174_thumb.png,psd,,,"Anime-style map with red, green, and blue lines on wooden surface","[""map"", ""anime"", ""wooden"", ""lines"", ""animated""]",ui_element,,,,unknown_legacy,parse_fallback_legacy,"pre-fix: psd-tools failed, fell back to thumbnail-only",,-1684681848031836672,,"애니메이션풍 지도이며, 붉은, 초록, 및 푸른색 선 위에 나무 표면이/가 보입니다.",지도 · 애니풍 · 나무 · 선 · 애니메이션풍,2,2,,,,manual_review,2026-05-13T23:14:26
metadata-quality-v1-0035,metadata-quality-v1,2026-05-10T00:00:00+09:00,20260510,35,phash:-7713420548575412736,webdav:/13730b09/발송/범선/기절용사와 암살공주/장소/마을,legacy_warning,legacy_parse_or_caption_model,52833,webdav://13730b09/발송/범선/기절용사와 암살공주/장소/마을/kya02_091.psd,52833_kya02_091.psd,발송/범선/기절용사와 암살공주/장소/마을/kya02_091.psd,webdav:/13730b09/발송/범선/기절용사와 암살공주/장소/마을,/Users/saintiron/Projects/Imagine/thumbnails/52833_kya02_091_thumb.png,psd,,,A wooden bench against a brick wall with faint sketch overlays.,"[""bench"", ""brick wall"", ""sketch overlay"", ""tree trunk"", ""wooden slats"", ""metal armrests"", ""shadows""]",illustration,,,,unknown_legacy,parse_fallback_legacy,"pre-fix: psd-tools failed, fell back to thumbnail-only",,-7713420548575412736,,"나무 벤치 배경으로 벽돌 벽이며, 희미한 스케치 오버레이이/가 보입니다.",벤치 · 벽돌 벽 · 스케치 오버레이 · 나무줄기 · 나무 판자 · 금속 팔걸이 · 그림자,2,2,,,,manual_review,2026-05-10T15:34:32
metadata-quality-v1-0036,metadata-quality-v1,2026-05-10T00:00:00+09:00,20260510,36,phash:5841539326693681971,AGM_01_001_013_030 3DBG,ok,,28897,/Users/saintiron/imageDB/마캬베리즈무/장소/AGM_01_001_013_030 3DBG/koudou_yoko_yanehukin.psd,koudou_yoko_yanehukin.psd,koudou_yoko_yanehukin.psd,AGM_01_001_013_030 3DBG,/Users/saintiron/Projects/Imagine/thumbnails/koudou_yoko_yanehukin_thumb.png,psd,4000,1600,A modern architectural illustration of a building with blue and white facades.,"[""building"", ""architecture"", ""blue"", ""white"", ""windows"", ""roof"", ""modern""]",illustration,,,,Qwen/Qwen3.5-9B,vision_done,,,5841539326693681971,,푸른색 및 흰색 외벽이/가 보이는 건물의 현대적인 건축 일러스트입니다.,건물 · 건축 · 푸른색 · 흰색 · 창문 · 지붕 · 현대적인,2,2,,,,manual_review,2026-05-10T15:36:22
metadata-quality-v1-0037,metadata-quality-v1,2026-05-10T00:00:00+09:00,20260510,37,phash:-2821284368007659008,webdav:/13730b09/발송4/범선/작품 쫑/후시/장소/던전,legacy_warning,legacy_parse_or_caption_model,34506,webdav://13730b09/발송4/범선/작품 쫑/후시/장소/던전/nfb04_006.psd,34506_nfb04_006.psd,발송4/범선/작품 쫑/후시/장소/던전/nfb04_006.psd,webdav:/13730b09/발송4/범선/작품 쫑/후시/장소/던전,/Users/saintiron/Projects/Imagine/thumbnails/34506_nfb04_006_thumb.png,psd,,,Anime character head sketch in purple tones,"[""anime"", ""character"", ""head"", ""purple"", ""sketch"", ""mysterious""]",illustration,,,,unknown_legacy,parse_fallback_legacy,"pre-fix: psd-tools failed, fell back to thumbnail-only",,-2821284368007659008,1,애니메이션 캐릭터 머리 스케치 안에 보라색 색조입니다.,애니풍 · 캐릭터 · 머리 · 보라색 · 스케치 · 신비로운,2,2,,,,manual_review,2026-05-10T15:36:30
metadata-quality-v1-0038,metadata-quality-v1,2026-05-10T00:00:00+09:00,20260510,38,phash:-8319121808167993728,webdav:/13730b09/예비/크랑베르무/장소/학교,legacy_warning,legacy_parse_or_caption_model,39263,webdav://13730b09/예비/크랑베르무/장소/학교/grb08_129.psd,39263_grb08_129.psd,예비/크랑베르무/장소/학교/grb08_129.psd,webdav:/13730b09/예비/크랑베르무/장소/학교,/Users/saintiron/Projects/Imagine/thumbnails/39263_grb08_129_thumb.png,psd,,,透明的线稿少女形象叠加在教室公告板前，背景为冷色调。,"[""anime"", ""portrait"", ""transparent_lineart"", ""school_board"", ""cool_color_palette"", ""serene_mood"", ""digital_art""]",illustration,,,,unknown_legacy,parse_fallback_legacy,"pre-fix: psd-tools failed, fell back to thumbnail-only",,-8319121808167993728,,자동 번역 부족: 透明的线稿少女形象叠加在教室公告板前，背景为冷色调。,애니풍 · 인물화 · 투명한 · 학교 · 차가운 색상 팔레트 · 고요한 · 디지털 아트,0,0,,,번역안됨,manual_review,2026-05-13T23:14:43
metadata-quality-v1-0039,metadata-quality-v1,2026-05-10T00:00:00+09:00,20260510,39,phash:-4117740354060225822,webdav:/13730b09/발송/범선/기절용사와 암살공주/#08/bg,legacy_warning,legacy_parse_or_caption_model,51496,webdav://13730b09/발송/범선/기절용사와 암살공주/#08/bg/kya08_135_e.psd,51496_kya08_135_e.psd,발송/범선/기절용사와 암살공주/#08/bg/kya08_135_e.psd,webdav:/13730b09/발송/범선/기절용사와 암살공주/#08/bg,/Users/saintiron/Projects/Imagine/thumbnails/51496_kya08_135_e_thumb.png,psd,,,A grand hallway with ornate doors and tiled floors.,"[""hallway"", ""doors"", ""tiled floor"", ""architecture"", ""gold trim"", ""interior"", ""luxury"", ""corridor""]",background,,,,unknown_legacy,parse_fallback_legacy,"pre-fix: psd-tools failed, fell back to thumbnail-only",,-4117740354060225822,,"웅장한 복도이며, 화려한 문 및 타일 바닥이/가 보입니다.",복도 · 문 · 타일로 된 · 건축 · 금색 장식 · 실내 · 고급스러운,2,2,,,,manual_review,2026-05-10T15:38:23
metadata-quality-v1-0040,metadata-quality-v1,2026-05-10T00:00:00+09:00,20260510,40,phash:-513754672954428790,발송작품/작품/세일러문/#30/1,legacy_warning,legacy_parse_or_caption_model,30664,webdav://13730b09/발송작품/작품/세일러문/#30/1/219_221_223_228_230.psd,30664_219_221_223_228_230.psd,발송작품/작품/세일러문/#30/1/219_221_223_228_230.psd,발송작품/작품/세일러문/#30/1,/Users/saintiron/Projects/Imagine/thumbnails/30664_219_221_223_228_230_thumb.png,psd,,,"A futuristic cityscape at night viewed through a stylized, angular window frame against a starry sky.","[""night"", ""city"", ""anime"", ""window"", ""starry_sky"", ""futuristic"", ""blue_tone"", ""digital_art""]",illustration,,,,unknown_legacy,parse_fallback_legacy,"pre-fix: psd-tools failed, fell back to thumbnail-only",,-513754672954428790,,"미래적인 도시 풍경 밤에 통해 보이는 양식화된, 각진 창문 프레임 배경으로 별이 있는 하늘입니다.",밤 · 도시 · 애니풍 · 창문 · 별이 있는 하늘 · 미래적인 · 푸른색 · 디지털 아트,2,2,,,,manual_review,2026-05-10T15:38:38
metadata-quality-v1-0041,metadata-quality-v1,2026-05-10T00:00:00+09:00,20260510,41,content:7c1eb509dac788e7b01dec62026400207d66d3c540c023440375d4140bbf324a,BG,ok,,60150,webdav://13730b09/예비/마법과고교의 우등생/#13/BG/mky13_023.psd,60150_mky13_023.psd,예비/마법과고교의 우등생/#13/BG/mky13_023.psd,BG,/Users/saintiron/Projects/Imagine/thumbnails/60150_mky13_023_thumb.png,psd,1859,1278,Two anime-style characters stand in a lush garden near a mansion.,"[""anime"", ""garden"", ""mansion"", ""trees"", ""grass"", ""characters"", ""dress"", ""sky""]",illustration,,,,Qwen/Qwen3.5-9B,,,7c1eb509dac788e7b01dec62026400207d66d3c540c023440375d4140bbf324a,-9184550773507513471,,두 애니메이션풍 캐릭터 서 있음 안에 무성한 정원 근처 저택입니다.,애니풍 · 정원 · 저택 · 나무 · 풀 · 캐릭터 · 의상 · 하늘,2,2,,,,manual_review,2026-05-10T15:38:47
metadata-quality-v1-0042,metadata-quality-v1,2026-05-10T00:00:00+09:00,20260510,42,phash:-2090063188176757090,실내소품,ok,,31118,/Users/saintiron/imageDB/마캬베리즈무/실내소품/070_bg_hg17.psd,070_bg_hg17.psd,070_bg_hg17.psd,실내소품,/Users/saintiron/Projects/Imagine/thumbnails/070_bg_hg17_thumb.png,psd,1767,2250,Wooden interior with shelves holding woven baskets and a table surface.,"[""wood"", ""shelves"", ""baskets"", ""table"", ""interior"", ""furniture"", ""warm"", ""texture""]",background,,,,Qwen/Qwen3.5-9B,vision_done,,,-2090063188176757090,,"나무 실내이며, 선반 들고 있는 짠 바구니 및 테이블 표면이/가 보입니다.",나무 · 선반 · 바구니 · 테이블 · 실내 · 가구 · 따뜻한 · 질감,2,2,,,,manual_review,2026-05-10T15:38:51
metadata-quality-v1-0043,metadata-quality-v1,2026-05-10T00:00:00+09:00,20260510,43,phash:-6578432009734154240,webdav:/13730b09/발송/범선/기절용사와 암살공주/#07/bg,legacy_warning,legacy_parse_or_caption_model,51727,webdav://13730b09/발송/범선/기절용사와 암살공주/#07/bg/kya07_252.psd,51727_kya07_252.psd,발송/범선/기절용사와 암살공주/#07/bg/kya07_252.psd,webdav:/13730b09/발송/범선/기절용사와 암살공주/#07/bg,/Users/saintiron/Projects/Imagine/thumbnails/51727_kya07_252_thumb.png,psd,,,Anime character's ghostly outline on tiled floor near golden door.,"[""anime"", ""ghost"", ""outline"", ""tiled floor"", ""golden door""]",illustration,,,,unknown_legacy,parse_fallback_legacy,"pre-fix: psd-tools failed, fell back to thumbnail-only",,-6578432009734154240,1,애니메이션 캐릭터의 유령 같은 윤곽 위에 타일로 된 바닥 근처 금빛 문입니다.,애니풍 · 유령 · 윤곽 · 타일로 된 · 금빛 문,2,2,,,,manual_review,2026-05-13T23:15:42
metadata-quality-v1-0044,metadata-quality-v1,2026-05-10T00:00:00+09:00,20260510,44,content:ac0a093b702dc9d162410a1b819ec8a807f7499a76037ed88e6fc6af559eb423,#1,ok,,58175,webdav://13730b09/예비/작품2/대마도학원35시험 소대/제작회사BG/#1/TM#01_224.psd,58175_TM#01_224.psd,예비/작품2/대마도학원35시험 소대/제작회사BG/#1/TM#01_224.psd,#1,/Users/saintiron/Projects/Imagine/thumbnails/58175_TM#01_224_thumb.png,psd,1783,1427,Dark wood floor with diagonal planks and visible grain texture.,"[""wood"", ""floor"", ""planks"", ""grain"", ""dark"", ""texture"", ""diagonal"", ""interior""]",texture,,,,Qwen/Qwen3.5-9B,,,ac0a093b702dc9d162410a1b819ec8a807f7499a76037ed88e6fc6af559eb423,72498502580666757,,"어두운 나무 바닥이며, 대각선 판자 및 보이는 나뭇결 질감이/가 보입니다.",나무 · 바닥 · 판자 · 나뭇결 · 어두운 · 질감 · 대각선 · 실내,2,2,,,,manual_review,2026-05-10T15:39:14
metadata-quality-v1-0045,metadata-quality-v1,2026-05-10T00:00:00+09:00,20260510,45,phash:-7305726137920720896,webdav:/13730b09/발송/범선/기절용사와 암살공주/#10/bg,legacy_warning,legacy_parse_or_caption_model,50875,webdav://13730b09/발송/범선/기절용사와 암살공주/#10/bg/kya10_151.psd,50875_kya10_151.psd,발송/범선/기절용사와 암살공주/#10/bg/kya10_151.psd,webdav:/13730b09/발송/범선/기절용사와 암살공주/#10/bg,/Users/saintiron/Projects/Imagine/thumbnails/50875_kya10_151_thumb.png,psd,,,A sketch of a tree with leaves and a small figure in the background.,"[""tree"", ""leaves"", ""sketch"", ""figure"", ""nature"", ""drawing"", ""green"", ""brown""]",illustration,,,,unknown_legacy,parse_fallback_legacy,"pre-fix: psd-tools failed, fell back to thumbnail-only",,-7305726137920720896,,잎 및 작은 인물 안에 배경이/가 보이는 나무의 스케치입니다.,나무 · 잎 · 스케치 · 인물 · 자연 · 그림 · 초록 · 갈색,1,1,,"caption_wrong,tag_false_positive",사람 아님 모닥불,manual_review,2026-05-13T23:16:06
metadata-quality-v1-0046,metadata-quality-v1,2026-05-10T00:00:00+09:00,20260510,46,phash:-7526168411168276409,webdav:/13730b09/발송/범선/기절용사와 암살공주/장소/마을,legacy_warning,legacy_parse_or_caption_model,52997,webdav://13730b09/발송/범선/기절용사와 암살공주/장소/마을/kya01_250_315_BG2.psd,52997_kya01_250_315_BG2.psd,발송/범선/기절용사와 암살공주/장소/마을/kya01_250_315_BG2.psd,webdav:/13730b09/발송/범선/기절용사와 암살공주/장소/마을,/Users/saintiron/Projects/Imagine/thumbnails/52997_kya01_250_315_BG2_thumb.png,psd,,,A grand building with illuminated windows and a sign reading 'SADONO' at night.,"[""building"", ""night"", ""windows"", ""sign"", ""columns"", ""roof"", ""lamp"", ""sky""]",illustration,,,,unknown_legacy,parse_fallback_legacy,"pre-fix: psd-tools failed, fell back to thumbnail-only",,-7526168411168276409,,"웅장한 건물이며, 비춰진 창문 및 간판 글자가 적힌 '사도노' 밤에이/가 보입니다.",건물 · 밤 · 창문 · 간판 · 기둥 · 지붕 · 램프 · 하늘,2,2,,,,manual_review,2026-05-13T23:16:19
metadata-quality-v1-0047,metadata-quality-v1,2026-05-10T00:00:00+09:00,20260510,47,phash:-6576103262159336448,webdav:/13730b09/예비/크랑베르무/장소/전투/7,legacy_warning,legacy_parse_or_caption_model,39569,webdav://13730b09/예비/크랑베르무/장소/전투/7/grb13_155_166_BG1.psd,39569_grb13_155_166_BG1.psd,예비/크랑베르무/장소/전투/7/grb13_155_166_BG1.psd,webdav:/13730b09/예비/크랑베르무/장소/전투/7,/Users/saintiron/Projects/Imagine/thumbnails/39569_grb13_155_166_BG1_thumb.png,psd,,,"A glowing, crystalline forest with a wireframe creature in a vibrant purple landscape.","[""fantasy"", ""sci-fi"", ""neon"", ""crystal"", ""wireframe"", ""forest"", ""glow"", ""abstract""]",illustration,,,,unknown_legacy,parse_fallback_legacy,"pre-fix: psd-tools failed, fell back to thumbnail-only",,-6576103262159336448,,"빛나는, 수정 같은 숲이며, 와이어프레임 생물 안에 선명한 보라색 풍경이/가 보입니다.",판타지 · 공상과학 · 네온 · 수정 · 와이어프레임 · 숲 · 광채 · 추상적인,2,2,,,,manual_review,2026-05-10T15:39:50
metadata-quality-v1-0048,metadata-quality-v1,2026-05-10T00:00:00+09:00,20260510,48,phash:-6716403394365979008,webdav:/13730b09/예비/크랑베르무/장소/전투/5,legacy_warning,legacy_parse_or_caption_model,40127,webdav://13730b09/예비/크랑베르무/장소/전투/5/grb10_146.psd,40127_grb10_146.psd,예비/크랑베르무/장소/전투/5/grb10_146.psd,webdav:/13730b09/예비/크랑베르무/장소/전투/5,/Users/saintiron/Projects/Imagine/thumbnails/40127_grb10_146_thumb.png,psd,,,"A starry night sky above abstract, geometric mountain peaks with glowing stars and soft clouds.","[""night"", ""stars"", ""mountains"", ""anime"", ""fantasy"", ""blue sky"", ""abstract architecture"", ""glowing stars""]",background,fantasy landscape,night,clear,unknown_legacy,parse_fallback_legacy,"pre-fix: psd-tools failed, fell back to thumbnail-only",,-6716403394365979008,1,"별이 있는 밤하늘 위에 추상적인, 기하학적 산봉우리이며, 빛나는 별 및 부드러운 구름이/가 보입니다.",밤 · 별 · 산 · 애니풍 · 판타지 · 푸른 하늘 · 추상적인 · 빛나는 별,2,2,,,,manual_review,2026-05-10T15:39:58
metadata-quality-v1-0049,metadata-quality-v1,2026-05-10T00:00:00+09:00,20260510,49,phash:-1082981044192384000,webdav:/13730b09/발송/범선/기절용사와 암살공주/장소/호텔실내,legacy_warning,legacy_parse_or_caption_model,52517,webdav://13730b09/발송/범선/기절용사와 암살공주/장소/호텔실내/kya05_025.psd,52517_kya05_025.psd,발송/범선/기절용사와 암살공주/장소/호텔실내/kya05_025.psd,webdav:/13730b09/발송/범선/기절용사와 암살공주/장소/호텔실내,/Users/saintiron/Projects/Imagine/thumbnails/52517_kya05_025_thumb.png,psd,,,Two anime characters in a dimly lit room with blue lighting.,"[""anime"", ""characters"", ""blue"", ""room"", ""lighting""]",illustration,,,,unknown_legacy,parse_fallback_legacy,"pre-fix: psd-tools failed, fell back to thumbnail-only",,-1082981044192384000,,"두 애니메이션 캐릭터 안에 어둡게 조명된 방이며, 푸른 조명이/가 보입니다.",애니풍 · 캐릭터 · 푸른색 · 방 · 조명,2,2,,,,manual_review,2026-05-13T23:16:30
metadata-quality-v1-0050,metadata-quality-v1,2026-05-10T00:00:00+09:00,20260510,50,phash:-1373344008567850496,webdav:/13730b09/발송/범선/기절용사와 암살공주/#09/bg,legacy_warning,legacy_parse_or_caption_model,51018,webdav://13730b09/발송/범선/기절용사와 암살공주/#09/bg/kya09_018.psd,51018_kya09_018.psd,발송/범선/기절용사와 암살공주/#09/bg/kya09_018.psd,webdav:/13730b09/발송/범선/기절용사와 암살공주/#09/bg,/Users/saintiron/Projects/Imagine/thumbnails/51018_kya09_018_thumb.png,psd,,,Anime-style illustration of a character's dress against a blue sky with clouds.,"[""dress"", ""sky"", ""clouds"", ""anime"", ""blue"", ""white"", ""lines""]",illustration,,,,unknown_legacy,parse_fallback_legacy,"pre-fix: psd-tools failed, fell back to thumbnail-only",,-1373344008567850496,1,구름이/가 보이는 캐릭터의 의상 배경으로 푸른 하늘의 애니메이션풍 일러스트입니다.,의상 · 하늘 · 구름 · 애니풍 · 푸른색 · 흰색 · 선,2,2,,,,manual_review,2026-05-11T21:51:50
metadata-quality-v1-0051,metadata-quality-v1,2026-05-10T00:00:00+09:00,20260510,51,phash:-8580222962593637168,발송/외주 회사/뱅가드/25/#10/bg,legacy_warning,legacy_parse_or_caption_model,49262,webdav://13730b09/발송/외주 회사/뱅가드/25/#10/bg/VS9_10_068B_068C_GENZU.psd,49262_VS9_10_068B_068C_GENZU.psd,발송/외주 회사/뱅가드/25/#10/bg/VS9_10_068B_068C_GENZU.psd,발송/외주 회사/뱅가드/25/#10/bg,/Users/saintiron/Projects/Imagine/thumbnails/49262_VS9_10_068B_068C_GENZU_thumb.png,psd,,,Stage lighting setup with multiple spotlights and truss structure.,"[""spotlights"", ""stage"", ""lighting"", ""truss"", ""concert"", ""dark"", ""blue"", ""render""]",illustration,,,,unknown_legacy,parse_fallback_legacy,"pre-fix: psd-tools failed, fell back to thumbnail-only",,-8580222962593637168,,"무대 조명 장치이며, 여러 개의 스포트라이트 및 트러스 구조물이/가 보입니다.",스포트라이트 · 무대 · 조명 · 트러스 · 콘서트 · 어두운 · 푸른색 · 렌더,2,1,,tag_false_positive,푸른조명아님,manual_review,2026-05-13T23:16:49
metadata-quality-v1-0052,metadata-quality-v1,2026-05-10T00:00:00+09:00,20260510,52,content:b0359e399bba4ec35fb3f49e04eea3af2e58b2395865ea89a44a3c092220c595,설정,ok,,58433,webdav://13730b09/예비/작품2/대마도학원35시험 소대/설정/콜로세움내1.jpg,58433_콜로세움내1.jpg,예비/작품2/대마도학원35시험 소대/설정/콜로세움내1.jpg,설정,/Users/saintiron/Projects/Imagine/thumbnails/58433_콜로세움내1_thumb.png,jpg,2684,1856,Architectural blueprint of a coliseum interior with seating and arena details,"[""blueprint"", ""coliseum"", ""seating"", ""arena"", ""architecture"", ""sketch"", ""design""]",illustration,,,,Qwen/Qwen3.5-9B,,,b0359e399bba4ec35fb3f49e04eea3af2e58b2395865ea89a44a3c092220c595,7282913013119935853,,좌석 및 경기장 세부 요소이/가 보이는 콜로세움 실내의 건축적인 청사진입니다.,청사진 · 콜로세움 · 좌석 · 경기장 · 건축 · 스케치 · 디자인,2,2,,,,manual_review,2026-05-11T21:52:10
metadata-quality-v1-0053,metadata-quality-v1,2026-05-10T00:00:00+09:00,20260510,53,phash:8834622808522394624,webdav:/13730b09/예비/크랑베르무/장소/전투/4,legacy_warning,legacy_parse_or_caption_model,40318,webdav://13730b09/예비/크랑베르무/장소/전투/4/grb07_325.psd,40318_grb07_325.psd,예비/크랑베르무/장소/전투/4/grb07_325.psd,webdav:/13730b09/예비/크랑베르무/장소/전투/4,/Users/saintiron/Projects/Imagine/thumbnails/40318_grb07_325_thumb.png,psd,,,"A frozen, jagged landscape under a stormy, fiery sky.","[""icy"", ""mountains"", ""sunset"", ""storm"", ""fantasy"", ""dungeon"", ""digital art""]",background,Dungeons,sunset,stormy,unknown_legacy,parse_fallback_legacy,"pre-fix: psd-tools failed, fell back to thumbnail-only",,8834622808522394624,,"얼어붙은, 뾰족한 풍경 아래 폭풍우 치는, 불타는 하늘입니다.",얼음 같은 · 산 · 일몰 · 폭풍 · 판타지 · 던전 · 디지털 아트,2,2,,,,manual_review,2026-05-11T21:52:24
metadata-quality-v1-0054,metadata-quality-v1,2026-05-10T00:00:00+09:00,20260510,54,phash:-3999048452775561216,webdav:/13730b09/발송/범선/기절용사와 암살공주/#11/bg,legacy_warning,legacy_parse_or_caption_model,50715,webdav://13730b09/발송/범선/기절용사와 암살공주/#11/bg/kya11_227_LE.psd,50715_kya11_227_LE.psd,발송/범선/기절용사와 암살공주/#11/bg/kya11_227_LE.psd,webdav:/13730b09/발송/범선/기절용사와 암살공주/#11/bg,/Users/saintiron/Projects/Imagine/thumbnails/50715_kya11_227_LE_thumb.png,psd,,,Anime-style character sketch overlaid on a dimly lit architectural scene,"[""anime"", ""sketch"", ""character"", ""architecture"", ""blue"", ""red"", ""overlay"", ""line art""]",illustration,,,,unknown_legacy,parse_fallback_legacy,"pre-fix: psd-tools failed, fell back to thumbnail-only",,-3999048452775561216,26,애니메이션풍 캐릭터 스케치가 어둡게 조명된 건축적인 장면 위에 겹쳐져 있습니다.,애니풍 · 스케치 · 캐릭터 · 건축 · 푸른색 · 붉은 · 오버레이 · 선화,2,2,,,,manual_review,2026-05-13T23:17:04
metadata-quality-v1-0055,metadata-quality-v1,2026-05-10T00:00:00+09:00,20260510,55,phash:-4846804929448732672,webdav:/13730b09/발송/범선/기절용사와 암살공주/장소/숲,legacy_warning,legacy_parse_or_caption_model,53270,webdav://13730b09/발송/범선/기절용사와 암살공주/장소/숲/kya06_053.psd,53270_kya06_053.psd,발송/범선/기절용사와 암살공주/장소/숲/kya06_053.psd,webdav:/13730b09/발송/범선/기절용사와 암살공주/장소/숲,/Users/saintiron/Projects/Imagine/thumbnails/53270_kya06_053_thumb.png,psd,,,A rocky forest scene with large boulders and trees under dim lighting.,"[""rock"", ""forest"", ""tree"", ""boulder"", ""nature"", ""dark"", ""shadow"", ""greenery""]",background,,,,unknown_legacy,parse_fallback_legacy,"pre-fix: psd-tools failed, fell back to thumbnail-only",,-4846804929448732672,1,"어두운 조명 아래의 바위가 많은 숲 장면이며, 큰 바위 및 나무이/가 보입니다.",바위 · 숲 · 나무 · 자연 · 어두운 · 그림자 · 녹음,2,2,,,,manual_review,2026-05-11T21:52:48
metadata-quality-v1-0056,metadata-quality-v1,2026-05-10T00:00:00+09:00,20260510,56,phash:-5714790040190017024,webdav:/13730b09/발송4/범선/작품 쫑/후시/장소/용혈화,legacy_warning,legacy_parse_or_caption_model,33153,webdav://13730b09/발송4/범선/작품 쫑/후시/장소/용혈화/nfb10_002.psd,33153_nfb10_002.psd,발송4/범선/작품 쫑/후시/장소/용혈화/nfb10_002.psd,webdav:/13730b09/발송4/범선/작품 쫑/후시/장소/용혈화,/Users/saintiron/Projects/Imagine/thumbnails/33153_nfb10_002_thumb.png,psd,,,"A skeletal figure in a hooded cloak stands in a misty forest, holding a small mouse, rendered in a layered anime style with sketchy lineart and soft color tones.","[""anime"", ""skeletal"", ""hooded"", ""mouse"", ""forest"", ""mysterious"", ""layered"", ""sketch"", ""cool_palette""]",illustration,,,,unknown_legacy,parse_fallback_legacy,"pre-fix: psd-tools failed, fell back to thumbnail-only",,-5714790040190017024,1,"안개 낀 숲, 들고 있는 작은 쥐, 표현된 겹쳐진 애니메이션풍 안에 해골 같은 인물 안에 후드 달린 망토가 서 있고, 스케치풍 선화 및 부드러운 색조이/가 보입니다.",애니풍 · 해골 같은 · 후드를 쓴 · 쥐 · 숲 · 신비로운 · 겹쳐진 · 스케치 · 차가운 색감,2,2,,,,manual_review,2026-05-11T21:53:00
metadata-quality-v1-0057,metadata-quality-v1,2026-05-10T00:00:00+09:00,20260510,57,content:c25f90ad51b9f5f2f4c5b94901167dc7520aec3c1feef556cc1af01ab210da39,#4,ok,,57517,webdav://13730b09/예비/작품2/대마도학원35시험 소대/제작회사BG/_4/#4/TM#04_180_2.psd,57517_TM#04_180_2.psd,예비/작품2/대마도학원35시험 소대/제작회사BG/_4/#4/TM#04_180_2.psd,#4,/Users/saintiron/Projects/Imagine/thumbnails/57517_TM#04_180_2_thumb.png,psd,2054,1624,Dark storm clouds contrast with bright blue sky and white clouds.,"[""clouds"", ""storm"", ""sky"", ""blue"", ""dark"", ""white"", ""atmosphere""]",illustration,,,,Qwen/Qwen3.5-9B,,,c25f90ad51b9f5f2f4c5b94901167dc7520aec3c1feef556cc1af01ab210da39,4574367971670974437,,"어두운 폭풍 구름 대비이며, 밝은 푸른 하늘 및 흰색 구름이/가 보입니다.",구름 · 폭풍 · 하늘 · 푸른색 · 어두운 · 흰색 · 분위기,2,2,,,,manual_review,2026-05-11T21:53:12
metadata-quality-v1-0058,metadata-quality-v1,2026-05-10T00:00:00+09:00,20260510,58,content:1340a43a2a857eb00d6ed776b93a3e6f9ac1a6b2e8690ecc59450fb102b74337,발송작품/작품/레이다스/수정,legacy_warning,legacy_parse_or_caption_model,29159,webdav://13730b09/발송작품/작품/레이다스/수정/BR01_023.psd,BR01_023.psd,발송작품/작품/레이다스/수정/BR01_023.psd,발송작품/작품/레이다스/수정,/Users/saintiron/Projects/Imagine/output/thumbnails/webdav_13730b09_BR01_023_2dbc4152f75e_thumb.png,psd,5669,1191,"Emerald crystal spikes rise from a dark, mysterious ground under a night sky, glowing with an otherworldly luminescence.","[""fantasy"", ""crystals"", ""bioluminescent"", ""night"", ""ethereal"", ""underground"", ""glowing"", ""dark_foreground""]",background,fantasy,,,unknown_legacy,parse_fallback_legacy,"pre-fix: psd-tools failed, fell back to thumbnail-only",1340a43a2a857eb00d6ed776b93a3e6f9ac1a6b2e8690ecc59450fb102b74337,-3201059764189314560,,"에메랄드빛 수정 가시 솟아오름 에서 어두운, 신비로운 지면 아래 밤하늘, 빛나는이며, 초현실적인 발광이/가 보입니다.",판타지 · 수정 · 생물 발광 · 밤 · 몽환적인 · 지하 · 빛나는 · 어두운,2,2,,,,manual_review,2026-05-11T21:53:20
metadata-quality-v1-0059,metadata-quality-v1,2026-05-10T00:00:00+09:00,20260510,59,phash:-6584119166691536896,webdav:/13730b09/발송/범선/기절용사와 암살공주/장소/호텔실내,legacy_warning,legacy_parse_or_caption_model,52595,webdav://13730b09/발송/범선/기절용사와 암살공주/장소/호텔실내/kya05_278.psd,52595_kya05_278.psd,발송/범선/기절용사와 암살공주/장소/호텔실내/kya05_278.psd,webdav:/13730b09/발송/범선/기절용사와 암살공주/장소/호텔실내,/Users/saintiron/Projects/Imagine/thumbnails/52595_kya05_278_thumb.png,psd,,,Line art of a character's face on a wooden background,"[""line art"", ""wood"", ""face"", ""character"", ""ear"", ""eyes"", ""mouth"", ""hat""]",illustration,,,,unknown_legacy,parse_fallback_legacy,"pre-fix: psd-tools failed, fell back to thumbnail-only",,-6584119166691536896,1,선화 의 캐릭터의 얼굴 위에 나무 배경입니다.,선화 · 나무 · 얼굴 · 캐릭터 · 귀 · 눈 · 입 · 모자,2,2,,,,manual_review,2026-05-11T21:53:25
metadata-quality-v1-0060,metadata-quality-v1,2026-05-10T00:00:00+09:00,20260510,60,phash:-3969101809578374144,webdav:/13730b09/발송/범선/기절용사와 암살공주/#08/bg,legacy_warning,legacy_parse_or_caption_model,51333,webdav://13730b09/발송/범선/기절용사와 암살공주/#08/bg/kya08_268_e.psd,51333_kya08_268_e.psd,발송/범선/기절용사와 암살공주/#08/bg/kya08_268_e.psd,webdav:/13730b09/발송/범선/기절용사와 암살공주/#08/bg,/Users/saintiron/Projects/Imagine/thumbnails/51333_kya08_268_e_thumb.png,psd,,,Nighttime European-style town square with lit windows and stone buildings,"[""night"", ""buildings"", ""windows"", ""stone"", ""wood"", ""roof"", ""street"", ""lantern""]",background,,,,unknown_legacy,parse_fallback_legacy,"pre-fix: psd-tools failed, fell back to thumbnail-only",,-3969101809578374144,,"밤 유럽풍-스타일 광장이며, 조명된 창문 및 석조 건물이/가 보입니다.",밤 · 건물 · 창문 · 돌 · 나무 · 지붕 · 거리 · 등불,2,2,,,,manual_review,2026-05-11T21:54:07
metadata-quality-v1-0061,metadata-quality-v1,2026-05-10T00:00:00+09:00,20260510,61,phash:-3267132970850411008,webdav:/13730b09/발송4/범선/작품 쫑/후시/장소/던전,legacy_warning,legacy_parse_or_caption_model,34620,webdav://13730b09/발송4/범선/작품 쫑/후시/장소/던전/nfb06_184.psd,34620_nfb06_184.psd,발송4/범선/작품 쫑/후시/장소/던전/nfb06_184.psd,webdav:/13730b09/발송4/범선/작품 쫑/후시/장소/던전,/Users/saintiron/Projects/Imagine/thumbnails/34620_nfb06_184_thumb.png,psd,,,"A ghostly figure in a white robe stands in a dimly lit, ancient stone alleyway, illuminated by flickering lanterns.","[""anime"", ""ghost"", ""alleyway"", ""stone"", ""lantern"", ""mysterious"", ""dark"", ""illustration""]",illustration,,,,unknown_legacy,parse_fallback_legacy,"pre-fix: psd-tools failed, fell back to thumbnail-only",,-3267132970850411008,,"유령 같은 인물 안에 흰 로브 서 있음 안에 어둡게 조명된, 오래된 돌 골목길, 빛을 받는 깜빡이는 등불입니다.",애니풍 · 유령 · 골목길 · 돌 · 등불 · 신비로운 · 어두운 · 일러스트,2,2,,,,manual_review,2026-05-11T21:54:31
metadata-quality-v1-0062,metadata-quality-v1,2026-05-10T00:00:00+09:00,20260510,62,phash:-7428440259849588528,발송/외주 회사/뱅가드/25/#01/bg,legacy_warning,legacy_parse_or_caption_model,49896,webdav://13730b09/발송/외주 회사/뱅가드/25/#01/bg/VS9_01_284_GENZU.psd,49896_VS9_01_284_GENZU.psd,발송/외주 회사/뱅가드/25/#01/bg/VS9_01_284_GENZU.psd,발송/외주 회사/뱅가드/25/#01/bg,/Users/saintiron/Projects/Imagine/thumbnails/49896_VS9_01_284_GENZU_thumb.png,psd,,,Anime characters on stage under spotlights in a concert setting.,"[""anime"", ""concert"", ""spotlights"", ""stage"", ""characters"", ""performance"", ""line art"", ""group""]",illustration,,,,unknown_legacy,parse_fallback_legacy,"pre-fix: psd-tools failed, fell back to thumbnail-only",,-7428440259849588528,,애니메이션 캐릭터 위에 무대 아래 스포트라이트 안에 콘서트 환경입니다.,애니풍 · 콘서트 · 스포트라이트 · 무대 · 캐릭터 · 공연 · 선화 · 무리,2,2,,,,manual_review,2026-05-11T21:54:40
metadata-quality-v1-0063,metadata-quality-v1,2026-05-10T00:00:00+09:00,20260510,63,phash:4340384430465394176,webdav:/13730b09/발송/범선/기절용사와 암살공주/장소/유적지,legacy_warning,legacy_parse_or_caption_model,52384,webdav://13730b09/발송/범선/기절용사와 암살공주/장소/유적지/kya04_053.psd,52384_kya04_053.psd,발송/범선/기절용사와 암살공주/장소/유적지/kya04_053.psd,webdav:/13730b09/발송/범선/기절용사와 암살공주/장소/유적지,/Users/saintiron/Projects/Imagine/thumbnails/52384_kya04_053_thumb.png,psd,,,A hand sketch of a character with vines and a lit window in the background.,"[""sketch"", ""hand"", ""vines"", ""window"", ""character"", ""stone wall"", ""light"", ""drawing""]",illustration,,,,unknown_legacy,parse_fallback_legacy,"pre-fix: psd-tools failed, fell back to thumbnail-only",,4340384430465394176,,덩굴 및 조명된 창문 안에 배경이/가 보이는 캐릭터의 손그림 스케치입니다.,스케치 · 손 · 덩굴 · 창문 · 캐릭터 · 돌 · 빛 · 그림,2,1,,tag_false_positive,창문없음,manual_review,2026-05-13T23:17:25
metadata-quality-v1-0064,metadata-quality-v1,2026-05-10T00:00:00+09:00,20260510,64,phash:3080086295396657664,webdav:/13730b09/발송작품/작품/유루유리/#11/1,legacy_warning,legacy_parse_or_caption_model,38529,webdav://13730b09/발송작품/작품/유루유리/#11/1/yr11_059.psd,38529_yr11_059.psd,발송작품/작품/유루유리/#11/1/yr11_059.psd,webdav:/13730b09/발송작품/작품/유루유리/#11/1,/Users/saintiron/Projects/Imagine/thumbnails/38529_yr11_059_thumb.png,psd,,,"A traditional Japanese closet with a red tassel hanging from the handle, viewed through a sliding door with a glimpse of greenery outside.","[""traditional_japanese"", ""closet"", ""tassel"", ""sliding_door"", ""anime"", ""peaceful"", ""indoor"", ""spring""]",background,indoor,,,unknown_legacy,parse_fallback_legacy,"pre-fix: psd-tools failed, fell back to thumbnail-only",,3080086295396657664,1,"일본 전통 수납장이며, 붉은 술 장식 걸려 있는 에서 손잡이, 통해 보이는 미닫이문 함께 언뜻 보이는 모습 의 녹음 바깥이/가 보입니다.",일본 전통 · 수납장 · 술 장식 · 미닫이문 · 애니풍 · 평온한 · 실내 · 봄,2,2,,,,manual_review,2026-05-11T21:55:05
metadata-quality-v1-0065,metadata-quality-v1,2026-05-10T00:00:00+09:00,20260510,65,phash:-7883299855136410550,실내소품,ok,,31205,/Users/saintiron/imageDB/마캬베리즈무/실내소품/235_MB12.psd,235_MB12.psd,235_MB12.psd,실내소품,/Users/saintiron/Projects/Imagine/thumbnails/235_MB12_thumb.png,psd,1417,1181,"A colorful shelf display with various jars, bottles, and packaged goods.","[""shelves"", ""jars"", ""bottles"", ""packaged goods"", ""retail display""]",background,,,,Qwen/Qwen3.5-9B,vision_done,,,-7883299855136410550,,"화려한 선반 진열이며, 여러 항아리, 병, 및 포장 상품이/가 보입니다.",선반 · 항아리 · 병 · 포장 상품 · 매장 진열,2,2,,,,manual_review,2026-05-11T21:55:15
metadata-quality-v1-0066,metadata-quality-v1,2026-05-10T00:00:00+09:00,20260510,66,phash:-2025661249109588479,webdav:/13730b09/발송4/범선/작품 쫑/후시/장소/마법창고,legacy_warning,legacy_parse_or_caption_model,33641,webdav://13730b09/발송4/범선/작품 쫑/후시/장소/마법창고/nfb11_165.psd,33641_nfb11_165.psd,발송4/범선/작품 쫑/후시/장소/마법창고/nfb11_165.psd,webdav:/13730b09/발송4/범선/작품 쫑/후시/장소/마법창고,/Users/saintiron/Projects/Imagine/thumbnails/33641_nfb11_165_thumb.png,psd,,,"A mysterious, dimly lit gothic dungeon with arched ceilings and stone structures, bathed in deep purple hues.","[""dungeon"", ""gothic"", ""night"", ""mysterious"", ""anime"", ""purple"", ""arched ceilings"", ""stone architecture""]",background,Dungeons,night,clear,unknown_legacy,parse_fallback_legacy,"pre-fix: psd-tools failed, fell back to thumbnail-only",,-2025661249109588479,,"신비로운, 어둡게 조명된 고딕풍 던전이며, 아치형 천장 및 돌 구조물, 물든 짙은 보라색 색조이/가 보입니다.",던전 · 고딕풍 · 밤 · 신비로운 · 애니풍 · 보라색 · 아치형 천장 · 돌,2,2,,,,manual_review,2026-05-11T21:55:21
metadata-quality-v1-0067,metadata-quality-v1,2026-05-10T00:00:00+09:00,20260510,67,phash:-1103187635782513664,발송/외주 회사/뱅가드/26/#05/bg,legacy_warning,legacy_parse_or_caption_model,47997,webdav://13730b09/발송/외주 회사/뱅가드/26/#05/bg/VS10_05_333_GENZU.psd,47997_VS10_05_333_GENZU.psd,발송/외주 회사/뱅가드/26/#05/bg/VS10_05_333_GENZU.psd,발송/외주 회사/뱅가드/26/#05/bg,/Users/saintiron/Projects/Imagine/thumbnails/47997_VS10_05_333_GENZU_thumb.png,psd,,,A window framed by lush greenery and vibrant flowers.,"[""nature"", ""garden"", ""window"", ""flowers"", ""greenery"", ""archway"", ""botanical"", ""serene""]",illustration,,,,unknown_legacy,parse_fallback_legacy,"pre-fix: psd-tools failed, fell back to thumbnail-only",,-1103187635782513664,1,무성한 녹음 및 선명한 꽃에 둘러싸인 창문입니다.,자연 · 정원 · 창문 · 꽃 · 녹음 · 아치형 통로 · 식물 · 고요한,1,2,,caption_wrong,아치뒤로 보이는 창문임,manual_review,2026-05-13T23:17:44
metadata-quality-v1-0068,metadata-quality-v1,2026-05-10T00:00:00+09:00,20260510,68,phash:3546993116832422944,webdav:/13730b09/발송/범선/기절용사와 암살공주/#09/bg,legacy_warning,legacy_parse_or_caption_model,51250,webdav://13730b09/발송/범선/기절용사와 암살공주/#09/bg/kya09_040.psd,51250_kya09_040.psd,발송/범선/기절용사와 암살공주/#09/bg/kya09_040.psd,webdav:/13730b09/발송/범선/기절용사와 암살공주/#09/bg,/Users/saintiron/Projects/Imagine/thumbnails/51250_kya09_040_thumb.png,psd,,,Two figures stand on a tiled path beside a palm tree and fence.,"[""palm tree"", ""fence"", ""tiled path"", ""figures"", ""sand"", ""rope"", ""wooden posts"", ""leaves""]",illustration,,,,unknown_legacy,parse_fallback_legacy,"pre-fix: psd-tools failed, fell back to thumbnail-only",,3546993116832422944,,두 인물 서 있음 위에 타일 길 옆 야자수 나무 및 울타리입니다.,야자수 · 울타리 · 타일 길 · 인물 · 모래 · 밧줄 · 나무 기둥 · 잎,2,2,,,,manual_review,2026-05-11T21:56:00
metadata-quality-v1-0069,metadata-quality-v1,2026-05-10T00:00:00+09:00,20260510,69,phash:-8028635475456128212,webdav:/13730b09/예비/크랑베르무/장소/전투/3,legacy_warning,legacy_parse_or_caption_model,40390,webdav://13730b09/예비/크랑베르무/장소/전투/3/grb05_261_BG2.psd,40390_grb05_261_BG2.psd,예비/크랑베르무/장소/전투/3/grb05_261_BG2.psd,webdav:/13730b09/예비/크랑베르무/장소/전투/3,/Users/saintiron/Projects/Imagine/thumbnails/40390_grb05_261_BG2_thumb.png,psd,,,A serene anime-style night landscape with towering rock formations under a starry sky filled with aurora-like light streaks and glowing clouds.,"[""anime"", ""night sky"", ""rock formations"", ""aurora"", ""stars"", ""mystical"", ""serene"", ""fantasy landscape"", ""imagine_dl_2dsrwx33""]",illustration,,,,unknown_legacy,parse_fallback_legacy,"pre-fix: psd-tools failed, fell back to thumbnail-only",,-8028635475456128212,,"별이 있는 하늘 가득한 오로라 같은 빛 줄기 및 빛나는 구름 아래의 고요한 애니메이션풍 밤 풍경이며, 높이 솟은 암석 지형이/가 보입니다.",애니풍 · 밤하늘 · 암석 지형 · 오로라 · 별 · 신비로운 · 고요한 · 판타지 풍경,2,2,,,,manual_review,2026-05-11T21:56:07
metadata-quality-v1-0070,metadata-quality-v1,2026-05-10T00:00:00+09:00,20260510,70,phash:-8466579666786656256,webdav:/13730b09/발송/범선/기절용사와 암살공주/#10/bg,legacy_warning,legacy_parse_or_caption_model,50976,webdav://13730b09/발송/범선/기절용사와 암살공주/#10/bg/kya10_025.psd,50976_kya10_025.psd,발송/범선/기절용사와 암살공주/#10/bg/kya10_025.psd,webdav:/13730b09/발송/범선/기절용사와 암살공주/#10/bg,/Users/saintiron/Projects/Imagine/thumbnails/50976_kya10_025_thumb.png,psd,,,Anime characters and robot under rainbow with sparkles and swirls,"[""anime"", ""rainbow"", ""robot"", ""sparkles"", ""swirls"", ""characters"", ""line art""]",illustration,,,,unknown_legacy,parse_fallback_legacy,"pre-fix: psd-tools failed, fell back to thumbnail-only",,-8466579666786656256,1,"애니메이션 캐릭터 및 로봇 아래 무지개이며, 반짝임 및 소용돌이이/가 보입니다.",애니풍 · 무지개 · 로봇 · 반짝임 · 소용돌이 · 캐릭터 · 선화,2,2,,,,manual_review,2026-05-11T21:56:12
metadata-quality-v1-0071,metadata-quality-v1,2026-05-10T00:00:00+09:00,20260510,71,phash:-7140764493158368068,webdav:/13730b09/예비/크랑베르무/장소/전투/5,legacy_warning,legacy_parse_or_caption_model,40013,webdav://13730b09/예비/크랑베르무/장소/전투/5/grb09_255.psd,40013_grb09_255.psd,예비/크랑베르무/장소/전투/5/grb09_255.psd,webdav:/13730b09/예비/크랑베르무/장소/전투/5,/Users/saintiron/Projects/Imagine/thumbnails/40013_grb09_255_thumb.png,psd,,,Starry night sky with soft clouds and twinkling stars,"[""night"", ""stars"", ""clouds"", ""anime"", ""sky""]",background,sky,night,clear,unknown_legacy,parse_fallback_legacy,"pre-fix: psd-tools failed, fell back to thumbnail-only",,-7140764493158368068,,"별이 있는 밤하늘이며, 부드러운 구름 및 반짝이는 별이/가 보입니다.",밤 · 별 · 구름 · 애니풍 · 하늘,2,2,,,,manual_review,2026-05-11T21:56:16
metadata-quality-v1-0072,metadata-quality-v1,2026-05-10T00:00:00+09:00,20260510,72,phash:-6872261349041332736,webdav:/13730b09/발송4/범선/작품 쫑/후시/장소/로네느의집/거실,legacy_warning,legacy_parse_or_caption_model,33870,webdav://13730b09/발송4/범선/작품 쫑/후시/장소/로네느의집/거실/nfb03_053.psd,33870_nfb03_053.psd,발송4/범선/작품 쫑/후시/장소/로네느의집/거실/nfb03_053.psd,webdav:/13730b09/발송4/범선/작품 쫑/후시/장소/로네느의집/거실,/Users/saintiron/Projects/Imagine/thumbnails/33870_nfb03_053_thumb.png,psd,,,"A stack of books rests on a wooden table in a softly lit room, with sketchy background elements suggesting a study or library setting.","[""still_life"", ""anime"", ""books"", ""wooden_table"", ""study"", ""serene"", ""illustration""]",illustration,,,,unknown_legacy,parse_fallback_legacy,"pre-fix: psd-tools failed, fell back to thumbnail-only",,-6872261349041332736,,"스케치풍 배경 요소 암시하는 서재 또는 도서관 환경이/가 보이는 책 위에 놓인 나무 테이블 안에 부드럽게 조명된 방,의 더미입니다.",정물 · 애니풍 · 책 · 나무 테이블 · 서재 · 고요한 · 일러스트,1,2,,caption_wrong,도서관 없음,manual_review,2026-05-13T23:17:59
metadata-quality-v1-0073,metadata-quality-v1,2026-05-10T00:00:00+09:00,20260510,73,phash:-8020767369908540416,webdav:/13730b09/발송/범선/사카모토/bg,legacy_warning,legacy_parse_or_caption_model,38807,webdav://13730b09/발송/범선/사카모토/bg/SD_19_216_genzu_b.psd,38807_SD_19_216_genzu_b.psd,발송/범선/사카모토/bg/SD_19_216_genzu_b.psd,webdav:/13730b09/발송/범선/사카모토/bg,/Users/saintiron/Projects/Imagine/thumbnails/38807_SD_19_216_genzu_b_thumb.png,psd,,,"A serene forest path under a bright sky, with tall trees and dappled sunlight.","[""forest"", ""path"", ""trees"", ""anime"", ""summer"", ""peaceful"", ""natural"", ""background""]",background,rural,,,unknown_legacy,parse_fallback_legacy,"pre-fix: psd-tools failed, fell back to thumbnail-only",,-8020767369908540416,1,"고요한 숲 길 아래 밝은 하늘,이며, 높은 나무 및 얼룩진 햇빛이/가 보입니다.",숲 · 길 · 나무 · 애니풍 · 여름 · 평온한 · 자연스러운 · 배경,2,2,,,,manual_review,2026-05-13T23:18:09
metadata-quality-v1-0074,metadata-quality-v1,2026-05-10T00:00:00+09:00,20260510,74,phash:-4848418766208069376,webdav:/13730b09/발송4/범선/작품 쫑/후시/장소/마법창고,legacy_warning,legacy_parse_or_caption_model,33597,webdav://13730b09/발송4/범선/작품 쫑/후시/장소/마법창고/nfb11_114.psd,33597_nfb11_114.psd,발송4/범선/작품 쫑/후시/장소/마법창고/nfb11_114.psd,webdav:/13730b09/발송4/범선/작품 쫑/후시/장소/마법창고,/Users/saintiron/Projects/Imagine/thumbnails/33597_nfb11_114_thumb.png,psd,,,"Two figures stand in a dark, ornate room illuminated by purple lights, creating a mysterious and eerie atmosphere.","[""anime"", ""mysterious"", ""purple lighting"", ""dark room"", ""two figures"", ""eerie"", ""illustration""]",illustration,,,,unknown_legacy,parse_fallback_legacy,"pre-fix: psd-tools failed, fell back to thumbnail-only",,-4848418766208069376,,"두 인물 서 있음 안에 어두운, 화려한 방 빛을 받는 보라색 조명, 만드는 신비로운 및 섬뜩한 분위기입니다.",애니풍 · 신비로운 · 보라색 조명 · 어두운 · 두 · 섬뜩한 · 일러스트,2,2,,,,manual_review,2026-05-13T23:18:16
metadata-quality-v1-0075,metadata-quality-v1,2026-05-10T00:00:00+09:00,20260510,75,phash:-8748604080713072640,"webdav:/13730b09/발송4/범선/작품 쫑/후시/장소/숲,자연",legacy_warning,legacy_parse_or_caption_model,33346,"webdav://13730b09/발송4/범선/작품 쫑/후시/장소/숲,자연/nfb12_075.psd",33346_nfb12_075.psd,"발송4/범선/작품 쫑/후시/장소/숲,자연/nfb12_075.psd","webdav:/13730b09/발송4/범선/작품 쫑/후시/장소/숲,자연",/Users/saintiron/Projects/Imagine/thumbnails/33346_nfb12_075_thumb.png,psd,,,"Anime-style illustration of stones in a blue-toned natural setting, with sketch lines indicating form and texture.","[""stone"", ""anime"", ""blue"", ""beige"", ""green"", ""serene"", ""sketch"", ""natural"", ""imagine_worker_p4qzpv3o""]",illustration,,,,unknown_legacy,parse_fallback_legacy,"pre-fix: psd-tools failed, fell back to thumbnail-only",,-8748604080713072640,24,"스케치 선 나타내는 형태 및 질감이/가 보이는 돌 안에 푸른색 색조의 자연스러운 환경,의 애니메이션풍 일러스트입니다.",돌 · 애니풍 · 푸른색 · 베이지색 · 초록 · 고요한 · 스케치 · 자연스러운,2,2,,,,manual_review,2026-05-11T21:57:11
metadata-quality-v1-0076,metadata-quality-v1,2026-05-10T00:00:00+09:00,20260510,76,phash:-4426279038779621368,webdav:/13730b09/예비/크랑베르무/장소/체육관,legacy_warning,legacy_parse_or_caption_model,39436,webdav://13730b09/예비/크랑베르무/장소/체육관/grb03_070.psd,39436_grb03_070.psd,예비/크랑베르무/장소/체육관/grb03_070.psd,webdav:/13730b09/예비/크랑베르무/장소/체육관,/Users/saintiron/Projects/Imagine/thumbnails/39436_grb03_070_thumb.png,psd,,,Anime character stands on stage with arms outstretched.,"[""anime"", ""stage"", ""character"", ""performance"", ""theater"", ""drama"", ""actress"", ""spotlight""]",illustration,,,,unknown_legacy,parse_fallback_legacy,"pre-fix: psd-tools failed, fell back to thumbnail-only",,-4426279038779621368,,"애니메이션 캐릭터 서 있음 위에 무대이며, 팔을 뻗은이/가 보입니다.",애니풍 · 무대 · 캐릭터 · 공연 · 극장 · 연극 · 여배우 · 스포트라이트,1,0,,"caption_wrong,tag_false_positive,tag_missing_key",평균대 위고 체조중,manual_review,2026-05-13T23:18:33
metadata-quality-v1-0077,metadata-quality-v1,2026-05-10T00:00:00+09:00,20260510,77,phash:-1831675662302928384,webdav:/13730b09/예비/크랑베르무/장소/체육관,legacy_warning,legacy_parse_or_caption_model,39441,webdav://13730b09/예비/크랑베르무/장소/체육관/grb03_170B.psd,39441_grb03_170B.psd,예비/크랑베르무/장소/체육관/grb03_170B.psd,webdav:/13730b09/예비/크랑베르무/장소/체육관,/Users/saintiron/Projects/Imagine/thumbnails/39441_grb03_170B_thumb.png,psd,,,"Three anime-style girls in a sketchy, layered composition with Japanese text below.","[""anime"", ""sketch"", ""girls"", ""layered"", ""Japanese"", ""illustration"", ""digital art"", ""fan art""]",illustration,,,,unknown_legacy,parse_fallback_legacy,"pre-fix: psd-tools failed, fell back to thumbnail-only",,-1831675662302928384,,"세 애니메이션풍 소녀들 안에 스케치풍, 겹쳐진 구도이며, 일본어 텍스트 아래이/가 보입니다.",애니풍 · 스케치 · 소녀들 · 겹쳐진 · 일본식 · 일러스트 · 디지털 아트 · 팬아트,2,2,,,,manual_review,2026-05-11T23:14:57
metadata-quality-v1-0078,metadata-quality-v1,2026-05-10T00:00:00+09:00,20260510,78,phash:-1228085267500977152,webdav:/13730b09/발송/범선/기절용사와 암살공주/#08/bg,legacy_warning,legacy_parse_or_caption_model,51484,webdav://13730b09/발송/범선/기절용사와 암살공주/#08/bg/kya08_024_026_e.psd,51484_kya08_024_026_e.psd,발송/범선/기절용사와 암살공주/#08/bg/kya08_024_026_e.psd,webdav:/13730b09/발송/범선/기절용사와 암살공주/#08/bg,/Users/saintiron/Projects/Imagine/thumbnails/51484_kya08_024_026_e_thumb.png,psd,,,Anime-style character overlay on a sunlit architectural scene with columns and sky.,"[""anime"", ""architecture"", ""columns"", ""sky"", ""balcony"", ""door"", ""overlay"", ""blue""]",illustration,,,,unknown_legacy,parse_fallback_legacy,"pre-fix: psd-tools failed, fell back to thumbnail-only",,-1228085267500977152,1,"애니메이션풍 캐릭터 오버레이 위에 햇빛이 드는 건축적인 장면이며, 기둥 및 하늘이/가 보입니다.",애니풍 · 건축 · 기둥 · 하늘 · 발코니 · 문 · 오버레이 · 푸른색,2,2,,,,manual_review,2026-05-11T23:15:03
metadata-quality-v1-0079,metadata-quality-v1,2026-05-10T00:00:00+09:00,20260510,79,content:ea1ea620f65ce7070f46ca3719321e02fce90023a335439e5f6f612f7f7ed488,설정,ok,,58393,webdav://13730b09/예비/작품2/대마도학원35시험 소대/설정/구도시.psd,58393_구도시.psd,예비/작품2/대마도학원35시험 소대/설정/구도시.psd,설정,/Users/saintiron/Projects/Imagine/thumbnails/58393_구도시_thumb.png,psd,2067,1424,"A sketch of a city street with buildings, power lines, and a lone figure.","[""cityscape"", ""sketch"", ""buildings"", ""power lines"", ""street"", ""figure"", ""urban""]",illustration,,,,Qwen/Qwen3.5-9B,,,ea1ea620f65ce7070f46ca3719321e02fce90023a335439e5f6f612f7f7ed488,5580354832531371273,,"건물, 전선, 및 홀로 있는 인물이/가 보이는 도시 거리의 스케치입니다.",도시 풍경 · 스케치 · 건물 · 전선 · 거리 · 인물 · 도시의,2,2,,,,manual_review,2026-05-11T23:15:09
metadata-quality-v1-0080,metadata-quality-v1,2026-05-10T00:00:00+09:00,20260510,80,phash:-7595722974264510406,발송/외주 회사/뱅가드/25/#07/bg,legacy_warning,legacy_parse_or_caption_model,49470,webdav://13730b09/발송/외주 회사/뱅가드/25/#07/bg/VS9_07_302_GENZU.psd,49470_VS9_07_302_GENZU.psd,발송/외주 회사/뱅가드/25/#07/bg/VS9_07_302_GENZU.psd,발송/외주 회사/뱅가드/25/#07/bg,/Users/saintiron/Projects/Imagine/thumbnails/49470_VS9_07_302_GENZU_thumb.png,psd,,,A lone figure stands in a dark forest under a starry night sky.,"[""night"", ""forest"", ""anime"", ""mystery"", ""solitude"", ""stars"", ""silhouette"", ""dark""]",illustration,,,,unknown_legacy,parse_fallback_legacy,"pre-fix: psd-tools failed, fell back to thumbnail-only",,-7595722974264510406,,"어두운 숲 안에 홀로 있는 인물이 서 있고, 별이 있는 밤하늘 아래입니다.",밤 · 숲 · 애니풍 · 미스터리 · 고독 · 별 · 실루엣 · 어두운,2,2,,,,manual_review,2026-05-11T23:15:15
metadata-quality-v1-0081,metadata-quality-v1,2026-05-10T00:00:00+09:00,20260510,81,phash:-4117742751390331855,webdav:/13730b09/발송/범선/기절용사와 암살공주/장소/잡것들,legacy_warning,legacy_parse_or_caption_model,52125,webdav://13730b09/발송/범선/기절용사와 암살공주/장소/잡것들/kya01_168.psd,52125_kya01_168.psd,발송/범선/기절용사와 암살공주/장소/잡것들/kya01_168.psd,webdav:/13730b09/발송/범선/기절용사와 암살공주/장소/잡것들,/Users/saintiron/Projects/Imagine/thumbnails/52125_kya01_168_thumb.png,psd,,,A vibrant anime-style cityscape with red-tiled roofs and distant mountains under a cloudy sky.,"[""cityscape"", ""red roofs"", ""mountains"", ""anime style"", ""buildings"", ""sky"", ""clouds""]",illustration,,,,unknown_legacy,parse_fallback_legacy,"pre-fix: psd-tools failed, fell back to thumbnail-only",,-4117742751390331855,295,"구름 낀 하늘 아래의 선명한 애니메이션풍 도시 풍경이며, 붉은-타일로 된 지붕 및 멀리 보이는 산이/가 보입니다.",도시 풍경 · 붉은 · 산 · 애니메이션풍 · 건물 · 하늘 · 구름,2,2,,,,manual_review,2026-05-11T23:15:31
metadata-quality-v1-0082,metadata-quality-v1,2026-05-10T00:00:00+09:00,20260510,82,phash:-7017562008793068544,발송/외주 회사/뱅가드/26/#06/bg,legacy_warning,legacy_parse_or_caption_model,47824,webdav://13730b09/발송/외주 회사/뱅가드/26/#06/bg/VS10_06_013B_GENZU.psd,47824_VS10_06_013B_GENZU.psd,발송/외주 회사/뱅가드/26/#06/bg/VS10_06_013B_GENZU.psd,발송/외주 회사/뱅가드/26/#06/bg,/Users/saintiron/Projects/Imagine/thumbnails/47824_VS10_06_013B_GENZU_thumb.png,psd,,,Anime character sketch with muted tones and a door in the background.,"[""anime"", ""sketch"", ""character"", ""door"", ""muted"", ""lineart"", ""portrait"", ""monochrome""]",illustration,,,,unknown_legacy,parse_fallback_legacy,"pre-fix: psd-tools failed, fell back to thumbnail-only",,-7017562008793068544,1,"애니메이션 캐릭터 스케치이며, 차분한 색조 및 문 안에 배경이/가 보입니다.",애니풍 · 스케치 · 캐릭터 · 문 · 차분한 · 선화 · 인물화 · 단색,2,2,,,,manual_review,2026-05-11T23:15:38
metadata-quality-v1-0083,metadata-quality-v1,2026-05-10T00:00:00+09:00,20260510,83,phash:-523388938373761024,webdav:/13730b09/발송/범선/기절용사와 암살공주/장소/유적지,legacy_warning,legacy_parse_or_caption_model,52489,webdav://13730b09/발송/범선/기절용사와 암살공주/장소/유적지/kya02_105.psd,52489_kya02_105.psd,발송/범선/기절용사와 암살공주/장소/유적지/kya02_105.psd,webdav:/13730b09/발송/범선/기절용사와 암살공주/장소/유적지,/Users/saintiron/Projects/Imagine/thumbnails/52489_kya02_105_thumb.png,psd,,,A translucent anime-style figure stands against a gradient brick wall.,"[""anime"", ""figure"", ""brick wall"", ""translucent"", ""gradient"", ""purple"", ""red"", ""blue""]",illustration,,,,unknown_legacy,parse_fallback_legacy,"pre-fix: psd-tools failed, fell back to thumbnail-only",,-523388938373761024,1,반투명한 애니메이션풍 인물 서 있음 배경으로 그라데이션 벽돌 벽입니다.,애니풍 · 인물 · 벽돌 벽 · 반투명한 · 그라데이션 · 보라색 · 붉은 · 푸른색,2,2,,,,manual_review,2026-05-11T23:15:43
metadata-quality-v1-0084,metadata-quality-v1,2026-05-10T00:00:00+09:00,20260510,84,phash:-4555275639041379840,webdav:/13730b09/발송4/범선/작품 쫑/후시/장소/고아원,legacy_warning,legacy_parse_or_caption_model,35353,webdav://13730b09/발송4/범선/작품 쫑/후시/장소/고아원/nfb10_127.psd,35353_nfb10_127.psd,발송4/범선/작품 쫑/후시/장소/고아원/nfb10_127.psd,webdav:/13730b09/발송4/범선/작품 쫑/후시/장소/고아원,/Users/saintiron/Projects/Imagine/thumbnails/35353_nfb10_127_thumb.png,psd,,,"A cozy living room scene with a red sofa, wooden chairs, and a coffee table adorned with a floral arrangement.","[""still_life"", ""cartoon"", ""cozy"", ""living_room"", ""sofa"", ""chairs"", ""flower_arrangement"", ""coffee_table"", ""warm_color_palette""]",illustration,,,,unknown_legacy,parse_fallback_legacy,"pre-fix: psd-tools failed, fell back to thumbnail-only",,-4555275639041379840,1,"아늑한 거실 장면이며, 붉은 소파, 나무 의자, 및 커피 테이블 장식된 함께 꽃꽂이이/가 보입니다.",정물 · 만화풍 · 아늑한 · 거실 · 소파 · 의자 · 꽃꽂이 · 커피 테이블 · 따뜻한,2,2,,,,manual_review,2026-05-11T23:15:51
metadata-quality-v1-0085,metadata-quality-v1,2026-05-10T00:00:00+09:00,20260510,85,phash:-3824986812058504704,webdav:/13730b09/발송4/범선/작품 쫑/후시/장소/로네느의집/거실,legacy_warning,legacy_parse_or_caption_model,34136,webdav://13730b09/발송4/범선/작품 쫑/후시/장소/로네느의집/거실/nfb09_126.psd,34136_nfb09_126.psd,발송4/범선/작품 쫑/후시/장소/로네느의집/거실/nfb09_126.psd,webdav:/13730b09/발송4/범선/작품 쫑/후시/장소/로네느의집/거실,/Users/saintiron/Projects/Imagine/thumbnails/34136_nfb09_126_thumb.png,psd,,,"A dimly lit room at night with a hanging lantern and a faintly sketched portrait on the wall, viewed through a window with stars outside.","[""anime"", ""night"", ""lantern"", ""portrait"", ""window"", ""stars"", ""mysterious"", ""dark"", ""sketch""]",illustration,,,,unknown_legacy,parse_fallback_legacy,"pre-fix: psd-tools failed, fell back to thumbnail-only",,-3824986812058504704,1,"어둡게 조명된 방 밤에이며, 걸려 있는 등불 및 희미하게 스케치된 인물화 위에 벽, 통해 보이는 창문 함께 별 바깥이/가 보입니다.",애니풍 · 밤 · 등불 · 인물화 · 창문 · 별 · 신비로운 · 어두운 · 스케치,2,2,,,,manual_review,2026-05-11T23:15:59
metadata-quality-v1-0086,metadata-quality-v1,2026-05-10T00:00:00+09:00,20260510,86,phash:-5838683173649740800,webdav:/13730b09/발송/범선/기절용사와 암살공주/#11/bg,legacy_warning,legacy_parse_or_caption_model,50686,webdav://13730b09/발송/범선/기절용사와 암살공주/#11/bg/kya11_206_LS.psd,50686_kya11_206_LS.psd,발송/범선/기절용사와 암살공주/#11/bg/kya11_206_LS.psd,webdav:/13730b09/발송/범선/기절용사와 암살공주/#11/bg,/Users/saintiron/Projects/Imagine/thumbnails/50686_kya11_206_LS_thumb.png,psd,,,A grand gate with ornate metalwork leads to a lush green landscape.,"[""gate"", ""metalwork"", ""wall"", ""grass"", ""path"", ""trees"", ""sky"", ""stone""]",background,,,,unknown_legacy,parse_fallback_legacy,"pre-fix: psd-tools failed, fell back to thumbnail-only",,-5838683173649740800,59,"웅장한 문이며, 화려한 금속 장식 이어지는 무성한 초록 풍경이/가 보입니다.",문 · 금속 장식 · 벽 · 풀 · 길 · 나무 · 하늘 · 돌,2,2,,,,manual_review,2026-05-11T23:16:04
metadata-quality-v1-0087,metadata-quality-v1,2026-05-10T00:00:00+09:00,20260510,87,phash:-3681432365381654528,webdav:/13730b09/발송/범선/기절용사와 암살공주/장소/마을,legacy_warning,legacy_parse_or_caption_model,52966,webdav://13730b09/발송/범선/기절용사와 암살공주/장소/마을/kya01_213.psd,52966_kya01_213.psd,발송/범선/기절용사와 암살공주/장소/마을/kya01_213.psd,webdav:/13730b09/발송/범선/기절용사와 암살공주/장소/마을,/Users/saintiron/Projects/Imagine/thumbnails/52966_kya01_213_thumb.png,psd,,,Animated scene with ghostly figures in a European-style street,"[""ghostly figures"", ""European street"", ""brick buildings"", ""stone pavement"", ""blue sky"", ""anime style"", ""translucent overlay""]",illustration,,,,unknown_legacy,parse_fallback_legacy,"pre-fix: psd-tools failed, fell back to thumbnail-only",,-3681432365381654528,1,"애니메이션풍 장면이며, 유령 같은 인물 안에 유럽풍-스타일 거리이/가 보입니다.",유령 같은 · 유럽풍 · 벽돌 · 돌 · 푸른 하늘 · 애니메이션풍 · 반투명한,2,2,,,,manual_review,2026-05-11T23:16:11
metadata-quality-v1-0088,metadata-quality-v1,2026-05-10T00:00:00+09:00,20260510,88,phash:5642720315405243392,webdav:/13730b09/예비/크랑베르무/장소/전투/5,legacy_warning,legacy_parse_or_caption_model,39983,webdav://13730b09/예비/크랑베르무/장소/전투/5/grb10_138.psd,39983_grb10_138.psd,예비/크랑베르무/장소/전투/5/grb10_138.psd,webdav:/13730b09/예비/크랑베르무/장소/전투/5,/Users/saintiron/Projects/Imagine/thumbnails/39983_grb10_138_thumb.png,psd,,,Anime girl silhouette against a starry night sky with aurora borealis.,"[""anime"", ""starry sky"", ""aurora"", ""silhouette"", ""dreamy"", ""night"", ""girl"", ""illustration""]",illustration,,,,unknown_legacy,parse_fallback_legacy,"pre-fix: psd-tools failed, fell back to thumbnail-only",,5642720315405243392,,"애니풍 소녀 실루엣 배경으로 별이 있는 밤하늘이며, 오로라 북극광이/가 보입니다.",애니풍 · 별이 있는 하늘 · 오로라 · 실루엣 · 몽환적인 · 밤 · 소녀 · 일러스트,2,2,,,,manual_review,2026-05-11T23:16:17
metadata-quality-v1-0089,metadata-quality-v1,2026-05-10T00:00:00+09:00,20260510,89,content:1676b25e986b9eed821394d0f67c974326478fbf8c0271425de658b73548f9ee,BG,ok,,58556,webdav://13730b09/예비/작품2/대마도학원35시험 소대/BG/TM#05_107.psd,58556_TM#05_107.psd,예비/작품2/대마도학원35시험 소대/BG/TM#05_107.psd,BG,/Users/saintiron/Projects/Imagine/thumbnails/58556_TM#05_107_thumb.png,psd,1675,1194,Dark metal gate with lattice design and copper base,"[""metal gate"", ""lattice"", ""copper"", ""lock"", ""industrial"", ""dark"", ""security""]",background,,,,Qwen/Qwen3.5-9B,,,1676b25e986b9eed821394d0f67c974326478fbf8c0271425de658b73548f9ee,-3545781123358725632,1,"어두운 금속 문이며, 격자 디자인 및 구리색 하단부이/가 보입니다.",금속 문 · 격자 · 구리색 · 자물쇠 · 산업적인 · 어두운 · 보안,2,2,,,,manual_review,2026-05-11T23:16:22
metadata-quality-v1-0090,metadata-quality-v1,2026-05-10T00:00:00+09:00,20260510,90,content:7a5b6c34f6a7d5ddf2aa4dde1f38a1aebf06e748f98c94c7edfab835aa5aab42,#1,ok,,58327,webdav://13730b09/예비/작품2/대마도학원35시험 소대/제작회사BG/#1/TM#01_276.psd,58327_TM#01_276.psd,예비/작품2/대마도학원35시험 소대/제작회사BG/#1/TM#01_276.psd,#1,/Users/saintiron/Projects/Imagine/thumbnails/58327_TM#01_276_thumb.png,psd,2320,1643,A building with large windows and trees under a blue sky with clouds.,"[""building"", ""windows"", ""trees"", ""sky"", ""clouds""]",illustration,,,,Qwen/Qwen3.5-9B,,,7a5b6c34f6a7d5ddf2aa4dde1f38a1aebf06e748f98c94c7edfab835aa5aab42,3776098019029091624,,"푸른 하늘 함께 구름 아래의 건물이며, 큰 창문 및 나무이/가 보입니다.",건물 · 창문 · 나무 · 하늘 · 구름,2,2,,,,manual_review,2026-05-11T23:16:31
metadata-quality-v1-0091,metadata-quality-v1,2026-05-10T00:00:00+09:00,20260510,91,content:4e7b981b0c931f87aca6bca8bbabcf7052f18064c358432d8ceb39a063da1857,#2,ok,,58023,webdav://13730b09/예비/작품2/대마도학원35시험 소대/제작회사BG/#2/TM#02_275.psd,58023_TM#02_275.psd,예비/작품2/대마도학원35시험 소대/제작회사BG/#2/TM#02_275.psd,#2,/Users/saintiron/Projects/Imagine/thumbnails/58023_TM#02_275_thumb.png,psd,1668,1186,Sketch of a character with spiky hair against a cloudy night sky.,"[""character"", ""hair"", ""sky"", ""clouds"", ""sketch"", ""anime"", ""night"", ""stars""]",illustration,,,,Qwen/Qwen3.5-9B,,,4e7b981b0c931f87aca6bca8bbabcf7052f18064c358432d8ceb39a063da1857,-9040243384192152064,,뾰족한 머리카락 배경으로 구름 낀 밤하늘이/가 보이는 캐릭터의 스케치입니다.,캐릭터 · 머리카락 · 하늘 · 구름 · 스케치 · 애니풍 · 밤 · 별,2,2,,,,manual_review,2026-05-11T23:16:39
metadata-quality-v1-0092,metadata-quality-v1,2026-05-10T00:00:00+09:00,20260510,92,phash:2920478231804611072,webdav:/13730b09/예비/크랑베르무/장소/전투/7,legacy_warning,legacy_parse_or_caption_model,39512,webdav://13730b09/예비/크랑베르무/장소/전투/7/grb13_090.psd,39512_grb13_090.psd,예비/크랑베르무/장소/전투/7/grb13_090.psd,webdav:/13730b09/예비/크랑베르무/장소/전투/7,/Users/saintiron/Projects/Imagine/thumbnails/39512_grb13_090_thumb.png,psd,,,"A stylized hand reaching out against a blue, textured background.","[""hand"", ""blue"", ""abstract"", ""digital art"", ""layered"", ""texture"", ""reaching"", ""conceptual""]",illustration,,,,unknown_legacy,parse_fallback_legacy,"pre-fix: psd-tools failed, fell back to thumbnail-only",,2920478231804611072,,"양식화된 손 뻗은 배경으로 푸른색, 질감 있는 배경입니다.",손 · 푸른색 · 추상적인 · 디지털 아트 · 겹쳐진 · 질감 · 뻗은 · 개념적인,2,2,,,,manual_review,2026-05-11T23:16:46
metadata-quality-v1-0093,metadata-quality-v1,2026-05-10T00:00:00+09:00,20260510,93,phash:-5570758466132192256,webdav:/13730b09/예비/크랑베르무/장소/안나의집,legacy_warning,legacy_parse_or_caption_model,41193,webdav://13730b09/예비/크랑베르무/장소/안나의집/grb06_275.psd,41193_grb06_275.psd,예비/크랑베르무/장소/안나의집/grb06_275.psd,webdav:/13730b09/예비/크랑베르무/장소/안나의집,/Users/saintiron/Projects/Imagine/thumbnails/41193_grb06_275_thumb.png,psd,,,"Anime girl standing in doorway, smiling with hand near face","[""anime"", ""line art"", ""teen"", ""female"", ""smiling"", ""doorway"", ""monochrome""]",character,,,,unknown_legacy,parse_fallback_legacy,"pre-fix: psd-tools failed, fell back to thumbnail-only",,-5570758466132192256,1,"애니풍 소녀 서 있는 안에 출입구, 미소 짓는이며, 손 근처 얼굴이/가 보입니다.",애니풍 · 선화 · 십대 · 여성 · 미소 짓는 · 출입구 · 단색,2,2,,,,manual_review,2026-05-11T23:16:50
metadata-quality-v1-0094,metadata-quality-v1,2026-05-10T00:00:00+09:00,20260510,94,phash:-956198022453595643,webdav:/13730b09/발송4/범선/작품 쫑/후시/장소/고아원,legacy_warning,legacy_parse_or_caption_model,35328,webdav://13730b09/발송4/범선/작품 쫑/후시/장소/고아원/nfb10_097.psd,35328_nfb10_097.psd,발송4/범선/작품 쫑/후시/장소/고아원/nfb10_097.psd,webdav:/13730b09/발송4/범선/작품 쫑/후시/장소/고아원,/Users/saintiron/Projects/Imagine/thumbnails/35328_nfb10_097_thumb.png,psd,,,"A sketch-style illustration of a red chair against a wooden background, with faint line art overlay suggesting design or construction.","[""still_life"", ""sketch"", ""wooden_background"", ""red_chair"", ""line_art_overlay"", ""mysterious""]",illustration,,,,unknown_legacy,parse_fallback_legacy,"pre-fix: psd-tools failed, fell back to thumbnail-only",,-956198022453595643,,"희미한 선화 오버레이 암시하는 디자인 또는 구조 작업이/가 보이는 붉은 의자 배경으로 나무 배경,의 스케치풍 일러스트입니다.",정물 · 스케치 · 나무 · 붉은 · 선화 · 신비로운,2,1,,tag_missing_key,,manual_review,2026-05-13T23:18:53
metadata-quality-v1-0095,metadata-quality-v1,2026-05-10T00:00:00+09:00,20260510,95,phash:-6289647858621435392,webdav:/13730b09/예비/크랑베르무/장소/학교,legacy_warning,legacy_parse_or_caption_model,39284,webdav://13730b09/예비/크랑베르무/장소/학교/grb08_174.psd,39284_grb08_174.psd,예비/크랑베르무/장소/학교/grb08_174.psd,webdav:/13730b09/예비/크랑베르무/장소/학교,/Users/saintiron/Projects/Imagine/thumbnails/39284_grb08_174_thumb.png,psd,,,Anime-style portrait sketch overlayed on a sunny outdoor scene with trees and a wall.,"[""anime"", ""portrait"", ""sketch"", ""background"", ""outdoor"", ""blue_sky"", ""tree"", ""wall"", ""lineart""]",illustration,,,,unknown_legacy,parse_fallback_legacy,"pre-fix: psd-tools failed, fell back to thumbnail-only",,-6289647858621435392,,"애니메이션풍 인물화 스케치 겹쳐진 위에 화창한 야외 장면이며, 나무 및 벽이/가 보입니다.",애니풍 · 인물화 · 스케치 · 배경 · 야외 · 푸른 하늘 · 나무 · 벽 · 선화,2,2,,,,manual_review,2026-05-11T23:17:11
metadata-quality-v1-0096,metadata-quality-v1,2026-05-10T00:00:00+09:00,20260510,96,phash:-5007280677769850672,발송/외주 회사/뱅가드/26/#07/bg,legacy_warning,legacy_parse_or_caption_model,47763,webdav://13730b09/발송/외주 회사/뱅가드/26/#07/bg/VS10_07_335_genzu.psd,47763_VS10_07_335_genzu.psd,발송/외주 회사/뱅가드/26/#07/bg/VS10_07_335_genzu.psd,발송/외주 회사/뱅가드/26/#07/bg,/Users/saintiron/Projects/Imagine/thumbnails/47763_VS10_07_335_genzu_thumb.png,psd,,,Anime characters reflected in restaurant window with logo,"[""anime"", ""reflection"", ""restaurant"", ""window"", ""logo"", ""characters"", ""urban"", ""daytime""]",illustration,,,,unknown_legacy,parse_fallback_legacy,"pre-fix: psd-tools failed, fell back to thumbnail-only",,-5007280677769850672,,"애니메이션 캐릭터 비친 안에 식당 창문이며, 로고이/가 보입니다.",애니풍 · 반사 · 식당 · 창문 · 로고 · 캐릭터 · 도시의 · 낮,2,2,,,,manual_review,2026-05-11T23:17:17
metadata-quality-v1-0097,metadata-quality-v1,2026-05-10T00:00:00+09:00,20260510,97,phash:-2242611328543301632,webdav:/13730b09/예비/크랑베르무/장소/만게츠의집,legacy_warning,legacy_parse_or_caption_model,41635,webdav://13730b09/예비/크랑베르무/장소/만게츠의집/grb02_043.psd,41635_grb02_043.psd,예비/크랑베르무/장소/만게츠의집/grb02_043.psd,webdav:/13730b09/예비/크랑베르무/장소/만게츠의집,/Users/saintiron/Projects/Imagine/thumbnails/41635_grb02_043_thumb.png,psd,,,"Anime girl sitting at desk in bedroom, sketchy lineart with light coloring","[""anime"", ""girl"", ""bedroom"", ""desk"", ""bookshelf"", ""lamp"", ""lineart"", ""pastel"", ""quiet""]",illustration,,,,unknown_legacy,parse_fallback_legacy,"pre-fix: psd-tools failed, fell back to thumbnail-only",,-2242611328543301632,1,"애니풍 소녀 앉아 있는 에서 책상 안에 침실, 스케치풍 선화이며, 옅은 채색이/가 보입니다.",애니풍 · 소녀 · 침실 · 책상 · 책장 · 램프 · 선화 · 파스텔 · 조용한,2,2,,,,manual_review,2026-05-11T23:17:28
metadata-quality-v1-0098,metadata-quality-v1,2026-05-10T00:00:00+09:00,20260510,98,phash:-361771509430442496,발송/외주 회사/뱅가드/26/#09/bg,legacy_warning,legacy_parse_or_caption_model,47531,webdav://13730b09/발송/외주 회사/뱅가드/26/#09/bg/VS10_09_052_GENZU.psd,47531_VS10_09_052_GENZU.psd,발송/외주 회사/뱅가드/26/#09/bg/VS10_09_052_GENZU.psd,발송/외주 회사/뱅가드/26/#09/bg,/Users/saintiron/Projects/Imagine/thumbnails/47531_VS10_09_052_GENZU_thumb.png,psd,,,A row of hotel rooms with ascending numbers and doors.,"[""hotel"", ""rooms"", ""doors"", ""numbers"", ""architecture"", ""interior"", ""corridor"", ""minimalist""]",illustration,,,,unknown_legacy,parse_fallback_legacy,"pre-fix: psd-tools failed, fell back to thumbnail-only",,-361771509430442496,1,오름차순의 숫자 및 문이/가 보이는 호텔 방의 줄입니다.,호텔 · 방 · 문 · 숫자 · 건축 · 실내 · 복도 · 미니멀한,1,1,,tag_false_positive,,manual_review,2026-05-13T23:19:06
metadata-quality-v1-0099,metadata-quality-v1,2026-05-10T00:00:00+09:00,20260510,99,content:4c6096051ed81d1dae5be2cc2a38db64a1d951682bc7b254c5972720de510703,택처,ok,,57321,webdav://13730b09/예비/작품2/대마도학원35시험 소대/택처/sozai_3.psd,57321_sozai_3.psd,예비/작품2/대마도학원35시험 소대/택처/sozai_3.psd,택처,/Users/saintiron/Projects/Imagine/thumbnails/57321_sozai_3_thumb.png,psd,2700,1600,Dark textured surface resembling leather or fabric.,"[""texture"", ""dark"", ""leather"", ""fabric"", ""surface"", ""pattern"", ""material"", ""blue""]",texture,,,,Qwen/Qwen3.5-9B,,,4c6096051ed81d1dae5be2cc2a38db64a1d951682bc7b254c5972720de510703,-3761911825914904181,,어두운 질감 있는 표면 닮은 가죽 또는 직물입니다.,질감 · 어두운 · 가죽 · 직물 · 표면 · 무늬 · 재질 · 푸른색,2,2,,,,manual_review,2026-05-11T23:17:46
metadata-quality-v1-0100,metadata-quality-v1,2026-05-10T00:00:00+09:00,20260510,100,phash:6044086787103537178,발송/외주 회사/뱅가드/26/#07/bg,legacy_warning,legacy_parse_or_caption_model,47774,webdav://13730b09/발송/외주 회사/뱅가드/26/#07/bg/VS10_07_024_GENZU.psd,47774_VS10_07_024_GENZU.psd,발송/외주 회사/뱅가드/26/#07/bg/VS10_07_024_GENZU.psd,발송/외주 회사/뱅가드/26/#07/bg,/Users/saintiron/Projects/Imagine/thumbnails/47774_VS10_07_024_GENZU_thumb.png,psd,,,"A character stands on a brick path under trees, looking at a small object.","[""anime"", ""character"", ""outdoor"", ""path"", ""trees"", ""sketch"", ""nature"", ""backview""]",illustration,,,,unknown_legacy,parse_fallback_legacy,"pre-fix: psd-tools failed, fell back to thumbnail-only",,6044086787103537178,,"캐릭터 서 있음 위에 벽돌 길 아래 나무, 바라보는 에서 작은 물체입니다.",애니풍 · 캐릭터 · 야외 · 길 · 나무 · 스케치 · 자연 · 뒷모습,2,2,,,,manual_review,2026-05-11T23:17:57
metadata-quality-v1-0101,metadata-quality-v1,2026-05-10T00:00:00+09:00,20260510,101,content:8db272a5e0a5c8935b59f405333b86ebe69c5e4d9ffd5e236a22b73bd61c6d42,#2,ok,,57907,webdav://13730b09/예비/작품2/대마도학원35시험 소대/제작회사BG/#2/TM#02_146.psd,57907_TM#02_146.psd,예비/작품2/대마도학원35시험 소대/제작회사BG/#2/TM#02_146.psd,#2,/Users/saintiron/Projects/Imagine/thumbnails/57907_TM#02_146_thumb.png,psd,1678,1190,Nighttime tower with Gothic windows against a cloudy sky,"[""tower"", ""night"", ""clouds"", ""Gothic"", ""sky"", ""balcony"", ""windows""]",illustration,,,,Qwen/Qwen3.5-9B,,,8db272a5e0a5c8935b59f405333b86ebe69c5e4d9ffd5e236a22b73bd61c6d42,-6736572887204461056,1,"밤 탑이며, 고딕풍 창문 배경으로 구름 낀 하늘이/가 보입니다.",탑 · 밤 · 구름 · 고딕풍 · 하늘 · 발코니 · 창문,2,2,,,,manual_review,2026-05-11T23:18:00
metadata-quality-v1-0102,metadata-quality-v1,2026-05-10T00:00:00+09:00,20260510,102,phash:-6643098671011151872,webdav:/13730b09/예비/크랑베르무/장소/전투/6,legacy_warning,legacy_parse_or_caption_model,39787,webdav://13730b09/예비/크랑베르무/장소/전투/6/grb12_159.psd,39787_grb12_159.psd,예비/크랑베르무/장소/전투/6/grb12_159.psd,webdav:/13730b09/예비/크랑베르무/장소/전투/6,/Users/saintiron/Projects/Imagine/thumbnails/39787_grb12_159_thumb.png,psd,,,"A surreal pink sky with a glowing, ethereal creature hovering above a starry horizon.","[""fantasy"", ""surreal"", ""space"", ""creature"", ""neon"", ""dreamscape"", ""digital art"", ""cosmic""]",illustration,,,,unknown_legacy,parse_fallback_legacy,"pre-fix: psd-tools failed, fell back to thumbnail-only",,-6643098671011151872,,"초현실적인 분홍색 하늘이며, 빛나는, 몽환적인 생물 떠 있는 위에 별이 있는 지평선이/가 보입니다.",판타지 · 초현실적인 · 우주 · 생물 · 네온 · 몽환적인 풍경 · 디지털 아트 · 우주적인,2,2,,,,manual_review,2026-05-11T23:18:09
metadata-quality-v1-0103,metadata-quality-v1,2026-05-10T00:00:00+09:00,20260510,103,phash:-4404264477111063450,webdav:/13730b09/예비/크랑베르무/장소/전투/7,legacy_warning,legacy_parse_or_caption_model,39604,webdav://13730b09/예비/크랑베르무/장소/전투/7/grb13_194.psd,39604_grb13_194.psd,예비/크랑베르무/장소/전투/7/grb13_194.psd,webdav:/13730b09/예비/크랑베르무/장소/전투/7,/Users/saintiron/Projects/Imagine/thumbnails/39604_grb13_194_thumb.png,psd,,,A surreal purple landscape with crystalline pillars rising from a shimmering lake.,"[""surreal"", ""purple"", ""crystals"", ""lake"", ""fantasy"", ""digital art"", ""abstract"", ""neon""]",background,,,,unknown_legacy,parse_fallback_legacy,"pre-fix: psd-tools failed, fell back to thumbnail-only",,-4404264477111063450,,"초현실적인 보라색 풍경이며, 수정 같은 기둥 솟아오르는 에서 반짝이는 호수이/가 보입니다.",초현실적인 · 보라색 · 수정 · 호수 · 판타지 · 디지털 아트 · 추상적인 · 네온,2,2,,,,manual_review,2026-05-12T18:24:28
metadata-quality-v1-0104,metadata-quality-v1,2026-05-10T00:00:00+09:00,20260510,104,phash:56917554320582400,발송/외주 회사/뱅가드/25/#07/bg,legacy_warning,legacy_parse_or_caption_model,49490,webdav://13730b09/발송/외주 회사/뱅가드/25/#07/bg/VS9_07_254_GENZU.psd,49490_VS9_07_254_GENZU.psd,발송/외주 회사/뱅가드/25/#07/bg/VS9_07_254_GENZU.psd,발송/외주 회사/뱅가드/25/#07/bg,/Users/saintiron/Projects/Imagine/thumbnails/49490_VS9_07_254_GENZU_thumb.png,psd,,,Anime character with long hair running at high speed.,"[""anime"", ""speed"", ""motion blur"", ""character"", ""blue"", ""hair"", ""running"", ""action""]",illustration,,,,unknown_legacy,parse_fallback_legacy,"pre-fix: psd-tools failed, fell back to thumbnail-only",,56917554320582400,,"애니메이션 캐릭터이며, 긴 머리카락 로 달리는 빠른 속도이/가 보입니다.",애니풍 · 속도 · 모션 블러 · 캐릭터 · 푸른색 · 머리카락 · 달리는 · 동작감,2,2,,,,manual_review,2026-05-13T23:19:22
metadata-quality-v1-0105,metadata-quality-v1,2026-05-10T00:00:00+09:00,20260510,105,content:2b75c4ed9632cccceabb60686cb92b161fc3ba3366769f8c34d0fd2f12d49f4b,발송/범선/작품 쫑/다윈즈게임/장소/도시 낮,legacy_warning,legacy_parse_or_caption_model,30548,webdav://13730b09/발송/범선/작품 쫑/다윈즈게임/장소/도시 낮/dwg08_179.psd,dwg08_179.psd,발송/범선/작품 쫑/다윈즈게임/장소/도시 낮/dwg08_179.psd,발송/범선/작품 쫑/다윈즈게임/장소/도시 낮,/Users/saintiron/Projects/Imagine/thumbnails/dwg08_179_thumb.png,psd,1800,1208,A sunny urban street with modern buildings and lush green trees under a vibrant blue sky.,"[""city"", ""urban"", ""anime"", ""summer"", ""blue_sky"", ""modern_buildings"", ""green_trees"", ""peaceful""]",background,urban,,,unknown_legacy,parse_fallback_legacy,"pre-fix: psd-tools failed, fell back to thumbnail-only",2b75c4ed9632cccceabb60686cb92b161fc3ba3366769f8c34d0fd2f12d49f4b,-505330137654840832,,"선명한 푸른 하늘 아래의 화창한 도시의 거리이며, 현대적인 건물 및 무성한 초록 나무이/가 보입니다.",도시 · 도시의 · 애니풍 · 여름 · 푸른 하늘 · 현대적인 · 초록 · 평온한,2,2,,,,manual_review,2026-05-12T18:24:45
metadata-quality-v1-0106,metadata-quality-v1,2026-05-10T00:00:00+09:00,20260510,106,phash:-5425543870180720640,webdav:/13730b09/발송4/범선/작품 쫑/후시/장소/로네느의집/거실,legacy_warning,legacy_parse_or_caption_model,33988,webdav://13730b09/발송4/범선/작품 쫑/후시/장소/로네느의집/거실/nfb04_231.psd,33988_nfb04_231.psd,발송4/범선/작품 쫑/후시/장소/로네느의집/거실/nfb04_231.psd,webdav:/13730b09/발송4/범선/작품 쫑/후시/장소/로네느의집/거실,/Users/saintiron/Projects/Imagine/thumbnails/33988_nfb04_231_thumb.png,psd,,,"Anime scene featuring a glowing blue orb on a table, with ghostly lineart of two characters in the background.","[""anime"", ""group_shot"", ""ghostly"", ""glowing_orb"", ""mysterious"", ""lineart"", ""neon_color_palette""]",illustration,,,,unknown_legacy,parse_fallback_legacy,"pre-fix: psd-tools failed, fell back to thumbnail-only",,-5425543870180720640,1,"애니풍 장면 포함하는 빛나는 푸른색 구체 위에 테이블,이며, 유령 같은 선화 의 두 캐릭터 안에 배경이/가 보입니다.",애니풍 · 무리 · 유령 같은 · 빛나는 · 신비로운 · 선화 · 네온,2,2,,,,manual_review,2026-05-12T18:24:55
metadata-quality-v1-0107,metadata-quality-v1,2026-05-10T00:00:00+09:00,20260510,107,phash:3093065738037293188,webdav:/13730b09/발송/범선/기절용사와 암살공주/장소/숲,legacy_warning,legacy_parse_or_caption_model,53235,webdav://13730b09/발송/범선/기절용사와 암살공주/장소/숲/kya04_001.psd,53235_kya04_001.psd,발송/범선/기절용사와 암살공주/장소/숲/kya04_001.psd,webdav:/13730b09/발송/범선/기절용사와 암살공주/장소/숲,/Users/saintiron/Projects/Imagine/thumbnails/53235_kya04_001_thumb.png,psd,,,Lush green forest with tall trees under a bright blue sky,"[""forest"", ""trees"", ""leaves"", ""sky"", ""greenery"", ""nature"", ""foliage"", ""canopy""]",illustration,,,,unknown_legacy,parse_fallback_legacy,"pre-fix: psd-tools failed, fell back to thumbnail-only",,3093065738037293188,,"밝은 푸른 하늘 아래의 무성한 초록 숲이며, 높은 나무이/가 보입니다.",숲 · 나무 · 잎 · 하늘 · 녹음 · 자연 · 수관,2,2,,,,manual_review,2026-05-12T18:25:01
metadata-quality-v1-0108,metadata-quality-v1,2026-05-10T00:00:00+09:00,20260510,108,phash:-7003505670309756928,webdav:/13730b09/예비/크랑베르무/장소/전투/6,legacy_warning,legacy_parse_or_caption_model,39782,webdav://13730b09/예비/크랑베르무/장소/전투/6/grb12_154.psd,39782_grb12_154.psd,예비/크랑베르무/장소/전투/6/grb12_154.psd,webdav:/13730b09/예비/크랑베르무/장소/전투/6,/Users/saintiron/Projects/Imagine/thumbnails/39782_grb12_154_thumb.png,psd,,,A dreamy pink and purple sky with floating islands and clouds.,"[""fantasy"", ""sky"", ""clouds"", ""pink"", ""purple"", ""dreamy"", ""landscape"", ""digital art""]",background,,,,unknown_legacy,parse_fallback_legacy,"pre-fix: psd-tools failed, fell back to thumbnail-only",,-7003505670309756928,,"몽환적인 분홍색 및 보라색 하늘이며, 떠 있는 섬 및 구름이/가 보입니다.",판타지 · 하늘 · 구름 · 분홍색 · 보라색 · 몽환적인 · 풍경 · 디지털 아트,2,2,,,,manual_review,2026-05-12T18:25:06
metadata-quality-v1-0109,metadata-quality-v1,2026-05-10T00:00:00+09:00,20260510,109,content:ae0cd273d8afb3124200d18a3486b21b7e3cadc00e2297fde7fbb6ba8b43dec5,bg,ok,,56801,webdav://13730b09/발송/외주 회사/빔 studio/메탈#07/bg/MR07_270_BG.psd,56801_MR07_270_BG.psd,발송/외주 회사/빔 studio/메탈#07/bg/MR07_270_BG.psd,bg,/Users/saintiron/Projects/Imagine/thumbnails/56801_MR07_270_BG_thumb.png,psd,5330,1249,Modern building exterior with concrete walls and glass windows,"[""concrete"", ""glass"", ""building"", ""windows"", ""architecture"", ""modern"", ""urban"", ""structure""]",background,,,,Qwen/Qwen3.5-9B,,,ae0cd273d8afb3124200d18a3486b21b7e3cadc00e2297fde7fbb6ba8b43dec5,2715538116085518080,,"현대적인 건물 외부이며, 콘크리트 벽 및 유리 창문이/가 보입니다.",콘크리트 · 유리 · 건물 · 창문 · 건축 · 현대적인 · 도시의 · 구조물,2,2,,,,manual_review,2026-05-12T18:25:13
metadata-quality-v1-0110,metadata-quality-v1,2026-05-10T00:00:00+09:00,20260510,110,content:daedbd695a3a054c5f2b51d70071bdd7f9c394a7b82a4fac3aaec94ce59b29c9,발송/범선/작품 쫑/다윈즈게임/장소/도시 낮,legacy_warning,legacy_parse_or_caption_model,30579,webdav://13730b09/발송/범선/작품 쫑/다윈즈게임/장소/도시 낮/dwg08_300.psd,dwg08_300.psd,발송/범선/작품 쫑/다윈즈게임/장소/도시 낮/dwg08_300.psd,발송/범선/작품 쫑/다윈즈게임/장소/도시 낮,/Users/saintiron/Projects/Imagine/thumbnails/dwg08_300_thumb.png,psd,1784,1238,"A split-screen anime illustration showing a lush green forest under a bright blue sky on the left, and a modern building facade with a balcony on the right.","[""anime"", ""landscape"", ""split_screen"", ""forest"", ""building"", ""balcony"", ""blue_sky"", ""green_trees"", ""modern_architecture"", ""serene""]",illustration,,,,unknown_legacy,parse_fallback_legacy,"pre-fix: psd-tools failed, fell back to thumbnail-only",daedbd695a3a054c5f2b51d70071bdd7f9c394a7b82a4fac3aaec94ce59b29c9,-7455459649829821952,,"분할 화면 애니풍 일러스트 보여주는 무성한 초록 숲 아래 밝은 푸른 하늘 위에 왼쪽, 및 현대적인 건물 외관이며, 발코니 위에 오른쪽이/가 보입니다.",애니풍 · 풍경 · 화면 · 숲 · 건물 · 발코니 · 푸른 하늘 · 초록 · 현대적인 · 고요한,2,2,,,,manual_review,2026-05-12T18:25:27
metadata-quality-v1-0111,metadata-quality-v1,2026-05-10T00:00:00+09:00,20260510,111,content:8833b31404e31366b99617be199d466fd98efa97b7655087c4805e66aa989519,발송/범선/작품 쫑/다윈즈게임/장소/도시 낮,legacy_warning,legacy_parse_or_caption_model,30103,webdav://13730b09/발송/범선/작품 쫑/다윈즈게임/장소/도시 낮/dwg02_302.psd,dwg02_302.psd,발송/범선/작품 쫑/다윈즈게임/장소/도시 낮/dwg02_302.psd,발송/범선/작품 쫑/다윈즈게임/장소/도시 낮,/Users/saintiron/Projects/Imagine/thumbnails/dwg02_302_thumb.png,psd,2008,1232,"A weathered metal wall with rust stains and a vertical seam, suggesting an industrial interior under dim lighting.","[""metal_wall"", ""rust"", ""industrial"", ""dim_lighting"", ""melancholic"", ""flat_depth""]",background,indoor,,,unknown_legacy,parse_fallback_legacy,"pre-fix: psd-tools failed, fell back to thumbnail-only",8833b31404e31366b99617be199d466fd98efa97b7655087c4805e66aa989519,-234469759423414630,1,"어두운 조명 아래의 낡은 금속 벽이며, 녹 자국 및 세로 이음새, 암시하는 산업 시설 내부이/가 보입니다.",금속 벽 · 녹 · 산업적인 · 어두운 · 쓸쓸한 · 평평한 깊이감,1,1,,,,manual_review,2026-05-12T18:25:36
metadata-quality-v1-0112,metadata-quality-v1,2026-05-10T00:00:00+09:00,20260510,112,phash:-6880776036612654592,webdav:/13730b09/예비/크랑베르무/장소/만게츠의집,legacy_warning,legacy_parse_or_caption_model,41706,webdav://13730b09/예비/크랑베르무/장소/만게츠의집/grb05_034_R.psd,41706_grb05_034_R.psd,예비/크랑베르무/장소/만게츠의집/grb05_034_R.psd,webdav:/13730b09/예비/크랑베르무/장소/만게츠의집,/Users/saintiron/Projects/Imagine/thumbnails/41706_grb05_034_R_thumb.png,psd,,,A tranquil anime-style residential scene with a modern house roof against a bright blue sky with scattered clouds.,"[""anime"", ""residential"", ""sky"", ""modern architecture"", ""calm"", ""spring"", ""clear weather""]",background,residential,day,clear,unknown_legacy,parse_fallback_legacy,"pre-fix: psd-tools failed, fell back to thumbnail-only",,-6880776036612654592,1,"고요한 애니메이션풍 주거지 장면이며, 현대적인 집 지붕 배경으로 밝은 푸른 하늘 함께 흩어진 구름이/가 보입니다.",애니풍 · 주거지 · 하늘 · 현대적인 · 차분한 · 봄 · 맑은,2,2,,,,manual_review,2026-05-12T18:26:47
metadata-quality-v1-0113,metadata-quality-v1,2026-05-10T00:00:00+09:00,20260510,113,phash:-8174408606967601648,발송/외주 회사/뱅가드/24/#04/bg,legacy_warning,legacy_parse_or_caption_model,48722,webdav://13730b09/발송/외주 회사/뱅가드/24/#04/bg/VS8_04_054_GENZU.psd,48722_VS8_04_054_GENZU.psd,발송/외주 회사/뱅가드/24/#04/bg/VS8_04_054_GENZU.psd,발송/외주 회사/뱅가드/24/#04/bg,/Users/saintiron/Projects/Imagine/thumbnails/48722_VS8_04_054_GENZU_thumb.png,psd,,,"Two anime characters in a tense, close-up confrontation.","[""anime"", ""sketch"", ""confrontation"", ""close-up"", ""tension"", ""character"", ""lineart"", ""digital""]",illustration,,,,unknown_legacy,parse_fallback_legacy,"pre-fix: psd-tools failed, fell back to thumbnail-only",,-8174408606967601648,1,"두 애니메이션 캐릭터 안에 긴박한, 클로즈업 대치입니다.",애니풍 · 스케치 · 대치 · 클로즈업 · 긴장감 · 캐릭터 · 선화 · 디지털,2,2,,,,manual_review,2026-05-12T18:27:01
metadata-quality-v1-0114,metadata-quality-v1,2026-05-10T00:00:00+09:00,20260510,114,content:fb7f8db8e75715d246f28d706e2853417bea53509bdb67c9a73653fff5fe1fca,#2,ok,,57818,webdav://13730b09/예비/작품2/대마도학원35시험 소대/제작회사BG/#2/TM#02_022.psd,57818_TM#02_022.psd,예비/작품2/대마도학원35시험 소대/제작회사BG/#2/TM#02_022.psd,#2,/Users/saintiron/Projects/Imagine/thumbnails/57818_TM#02_022_thumb.png,psd,1668,1176,"Three ornate, patterned wall panels with a dark, vintage aesthetic.","[""wall"", ""panel"", ""ornate"", ""pattern"", ""vintage"", ""dark"", ""wood"", ""texture""]",texture,,,,Qwen/Qwen3.5-9B,,,fb7f8db8e75715d246f28d706e2853417bea53509bdb67c9a73653fff5fe1fca,-5714873654205310464,1,"세 화려한, 무늬가 있는 벽 패널이며, 어두운, 빈티지한 미감이/가 보입니다.",벽 · 패널 · 화려한 · 무늬 · 빈티지 · 어두운 · 나무 · 질감,2,2,,,,manual_review,2026-05-12T18:27:04
metadata-quality-v1-0115,metadata-quality-v1,2026-05-10T00:00:00+09:00,20260510,115,content:bf293025c569b3554581f0baf3a3fd0200620d0b6de5e643ed89459fb289fd99,#1,ok,,58106,webdav://13730b09/예비/작품2/대마도학원35시험 소대/제작회사BG/#1/TM#01_015.psd,58106_TM#01_015.psd,예비/작품2/대마도학원35시험 소대/제작회사BG/#1/TM#01_015.psd,#1,/Users/saintiron/Projects/Imagine/thumbnails/58106_TM#01_015_thumb.png,psd,1678,1182,"Interior scene with staircase, bookshelf, and plain wall.","[""staircase"", ""bookshelf"", ""books"", ""wall"", ""interior"", ""railing"", ""baluster""]",background,,,,Qwen/Qwen3.5-9B,,,bf293025c569b3554581f0baf3a3fd0200620d0b6de5e643ed89459fb289fd99,5859554008506654976,,"실내 장면이며, 계단, 책장, 및 단순한 벽이/가 보입니다.",계단 · 책장 · 책 · 벽 · 실내 · 난간 · 난간 기둥,2,2,,,,manual_review,2026-05-12T18:27:10
metadata-quality-v1-0116,metadata-quality-v1,2026-05-10T00:00:00+09:00,20260510,116,phash:-4557466211148849152,webdav:/13730b09/발송4/범선/작품 쫑/후시/장소/길드,legacy_warning,legacy_parse_or_caption_model,35028,webdav://13730b09/발송4/범선/작품 쫑/후시/장소/길드/nfb05_088.psd,35028_nfb05_088.psd,발송4/범선/작품 쫑/후시/장소/길드/nfb05_088.psd,webdav:/13730b09/발송4/범선/작품 쫑/후시/장소/길드,/Users/saintiron/Projects/Imagine/thumbnails/35028_nfb05_088_thumb.png,psd,,,"Anime character sketch in portrait view with expressive eyes and sketch lines, labeled with Japanese text indicating frame guidelines.","[""anime"", ""character_sheet"", ""sketch"", ""portrait"", ""surprised"", ""frame_guides"", ""Japanese_text""]",character,,,,unknown_legacy,parse_fallback_legacy,"pre-fix: psd-tools failed, fell back to thumbnail-only",,-4557466211148849152,1,"애니메이션 캐릭터 스케치 안에 세로 구도이며, 표정이 풍부한 눈 및 스케치 선, 표시된 함께 일본어 텍스트 나타내는 프레임 가이드라인이/가 보입니다.",애니풍 · 캐릭터 · 스케치 · 인물화 · 놀란 · 프레임 · 일본어 텍스트,2,2,,,,manual_review,2026-05-12T18:27:16
metadata-quality-v1-0117,metadata-quality-v1,2026-05-10T00:00:00+09:00,20260510,117,phash:-6160780793021177344,webdav:/13730b09/발송/범선/기절용사와 암살공주/#09/bg,legacy_warning,legacy_parse_or_caption_model,51079,webdav://13730b09/발송/범선/기절용사와 암살공주/#09/bg/kya09_307.psd,51079_kya09_307.psd,발송/범선/기절용사와 암살공주/#09/bg/kya09_307.psd,webdav:/13730b09/발송/범선/기절용사와 암살공주/#09/bg,/Users/saintiron/Projects/Imagine/thumbnails/51079_kya09_307_thumb.png,psd,,,Animated sky background with clouds and colored sketch lines,"[""sky"", ""clouds"", ""blue"", ""white"", ""sketch lines"", ""animation"", ""background"", ""nature""]",background,,,,unknown_legacy,parse_fallback_legacy,"pre-fix: psd-tools failed, fell back to thumbnail-only",,-6160780793021177344,,"애니메이션풍 하늘 배경이며, 구름 및 채색된 스케치 선이/가 보입니다.",하늘 · 구름 · 푸른색 · 흰색 · 스케치 선 · 애니메이션 · 배경 · 자연,2,2,,,,manual_review,2026-05-12T18:27:25
metadata-quality-v1-0118,metadata-quality-v1,2026-05-10T00:00:00+09:00,20260510,118,phash:5357835339950639616,webdav:/13730b09/발송작품/작품/유루유리/#11/1,legacy_warning,legacy_parse_or_caption_model,38562,webdav://13730b09/발송작품/작품/유루유리/#11/1/yr11_129.psd,38562_yr11_129.psd,발송작품/작품/유루유리/#11/1/yr11_129.psd,webdav:/13730b09/발송작품/작품/유루유리/#11/1,/Users/saintiron/Projects/Imagine/thumbnails/38562_yr11_129_thumb.png,psd,,,"A traditional Japanese shoji screen with a grid-patterned window beside it, bathed in soft natural light.","[""shoji"", ""traditional_japanese"", ""indoor"", ""natural_light"", ""peaceful"", ""3d_render""]",background,indoor,,,unknown_legacy,parse_fallback_legacy,"pre-fix: psd-tools failed, fell back to thumbnail-only",,5357835339950639616,1,"일본 전통 쇼지 문이며, 격자-무늬가 있는 창문 옆, 물든 부드러운 자연스러운 빛이/가 보입니다.",쇼지 · 일본 전통 · 실내 · 자연스러운 · 평온한 · 입체,2,2,,,,manual_review,2026-05-12T18:27:31
metadata-quality-v1-0119,metadata-quality-v1,2026-05-10T00:00:00+09:00,20260510,119,phash:-3394334313872838584,발송/외주 회사/뱅가드/24/#04/bg,legacy_warning,legacy_parse_or_caption_model,48801,webdav://13730b09/발송/외주 회사/뱅가드/24/#04/bg/VS8_04_023_GENZU.psd,48801_VS8_04_023_GENZU.psd,발송/외주 회사/뱅가드/24/#04/bg/VS8_04_023_GENZU.psd,발송/외주 회사/뱅가드/24/#04/bg,/Users/saintiron/Projects/Imagine/thumbnails/48801_VS8_04_023_GENZU_thumb.png,psd,,,"A waiting room with a blue sofa, chairs, and a screen.","[""waiting room"", ""anime"", ""interior"", ""furniture"", ""screen"", ""sofa"", ""chairs"", ""plant""]",background,,,,unknown_legacy,parse_fallback_legacy,"pre-fix: psd-tools failed, fell back to thumbnail-only",,-3394334313872838584,,"기다리는 방이며, 푸른색 소파, 의자, 및 화면이/가 보입니다.",기다리는 · 애니풍 · 실내 · 가구 · 화면 · 소파 · 의자 · 식물,2,2,,,,manual_review,2026-05-12T18:27:36
metadata-quality-v1-0120,metadata-quality-v1,2026-05-10T00:00:00+09:00,20260510,120,phash:-1082921436918303501,webdav:/13730b09/예비/크랑베르무/장소/전투/4,legacy_warning,legacy_parse_or_caption_model,40158,webdav://13730b09/예비/크랑베르무/장소/전투/4/grb07_104.psd,40158_grb07_104.psd,예비/크랑베르무/장소/전투/4/grb07_104.psd,webdav:/13730b09/예비/크랑베르무/장소/전투/4,/Users/saintiron/Projects/Imagine/thumbnails/40158_grb07_104_thumb.png,psd,,,"A dynamic lightning effect with glowing sparks and motion lines, overlaid on a sketchy character outline.","[""lightning"", ""glow"", ""particles"", ""distortion"", ""action"", ""energy"", ""red"", ""yellow"", ""sketch""]",effect,,,,unknown_legacy,parse_fallback_legacy,"pre-fix: psd-tools failed, fell back to thumbnail-only",,-1082921436918303501,,"역동적인 번개 효과 함께 빛나는 불꽃 및 움직임 선,이/가 스케치풍 캐릭터 윤곽 위에 겹쳐져 있습니다.",번개 · 광채 · 입자 · 왜곡 · 동작감 · 에너지 · 붉은 · 노란색 · 스케치,2,2,,,,manual_review,2026-05-12T18:27:40
metadata-quality-v1-0121,metadata-quality-v1,2026-05-10T00:00:00+09:00,20260510,121,phash:-6582960040950581168,발송/외주 회사/뱅가드/25/#01/bg,legacy_warning,legacy_parse_or_caption_model,49874,webdav://13730b09/발송/외주 회사/뱅가드/25/#01/bg/VS9_01_105_GENZU.psd,49874_VS9_01_105_GENZU.psd,발송/외주 회사/뱅가드/25/#01/bg/VS9_01_105_GENZU.psd,발송/외주 회사/뱅가드/25/#01/bg,/Users/saintiron/Projects/Imagine/thumbnails/49874_VS9_01_105_GENZU_thumb.png,psd,,,Four anime characters stand in a dimly lit room.,"[""anime"", ""ghosts"", ""characters"", ""room"", ""lighting""]",illustration,,,,unknown_legacy,parse_fallback_legacy,"pre-fix: psd-tools failed, fell back to thumbnail-only",,-6582960040950581168,,네 애니메이션 캐릭터 서 있음 안에 어둡게 조명된 방입니다.,애니풍 · 유령 · 캐릭터 · 방 · 조명,1,2,,,,manual_review,2026-05-12T18:27:57
metadata-quality-v1-0122,metadata-quality-v1,2026-05-10T00:00:00+09:00,20260510,122,content:cdc701616ba6bc28ece5758a5f079025182f38ae6dc8f549adb2639cd2d3da45,#3,ok,,57754,webdav://13730b09/예비/작품2/대마도학원35시험 소대/제작회사BG/#3/AT03_225.psd,57754_AT03_225.psd,예비/작품2/대마도학원35시험 소대/제작회사BG/#3/AT03_225.psd,#3,/Users/saintiron/Projects/Imagine/thumbnails/57754_AT03_225_thumb.png,psd,1685,1187,Line drawing of a person with a rifle in a stadium setting,"[""line drawing"", ""rifle"", ""person"", ""stadium"", ""crowd"", ""wall"", ""sketch""]",illustration,,,,Qwen/Qwen3.5-9B,,,cdc701616ba6bc28ece5758a5f079025182f38ae6dc8f549adb2639cd2d3da45,-5261127117845646848,,소총 안에 경기장 환경이/가 보이는 사람의 선화입니다.,선화 · 소총 · 사람 · 경기장 · 군중 · 벽 · 스케치,2,2,,,,manual_review,2026-05-12T18:28:05
metadata-quality-v1-0123,metadata-quality-v1,2026-05-10T00:00:00+09:00,20260510,123,phash:-8892740697956901376,webdav:/13730b09/발송4/범선/작품 쫑/후시/장소/잡것,legacy_warning,legacy_parse_or_caption_model,33122,webdav://13730b09/발송4/범선/작품 쫑/후시/장소/잡것/nfb12_100.psd,33122_nfb12_100.psd,발송4/범선/작품 쫑/후시/장소/잡것/nfb12_100.psd,webdav:/13730b09/발송4/범선/작품 쫑/후시/장소/잡것,/Users/saintiron/Projects/Imagine/thumbnails/33122_nfb12_100_thumb.png,psd,,,"Two creatures confront each other at the edge of a massive, glowing blue crater in a rocky landscape.","[""anime"", ""action_scene"", ""blue_crater"", ""fantasy"", ""epic"", ""creature_fight"", ""landscape"", ""digital_art""]",illustration,,,,unknown_legacy,parse_fallback_legacy,"pre-fix: psd-tools failed, fell back to thumbnail-only",,-8892740697956901376,,"두 생물 마주하는 서로 다른 쪽 에서 가장자리 의 거대한, 빛나는 푸른색 분화구 안에 바위가 많은 풍경입니다.",애니풍 · 동작감 · 푸른색 · 판타지 · 장대한 · 생물 · 풍경 · 디지털 아트,2,2,,,,manual_review,2026-05-12T18:28:11
metadata-quality-v1-0124,metadata-quality-v1,2026-05-10T00:00:00+09:00,20260510,124,phash:-5728322674684806920,webdav:/13730b09/발송/범선/기절용사와 암살공주/#09/bg,legacy_warning,legacy_parse_or_caption_model,51230,webdav://13730b09/발송/범선/기절용사와 암살공주/#09/bg/kya09_135.psd,51230_kya09_135.psd,발송/범선/기절용사와 암살공주/#09/bg/kya09_135.psd,webdav:/13730b09/발송/범선/기절용사와 암살공주/#09/bg,/Users/saintiron/Projects/Imagine/thumbnails/51230_kya09_135_thumb.png,psd,,,Anime-style illustration of a muscular man on a beach with a sketch overlay.,"[""beach"", ""ocean"", ""sky"", ""clouds"", ""sketch"", ""anime"", ""muscle"", ""man""]",illustration,,,,unknown_legacy,parse_fallback_legacy,"pre-fix: psd-tools failed, fell back to thumbnail-only",,-5728322674684806920,,스케치 오버레이이/가 보이는 근육질의 남성 위에 해변의 애니메이션풍 일러스트입니다.,해변 · 바다 · 하늘 · 구름 · 스케치 · 애니풍 · 근육 · 남성,2,2,,,,manual_review,2026-05-12T18:28:26
metadata-quality-v1-0125,metadata-quality-v1,2026-05-10T00:00:00+09:00,20260510,125,phash:-7161677110968262656,발송/외주 회사/뱅가드/24/#03/bg,legacy_warning,legacy_parse_or_caption_model,48979,webdav://13730b09/발송/외주 회사/뱅가드/24/#03/bg/VS8_03_052_GENZU.psd,48979_VS8_03_052_GENZU.psd,발송/외주 회사/뱅가드/24/#03/bg/VS8_03_052_GENZU.psd,발송/외주 회사/뱅가드/24/#03/bg,/Users/saintiron/Projects/Imagine/thumbnails/48979_VS8_03_052_GENZU_thumb.png,psd,,,A young man stands in a beam of light under a dark ceiling.,"[""anime"", ""spotlight"", ""character"", ""architecture"", ""blue"", ""dark"", ""projection"", ""indoor""]",illustration,,,,unknown_legacy,parse_fallback_legacy,"pre-fix: psd-tools failed, fell back to thumbnail-only",,-7161677110968262656,1,"빛줄기 의 빛 안에 젊은 남성이 서 있고, 어두운 천장 아래입니다.",애니풍 · 스포트라이트 · 캐릭터 · 건축 · 푸른색 · 어두운 · 투사 · 실내,2,2,,,,manual_review,2026-05-12T18:28:43
metadata-quality-v1-0126,metadata-quality-v1,2026-05-10T00:00:00+09:00,20260510,126,phash:-2668153183806644224,webdav:/13730b09/발송4/범선/작품 쫑/후시/장소/실내들,legacy_warning,legacy_parse_or_caption_model,33186,webdav://13730b09/발송4/범선/작품 쫑/후시/장소/실내들/nfb03_123_BG1.psd,33186_nfb03_123_BG1.psd,발송4/범선/작품 쫑/후시/장소/실내들/nfb03_123_BG1.psd,webdav:/13730b09/발송4/범선/작품 쫑/후시/장소/실내들,/Users/saintiron/Projects/Imagine/thumbnails/33186_nfb03_123_BG1_thumb.png,psd,,,"A central figure stands surrounded by eight others on a blue tiled floor, rendered in a minimalist line art style.","[""lineart"", ""blue"", ""white"", ""central figure"", ""surrounded"", ""tiled floor"", ""minimalist"", ""serene""]",illustration,,,,unknown_legacy,parse_fallback_legacy,"pre-fix: psd-tools failed, fell back to thumbnail-only",,-2668153183806644224,1,"중앙의 인물 서 있음 둘러싸인 여덟 다른 인물 위에 푸른색 타일로 된 바닥, 표현된 미니멀한 선화 스타일입니다.",선화 · 푸른색 · 흰색 · 중앙의 · 둘러싸인 · 타일로 된 · 미니멀한 · 고요한,2,2,,,,manual_review,2026-05-12T18:28:59
metadata-quality-v1-0127,metadata-quality-v1,2026-05-10T00:00:00+09:00,20260510,127,phash:-4991471960321769776,발송/외주 회사/뱅가드/25/#05/bg,legacy_warning,legacy_parse_or_caption_model,49657,webdav://13730b09/발송/외주 회사/뱅가드/25/#05/bg/VS9_05_046_GENZU.psd,49657_VS9_05_046_GENZU.psd,발송/외주 회사/뱅가드/25/#05/bg/VS9_05_046_GENZU.psd,발송/외주 회사/뱅가드/25/#05/bg,/Users/saintiron/Projects/Imagine/thumbnails/49657_VS9_05_046_GENZU_thumb.png,psd,,,Anime characters with colorful hair and expressive eyes.,"[""anime"", ""characters"", ""colorful"", ""expressive"", ""hair"", ""eyes"", ""digital"", ""art""]",illustration,,,,unknown_legacy,parse_fallback_legacy,"pre-fix: psd-tools failed, fell back to thumbnail-only",,-4991471960321769776,1,"애니메이션 캐릭터이며, 화려한 머리카락 및 표정이 풍부한 눈이/가 보입니다.",애니풍 · 캐릭터 · 화려한 · 표정이 풍부한 · 머리카락 · 눈 · 디지털 · 아트,2,2,,,,manual_review,2026-05-12T18:29:08
metadata-quality-v1-0128,metadata-quality-v1,2026-05-10T00:00:00+09:00,20260510,128,phash:42946738064634368,webdav:/13730b09/예비/크랑베르무/장소/전투/7,legacy_warning,legacy_parse_or_caption_model,39479,webdav://13730b09/예비/크랑베르무/장소/전투/7/grb13_060_062_BG2.psd,39479_grb13_060_062_BG2.psd,예비/크랑베르무/장소/전투/7/grb13_060_062_BG2.psd,webdav:/13730b09/예비/크랑베르무/장소/전투/7,/Users/saintiron/Projects/Imagine/thumbnails/39479_grb13_060_062_BG2_thumb.png,psd,,,Abstract blue nebula with glowing cosmic clouds and dark voids.,"[""space"", ""nebula"", ""cosmos"", ""blue"", ""abstract"", ""glow"", ""dark"", ""texture""]",texture,,,,unknown_legacy,parse_fallback_legacy,"pre-fix: psd-tools failed, fell back to thumbnail-only",,42946738064634368,,"추상적인 푸른색 성운이며, 빛나는 우주적인 구름 및 어두운 빈 공간이/가 보입니다.",우주 · 성운 · 푸른색 · 추상적인 · 광채 · 어두운 · 질감,2,2,,,,manual_review,2026-05-12T18:29:13
metadata-quality-v1-0129,metadata-quality-v1,2026-05-10T00:00:00+09:00,20260510,129,phash:-9017067918657011712,webdav:/13730b09/예비/크랑베르무/장소/전투/6,legacy_warning,legacy_parse_or_caption_model,39737,webdav://13730b09/예비/크랑베르무/장소/전투/6/grb12_098.psd,39737_grb12_098.psd,예비/크랑베르무/장소/전투/6/grb12_098.psd,webdav:/13730b09/예비/크랑베르무/장소/전투/6,/Users/saintiron/Projects/Imagine/thumbnails/39737_grb12_098_thumb.png,psd,,,Three translucent figures stand against a vibrant pink and purple sky.,"[""anime"", ""fantasy"", ""sky"", ""figures"", ""pink"", ""purple"", ""translucent"", ""space""]",illustration,,,,unknown_legacy,parse_fallback_legacy,"pre-fix: psd-tools failed, fell back to thumbnail-only",,-9017067918657011712,1,세 반투명한 인물 서 있음 배경으로 선명한 분홍색 및 보라색 하늘입니다.,애니풍 · 판타지 · 하늘 · 인물 · 분홍색 · 보라색 · 반투명한 · 우주,2,2,,,,manual_review,2026-05-12T18:29:19
metadata-quality-v1-0130,metadata-quality-v1,2026-05-10T00:00:00+09:00,20260510,130,phash:-1094103177544286054,webdav:/13730b09/발송4/범선/작품 쫑/후시/보도,legacy_warning,legacy_parse_or_caption_model,35404,webdav://13730b09/발송4/범선/작품 쫑/후시/보도/マルトの街_全景_夜.psd,35404_マルトの街_全景_夜.psd,발송4/범선/작품 쫑/후시/보도/マルトの街_全景_夜.psd,webdav:/13730b09/발송4/범선/작품 쫑/후시/보도,/Users/saintiron/Projects/Imagine/thumbnails/35404_マルトの街_全景_夜_thumb.png,psd,,,"A tranquil night view of a cliffside village under a starry sky, with warm lights illuminating the buildings and a river flowing below.","[""night"", ""village"", ""cliffside"", ""stars"", ""anime"", ""serene"", ""landscape"", ""water"", ""lights"", ""mountains""]",illustration,,,,unknown_legacy,parse_fallback_legacy,"pre-fix: psd-tools failed, fell back to thumbnail-only",,-1094103177544286054,439,"따뜻한 조명 비추는 건물 및 강 흐르는 아래이/가 보이는 절벽 마을 아래 별이 있는 하늘,의 고요한 밤 풍경입니다.",밤 · 마을 · 절벽가 · 별 · 애니풍 · 고요한 · 풍경 · 물 · 조명 · 산,2,2,,,,manual_review,2026-05-12T18:29:37
metadata-quality-v1-0131,metadata-quality-v1,2026-05-10T00:00:00+09:00,20260510,131,phash:-7306852236878245376,webdav:/13730b09/발송/범선/기절용사와 암살공주/#12/bg,legacy_warning,legacy_parse_or_caption_model,50548,webdav://13730b09/발송/범선/기절용사와 암살공주/#12/bg/kya12_172.psd,50548_kya12_172.psd,발송/범선/기절용사와 암살공주/#12/bg/kya12_172.psd,webdav:/13730b09/발송/범선/기절용사와 암살공주/#12/bg,/Users/saintiron/Projects/Imagine/thumbnails/50548_kya12_172_thumb.png,psd,,,A serene forest scene with wooden fences and translucent character outlines.,"[""forest"", ""trees"", ""fence"", ""nature"", ""translucent"", ""characters"", ""greenery"", ""wood""]",background,,,,unknown_legacy,parse_fallback_legacy,"pre-fix: psd-tools failed, fell back to thumbnail-only",,-7306852236878245376,1,"고요한 숲 장면이며, 나무 울타리 및 반투명한 캐릭터 윤곽선이/가 보입니다.",숲 · 나무 · 울타리 · 자연 · 반투명한 · 캐릭터 · 녹음,1,2,,,,manual_review,2026-05-12T18:29:45
metadata-quality-v1-0132,metadata-quality-v1,2026-05-10T00:00:00+09:00,20260510,132,content:c48457091fce7495c50f895437dfa2afee15603336eaa1ab7789dffb2d86273f,발송작품/작품/레이다스/수정,legacy_warning,legacy_parse_or_caption_model,28955,webdav://13730b09/발송작품/작품/레이다스/수정/BR01_017.psd,BR01_017.psd,발송작품/작품/레이다스/수정/BR01_017.psd,발송작품/작품/레이다스/수정,/Users/saintiron/Projects/Imagine/output/thumbnails/webdav_13730b09_BR01_017_3ba9794f4757_thumb.png,psd,1685,1191,"Two glowing crystal formations hover above a dark, textured seabed in an underwater realm.","[""underwater"", ""crystals"", ""bioluminescent"", ""deep_sea"", ""fantasy"", ""ethereal""]",background,underwater,,,unknown_legacy,parse_fallback_legacy,"pre-fix: psd-tools failed, fell back to thumbnail-only",c48457091fce7495c50f895437dfa2afee15603336eaa1ab7789dffb2d86273f,-5714873378694585600,1,"두 빛나는 수정 지형 떠 있는 위에 어두운, 질감 있는 해저 안에 수중 영역입니다.",수중 · 수정 · 생물 발광 · 짙은 · 판타지 · 몽환적인,1,2,,,,manual_review,2026-05-12T18:29:53
metadata-quality-v1-0133,metadata-quality-v1,2026-05-10T00:00:00+09:00,20260510,133,phash:-7157153607960712014,webdav:/13730b09/예비/크랑베르무/장소/전투/5,legacy_warning,legacy_parse_or_caption_model,40017,webdav://13730b09/예비/크랑베르무/장소/전투/5/grb09_267.psd,40017_grb09_267.psd,예비/크랑베르무/장소/전투/5/grb09_267.psd,webdav:/13730b09/예비/크랑베르무/장소/전투/5,/Users/saintiron/Projects/Imagine/thumbnails/40017_grb09_267_thumb.png,psd,,,"A serene anime-style night sky filled with stars and soft clouds, with subtle glowing light beams.","[""night sky"", ""stars"", ""clouds"", ""anime"", ""serene"", ""deep blue"", ""glowing beams""]",background,sky,night,clear,unknown_legacy,parse_fallback_legacy,"pre-fix: psd-tools failed, fell back to thumbnail-only",,-7157153607960712014,,"고요한 애니메이션풍 밤하늘 가득 찬이며, 별 및 부드러운 구름, 함께 은은한 빛나는 빛 빛줄기이/가 보입니다.",밤하늘 · 별 · 구름 · 애니풍 · 고요한 · 짙은 · 빛나는,2,2,,,,manual_review,2026-05-12T18:30:00
metadata-quality-v1-0134,metadata-quality-v1,2026-05-10T00:00:00+09:00,20260510,134,phash:-3967971658965801984,webdav:/13730b09/예비/크랑베르무/장소/홍콩사무실,legacy_warning,legacy_parse_or_caption_model,38998,webdav://13730b09/예비/크랑베르무/장소/홍콩사무실/grb04_094_110.psd,38998_grb04_094_110.psd,예비/크랑베르무/장소/홍콩사무실/grb04_094_110.psd,webdav:/13730b09/예비/크랑베르무/장소/홍콩사무실,/Users/saintiron/Projects/Imagine/thumbnails/38998_grb04_094_110_thumb.png,psd,,,"A split-screen illustration juxtaposes a quiet, orderly bookshelf room with a mysterious, glowing green cavern, suggesting contrasting worlds or themes.","[""anime"", ""still_life"", ""bookshelf"", ""cavern"", ""green_light"", ""contrast"", ""mysterious"", ""split_screen""]",illustration,,,,unknown_legacy,parse_fallback_legacy,"pre-fix: psd-tools failed, fell back to thumbnail-only",,-3967971658965801984,307,"분할 화면 일러스트 대비시키는 조용한, 정돈된 책장 방이며, 신비로운, 빛나는 초록 동굴, 암시하는 대비되는 세계 또는 주제이/가 보입니다.",애니풍 · 정물 · 책장 · 동굴 · 초록 · 대비 · 신비로운 · 화면,1,2,,,,manual_review,2026-05-12T18:30:09
metadata-quality-v1-0135,metadata-quality-v1,2026-05-10T00:00:00+09:00,20260510,135,phash:-1661068831974305760,발송/외주 회사/뱅가드/25/#10/bg,legacy_warning,legacy_parse_or_caption_model,49283,webdav://13730b09/발송/외주 회사/뱅가드/25/#10/bg/VS9_10_310_GENZU.psd,49283_VS9_10_310_GENZU.psd,발송/외주 회사/뱅가드/25/#10/bg/VS9_10_310_GENZU.psd,발송/외주 회사/뱅가드/25/#10/bg,/Users/saintiron/Projects/Imagine/thumbnails/49283_VS9_10_310_GENZU_thumb.png,psd,,,Anime-style character with a futuristic background and logo.,"[""anime"", ""character"", ""futuristic"", ""logo"", ""digital art"", ""blue"", ""white"", ""pink""]",illustration,,,,unknown_legacy,parse_fallback_legacy,"pre-fix: psd-tools failed, fell back to thumbnail-only",,-1661068831974305760,1,"애니메이션풍 캐릭터이며, 미래적인 배경 및 로고이/가 보입니다.",애니풍 · 캐릭터 · 미래적인 · 로고 · 디지털 아트 · 푸른색 · 흰색 · 분홍색,2,2,,,,manual_review,2026-05-12T18:30:14
metadata-quality-v1-0136,metadata-quality-v1,2026-05-10T00:00:00+09:00,20260510,136,content:c1783bfccbbb853042dbf68f2beeb253629950a7ab8135c3b6d4c59ab1eb9c1b,#3,ok,,57627,webdav://13730b09/예비/작품2/대마도학원35시험 소대/제작회사BG/#3/AT03_067.psd,57627_AT03_067.psd,예비/작품2/대마도학원35시험 소대/제작회사BG/#3/AT03_067.psd,#3,/Users/saintiron/Projects/Imagine/thumbnails/57627_AT03_067_thumb.png,psd,2338,1653,Anime-style character line art overlaid on a classroom scene with windows and desks.,"[""anime"", ""line art"", ""classroom"", ""window"", ""school uniform"", ""character design"", ""overlay"", ""sketch""]",illustration,,,,Qwen/Qwen3.5-9B,,,c1783bfccbbb853042dbf68f2beeb253629950a7ab8135c3b6d4c59ab1eb9c1b,-6582973372325384192,1,애니메이션풍 캐릭터 선화가 교실 장면 함께 창문 및 책상 위에 겹쳐져 있습니다.,애니풍 · 선화 · 교실 · 창문 · 학교 · 캐릭터 · 오버레이 · 스케치,1,2,,,,manual_review,2026-05-12T18:32:25
metadata-quality-v1-0137,metadata-quality-v1,2026-05-10T00:00:00+09:00,20260510,137,phash:-8165441126731942368,실내소품,ok,,31545,/Users/saintiron/imageDB/마캬베리즈무/실내소품/SG31_098.psd,SG31_098.psd,SG31_098.psd,실내소품,/Users/saintiron/Projects/Imagine/thumbnails/SG31_098_thumb.png,psd,1756,1208,Shelves with trophies and cups in a warmly lit room.,"[""shelves"", ""trophies"", ""cups"", ""wall"", ""frame"", ""wood"", ""gold"", ""silver""]",background,,,,Qwen/Qwen3.5-9B,vision_done,,,-8165441126731942368,,"선반이며, 트로피 및 컵 안에 따뜻하게 조명된 방이/가 보입니다.",선반 · 트로피 · 컵 · 벽 · 프레임 · 나무 · 금색 · 은색,2,2,,,,manual_review,2026-05-12T18:32:30
metadata-quality-v1-0138,metadata-quality-v1,2026-05-10T00:00:00+09:00,20260510,138,phash:-4546246458311510528,발송4/범선/종말투어링/#07/bg,legacy_warning,legacy_parse_or_caption_model,32472,webdav://13730b09/발송4/범선/종말투어링/#07/bg/syt07_175.psd,32472_syt07_175.psd,발송4/범선/종말투어링/#07/bg/syt07_175.psd,발송4/범선/종말투어링/#07/bg,/Users/saintiron/Projects/Imagine/thumbnails/32472_syt07_175_thumb.png,psd,,,"Anime character portrait with grid overlay, set in a forest with cool-toned lighting and subtle color grading.","[""anime"", ""portrait"", ""grid_overlay"", ""forest_background"", ""cool_color_palette"", ""contemplative_emotion""]",character,,,,unknown_legacy,parse_fallback_legacy,"pre-fix: psd-tools failed, fell back to thumbnail-only",,-4546246458311510528,,"애니메이션 캐릭터 인물화이며, 격자 오버레이, 안에 있는 숲 함께 차가운 색조의 조명 및 은은한 색보정이/가 보입니다.",애니풍 · 인물화 · 격자 · 숲 · 차가운 색상 팔레트 · 사색적인,2,2,,,,manual_review,2026-05-12T18:32:38
metadata-quality-v1-0139,metadata-quality-v1,2026-05-10T00:00:00+09:00,20260510,139,content:5ad32d6953ad7d3ce072ff2006c75be10b99da6dbf9859fa7c86fc41fb4f2568,#1,ok,,58223,webdav://13730b09/예비/작품2/대마도학원35시험 소대/제작회사BG/#1/TM#01_157r.psd,58223_TM#01_157r.psd,예비/작품2/대마도학원35시험 소대/제작회사BG/#1/TM#01_157r.psd,#1,/Users/saintiron/Projects/Imagine/thumbnails/58223_TM#01_157r_thumb.png,psd,1930,1513,"Dark room with open door, wooden barrel, and patterned wallpaper.","[""room"", ""door"", ""barrel"", ""wallpaper"", ""wooden floor"", ""dark interior"", ""open door"", ""furniture""]",background,,,,Qwen/Qwen3.5-9B,,,5ad32d6953ad7d3ce072ff2006c75be10b99da6dbf9859fa7c86fc41fb4f2568,73002182321847297,474,"어두운 방이며, 열린 문, 나무 통, 및 무늬가 있는 벽지이/가 보입니다.",방 · 문 · 통 · 벽지 · 나무 · 어두운 · 열린 · 가구,2,2,,,,manual_review,2026-05-12T18:32:44
metadata-quality-v1-0140,metadata-quality-v1,2026-05-10T00:00:00+09:00,20260510,140,phash:-9178159428830977024,webdav:/13730b09/발송4/범선/작품 쫑/후시/장소/대장간,legacy_warning,legacy_parse_or_caption_model,34850,webdav://13730b09/발송4/범선/작품 쫑/후시/장소/대장간/nfb03_086.psd,34850_nfb03_086.psd,발송4/범선/작품 쫑/후시/장소/대장간/nfb03_086.psd,webdav:/13730b09/발송4/범선/작품 쫑/후시/장소/대장간,/Users/saintiron/Projects/Imagine/thumbnails/34850_nfb03_086_thumb.png,psd,,,"Anime-style portrait sketch in monochrome, featuring a character's face partially obscured by a wooden frame, with layered line art and grayscale tones.","[""anime"", ""portrait"", ""sketch"", ""monochrome"", ""mysterious"", ""lineart"", ""digital"", ""illustration""]",illustration,,,,unknown_legacy,parse_fallback_legacy,"pre-fix: psd-tools failed, fell back to thumbnail-only",,-9178159428830977024,1,"애니메이션풍 인물화 스케치 안에 단색, 포함하는 캐릭터의 얼굴 부분적으로 가려진 의해 나무 프레임,이며, 겹쳐진 선화 및 회색조 색조이/가 보입니다.",애니풍 · 인물화 · 스케치 · 단색 · 신비로운 · 선화 · 디지털 · 일러스트,2,2,,,,manual_review,2026-05-12T18:32:51
metadata-quality-v1-0141,metadata-quality-v1,2026-05-10T00:00:00+09:00,20260510,141,phash:-2676551210636748088,webdav:/13730b09/예비/크랑베르무/장소/성안,legacy_warning,legacy_parse_or_caption_model,41501,webdav://13730b09/예비/크랑베르무/장소/성안/grb13_275_R.psd,41501_grb13_275_R.psd,예비/크랑베르무/장소/성안/grb13_275_R.psd,webdav:/13730b09/예비/크랑베르무/장소/성안,/Users/saintiron/Projects/Imagine/thumbnails/41501_grb13_275_R_thumb.png,psd,,,A stage with wooden panels and brick wall under red lighting.,"[""stage"", ""wood"", ""brick"", ""red"", ""lighting"", ""panel"", ""wall"", ""theater""]",background,,,,unknown_legacy,parse_fallback_legacy,"pre-fix: psd-tools failed, fell back to thumbnail-only",,-2676551210636748088,1,"붉은 조명 아래의 무대이며, 나무 패널 및 벽돌 벽이/가 보입니다.",무대 · 나무 · 벽돌 · 붉은 · 조명 · 패널 · 벽 · 극장,1,2,,,,manual_review,2026-05-12T18:32:59
metadata-quality-v1-0142,metadata-quality-v1,2026-05-10T00:00:00+09:00,20260510,142,content:61699e2d358de404957c5843cbcfb33f953868f6998f74578922567067dbb28d,#2,ok,,57996,webdav://13730b09/예비/작품2/대마도학원35시험 소대/제작회사BG/#2/TM#02_247.psd,57996_TM#02_247.psd,예비/작품2/대마도학원35시험 소대/제작회사BG/#2/TM#02_247.psd,#2,/Users/saintiron/Projects/Imagine/thumbnails/57996_TM#02_247_thumb.png,psd,1681,1196,Storyboard sketch of a futuristic dome structure amidst trees under a cloudy sky.,"[""dome"", ""trees"", ""sky"", ""clouds"", ""sketch"", ""futuristic"", ""wireframe""]",illustration,,,,Qwen/Qwen3.5-9B,,,61699e2d358de404957c5843cbcfb33f953868f6998f74578922567067dbb28d,-4852478305526438400,,스토리보드 스케치 의 미래적인 돔 구조물 사이에 나무 아래 구름 낀 하늘입니다.,돔 · 나무 · 하늘 · 구름 · 스케치 · 미래적인 · 와이어프레임,1,1,,"caption_wrong,tag_false_positive",미래적인 것 없음,manual_review,2026-05-13T23:19:47
metadata-quality-v1-0143,metadata-quality-v1,2026-05-10T00:00:00+09:00,20260510,143,content:8be5385477f04c0a69ed8344087db36694d263a8bf62ee91381893833e3146a6,#4,ok,,57466,webdav://13730b09/예비/작품2/대마도학원35시험 소대/제작회사BG/_4/#4/TM#04_025.psd,57466_TM#04_025.psd,예비/작품2/대마도학원35시험 소대/제작회사BG/_4/#4/TM#04_025.psd,#4,/Users/saintiron/Projects/Imagine/thumbnails/57466_TM#04_025_thumb.png,psd,1753,1173,Nighttime food stall scene with glowing signs and silhouetted figures,"[""food stalls"", ""neon signs"", ""night"", ""silhouettes"", ""lanterns"", ""market"", ""outdoor"", ""anime""]",illustration,,,,Qwen/Qwen3.5-9B,,,8be5385477f04c0a69ed8344087db36694d263a8bf62ee91381893833e3146a6,-3536769586323997632,,"밤 음식 가판대 장면이며, 빛나는 표지판 및 실루엣으로 보이는 인물이/가 보입니다.",음식 노점 · 네온 · 밤 · 실루엣 · 등불 · 시장 · 야외 · 애니풍,2,2,,,,manual_review,2026-05-12T23:18:28
metadata-quality-v1-0144,metadata-quality-v1,2026-05-10T00:00:00+09:00,20260510,144,phash:-3682041464291017728,webdav:/13730b09/발송4/범선/작품 쫑/후시/장소/라투루의저택.장미.정원,legacy_warning,legacy_parse_or_caption_model,34313,webdav://13730b09/발송4/범선/작품 쫑/후시/장소/라투루의저택.장미.정원/nfb11_039.psd,34313_nfb11_039.psd,발송4/범선/작품 쫑/후시/장소/라투루의저택.장미.정원/nfb11_039.psd,webdav:/13730b09/발송4/범선/작품 쫑/후시/장소/라투루의저택.장미.정원,/Users/saintiron/Projects/Imagine/thumbnails/34313_nfb11_039_thumb.png,psd,,,A misty field of pink roses in a serene spring setting.,"[""roses"", ""mist"", ""spring"", ""anime"", ""serene""]",background,natural,day,misty,unknown_legacy,parse_fallback_legacy,"pre-fix: psd-tools failed, fell back to thumbnail-only",,-3682041464291017728,,안개 낀 들판 의 분홍색 장미 안에 고요한 봄 환경입니다.,장미 · 안개 · 봄 · 애니풍 · 고요한,2,2,,,,manual_review,2026-05-12T23:18:37
metadata-quality-v1-0145,metadata-quality-v1,2026-05-10T00:00:00+09:00,20260510,145,phash:-3700634390462679040,실내소품,ok,,31191,/Users/saintiron/imageDB/마캬베리즈무/실내소품/205_bg_hg05.psd,205_bg_hg05.psd,205_bg_hg05.psd,실내소품,/Users/saintiron/Projects/Imagine/thumbnails/205_bg_hg05_thumb.png,psd,1698,1190,"Kitchen wall with hanging pots, pans, and utensils against brick and white background.","[""kitchen"", ""pots"", ""pans"", ""utensils"", ""brick wall"", ""hanging rack"", ""shelving"", ""cooking tools""]",background,,,,Qwen/Qwen3.5-9B,vision_done,,,-3700634390462679040,,"주방 벽이며, 걸려 있는 냄비, 팬, 및 조리도구 배경으로 벽돌 및 흰색 배경이/가 보입니다.",주방 · 냄비 · 팬 · 조리도구 · 벽돌 벽 · 걸려 있는 · 선반 · 도구,2,2,,,,manual_review,2026-05-12T23:18:44
metadata-quality-v1-0146,metadata-quality-v1,2026-05-10T00:00:00+09:00,20260510,146,phash:-1084537443594473232,발송/외주 회사/뱅가드/24/#03/bg,legacy_warning,legacy_parse_or_caption_model,48971,webdav://13730b09/발송/외주 회사/뱅가드/24/#03/bg/VS8_03_041_GENZU.psd,48971_VS8_03_041_GENZU.psd,발송/외주 회사/뱅가드/24/#03/bg/VS8_03_041_GENZU.psd,발송/외주 회사/뱅가드/24/#03/bg,/Users/saintiron/Projects/Imagine/thumbnails/48971_VS8_03_041_GENZU_thumb.png,psd,,,Anime character sketch in a blue-tinted stadium setting.,"[""anime"", ""sketch"", ""stadium"", ""character"", ""blue"", ""line art"", ""digital art"", ""fantasy""]",illustration,,,,unknown_legacy,parse_fallback_legacy,"pre-fix: psd-tools failed, fell back to thumbnail-only",,-1084537443594473232,1,애니메이션 캐릭터 스케치 안에 푸른색-색이 입혀진 경기장 환경입니다.,애니풍 · 스케치 · 경기장 · 캐릭터 · 푸른색 · 선화 · 디지털 아트 · 판타지,2,2,,,,manual_review,2026-05-12T23:18:50
metadata-quality-v1-0147,metadata-quality-v1,2026-05-10T00:00:00+09:00,20260510,147,phash:-3680316232128076288,발송4/범선/종말투어링/#01/bg,legacy_warning,legacy_parse_or_caption_model,32593,webdav://13730b09/발송4/범선/종말투어링/#01/bg/syt01_333_1e.psd,32593_syt01_333_1e.psd,발송4/범선/종말투어링/#01/bg/syt01_333_1e.psd,발송4/범선/종말투어링/#01/bg,/Users/saintiron/Projects/Imagine/thumbnails/32593_syt01_333_1e_thumb.png,psd,,,"A sunlit, overgrown urban alleyway with ivy-covered walls and a weathered gate, evoking a sense of quiet decay and forgotten beauty.","[""urban"", ""overgrown"", ""golden_hour"", ""anime"", ""melancholic"", ""ivy"", ""old_building"", ""dappled_light""]",background,urban,,,unknown_legacy,parse_fallback_legacy,"pre-fix: psd-tools failed, fell back to thumbnail-only",,-3680316232128076288,1,"햇빛이 드는, 무성하게 자란 도시의 골목길이며, 담쟁이로 덮인 벽 및 낡은 문, 느낌을 주는 느낌 의 조용한 부식 및 잊힌 아름다움이/가 보입니다.",도시의 · 무성하게 자란 · 금빛 · 애니풍 · 쓸쓸한 · 담쟁이 · 오래된 · 얼룩진 빛,2,2,,,,manual_review,2026-05-12T23:18:59
metadata-quality-v1-0148,metadata-quality-v1,2026-05-10T00:00:00+09:00,20260510,148,phash:-1089113955663967744,webdav:/13730b09/발송/외주 회사/뱅가드/26/#12/bg,legacy_warning,legacy_parse_or_caption_model,47301,webdav://13730b09/발송/외주 회사/뱅가드/26/#12/bg/VS10_12_179_GENZU.psd,47301_VS10_12_179_GENZU.psd,발송/외주 회사/뱅가드/26/#12/bg/VS10_12_179_GENZU.psd,webdav:/13730b09/발송/외주 회사/뱅가드/26/#12/bg,/Users/saintiron/Projects/Imagine/thumbnails/47301_VS10_12_179_GENZU_thumb.png,psd,,,"A translucent anime girl with tears, superimposed over a sunset scene.","[""anime"", ""girl"", ""sunset"", ""tears"", ""translucent"", ""overlay"", ""sadness"", ""sky""]",illustration,,,,unknown_legacy,parse_fallback_legacy,"pre-fix: psd-tools failed, fell back to thumbnail-only",,-1089113955663967744,1,"반투명한 애니풍 소녀이며, 눈물, 위에 겹쳐진 일몰 장면이/가 보입니다.",애니풍 · 소녀 · 일몰 · 눈물 · 반투명한 · 오버레이 · 슬픔 · 하늘,2,2,,,,manual_review,2026-05-12T23:19:08
metadata-quality-v1-0149,metadata-quality-v1,2026-05-10T00:00:00+09:00,20260510,149,phash:-6156831191130912622,발송/외주 회사/뱅가드/25/#12/bg,legacy_warning,legacy_parse_or_caption_model,49103,webdav://13730b09/발송/외주 회사/뱅가드/25/#12/bg/VS9_12_378_GENZU.psd,49103_VS9_12_378_GENZU.psd,발송/외주 회사/뱅가드/25/#12/bg/VS9_12_378_GENZU.psd,발송/외주 회사/뱅가드/25/#12/bg,/Users/saintiron/Projects/Imagine/thumbnails/49103_VS9_12_378_GENZU_thumb.png,psd,,,Sketch of a winged figure soaring through a cloudy sky.,"[""anime"", ""sky"", ""clouds"", ""winged figure"", ""sketch"", ""fantasy"", ""blue"", ""white""]",illustration,,,,unknown_legacy,parse_fallback_legacy,"pre-fix: psd-tools failed, fell back to thumbnail-only",,-6156831191130912622,,스케치 의 날개 달린 인물 날아오르는 통해 구름 낀 하늘입니다.,애니풍 · 하늘 · 구름 · 날개 달린 · 스케치 · 판타지 · 푸른색 · 흰색,2,2,,,,manual_review,2026-05-12T23:19:12
metadata-quality-v1-0150,metadata-quality-v1,2026-05-10T00:00:00+09:00,20260510,150,phash:-8591020321570102272,webdav:/13730b09/예비/크랑베르무/장소/잡것,legacy_warning,legacy_parse_or_caption_model,41007,webdav://13730b09/예비/크랑베르무/장소/잡것/grb07_285.psd,41007_grb07_285.psd,예비/크랑베르무/장소/잡것/grb07_285.psd,webdav:/13730b09/예비/크랑베르무/장소/잡것,/Users/saintiron/Projects/Imagine/thumbnails/41007_grb07_285_thumb.png,psd,,,"A serene garden with white benches, lush flowers, and a grand building in the background.","[""garden"", ""flowers"", ""benches"", ""building"", ""anime"", ""landscape"", ""peaceful"", ""daytime""]",background,,,,unknown_legacy,parse_fallback_legacy,"pre-fix: psd-tools failed, fell back to thumbnail-only",,-8591020321570102272,,"고요한 정원이며, 흰색 벤치, 무성한 꽃, 및 웅장한 건물 안에 배경이/가 보입니다.",정원 · 꽃 · 벤치 · 건물 · 애니풍 · 풍경 · 평온한 · 낮,2,2,,,,manual_review,2026-05-12T23:19:17
metadata-quality-v1-0151,metadata-quality-v1,2026-05-10T00:00:00+09:00,20260510,151,phash:1579756747418570028,webdav:/13730b09/예비/크랑베르무/장소/켐핑장,legacy_warning,legacy_parse_or_caption_model,39370,webdav://13730b09/예비/크랑베르무/장소/켐핑장/grb11_146.psd,39370_grb11_146.psd,예비/크랑베르무/장소/켐핑장/grb11_146.psd,webdav:/13730b09/예비/크랑베르무/장소/켐핑장,/Users/saintiron/Projects/Imagine/thumbnails/39370_grb11_146_thumb.png,psd,,,Two anime-style girls are looking out of a cable car window at a scenic view of green mountains and a blue sky.,"[""anime"", ""cable car"", ""girls"", ""mountains"", ""nature"", ""sky"", ""window"", ""travel"", ""landscape"", ""blue sky""]",,,,,unknown_legacy,parse_fallback_legacy,"pre-fix: psd-tools failed, fell back to thumbnail-only",,1579756747418570028,485,두 애니메이션풍 소녀들 바라보는 밖 의 케이블 자동차 창문 에서 풍경이 좋은 풍경 의 초록 산 및 푸른 하늘입니다.,애니풍 · 케이블 · 소녀들 · 산 · 자연 · 하늘 · 창문 · 여행 · 풍경 · 푸른 하늘,2,2,,,,manual_review,2026-05-12T23:19:28
metadata-quality-v1-0152,metadata-quality-v1,2026-05-10T00:00:00+09:00,20260510,152,content:55fae15e6f3772e10eaf88df3b7f5043f65b688512c8533539bb9e62923c7508,#4,ok,,57515,webdav://13730b09/예비/작품2/대마도학원35시험 소대/제작회사BG/_4/#4/TM#04_178.psd,57515_TM#04_178.psd,예비/작품2/대마도학원35시험 소대/제작회사BG/_4/#4/TM#04_178.psd,#4,/Users/saintiron/Projects/Imagine/thumbnails/57515_TM#04_178_thumb.png,psd,1684,1190,Sketch of characters in a barren landscape with handwritten notes.,"[""characters"", ""landscape"", ""sketch"", ""handwritten notes"", ""monochrome""]",illustration,,,,Qwen/Qwen3.5-9B,,,55fae15e6f3772e10eaf88df3b7f5043f65b688512c8533539bb9e62923c7508,-6731026882101600768,1,손글씨 메모이/가 보이는 캐릭터 안에 황량한 풍경의 스케치입니다.,캐릭터 · 풍경 · 스케치 · 손글씨 · 단색,2,2,,,,manual_review,2026-05-12T23:19:33
metadata-quality-v1-0153,metadata-quality-v1,2026-05-10T00:00:00+09:00,20260510,153,phash:-4846782645611212800,webdav:/13730b09/예비/크랑베르무/장소/신게츠의집,legacy_warning,legacy_parse_or_caption_model,41424,webdav://13730b09/예비/크랑베르무/장소/신게츠의집/grb09_041.psd,41424_grb09_041.psd,예비/크랑베르무/장소/신게츠의집/grb09_041.psd,webdav:/13730b09/예비/크랑베르무/장소/신게츠의집,/Users/saintiron/Projects/Imagine/thumbnails/41424_grb09_041_thumb.png,psd,,,"Anime girl with light blue hair looking out a window, holding a phone, with a clear blue sky and building visible outside.","[""anime"", ""girl"", ""window"", ""blue sky"", ""phone"", ""contemplative"", ""school uniform"", ""illustration""]",illustration,,,,unknown_legacy,parse_fallback_legacy,"pre-fix: psd-tools failed, fell back to thumbnail-only",,-4846782645611212800,,"애니풍 소녀이며, 빛 푸른색 머리카락 바라보는 밖 창문, 들고 있는 전화기, 함께 맑은 푸른 하늘 및 건물 보이는 바깥이/가 보입니다.",애니풍 · 소녀 · 창문 · 푸른 하늘 · 전화기 · 사색적인 · 학교 · 일러스트,2,2,,,,manual_review,2026-05-12T23:20:39
metadata-quality-v1-0154,metadata-quality-v1,2026-05-10T00:00:00+09:00,20260510,154,phash:-524461561797509120,webdav:/13730b09/발송작품/작품/Fate/sankouBG,legacy_warning,legacy_parse_or_caption_model,46439,webdav://13730b09/발송작품/작품/Fate/sankouBG/FN01_076_BG.psd,46439_FN01_076_BG.psd,발송작품/작품/Fate/sankouBG/FN01_076_BG.psd,webdav:/13730b09/발송작품/작품/Fate/sankouBG,/Users/saintiron/Projects/Imagine/thumbnails/46439_FN01_076_BG_thumb.png,psd,,,Modern office interior with lockers and large windows.,"[""office"", ""interior"", ""lockers"", ""windows"", ""modern"", ""architecture"", ""blue"", ""grey""]",background,,,,unknown_legacy,parse_fallback_legacy,"pre-fix: psd-tools failed, fell back to thumbnail-only",,-524461561797509120,1,"현대적인 사무실 실내이며, 사물함 및 큰 창문이/가 보입니다.",사무실 · 실내 · 사물함 · 창문 · 현대적인 · 건축 · 푸른색 · 회색,2,2,,,,manual_review,2026-05-12T23:25:48
metadata-quality-v1-0155,metadata-quality-v1,2026-05-10T00:00:00+09:00,20260510,155,phash:-8536212308818289997,webdav:/13730b09/예비/크랑베르무/장소/전투/4,legacy_warning,legacy_parse_or_caption_model,40223,webdav://13730b09/예비/크랑베르무/장소/전투/4/grb07_184.psd,40223_grb07_184.psd,예비/크랑베르무/장소/전투/4/grb07_184.psd,webdav:/13730b09/예비/크랑베르무/장소/전투/4,/Users/saintiron/Projects/Imagine/thumbnails/40223_grb07_184_thumb.png,psd,,,Purple marble texture with crackled patterns and a small inset image of a landscape,"[""marble"", ""texture"", ""purple"", ""cracked"", ""stone"", ""tileable"", ""imagine_dl_cnpgl0pv""]",texture,,,,unknown_legacy,parse_fallback_legacy,"pre-fix: psd-tools failed, fell back to thumbnail-only",,-8536212308818289997,49,"보라색 대리석 질감이며, 갈라진 무늬 및 작은 끼워 넣은 이미지 의 풍경이/가 보입니다.",대리석 · 질감 · 보라색 · 갈라진 · 돌 · 타일링 가능한,2,2,,,,manual_review,2026-05-12T23:25:55
metadata-quality-v1-0156,metadata-quality-v1,2026-05-10T00:00:00+09:00,20260510,156,phash:-7885003710366945176,발송/외주 회사/뱅가드/25/#05/bg,legacy_warning,legacy_parse_or_caption_model,49687,webdav://13730b09/발송/외주 회사/뱅가드/25/#05/bg/VS9_05_044_GENZU .psd,49687_VS9_05_044_GENZU .psd,발송/외주 회사/뱅가드/25/#05/bg/VS9_05_044_GENZU .psd,발송/외주 회사/뱅가드/25/#05/bg,/Users/saintiron/Projects/Imagine/thumbnails/49687_VS9_05_044_GENZU _thumb.png,psd,,,Two anime characters stand in a modern office reception area.,"[""anime"", ""office"", ""reception"", ""characters"", ""modern"", ""interior"", ""waiting"", ""desk""]",background,,,,unknown_legacy,parse_fallback_legacy,"pre-fix: psd-tools failed, fell back to thumbnail-only",,-7885003710366945176,,두 애니메이션 캐릭터 서 있음 안에 현대적인 사무실 접수대 구역입니다.,애니풍 · 사무실 · 접수대 · 캐릭터 · 현대적인 · 실내 · 기다리는 · 책상,2,2,,,,manual_review,2026-05-12T23:25:59
metadata-quality-v1-0157,metadata-quality-v1,2026-05-10T00:00:00+09:00,20260510,157,phash:-8020769543025414004,"webdav:/13730b09/발송4/범선/작품 쫑/후시/장소/숲,자연",legacy_warning,legacy_parse_or_caption_model,33381,"webdav://13730b09/발송4/범선/작품 쫑/후시/장소/숲,자연/nfb12_119.psd",33381_nfb12_119.psd,"발송4/범선/작품 쫑/후시/장소/숲,자연/nfb12_119.psd","webdav:/13730b09/발송4/범선/작품 쫑/후시/장소/숲,자연",/Users/saintiron/Projects/Imagine/thumbnails/33381_nfb12_119_thumb.png,psd,,,Anime character silhouette against a vibrant sunset sky with layered colors and sketch lines.,"[""anime"", ""silhouette"", ""sunset"", ""digital art"", ""lineart"", ""colorful sky"", ""melancholic""]",illustration,,,,unknown_legacy,parse_fallback_legacy,"pre-fix: psd-tools failed, fell back to thumbnail-only",,-8020769543025414004,,"애니메이션 캐릭터 실루엣 배경으로 선명한 일몰 하늘이며, 겹쳐진 색상 및 스케치 선이/가 보입니다.",애니풍 · 실루엣 · 일몰 · 디지털 아트 · 선화 · 화려한 · 쓸쓸한,2,2,,,,manual_review,2026-05-12T23:26:03
metadata-quality-v1-0158,metadata-quality-v1,2026-05-10T00:00:00+09:00,20260510,158,phash:-4976782183416398214,발송/외주 회사/뱅가드/24/#13/bg,legacy_warning,legacy_parse_or_caption_model,48499,webdav://13730b09/발송/외주 회사/뱅가드/24/#13/bg/VS6_13_315_GENZU.psd,48499_VS6_13_315_GENZU.psd,발송/외주 회사/뱅가드/24/#13/bg/VS6_13_315_GENZU.psd,발송/외주 회사/뱅가드/24/#13/bg,/Users/saintiron/Projects/Imagine/thumbnails/48499_VS6_13_315_GENZU_thumb.png,psd,,,A kitchen scene with a ghostly figure and a maid carrying a tray.,"[""anime"", ""kitchen"", ""ghost"", ""maid"", ""tray"", ""reflection"", ""drama"", ""mystery""]",illustration,,,,unknown_legacy,parse_fallback_legacy,"pre-fix: psd-tools failed, fell back to thumbnail-only",,-4976782183416398214,,"주방 장면이며, 유령 같은 인물 및 메이드 들고 있는 쟁반이/가 보입니다.",애니풍 · 주방 · 유령 · 메이드 · 쟁반 · 반사 · 연극 · 미스터리,2,2,,,,manual_review,2026-05-12T23:26:09
metadata-quality-v1-0159,metadata-quality-v1,2026-05-10T00:00:00+09:00,20260510,159,phash:-4404337303314847232,webdav:/13730b09/발송/범선/기절용사와 암살공주/#10/bg,legacy_warning,legacy_parse_or_caption_model,50975,webdav://13730b09/발송/범선/기절용사와 암살공주/#10/bg/kya10_203_2.psd,50975_kya10_203_2.psd,발송/범선/기절용사와 암살공주/#10/bg/kya10_203_2.psd,webdav:/13730b09/발송/범선/기절용사와 암살공주/#10/bg,/Users/saintiron/Projects/Imagine/thumbnails/50975_kya10_203_2_thumb.png,psd,,,Aerial view of a medieval European village with red-tiled roofs and green hills.,"[""village"", ""red roofs"", ""half-timbered houses"", ""church tower"", ""green hills"", ""market stalls"", ""trees"", ""sky""]",illustration,,,,unknown_legacy,parse_fallback_legacy,"pre-fix: psd-tools failed, fell back to thumbnail-only",,-4404337303314847232,281,붉은-타일로 된 지붕 및 초록 언덕이/가 보이는 중세풍 유럽풍 마을의 공중에서 본 풍경입니다.,마을 · 붉은 · 집 · 탑 · 초록 언덕 · 시장 · 나무 · 하늘,2,2,,,,manual_review,2026-05-12T23:26:16
metadata-quality-v1-0160,metadata-quality-v1,2026-05-10T00:00:00+09:00,20260510,160,phash:-7016959160098585592,webdav:/13730b09/발송4/범선/작품 쫑/후시/장소/로네느의집/거실,legacy_warning,legacy_parse_or_caption_model,34127,webdav://13730b09/발송4/범선/작품 쫑/후시/장소/로네느의집/거실/nfb09_116.psd,34127_nfb09_116.psd,발송4/범선/작품 쫑/후시/장소/로네느의집/거실/nfb09_116.psd,webdav:/13730b09/발송4/범선/작품 쫑/후시/장소/로네느의집/거실,/Users/saintiron/Projects/Imagine/thumbnails/34127_nfb09_116_thumb.png,psd,,,"A quiet study room with a wooden table, a glowing lantern, and a ghostly figure in the background, surrounded by books, jars, and scrolls.","[""still_life"", ""anime"", ""study_room"", ""ghost"", ""lantern"", ""books"", ""wooden_table"", ""serene"", ""warm_color_palette""]",illustration,,,,unknown_legacy,parse_fallback_legacy,"pre-fix: psd-tools failed, fell back to thumbnail-only",,-7016959160098585592,,"조용한 서재 방이며, 나무 테이블, 빛나는 등불, 및 유령 같은 인물 안에 배경, 둘러싸인 책, 항아리, 및 두루마리이/가 보입니다.",정물 · 애니풍 · 서재 · 유령 · 등불 · 책 · 나무 테이블 · 고요한 · 따뜻한,2,2,,,,manual_review,2026-05-12T23:26:32
metadata-quality-v1-0161,metadata-quality-v1,2026-05-10T00:00:00+09:00,20260510,161,content:e523b49a48927665bd2bc4b3b36b3b69eef960bc67519ae9b7d8c07a3a7c4f9d,BG,ok,,60048,webdav://13730b09/예비/마법과고교의 우등생/#13/BG/mky13_089.psd,60048_mky13_089.psd,예비/마법과고교의 우등생/#13/BG/mky13_089.psd,BG,/Users/saintiron/Projects/Imagine/thumbnails/60048_mky13_089_thumb.png,psd,2537,1785,Anime-style girl with sword against a starry night sky,"[""anime"", ""girl"", ""sword"", ""night sky"", ""stars"", ""clouds"", ""line art""]",illustration,,,,Qwen/Qwen3.5-9B,,,e523b49a48927665bd2bc4b3b36b3b69eef960bc67519ae9b7d8c07a3a7c4f9d,-90473835881642460,,"애니메이션풍 소녀이며, 검 배경으로 별이 있는 밤하늘이/가 보입니다.",애니풍 · 소녀 · 검 · 밤하늘 · 별 · 구름 · 선화,2,2,,,,manual_review,2026-05-12T23:26:36
metadata-quality-v1-0162,metadata-quality-v1,2026-05-10T00:00:00+09:00,20260510,162,phash:-4846826626006583296,webdav:/13730b09/발송/범선/기절용사와 암살공주/#06/bg,legacy_warning,legacy_parse_or_caption_model,53359,webdav://13730b09/발송/범선/기절용사와 암살공주/#06/bg/kya06_225.psd,53359_kya06_225.psd,발송/범선/기절용사와 암살공주/#06/bg/kya06_225.psd,webdav:/13730b09/발송/범선/기절용사와 암살공주/#06/bg,/Users/saintiron/Projects/Imagine/thumbnails/53359_kya06_225_thumb.png,psd,,,Transparent hand outline over wooden paneling in a corner.,"[""hand"", ""wood"", ""paneling"", ""corner"", ""outline"", ""transparent"", ""fingers"", ""wall""]",illustration,,,,unknown_legacy,parse_fallback_legacy,"pre-fix: psd-tools failed, fell back to thumbnail-only",,-4846826626006583296,1,투명한 손 윤곽 위에 나무 패널 마감 안에 구석입니다.,손 · 나무 · 패널 마감 · 구석 · 윤곽 · 투명한 · 손가락 · 벽,1,2,,,,manual_review,2026-05-12T23:26:49
metadata-quality-v1-0163,metadata-quality-v1,2026-05-10T00:00:00+09:00,20260510,163,phash:-940987370269249024,webdav:/13730b09/발송/범선/기절용사와 암살공주/장소/마을,legacy_warning,legacy_parse_or_caption_model,52931,webdav://13730b09/발송/범선/기절용사와 암살공주/장소/마을/kya01_177.psd,52931_kya01_177.psd,발송/범선/기절용사와 암살공주/장소/마을/kya01_177.psd,webdav:/13730b09/발송/범선/기절용사와 암살공주/장소/마을,/Users/saintiron/Projects/Imagine/thumbnails/52931_kya01_177_thumb.png,psd,,,A translucent anime-style girl's face superimposed on a weathered brick wall.,"[""anime"", ""girl"", ""brick wall"", ""translucent"", ""superimposed"", ""sad"", ""blue eyes""]",illustration,,,,unknown_legacy,parse_fallback_legacy,"pre-fix: psd-tools failed, fell back to thumbnail-only",,-940987370269249024,1,반투명한 애니메이션풍 소녀의 얼굴 위에 겹쳐진 낡은 벽돌 벽입니다.,애니풍 · 소녀 · 벽돌 벽 · 반투명한 · 겹쳐진 · 슬픈 · 푸른색,2,2,,,,manual_review,2026-05-12T23:26:55
metadata-quality-v1-0164,metadata-quality-v1,2026-05-10T00:00:00+09:00,20260510,164,phash:-506452077734075252,webdav:/13730b09/발송/범선/기절용사와 암살공주/장소/찾집.술집,legacy_warning,legacy_parse_or_caption_model,52009,webdav://13730b09/발송/범선/기절용사와 암살공주/장소/찾집.술집/kya03_257.psd,52009_kya03_257.psd,발송/범선/기절용사와 암살공주/장소/찾집.술집/kya03_257.psd,webdav:/13730b09/발송/범선/기절용사와 암살공주/장소/찾집.술집,/Users/saintiron/Projects/Imagine/thumbnails/52009_kya03_257_thumb.png,psd,,,A ghostly female figure is superimposed over a dimly lit room interior.,"[""ghost"", ""female figure"", ""room interior"", ""wooden beams"", ""lantern"", ""windows"", ""sketch overlay"", ""dark""]",illustration,,,,unknown_legacy,parse_fallback_legacy,"pre-fix: psd-tools failed, fell back to thumbnail-only",,-506452077734075252,,유령 같은 여성 인물 위에 겹쳐진 어둡게 조명된 방 실내입니다.,유령 · 여성 · 방 · 나무 들보 · 등불 · 창문 · 스케치 오버레이 · 어두운,2,2,,,,manual_review,2026-05-12T23:27:02
metadata-quality-v1-0165,metadata-quality-v1,2026-05-10T00:00:00+09:00,20260510,165,phash:-8320236808528688128,webdav:/13730b09/예비/크랑베르무/장소/만게츠의집,legacy_warning,legacy_parse_or_caption_model,41630,webdav://13730b09/예비/크랑베르무/장소/만게츠의집/grb02_038.psd,41630_grb02_038.psd,예비/크랑베르무/장소/만게츠의집/grb02_038.psd,webdav:/13730b09/예비/크랑베르무/장소/만게츠의집,/Users/saintiron/Projects/Imagine/thumbnails/41630_grb02_038_thumb.png,psd,,,Anime character pointing at a locker with sketchy line art and pastel coloring.,"[""anime"", ""character"", ""locker"", ""pointing"", ""pastel"", ""sketch"", ""school"", ""illustration""]",illustration,,,,unknown_legacy,parse_fallback_legacy,"pre-fix: psd-tools failed, fell back to thumbnail-only",,-8320236808528688128,1,"애니메이션 캐릭터 가리키는 에서 사물함이며, 스케치풍 선화 및 파스텔 채색이/가 보입니다.",애니풍 · 캐릭터 · 사물함 · 가리키는 · 파스텔 · 스케치 · 학교 · 일러스트,2,2,,,,manual_review,2026-05-12T23:27:11
metadata-quality-v1-0166,metadata-quality-v1,2026-05-10T00:00:00+09:00,20260510,166,phash:-1082920075585448042,실내소품,ok,,31310,/Users/saintiron/imageDB/마캬베리즈무/실내소품/c-131.psd,c-131.psd,c-131.psd,실내소품,/Users/saintiron/Projects/Imagine/thumbnails/c-131_thumb.png,psd,2415,1668,An empty stage with red curtains and a wooden gymnasium floor.,"[""stage"", ""curtains"", ""wooden floor"", ""gymnasium"", ""speakers"", ""cabinet"", ""framed certificate"", ""stairs""]",background,,,,Qwen/Qwen3.5-9B,vision_done,,,-1082920075585448042,,"비어 있는 무대이며, 붉은 커튼 및 나무 체육관 바닥이/가 보입니다.",무대 · 커튼 · 나무 · 체육관 · 스피커 · 수납장 · 액자에 담긴 증서 · 계단,2,2,,,,manual_review,2026-05-12T23:27:18
metadata-quality-v1-0167,metadata-quality-v1,2026-05-10T00:00:00+09:00,20260510,167,phash:-1229791768834277888,webdav:/13730b09/발송/범선/기절용사와 암살공주/#12/bg,legacy_warning,legacy_parse_or_caption_model,50332,webdav://13730b09/발송/범선/기절용사와 암살공주/#12/bg/kya12_129.psd,50332_kya12_129.psd,발송/범선/기절용사와 암살공주/#12/bg/kya12_129.psd,webdav:/13730b09/발송/범선/기절용사와 암살공주/#12/bg,/Users/saintiron/Projects/Imagine/thumbnails/50332_kya12_129_thumb.png,psd,,,A translucent anime girl stands in a room with a landscape painting on the wall.,"[""anime girl"", ""painting"", ""wall"", ""room"", ""translucent figure"", ""framed art"", ""interior""]",illustration,,,,unknown_legacy,parse_fallback_legacy,"pre-fix: psd-tools failed, fell back to thumbnail-only",,-1229791768834277888,1,"방 안에 반투명한 애니풍 소녀가 서 있고, 풍경 그림 위에 벽이/가 보입니다.",애니풍 · 그림 · 벽 · 방 · 반투명한 · 액자에 담긴 · 실내,2,2,,,,manual_review,2026-05-12T23:27:22
metadata-quality-v1-0168,metadata-quality-v1,2026-05-10T00:00:00+09:00,20260510,168,phash:-2237487681836641792,webdav:/13730b09/발송작품/작품/Fate/BG.참고,legacy_warning,legacy_parse_or_caption_model,46707,webdav://13730b09/발송작품/작품/Fate/BG.참고/fn18_079_s1.psd,46707_fn18_079_s1.psd,발송작품/작품/Fate/BG.참고/fn18_079_s1.psd,webdav:/13730b09/발송작품/작품/Fate/BG.참고,/Users/saintiron/Projects/Imagine/thumbnails/46707_fn18_079_s1_thumb.png,psd,,,"A dark, moody forest scene at night with ruins in the foreground.","[""night"", ""forest"", ""ruins"", ""anime"", ""blue"", ""dark"", ""atmospheric"", ""landscape""]",background,,,,unknown_legacy,parse_fallback_legacy,"pre-fix: psd-tools failed, fell back to thumbnail-only",,-2237487681836641792,,"어두운, 어두운 분위기의 숲 장면 밤에이며, 폐허 안에 전경이/가 보입니다.",밤 · 숲 · 폐허 · 애니풍 · 푸른색 · 어두운 · 분위기 있는 · 풍경,2,2,,,,manual_review,2026-05-12T23:27:29
metadata-quality-v1-0169,metadata-quality-v1,2026-05-10T00:00:00+09:00,20260510,169,phash:-7442010691129530368,webdav:/13730b09/발송/범선/기절용사와 암살공주/#08/bg,legacy_warning,legacy_parse_or_caption_model,51388,webdav://13730b09/발송/범선/기절용사와 암살공주/#08/bg/kya08_117_e.psd,51388_kya08_117_e.psd,발송/범선/기절용사와 암살공주/#08/bg/kya08_117_e.psd,webdav:/13730b09/발송/범선/기절용사와 암살공주/#08/bg,/Users/saintiron/Projects/Imagine/thumbnails/51388_kya08_117_e_thumb.png,psd,,,"A grand, ornate building facade with golden accents and arched doorways.","[""architecture"", ""building"", ""doorway"", ""arch"", ""gold"", ""columns"", ""ornate"", ""facade""]",background,,,,unknown_legacy,parse_fallback_legacy,"pre-fix: psd-tools failed, fell back to thumbnail-only",,-7442010691129530368,,"웅장한, 화려한 건물 외관이며, 금빛 강조 요소 및 아치형 출입구이/가 보입니다.",건축 · 건물 · 출입구 · 아치 · 금색 · 기둥 · 화려한 · 외관,2,2,,,,manual_review,2026-05-12T23:27:33
metadata-quality-v1-0170,metadata-quality-v1,2026-05-10T00:00:00+09:00,20260510,170,phash:-8744050058099026944,webdav:/13730b09/발송4/범선/작품 쫑/후시/장소/길드,legacy_warning,legacy_parse_or_caption_model,35013,webdav://13730b09/발송4/범선/작품 쫑/후시/장소/길드/nfb05_064.psd,35013_nfb05_064.psd,발송4/범선/작품 쫑/후시/장소/길드/nfb05_064.psd,webdav:/13730b09/발송4/범선/작품 쫑/후시/장소/길드,/Users/saintiron/Projects/Imagine/thumbnails/35013_nfb05_064_thumb.png,psd,,,"A dimly lit medieval hall with a grand staircase, candlelit chandelier, and a ghostly figure in the foreground, suggesting a mysterious or supernatural atmosphere.","[""medieval"", ""candlelit"", ""ghostly"", ""staircase"", ""anime"", ""ethereal"", ""indoor"", ""night""]",background,indoor,,,unknown_legacy,parse_fallback_legacy,"pre-fix: psd-tools failed, fell back to thumbnail-only",,-8744050058099026944,,"어둡게 조명된 중세풍 홀이며, 웅장한 계단, 촛불이 켜진 샹들리에, 및 유령 같은 인물 안에 전경, 암시하는 신비로운 또는 초자연적인 분위기이/가 보입니다.",중세풍 · 촛불이 켜진 · 유령 같은 · 계단 · 애니풍 · 몽환적인 · 실내 · 밤,,,,,,,
metadata-quality-v1-0171,metadata-quality-v1,2026-05-10T00:00:00+09:00,20260510,171,phash:-2251623711912747518,webdav:/13730b09/예비/크랑베르무/장소/전투/3,legacy_warning,legacy_parse_or_caption_model,40353,webdav://13730b09/예비/크랑베르무/장소/전투/3/grb05_054.psd,40353_grb05_054.psd,예비/크랑베르무/장소/전투/3/grb05_054.psd,webdav:/13730b09/예비/크랑베르무/장소/전투/3,/Users/saintiron/Projects/Imagine/thumbnails/40353_grb05_054_thumb.png,psd,,,A mysterious cave with glowing green water and floating rock formations under a starry aurora sky.,"[""cave"", ""water"", ""aurora"", ""night"", ""mysterious"", ""anime"", ""deep""]",background,Dungeons,night,clear,unknown_legacy,parse_fallback_legacy,"pre-fix: psd-tools failed, fell back to thumbnail-only",,-2251623711912747518,,"별이 있는 오로라 하늘 아래의 신비로운 동굴이며, 빛나는 초록 물 및 떠 있는 암석 지형이/가 보입니다.",동굴 · 물 · 오로라 · 밤 · 신비로운 · 애니풍 · 짙은,,,,,,,
metadata-quality-v1-0172,metadata-quality-v1,2026-05-10T00:00:00+09:00,20260510,172,content:1828e0226d1a56d4e27237c80c1e3d3c01209190e993ed70459259fc14c77688,택처,ok,,57350,webdav://13730b09/예비/작품2/대마도학원35시험 소대/택처/쇼파.psd,57350_쇼파.psd,예비/작품2/대마도학원35시험 소대/택처/쇼파.psd,택처,/Users/saintiron/Projects/Imagine/thumbnails/57350_쇼파_thumb.png,psd,2268,921,Red tufted sofa with matching armchair and side table in vintage style,"[""sofa"", ""armchair"", ""side table"", ""red upholstery"", ""tufted design"", ""wooden frame"", ""vintage furniture""]",illustration,,,,Qwen/Qwen3.5-9B,,,1828e0226d1a56d4e27237c80c1e3d3c01209190e993ed70459259fc14c77688,5560592406517845838,,"붉은 버튼 장식된 소파이며, 어울리는 안락의자 및 측면 테이블 안에 빈티지 스타일이/가 보입니다.",소파 · 안락의자 · 측면 · 붉은 · 버튼 장식된 · 나무 · 빈티지,,,,,,,
metadata-quality-v1-0173,metadata-quality-v1,2026-05-10T00:00:00+09:00,20260510,173,content:301736fe225c10e7d811641a531d56fc62d016e9eaffdf5bf510abfe08ad93f2,#1,ok,,58271,webdav://13730b09/예비/작품2/대마도학원35시험 소대/제작회사BG/#1/TM#01_213.psd,58271_TM#01_213.psd,예비/작품2/대마도학원35시험 소대/제작회사BG/#1/TM#01_213.psd,#1,/Users/saintiron/Projects/Imagine/thumbnails/58271_TM#01_213_thumb.png,psd,1676,1153,Dark room with patterned wallpaper and blinds covering a window.,"[""blinds"", ""wallpaper"", ""window"", ""ceiling"", ""dark"", ""interior"", ""night""]",background,,,,Qwen/Qwen3.5-9B,,,301736fe225c10e7d811641a531d56fc62d016e9eaffdf5bf510abfe08ad93f2,-3931253929515597565,,"어두운 방이며, 무늬가 있는 벽지 및 블라인드 덮고 있는 창문이/가 보입니다.",블라인드 · 벽지 · 창문 · 천장 · 어두운 · 실내 · 밤,,,,,,,
metadata-quality-v1-0174,metadata-quality-v1,2026-05-10T00:00:00+09:00,20260510,174,phash:-3399495679148772188,webdav:/13730b09/예비/크랑베르무/장소/전투/4,legacy_warning,legacy_parse_or_caption_model,40256,webdav://13730b09/예비/크랑베르무/장소/전투/4/grb07_235_237.psd,40256_grb07_235_237.psd,예비/크랑베르무/장소/전투/4/grb07_235_237.psd,webdav:/13730b09/예비/크랑베르무/장소/전투/4,/Users/saintiron/Projects/Imagine/thumbnails/40256_grb07_235_237_thumb.png,psd,,,Vertical motion blur texture in red and orange tones,"[""motion_blur"", ""fabric"", ""vertical"", ""red_tones""]",texture,,,,unknown_legacy,parse_fallback_legacy,"pre-fix: psd-tools failed, fell back to thumbnail-only",,-3399495679148772188,,세로 모션 블러 질감 안에 붉은 및 주황색 색조입니다.,모션 블러 · 직물 · 세로 · 붉은,,,,,,,
metadata-quality-v1-0175,metadata-quality-v1,2026-05-10T00:00:00+09:00,20260510,175,phash:-2115961870716192768,webdav:/13730b09/발송4/범선/작품 쫑/후시/장소/로네느의집/거실,legacy_warning,legacy_parse_or_caption_model,33883,webdav://13730b09/발송4/범선/작품 쫑/후시/장소/로네느의집/거실/nfb03_102.psd,33883_nfb03_102.psd,발송4/범선/작품 쫑/후시/장소/로네느의집/거실/nfb03_102.psd,webdav:/13730b09/발송4/범선/작품 쫑/후시/장소/로네느의집/거실,/Users/saintiron/Projects/Imagine/thumbnails/33883_nfb03_102_thumb.png,psd,,,"A cozy medieval room with wooden beams, a lit candle, and a round window, evoking a warm, quiet atmosphere.","[""medieval"", ""indoor"", ""candle"", ""wooden_beams"", ""round_window"", ""anime"", ""cozy"", ""night""]",background,indoor,,,unknown_legacy,parse_fallback_legacy,"pre-fix: psd-tools failed, fell back to thumbnail-only",,-2115961870716192768,,"아늑한 중세풍 방이며, 나무 들보, 조명된 양초, 및 둥근 창문, 느낌을 주는 따뜻한, 조용한 분위기이/가 보입니다.",중세풍 · 실내 · 양초 · 나무 들보 · 둥근 · 애니풍 · 아늑한 · 밤,,,,,,,
metadata-quality-v1-0176,metadata-quality-v1,2026-05-10T00:00:00+09:00,20260510,176,phash:-1085204022787769216,webdav:/13730b09/예비/크랑베르무/장소/전투/5,legacy_warning,legacy_parse_or_caption_model,39936,webdav://13730b09/예비/크랑베르무/장소/전투/5/grb09_152.psd,39936_grb09_152.psd,예비/크랑베르무/장소/전투/5/grb09_152.psd,webdav:/13730b09/예비/크랑베르무/장소/전투/5,/Users/saintiron/Projects/Imagine/thumbnails/39936_grb09_152_thumb.png,psd,,,"A vast, moody sky filled with dense, swirling clouds under a dim, overcast light.","[""sky"", ""overcast"", ""dusk"", ""mysterious"", ""blue-gray"", ""digital painting""]",background,sky,dusk,overcast,unknown_legacy,parse_fallback_legacy,"pre-fix: psd-tools failed, fell back to thumbnail-only",,-1085204022787769216,,"어두운, 흐린 빛 아래의 광활한, 어두운 분위기의 하늘 가득 찬이며, 빽빽한, 소용돌이치는 구름이/가 보입니다.",하늘 · 흐린 · 해질녘 · 신비로운 · 푸른색 · 디지털,,,,,,,
metadata-quality-v1-0177,metadata-quality-v1,2026-05-10T00:00:00+09:00,20260510,177,content:97546ece477a5d63d53387ef36e2b6fa0051f73e67d4b4902cdb777335f14de5,설정,ok,,58407,webdav://13730b09/예비/작품2/대마도학원35시험 소대/설정/병원 외관.jpg,58407_병원 외관.jpg,예비/작품2/대마도학원35시험 소대/설정/병원 외관.jpg,설정,/Users/saintiron/Projects/Imagine/thumbnails/58407_병원 외관_thumb.png,jpg,2912,2056,Line drawing of a large building with arched windows and a person standing outside.,"[""building"", ""windows"", ""person"", ""stairs"", ""trees"", ""roof"", ""arches"", ""line art""]",illustration,,,,Qwen/Qwen3.5-9B,,,97546ece477a5d63d53387ef36e2b6fa0051f73e67d4b4902cdb777335f14de5,-2564998883170229937,,아치형 창문 및 사람 서 있는 바깥이/가 보이는 큰 건물의 선화입니다.,건물 · 창문 · 사람 · 계단 · 나무 · 지붕 · 아치 · 선화,,,,,,,
metadata-quality-v1-0178,metadata-quality-v1,2026-05-10T00:00:00+09:00,20260510,178,phash:-6723704184524078864,발송/외주 회사/뱅가드/25/#12/bg,legacy_warning,legacy_parse_or_caption_model,49102,webdav://13730b09/발송/외주 회사/뱅가드/25/#12/bg/VS9_12_377_GENZU.psd,49102_VS9_12_377_GENZU.psd,발송/외주 회사/뱅가드/25/#12/bg/VS9_12_377_GENZU.psd,발송/외주 회사/뱅가드/25/#12/bg,/Users/saintiron/Projects/Imagine/thumbnails/49102_VS9_12_377_GENZU_thumb.png,psd,,,Blue sky with clouds and geometric overlays,"[""sky"", ""clouds"", ""blue"", ""geometric"", ""overlay"", ""digital art"", ""nature"", ""abstract""]",background,,,,unknown_legacy,parse_fallback_legacy,"pre-fix: psd-tools failed, fell back to thumbnail-only",,-6723704184524078864,,"푸른 하늘이며, 구름 및 기하학적 오버레이이/가 보입니다.",하늘 · 구름 · 푸른색 · 기하학적 · 오버레이 · 디지털 아트 · 자연 · 추상적인,,,,,,,
metadata-quality-v1-0179,metadata-quality-v1,2026-05-10T00:00:00+09:00,20260510,179,phash:-945497832926170624,webdav:/13730b09/발송/범선/사카모토/bg,legacy_warning,legacy_parse_or_caption_model,38757,webdav://13730b09/발송/범선/사카모토/bg/SD_19_194_genzu_b.psd,38757_SD_19_194_genzu_b.psd,발송/범선/사카모토/bg/SD_19_194_genzu_b.psd,webdav:/13730b09/발송/범선/사카모토/bg,/Users/saintiron/Projects/Imagine/thumbnails/38757_SD_19_194_genzu_b_thumb.png,psd,,,"A sketch-style illustration of a translucent, muscular figure wearing a 'STUDENT' hoodie, standing by a lake with mountains in the background under a cloudy sky.","[""action_scene"", ""sketch"", ""translucent"", ""student"", ""mountains"", ""lake"", ""cloudy_sky"", ""mysterious""]",illustration,,,,unknown_legacy,parse_fallback_legacy,"pre-fix: psd-tools failed, fell back to thumbnail-only",,-945497832926170624,,"산 안에 배경 아래 구름 낀 하늘이/가 보이는 반투명한, 근육질의 인물 입고 있는 '학생' 후드티, 서 있는 의해 호수의 스케치풍 일러스트입니다.",동작감 · 스케치 · 반투명한 · 학생 · 산 · 호수 · 구름 낀 · 신비로운,,,,,,,
metadata-quality-v1-0180,metadata-quality-v1,2026-05-10T00:00:00+09:00,20260510,180,phash:-3996741768585375636,webdav:/13730b09/발송4/범선/작품 쫑/후시/장소/대장간 정뭔,legacy_warning,legacy_parse_or_caption_model,34821,webdav://13730b09/발송4/범선/작품 쫑/후시/장소/대장간 정뭔/nfb08_088.psd,34821_nfb08_088.psd,발송4/범선/작품 쫑/후시/장소/대장간 정뭔/nfb08_088.psd,webdav:/13730b09/발송4/범선/작품 쫑/후시/장소/대장간 정뭔,/Users/saintiron/Projects/Imagine/thumbnails/34821_nfb08_088_thumb.png,psd,,,"A dimly lit urban alleyway with graffiti-covered walls and a window, evoking a moody, atmospheric night scene.","[""urban"", ""graffiti"", ""twilight"", ""anime"", ""melancholic"", ""alleyway"", ""window"", ""modern_architecture""]",background,urban,,,unknown_legacy,parse_fallback_legacy,"pre-fix: psd-tools failed, fell back to thumbnail-only",,-3996741768585375636,,"어둡게 조명된 도시의 골목길이며, 그래피티-덮인 벽 및 창문, 느낌을 주는 어두운 분위기의, 분위기 있는 밤 장면이/가 보입니다.",도시의 · 그래피티 · 황혼 · 애니풍 · 쓸쓸한 · 골목길 · 창문 · 현대적인,,,,,,,
metadata-quality-v1-0181,metadata-quality-v1,2026-05-10T00:00:00+09:00,20260510,181,phash:-8892207206003841024,강다외부,ok,,28724,/Users/saintiron/imageDB/마캬베리즈무/장소/강다외부/agm03_248.psd,agm03_248.psd,agm03_248.psd,강다외부,/Users/saintiron/Projects/Imagine/thumbnails/agm03_248_thumb.png,psd,2315,1624,Anime-style character sketch overlaid on an industrial interior with ladders and pipes.,"[""anime"", ""sketch"", ""ladder"", ""industrial"", ""pipes"", ""character"", ""lineart""]",illustration,,,,Qwen/Qwen3.5-9B,vision_done,,,-8892207206003841024,,애니메이션풍 캐릭터 스케치가 산업 시설 내부 함께 사다리 및 파이프 위에 겹쳐져 있습니다.,애니풍 · 스케치 · 사다리 · 산업적인 · 파이프 · 캐릭터 · 선화,,,,,,,
metadata-quality-v1-0182,metadata-quality-v1,2026-05-10T00:00:00+09:00,20260510,182,phash:-217025002763133752,발송/외주 회사/뱅가드/26/#02/bg,legacy_warning,legacy_parse_or_caption_model,48287,webdav://13730b09/발송/외주 회사/뱅가드/26/#02/bg/VS10_02_328_GENZU_yusen.psd,48287_VS10_02_328_GENZU_yusen.psd,발송/외주 회사/뱅가드/26/#02/bg/VS10_02_328_GENZU_yusen.psd,발송/외주 회사/뱅가드/26/#02/bg,/Users/saintiron/Projects/Imagine/thumbnails/48287_VS10_02_328_GENZU_yusen_thumb.png,psd,,,Six anime characters stand on a cracked cobblestone street at night.,"[""anime"", ""night"", ""street"", ""cobblestone"", ""characters"", ""shadows"", ""lamp"", ""blue""]",illustration,,,,unknown_legacy,parse_fallback_legacy,"pre-fix: psd-tools failed, fell back to thumbnail-only",,-217025002763133752,,여섯 애니메이션 캐릭터 서 있음 위에 갈라진 자갈길 거리 밤에입니다.,애니풍 · 밤 · 거리 · 자갈길 · 캐릭터 · 그림자 · 램프 · 푸른색,,,,,,,
metadata-quality-v1-0183,metadata-quality-v1,2026-05-10T00:00:00+09:00,20260510,183,phash:-4132437620918781696,webdav:/13730b09/발송/범선/기절용사와 암살공주/장소/숲,legacy_warning,legacy_parse_or_caption_model,53095,webdav://13730b09/발송/범선/기절용사와 암살공주/장소/숲/kya01_004.psd,53095_kya01_004.psd,발송/범선/기절용사와 암살공주/장소/숲/kya01_004.psd,webdav:/13730b09/발송/범선/기절용사와 암살공주/장소/숲,/Users/saintiron/Projects/Imagine/thumbnails/53095_kya01_004_thumb.png,psd,,,A translucent gun outline superimposed over a lush green forest scene.,"[""gun"", ""forest"", ""trees"", ""foliage"", ""translucent"", ""overlay"", ""nature""]",illustration,,,,unknown_legacy,parse_fallback_legacy,"pre-fix: psd-tools failed, fell back to thumbnail-only",,-4132437620918781696,,반투명한 총 윤곽 위에 겹쳐진 무성한 초록 숲 장면입니다.,총 · 숲 · 나무 · 잎 · 반투명한 · 오버레이 · 자연,,,,,,,
metadata-quality-v1-0184,metadata-quality-v1,2026-05-10T00:00:00+09:00,20260510,184,phash:-1979729421151704037,발송/외주 회사/뱅가드/25/#03/bg,legacy_warning,legacy_parse_or_caption_model,49856,webdav://13730b09/발송/외주 회사/뱅가드/25/#03/bg/VS9_03_295_GENZU.psd,49856_VS9_03_295_GENZU.psd,발송/외주 회사/뱅가드/25/#03/bg/VS9_03_295_GENZU.psd,발송/외주 회사/뱅가드/25/#03/bg,/Users/saintiron/Projects/Imagine/thumbnails/49856_VS9_03_295_GENZU_thumb.png,psd,,,Anime-style characters on stage under spotlights in a sketch overlay.,"[""anime"", ""stage"", ""spotlight"", ""sketch"", ""overlay"", ""character"", ""performance"", ""blue""]",illustration,,,,unknown_legacy,parse_fallback_legacy,"pre-fix: psd-tools failed, fell back to thumbnail-only",,-1979729421151704037,,애니메이션풍 캐릭터 위에 무대 아래 스포트라이트 안에 스케치 오버레이입니다.,애니풍 · 무대 · 스포트라이트 · 스케치 · 오버레이 · 캐릭터 · 공연 · 푸른색,,,,,,,
metadata-quality-v1-0185,metadata-quality-v1,2026-05-10T00:00:00+09:00,20260510,185,phash:-1808495777240392960,webdav:/13730b09/발송/범선/기절용사와 암살공주/#10/bg,legacy_warning,legacy_parse_or_caption_model,50988,webdav://13730b09/발송/범선/기절용사와 암살공주/#10/bg/kya10_227.psd,50988_kya10_227.psd,발송/범선/기절용사와 암살공주/#10/bg/kya10_227.psd,webdav:/13730b09/발송/범선/기절용사와 암살공주/#10/bg,/Users/saintiron/Projects/Imagine/thumbnails/50988_kya10_227_thumb.png,psd,,,Four anime-style characters stand in a warmly lit bedroom with wooden floors and furniture.,"[""anime characters"", ""bedroom"", ""bed"", ""sofa"", ""potted plant"", ""wooden floor"", ""wall art"", ""doorway""]",illustration,,,,unknown_legacy,parse_fallback_legacy,"pre-fix: psd-tools failed, fell back to thumbnail-only",,-1808495777240392960,,"따뜻하게 조명된 침실 안에 네 애니메이션풍 캐릭터가 서 있고, 나무 바닥 및 가구이/가 보입니다.",애니메이션 캐릭터 · 침실 · 침대 · 소파 · 화분 · 나무 · 벽 · 출입구,,,,,,,
metadata-quality-v1-0186,metadata-quality-v1,2026-05-10T00:00:00+09:00,20260510,186,phash:-8297078730102748160,webdav:/13730b09/발송/범선/기절용사와 암살공주/#11/bg,legacy_warning,legacy_parse_or_caption_model,50634,webdav://13730b09/발송/범선/기절용사와 암살공주/#11/bg/kya11_200_LS.psd,50634_kya11_200_LS.psd,발송/범선/기절용사와 암살공주/#11/bg/kya11_200_LS.psd,webdav:/13730b09/발송/범선/기절용사와 암살공주/#11/bg,/Users/saintiron/Projects/Imagine/thumbnails/50634_kya11_200_LS_thumb.png,psd,,,"Anime-style scene with a wall, trees, and two ghostly figures in a garden.","[""wall"", ""trees"", ""bushes"", ""ghost"", ""anime"", ""garden"", ""statue"", ""sky""]",background,,,,unknown_legacy,parse_fallback_legacy,"pre-fix: psd-tools failed, fell back to thumbnail-only",,-8297078730102748160,69,"애니메이션풍 장면이며, 벽, 나무, 및 두 유령 같은 인물 안에 정원이/가 보입니다.",벽 · 나무 · 덤불 · 유령 · 애니풍 · 정원 · 조각상 · 하늘,2,2,,,,manual_review,2026-05-13T23:20:04
metadata-quality-v1-0187,metadata-quality-v1,2026-05-10T00:00:00+09:00,20260510,187,phash:-6148391168476804608,webdav:/13730b09/발송/범선/사카모토/bg,legacy_warning,legacy_parse_or_caption_model,38748,webdav://13730b09/발송/범선/사카모토/bg/SD_19_183_genzu_b.psd,38748_SD_19_183_genzu_b.psd,발송/범선/사카모토/bg/SD_19_183_genzu_b.psd,webdav:/13730b09/발송/범선/사카모토/bg,/Users/saintiron/Projects/Imagine/thumbnails/38748_SD_19_183_genzu_b_thumb.png,psd,,,"A youthful character with messy hair and a cheerful expression stands at the edge of a cliff, surrounded by lush greenery.","[""anime"", ""portrait"", ""teen"", ""playful"", ""cliff"", ""greenery"", ""vibrant_colors""]",character,,,,unknown_legacy,parse_fallback_legacy,"pre-fix: psd-tools failed, fell back to thumbnail-only",,-6148391168476804608,,"젊은 캐릭터이며, 헝클어진 머리카락 및 밝은 분위기 표정 서 있음 에서 가장자리 의 절벽, 둘러싸인 무성한 녹음이/가 보입니다.",애니풍 · 인물화 · 십대 · 장난스러운 · 절벽 · 녹음 · 선명한,2,2,,,,manual_review,2026-05-13T23:20:10
metadata-quality-v1-0188,metadata-quality-v1,2026-05-10T00:00:00+09:00,20260510,188,phash:-6150047230253289466,webdav:/13730b09/발송4/범선/작품 쫑/후시/장소/고아원,legacy_warning,legacy_parse_or_caption_model,35375,webdav://13730b09/발송4/범선/작품 쫑/후시/장소/고아원/nfb10_149.psd,35375_nfb10_149.psd,발송4/범선/작품 쫑/후시/장소/고아원/nfb10_149.psd,webdav:/13730b09/발송4/범선/작품 쫑/후시/장소/고아원,/Users/saintiron/Projects/Imagine/thumbnails/35375_nfb10_149_thumb.png,psd,,,"A sketch of a face overlays a dark wooden surface, creating an abstract, melancholic composition.","[""abstract"", ""sketch"", ""wooden_background"", ""face_outline"", ""melancholic"", ""dark"", ""concept_art""]",background,abstract,,,unknown_legacy,parse_fallback_legacy,"pre-fix: psd-tools failed, fell back to thumbnail-only",,-6150047230253289466,,"스케치 의 얼굴 오버레이 어두운 나무 표면, 만드는 추상적인, 쓸쓸한 구도입니다.",추상적인 · 스케치 · 나무 · 얼굴 · 쓸쓸한 · 어두운 · 콘셉트 아트,,,,,,,
metadata-quality-v1-0189,metadata-quality-v1,2026-05-10T00:00:00+09:00,20260510,189,phash:-5570210900649144832,webdav:/13730b09/발송/범선/기절용사와 암살공주/#06/bg,legacy_warning,legacy_parse_or_caption_model,53356,webdav://13730b09/발송/범선/기절용사와 암살공주/#06/bg/kya06_215.psd,53356_kya06_215.psd,발송/범선/기절용사와 암살공주/#06/bg/kya06_215.psd,webdav:/13730b09/발송/범선/기절용사와 암살공주/#06/bg,/Users/saintiron/Projects/Imagine/thumbnails/53356_kya06_215_thumb.png,psd,,,Wooden interior with shelves holding folded towels and rolled mats.,"[""wooden shelves"", ""folded towels"", ""rolled mats"", ""doorway"", ""wood paneling""]",background,,,,unknown_legacy,parse_fallback_legacy,"pre-fix: psd-tools failed, fell back to thumbnail-only",,-5570210900649144832,1,"나무 실내이며, 선반 들고 있는 접힌 수건 및 말린 매트이/가 보입니다.",나무 · 접힌 · 말린 · 출입구,,,,,,,
metadata-quality-v1-0190,metadata-quality-v1,2026-05-10T00:00:00+09:00,20260510,190,phash:-9182572524471127308,발송4/범선/종말투어링/#01/bg,legacy_warning,legacy_parse_or_caption_model,32565,webdav://13730b09/발송4/범선/종말투어링/#01/bg/syt01_302_1e.psd,32565_syt01_302_1e.psd,발송4/범선/종말투어링/#01/bg/syt01_302_1e.psd,발송4/범선/종말투어링/#01/bg,/Users/saintiron/Projects/Imagine/thumbnails/32565_syt01_302_1e_thumb.png,psd,,,"A serene anime-style depiction of a traditional Japanese shrine with vibrant red structures and a green dragon statue, overlaid with atmospheric haze and subtle line art.","[""anime"", ""shrine"", ""dragon"", ""red"", ""vibrant"", ""serene"", ""atmospheric"", ""japanese"", ""illustration""]",illustration,,,,unknown_legacy,parse_fallback_legacy,"pre-fix: psd-tools failed, fell back to thumbnail-only",,-9182572524471127308,9,"선명한 붉은 구조물 및 초록 용 조각상, 겹쳐진 함께 분위기 있는 안개 및 은은한 선화이/가 보이는 일본 전통 신사의 고요한 애니메이션풍 묘사입니다.",애니풍 · 신사 · 용 · 붉은 · 선명한 · 고요한 · 분위기 있는 · 일본식 · 일러스트,,,,,,,
metadata-quality-v1-0191,metadata-quality-v1,2026-05-10T00:00:00+09:00,20260510,191,phash:-5570784889106811718,webdav:/13730b09/발송/범선/기절용사와 암살공주/장소/동굴,legacy_warning,legacy_parse_or_caption_model,51796,webdav://13730b09/발송/범선/기절용사와 암살공주/장소/동굴/kya02_138.psd,51796_kya02_138.psd,발송/범선/기절용사와 암살공주/장소/동굴/kya02_138.psd,webdav:/13730b09/발송/범선/기절용사와 암살공주/장소/동굴,/Users/saintiron/Projects/Imagine/thumbnails/51796_kya02_138_thumb.png,psd,,,An old map texture with dark blue lakes on a brown parchment background.,"[""map"", ""texture"", ""parchment"", ""lake"", ""water"", ""brown"", ""blue"", ""seamless""]",texture,,,,unknown_legacy,parse_fallback_legacy,"pre-fix: psd-tools failed, fell back to thumbnail-only",,-5570784889106811718,,"오래된 지도 질감이며, 어두운 푸른색 호수 위에 갈색 양피지 배경이/가 보입니다.",지도 · 질감 · 양피지 · 호수 · 물 · 갈색 · 푸른색 · 매끄러운,,,,,,,
metadata-quality-v1-0192,metadata-quality-v1,2026-05-10T00:00:00+09:00,20260510,192,phash:-3970801706392833024,webdav:/13730b09/발송작품/작품/Fate/sankouBG/FN16_BG,legacy_warning,legacy_parse_or_caption_model,46590,webdav://13730b09/발송작품/작품/Fate/sankouBG/FN16_BG/fn16_222.psd,46590_fn16_222.psd,발송작품/작품/Fate/sankouBG/FN16_BG/fn16_222.psd,webdav:/13730b09/발송작품/작품/Fate/sankouBG/FN16_BG,/Users/saintiron/Projects/Imagine/thumbnails/46590_fn16_222_thumb.png,psd,,,Anime character sketch overlaid on a rocky background.,"[""anime"", ""sketch"", ""character"", ""rocky"", ""background"", ""overlay"", ""lineart"", ""digital""]",illustration,,,,unknown_legacy,parse_fallback_legacy,"pre-fix: psd-tools failed, fell back to thumbnail-only",,-3970801706392833024,1,애니메이션 캐릭터 스케치가 바위가 많은 배경 위에 겹쳐져 있습니다.,애니풍 · 스케치 · 캐릭터 · 바위가 많은 · 배경 · 오버레이 · 선화 · 디지털,,,,,,,
metadata-quality-v1-0193,metadata-quality-v1,2026-05-10T00:00:00+09:00,20260510,193,phash:-3821030535611238400,webdav:/13730b09/발송4/범선/작품 쫑/후시/장소/로네느의집,legacy_warning,legacy_parse_or_caption_model,33815,webdav://13730b09/발송4/범선/작품 쫑/후시/장소/로네느의집/nfb12_217.psd,33815_nfb12_217.psd,발송4/범선/작품 쫑/후시/장소/로네느의집/nfb12_217.psd,webdav:/13730b09/발송4/범선/작품 쫑/후시/장소/로네느의집,/Users/saintiron/Projects/Imagine/thumbnails/33815_nfb12_217_thumb.png,psd,,,"Concept sketch of a skeletal figure in a dimly lit room, with visible layering and draft annotations.","[""concept_art"", ""sketch"", ""skeletal_figure"", ""mysterious"", ""anime_style"", ""illustration"", ""digital_art"", ""background_sketch"", ""character_design""]",illustration,,,,unknown_legacy,parse_fallback_legacy,"pre-fix: psd-tools failed, fell back to thumbnail-only",,-3821030535611238400,1,"보이는 레이어링 및 초안 주석이/가 보이는 해골 같은 인물 안에 어둡게 조명된 방,의 콘셉트 스케치입니다.",콘셉트 아트 · 스케치 · 해골 같은 · 신비로운 · 애니메이션풍 · 일러스트 · 디지털 아트 · 배경 · 캐릭터,,,,,,,
metadata-quality-v1-0194,metadata-quality-v1,2026-05-10T00:00:00+09:00,20260510,194,phash:-1089603984551644672,발송4/범선/종말투어링/#07/bg,legacy_warning,legacy_parse_or_caption_model,32394,webdav://13730b09/발송4/범선/종말투어링/#07/bg/syt07_096.psd,32394_syt07_096.psd,발송4/범선/종말투어링/#07/bg/syt07_096.psd,발송4/범선/종말투어링/#07/bg,/Users/saintiron/Projects/Imagine/thumbnails/32394_syt07_096_thumb.png,psd,,,Anime character silhouette viewed through a window with outdoor greenery and sky in the background.,"[""anime"", ""portrait"", ""window"", ""greenery"", ""sky"", ""silhouette"", ""serene"", ""digital""]",illustration,,,,unknown_legacy,parse_fallback_legacy,"pre-fix: psd-tools failed, fell back to thumbnail-only",,-1089603984551644672,1,"애니메이션 캐릭터 실루엣 통해 보이는 창문이며, 야외 녹음 및 하늘 안에 배경이/가 보입니다.",애니풍 · 인물화 · 창문 · 녹음 · 하늘 · 실루엣 · 고요한 · 디지털,,,,,,,
metadata-quality-v1-0195,metadata-quality-v1,2026-05-10T00:00:00+09:00,20260510,195,phash:-7879400788767107072,webdav:/13730b09/발송/범선/사카모토/bg,legacy_warning,legacy_parse_or_caption_model,38837,webdav://13730b09/발송/범선/사카모토/bg/SD_19_278_genzu_b.psd,38837_SD_19_278_genzu_b.psd,발송/범선/사카모토/bg/SD_19_278_genzu_b.psd,webdav:/13730b09/발송/범선/사카모토/bg,/Users/saintiron/Projects/Imagine/thumbnails/38837_SD_19_278_genzu_b_thumb.png,psd,,,"Anime portrait sketch with transparent overlay of a character against a sky background, featuring grid lines and text label.","[""anime"", ""portrait"", ""sketch"", ""transparent"", ""sky"", ""grid"", ""lineart"", ""background"", ""text""]",illustration,,,,unknown_legacy,parse_fallback_legacy,"pre-fix: psd-tools failed, fell back to thumbnail-only",,-7879400788767107072,1,"애니풍 인물화 스케치이며, 투명한 오버레이 의 캐릭터 배경으로 하늘 배경, 포함하는 격자 선 및 텍스트 라벨이/가 보입니다.",애니풍 · 인물화 · 스케치 · 투명한 · 하늘 · 격자 · 선화 · 배경 · 텍스트,,,,,,,
metadata-quality-v1-0196,metadata-quality-v1,2026-05-10T00:00:00+09:00,20260510,196,phash:-3709692245131348480,webdav:/13730b09/발송/범선/기절용사와 암살공주/장소/마을,legacy_warning,legacy_parse_or_caption_model,52762,webdav://13730b09/발송/범선/기절용사와 암살공주/장소/마을/kya03_084.psd,52762_kya03_084.psd,발송/범선/기절용사와 암살공주/장소/마을/kya03_084.psd,webdav:/13730b09/발송/범선/기절용사와 암살공주/장소/마을,/Users/saintiron/Projects/Imagine/thumbnails/52762_kya03_084_thumb.png,psd,,,Transparent anime-style character line art over a brick wall and bench.,"[""anime"", ""line art"", ""brick wall"", ""bench"", ""transparent overlay"", ""outdoor scene"", ""sketch""]",illustration,,,,unknown_legacy,parse_fallback_legacy,"pre-fix: psd-tools failed, fell back to thumbnail-only",,-3709692245131348480,,투명한 애니메이션풍 캐릭터 선화 위에 벽돌 벽 및 벤치입니다.,애니풍 · 선화 · 벽돌 벽 · 벤치 · 투명한 · 야외 장면 · 스케치,,,,,,,
metadata-quality-v1-0197,metadata-quality-v1,2026-05-10T00:00:00+09:00,20260510,197,phash:-8165997514376565600,발송/외주 회사/뱅가드/24/#01/bg,legacy_warning,legacy_parse_or_caption_model,48883,webdav://13730b09/발송/외주 회사/뱅가드/24/#01/bg/VS8_01_136_GENZU.psd,48883_VS8_01_136_GENZU.psd,발송/외주 회사/뱅가드/24/#01/bg/VS8_01_136_GENZU.psd,발송/외주 회사/뱅가드/24/#01/bg,/Users/saintiron/Projects/Imagine/thumbnails/48883_VS8_01_136_GENZU_thumb.png,psd,,,Animated scene with ghostly figures and a carousel in a lush green setting.,"[""animation"", ""ghosts"", ""carousel"", ""greenery"", ""fantasy"", ""mystery"", ""illustration"", ""storyboard""]",illustration,,,,unknown_legacy,parse_fallback_legacy,"pre-fix: psd-tools failed, fell back to thumbnail-only",,-8165997514376565600,,"애니메이션풍 장면이며, 유령 같은 인물 및 회전목마 안에 무성한 초록 환경이/가 보입니다.",애니메이션 · 유령 · 회전목마 · 녹음 · 판타지 · 미스터리 · 일러스트 · 스토리보드,,,,,,,
metadata-quality-v1-0198,metadata-quality-v1,2026-05-10T00:00:00+09:00,20260510,198,phash:-1085120459501688319,webdav:/13730b09/발송4/범선/작품 쫑/후시/장소/마법창고,legacy_warning,legacy_parse_or_caption_model,33624,webdav://13730b09/발송4/범선/작품 쫑/후시/장소/마법창고/nfb11_147.psd,33624_nfb11_147.psd,발송4/범선/작품 쫑/후시/장소/마법창고/nfb11_147.psd,webdav:/13730b09/발송4/범선/작품 쫑/후시/장소/마법창고,/Users/saintiron/Projects/Imagine/thumbnails/33624_nfb11_147_thumb.png,psd,,,A mysterious dungeon ceiling with arched stone structures and a glowing purple light at the base.,"[""Dungeon"", ""Gothic architecture"", ""Night"", ""Purple glow"", ""Anime style"", ""Mysterious""]",background,Dungeons,Night,Clear,unknown_legacy,parse_fallback_legacy,"pre-fix: psd-tools failed, fell back to thumbnail-only",,-1085120459501688319,1,"신비로운 던전 천장이며, 아치형 돌 구조물 및 빛나는 보라색 빛 에서 기반이/가 보입니다.",던전 · 고딕풍 · 밤 · 보라색 광채 · 애니메이션풍 · 신비로운,,,,,,,
metadata-quality-v1-0199,metadata-quality-v1,2026-05-10T00:00:00+09:00,20260510,199,phash:-2238024080644321594,webdav:/13730b09/발송/범선/기절용사와 암살공주/장소/유적지,legacy_warning,legacy_parse_or_caption_model,52332,webdav://13730b09/발송/범선/기절용사와 암살공주/장소/유적지/kya05_179.psd,52332_kya05_179.psd,발송/범선/기절용사와 암살공주/장소/유적지/kya05_179.psd,webdav:/13730b09/발송/범선/기절용사와 암살공주/장소/유적지,/Users/saintiron/Projects/Imagine/thumbnails/52332_kya05_179_thumb.png,psd,,,Ghostly figures in a mystical purple chamber with ancient totem-like pillars.,"[""ghosts"", ""totem"", ""purple"", ""mystical"", ""pillars"", ""spirit"", ""ancient"", ""shadow""]",illustration,,,,unknown_legacy,parse_fallback_legacy,"pre-fix: psd-tools failed, fell back to thumbnail-only",,-2238024080644321594,,"유령 같은 인물 안에 신비로운 보라색 방이며, 오래된 토템 같은 기둥이/가 보입니다.",유령 · 토템 · 보라색 · 신비로운 · 기둥 · 영혼 · 오래된 · 그림자,,,,,,,
metadata-quality-v1-0200,metadata-quality-v1,2026-05-10T00:00:00+09:00,20260510,200,phash:3733145923417958912,webdav:/13730b09/발송/범선/기절용사와 암살공주/장소/찾집.술집,legacy_warning,legacy_parse_or_caption_model,52002,webdav://13730b09/발송/범선/기절용사와 암살공주/장소/찾집.술집/kya03_249.psd,52002_kya03_249.psd,발송/범선/기절용사와 암살공주/장소/찾집.술집/kya03_249.psd,webdav:/13730b09/발송/범선/기절용사와 암살공주/장소/찾집.술집,/Users/saintiron/Projects/Imagine/thumbnails/52002_kya03_249_thumb.png,psd,,,"Abandoned room with broken furniture, ghostly figures, and dim lighting.","[""ghosts"", ""ruins"", ""windows"", ""lamps"", ""plants"", ""wood"", ""shadows"", ""dust""]",background,,,,unknown_legacy,parse_fallback_legacy,"pre-fix: psd-tools failed, fell back to thumbnail-only",,3733145923417958912,,"버려진 방이며, 부서진 가구, 유령 같은 인물, 및 어두운 조명이/가 보입니다.",유령 · 폐허 · 창문 · 램프 · 식물 · 나무 · 그림자 · 먼지,,,,,,,
metadata-quality-v1-0201,metadata-quality-v1,2026-05-10T00:00:00+09:00,20260510,201,content:9f207cb30e2bf9371d19c35a5e46a420f1c90b1b11d3668d8843f2a54bc408a9,BG,ok,,59985,webdav://13730b09/예비/마법과고교의 우등생/#13/BG/mky13_138.psd,59985_mky13_138.psd,예비/마법과고교의 우등생/#13/BG/mky13_138.psd,BG,/Users/saintiron/Projects/Imagine/thumbnails/59985_mky13_138_thumb.png,psd,1856,1276,A figure floats above a modern structure under a starry night sky.,"[""night sky"", ""stars"", ""clouds"", ""floating figure"", ""modern building"", ""blue tones"", ""anime style""]",illustration,,,,Qwen/Qwen3.5-9B,,,9f207cb30e2bf9371d19c35a5e46a420f1c90b1b11d3668d8843f2a54bc408a9,-3109549903145296896,,인물 떠 있음 위에 현대적인 구조물 아래 별이 있는 밤하늘입니다.,밤하늘 · 별 · 구름 · 인물 · 현대적인 · 푸른색 · 애니메이션풍,,,,,,,
metadata-quality-v1-0202,metadata-quality-v1,2026-05-10T00:00:00+09:00,20260510,202,phash:-8301009553046385920,webdav:/13730b09/발송4/범선/작품 쫑/후시/장소/용혈화,legacy_warning,legacy_parse_or_caption_model,33141,webdav://13730b09/발송4/범선/작품 쫑/후시/장소/용혈화/nfb09_289.psd,33141_nfb09_289.psd,발송4/범선/작품 쫑/후시/장소/용혈화/nfb09_289.psd,webdav:/13730b09/발송4/범선/작품 쫑/후시/장소/용혈화,/Users/saintiron/Projects/Imagine/thumbnails/33141_nfb09_289_thumb.png,psd,,,"A lone figure in white stands amidst a vast field of red flowers, with a dark forest in the background under a misty sky.","[""landscape"", ""painterly"", ""vibrant"", ""serene"", ""field"", ""flowers"", ""forest"", ""lone figure"", ""misty""]",illustration,,,,unknown_legacy,parse_fallback_legacy,"pre-fix: psd-tools failed, fell back to thumbnail-only",,-8301009553046385920,,"어두운 숲 안에 배경 아래 안개 낀 하늘이/가 보이는 붉은 꽃,의 홀로 있는 인물 안에 흰색 서 있음 사이에 광활한 들판입니다.",풍경 · 회화풍 · 선명한 · 고요한 · 들판 · 꽃 · 숲 · 홀로 있는 · 안개 낀,,,,,,,
metadata-quality-v1-0203,metadata-quality-v1,2026-05-10T00:00:00+09:00,20260510,203,phash:7514335633911196672,webdav:/13730b09/예비/크랑베르무/장소/전투/4,legacy_warning,legacy_parse_or_caption_model,40280,webdav://13730b09/예비/크랑베르무/장소/전투/4/grb07_265_267_BG1.psd,40280_grb07_265_267_BG1.psd,예비/크랑베르무/장소/전투/4/grb07_265_267_BG1.psd,webdav:/13730b09/예비/크랑베르무/장소/전투/4,/Users/saintiron/Projects/Imagine/thumbnails/40280_grb07_265_267_BG1_thumb.png,psd,,,"A vibrant cosmic scene featuring swirling nebulae, glowing stars, and ethereal clouds against a dark celestial backdrop.","[""cosmic"", ""nebula"", ""stars"", ""clouds"", ""digital art"", ""space"", ""illustration"", ""vibrant"", ""mysterious""]",illustration,,,,unknown_legacy,parse_fallback_legacy,"pre-fix: psd-tools failed, fell back to thumbnail-only",,7514335633911196672,,"선명한 우주적인 장면 포함하는 소용돌이치는 성운, 빛나는 별, 및 몽환적인 구름 배경으로 어두운 천체의 배경입니다.",우주적인 · 성운 · 별 · 구름 · 디지털 아트 · 우주 · 일러스트 · 선명한 · 신비로운,,,,,,,
metadata-quality-v1-0204,metadata-quality-v1,2026-05-10T00:00:00+09:00,20260510,204,phash:-4554039943163361024,webdav:/13730b09/발송4/범선/작품 쫑/후시/장소/대장간,legacy_warning,legacy_parse_or_caption_model,34846,webdav://13730b09/발송4/범선/작품 쫑/후시/장소/대장간/nfb03_082_088.psd,34846_nfb03_082_088.psd,발송4/범선/작품 쫑/후시/장소/대장간/nfb03_082_088.psd,webdav:/13730b09/발송4/범선/작품 쫑/후시/장소/대장간,/Users/saintiron/Projects/Imagine/thumbnails/34846_nfb03_082_088_thumb.png,psd,,,"A ghostly figure appears in a dimly lit, wooden-paneled room with a desk, candle, and framed document, suggesting a supernatural or eerie atmosphere.","[""anime"", ""ghost"", ""mysterious"", ""room"", ""wooden"", ""candle"", ""frame"", ""digital_art""]",illustration,,,,unknown_legacy,parse_fallback_legacy,"pre-fix: psd-tools failed, fell back to thumbnail-only",,-4554039943163361024,1,"유령 같은 인물 나타나는 안에 어둡게 조명된, 나무 패널 방이며, 책상, 양초, 및 액자에 담긴 문서, 암시하는 초자연적인 또는 섬뜩한 분위기이/가 보입니다.",애니풍 · 유령 · 신비로운 · 방 · 나무 · 양초 · 프레임 · 디지털 아트,,,,,,,
metadata-quality-v1-0205,metadata-quality-v1,2026-05-10T00:00:00+09:00,20260510,205,phash:-7878853818439267312,webdav:/13730b09/예비/크랑베르무/장소/전투/1,legacy_warning,legacy_parse_or_caption_model,40936,webdav://13730b09/예비/크랑베르무/장소/전투/1/grb01_257.psd,40936_grb01_257.psd,예비/크랑베르무/장소/전투/1/grb01_257.psd,webdav:/13730b09/예비/크랑베르무/장소/전투/1,/Users/saintiron/Projects/Imagine/thumbnails/40936_grb01_257_thumb.png,psd,,,"A full moon glows in a starry, colorful night sky.","[""moon"", ""stars"", ""night sky"", ""purple"", ""blue"", ""pink"", ""clouds"", ""glow""]",illustration,,,,unknown_legacy,parse_fallback_legacy,"pre-fix: psd-tools failed, fell back to thumbnail-only",,-7878853818439267312,,"가득한 달 빛나는 안에 별이 있는, 화려한 밤하늘입니다.",달 · 별 · 밤하늘 · 보라색 · 푸른색 · 분홍색 · 구름 · 광채,,,,,,,
metadata-quality-v1-0206,metadata-quality-v1,2026-05-10T00:00:00+09:00,20260510,206,phash:3654271496809902168,webdav:/13730b09/발송/외주 회사/뱅가드/26/#12/bg,legacy_warning,legacy_parse_or_caption_model,47282,webdav://13730b09/발송/외주 회사/뱅가드/26/#12/bg/VS10_12_184_GENZU.psd,47282_VS10_12_184_GENZU.psd,webdav://13730b09/발송/외주 회사/뱅가드/26/#12/bg/VS10_12_184_GENZU.psd,webdav:/13730b09/발송/외주 회사/뱅가드/26/#12/bg,/Users/saintiron/Projects/Imagine/thumbnails/47282_VS10_12_184_GENZU_thumb.png,psd,,,Split-screen anime scene with a blue and red background.,"[""anime"", ""split-screen"", ""blue"", ""red"", ""characters"", ""digital art"", ""VS10"", ""Genzu""]",illustration,,,,unknown_legacy,parse_fallback_legacy,"pre-fix: psd-tools failed, fell back to thumbnail-only",,3654271496809902168,,"분할 화면 애니풍 장면이며, 푸른색 및 붉은 배경이/가 보입니다.",애니풍 · 분할 화면 · 푸른색 · 붉은 · 캐릭터 · 디지털 아트,,,,,,,
metadata-quality-v1-0207,metadata-quality-v1,2026-05-10T00:00:00+09:00,20260510,207,phash:-6295886556985912832,"webdav:/13730b09/발송4/범선/작품 쫑/후시/장소/숲,자연",legacy_warning,legacy_parse_or_caption_model,33377,"webdav://13730b09/발송4/범선/작품 쫑/후시/장소/숲,자연/nfb12_115.psd",33377_nfb12_115.psd,"발송4/범선/작품 쫑/후시/장소/숲,자연/nfb12_115.psd","webdav:/13730b09/발송4/범선/작품 쫑/후시/장소/숲,자연",/Users/saintiron/Projects/Imagine/thumbnails/33377_nfb12_115_thumb.png,psd,,,Lineart sketch of a character against a vibrant sunset sky.,"[""lineart"", ""character"", ""sunset"", ""purple"", ""pink"", ""orange"", ""yellow"", ""serene""]",illustration,,,,unknown_legacy,parse_fallback_legacy,"pre-fix: psd-tools failed, fell back to thumbnail-only",,-6295886556985912832,1,선화 스케치 의 캐릭터 배경으로 선명한 일몰 하늘입니다.,선화 · 캐릭터 · 일몰 · 보라색 · 분홍색 · 주황색 · 노란색 · 고요한,,,,,,,
metadata-quality-v1-0208,metadata-quality-v1,2026-05-10T00:00:00+09:00,20260510,208,phash:-2750601070154553088,webdav:/13730b09/발송/범선/기절용사와 암살공주/장소/마을,legacy_warning,legacy_parse_or_caption_model,52729,webdav://13730b09/발송/범선/기절용사와 암살공주/장소/마을/kya03_019.psd,52729_kya03_019.psd,발송/범선/기절용사와 암살공주/장소/마을/kya03_019.psd,webdav:/13730b09/발송/범선/기절용사와 암살공주/장소/마을,/Users/saintiron/Projects/Imagine/thumbnails/52729_kya03_019_thumb.png,psd,,,Anime-style character with ghostly outline in front of a stone building,"[""anime"", ""ghost"", ""building"", ""stone"", ""tree"", ""uniform"", ""window"", ""line art""]",illustration,,,,unknown_legacy,parse_fallback_legacy,"pre-fix: psd-tools failed, fell back to thumbnail-only",,-2750601070154553088,,돌 건물 앞에 유령 같은 윤곽이/가 있는 애니메이션풍 캐릭터입니다.,애니풍 · 유령 · 건물 · 돌 · 나무 · 유니폼 · 창문 · 선화,,,,,,,
metadata-quality-v1-0209,metadata-quality-v1,2026-05-10T00:00:00+09:00,20260510,209,phash:36100574009098240,webdav:/13730b09/발송/범선/기절용사와 암살공주/장소/숲,legacy_warning,legacy_parse_or_caption_model,53099,webdav://13730b09/발송/범선/기절용사와 암살공주/장소/숲/kya01_084_bk1.psd,53099_kya01_084_bk1.psd,발송/범선/기절용사와 암살공주/장소/숲/kya01_084_bk1.psd,webdav:/13730b09/발송/범선/기절용사와 암살공주/장소/숲,/Users/saintiron/Projects/Imagine/thumbnails/53099_kya01_084_bk1_thumb.png,psd,,,Layered teal mountains fading into misty horizon,"[""mountains"", ""mist"", ""teal"", ""horizon"", ""landscape"", ""fog"", ""watercolor""]",background,,,,unknown_legacy,parse_fallback_legacy,"pre-fix: psd-tools failed, fell back to thumbnail-only",,36100574009098240,,겹쳐진 청록색 산 희미해지는 안으로 안개 낀 지평선입니다.,산 · 안개 · 청록색 · 지평선 · 풍경 · 수채화,,,,,,,
metadata-quality-v1-0210,metadata-quality-v1,2026-05-10T00:00:00+09:00,20260510,210,content:2520463f1e4f3471d81dc0b222857870875260b55c059dd69c79e289800c8e0e,#2,ok,,57894,webdav://13730b09/예비/작품2/대마도학원35시험 소대/제작회사BG/#2/TM#02_128.psd,57894_TM#02_128.psd,예비/작품2/대마도학원35시험 소대/제작회사BG/#2/TM#02_128.psd,#2,/Users/saintiron/Projects/Imagine/thumbnails/57894_TM#02_128_thumb.png,psd,1668,1173,An anime-style storyboard sketch of two characters at a computer desk.,"[""storyboard"", ""anime"", ""desk"", ""computer"", ""sketch"", ""characters"", ""monitors""]",illustration,,,,Qwen/Qwen3.5-9B,,,2520463f1e4f3471d81dc0b222857870875260b55c059dd69c79e289800c8e0e,-8610741198132314112,1,애니메이션풍 스토리보드 스케치 의 두 캐릭터 에서 컴퓨터 책상입니다.,스토리보드 · 애니풍 · 책상 · 컴퓨터 · 스케치 · 캐릭터 · 모니터,,,,,,,
metadata-quality-v1-0211,metadata-quality-v1,2026-05-10T00:00:00+09:00,20260510,211,phash:-3980369665034517968,발송/외주 회사/뱅가드/24/#02/rr,legacy_warning,legacy_parse_or_caption_model,48536,webdav://13730b09/발송/외주 회사/뱅가드/24/#02/rr/VS8_02_334_340_1GENZU.psd,48536_VS8_02_334_340_1GENZU.psd,발송/외주 회사/뱅가드/24/#02/rr/VS8_02_334_340_1GENZU.psd,발송/외주 회사/뱅가드/24/#02/rr,/Users/saintiron/Projects/Imagine/thumbnails/48536_VS8_02_334_340_1GENZU_thumb.png,psd,,,Anime-style scene with colorful flags and a sketch overlay.,"[""anime"", ""flags"", ""sketch"", ""urban"", ""colorful"", ""overlay"", ""building"", ""street""]",background,,,,unknown_legacy,parse_fallback_legacy,"pre-fix: psd-tools failed, fell back to thumbnail-only",,-3980369665034517968,297,"애니메이션풍 장면이며, 화려한 깃발 및 스케치 오버레이이/가 보입니다.",애니풍 · 깃발 · 스케치 · 도시의 · 화려한 · 오버레이 · 건물 · 거리,,,,,,,
metadata-quality-v1-0212,metadata-quality-v1,2026-05-10T00:00:00+09:00,20260510,212,content:b4aac7562699f1ae785a9ae19fe902093252f8de015dd96ddaec37532c039b92,발송/범선/작품 쫑/다윈즈게임/장소/도시 낮,legacy_warning,legacy_parse_or_caption_model,30332,webdav://13730b09/발송/범선/작품 쫑/다윈즈게임/장소/도시 낮/dwg05_207.psd,dwg05_207.psd,발송/범선/작품 쫑/다윈즈게임/장소/도시 낮/dwg05_207.psd,발송/범선/작품 쫑/다윈즈게임/장소/도시 낮,/Users/saintiron/Projects/Imagine/thumbnails/dwg05_207_thumb.png,psd,1745,1244,"A sketch-style portrait in blue tones, featuring faint line art of a face with flowing hair against a gradient background.","[""portrait"", ""sketch"", ""blue_tones"", ""lineart"", ""illustration"", ""digital_art""]",illustration,,,,unknown_legacy,parse_fallback_legacy,"pre-fix: psd-tools failed, fell back to thumbnail-only",b4aac7562699f1ae785a9ae19fe902093252f8de015dd96ddaec37532c039b92,-4990363807554817536,1,"흐르는 머리카락 배경으로 그라데이션 배경이/가 보이는 얼굴의 스케치-스타일 인물화 안에 푸른색 색조, 포함하는 희미한 선화입니다.",인물화 · 스케치 · 푸른색 · 선화 · 일러스트 · 디지털 아트,,,,,,,
metadata-quality-v1-0213,metadata-quality-v1,2026-05-10T00:00:00+09:00,20260510,213,phash:-361736186574092288,webdav:/13730b09/발송/범선/기절용사와 암살공주/장소/유적지,legacy_warning,legacy_parse_or_caption_model,52412,webdav://13730b09/발송/범선/기절용사와 암살공주/장소/유적지/kya04_084.psd,52412_kya04_084.psd,발송/범선/기절용사와 암살공주/장소/유적지/kya04_084.psd,webdav:/13730b09/발송/범선/기절용사와 암살공주/장소/유적지,/Users/saintiron/Projects/Imagine/thumbnails/52412_kya04_084_thumb.png,psd,,,Decorative wall with orange and teal circular patterns and faint sketch lines.,"[""wall"", ""pattern"", ""circle"", ""orange"", ""teal"", ""sketch"", ""ornament""]",illustration,,,,unknown_legacy,parse_fallback_legacy,"pre-fix: psd-tools failed, fell back to thumbnail-only",,-361736186574092288,1,"장식적인 벽이며, 주황색 및 청록색 원형 무늬 및 희미한 스케치 선이/가 보입니다.",벽 · 무늬 · 원 · 주황색 · 청록색 · 스케치 · 장식,,,,,,,
metadata-quality-v1-0214,metadata-quality-v1,2026-05-10T00:00:00+09:00,20260510,214,phash:-5548717526416167424,webdav:/13730b09/예비/크랑베르무/장소/네네의집,legacy_warning,legacy_parse_or_caption_model,42135,webdav://13730b09/예비/크랑베르무/장소/네네의집/grb08_204.psd,42135_grb08_204.psd,예비/크랑베르무/장소/네네의집/grb08_204.psd,webdav:/13730b09/예비/크랑베르무/장소/네네의집,/Users/saintiron/Projects/Imagine/thumbnails/42135_grb08_204_thumb.png,psd,,,"A close-up of a handwritten note on lined paper, possibly from a manga or anime scene, featuring Japanese text and a small illustration of a search bar.","[""handwritten note"", ""Japanese text"", ""manga style"", ""search bar"", ""blue background"", ""hand-drawn"", ""study material"", ""diary entry""]",,,,,unknown_legacy,parse_fallback_legacy,"pre-fix: psd-tools failed, fell back to thumbnail-only",,-5548717526416167424,1,"클로즈업 의 손글씨 메모 위에 선이 있는 종이, 아마도 에서 만화 또는 애니풍 장면, 포함하는 일본어 텍스트 및 작은 일러스트 의 검색 바입니다.",손글씨 · 일본어 텍스트 · 만화 · 검색 · 푸른색 · 손 · 서재 · 일기,,,,,,,
metadata-quality-v1-0215,metadata-quality-v1,2026-05-10T00:00:00+09:00,20260510,215,phash:-3677028197092059648,webdav:/13730b09/발송/범선/기절용사와 암살공주/장소/유적지,legacy_warning,legacy_parse_or_caption_model,52290,webdav://13730b09/발송/범선/기절용사와 암살공주/장소/유적지/kya05_101_107.psd,52290_kya05_101_107.psd,발송/범선/기절용사와 암살공주/장소/유적지/kya05_101_107.psd,webdav:/13730b09/발송/범선/기절용사와 암살공주/장소/유적지,/Users/saintiron/Projects/Imagine/thumbnails/52290_kya05_101_107_thumb.png,psd,,,Anime characters in a dimly lit dungeon with glowing torches and ancient carvings.,"[""dungeon"", ""torch"", ""anime"", ""carvings"", ""characters"", ""stone"", ""chains"", ""spikes""]",illustration,,,,unknown_legacy,parse_fallback_legacy,"pre-fix: psd-tools failed, fell back to thumbnail-only",,-3677028197092059648,,"애니메이션 캐릭터 안에 어둡게 조명된 던전이며, 빛나는 횃불 및 오래된 조각이/가 보입니다.",던전 · 횃불 · 애니풍 · 조각 · 캐릭터 · 돌 · 쇠사슬 · 가시,,,,,,,
metadata-quality-v1-0216,metadata-quality-v1,2026-05-10T00:00:00+09:00,20260510,216,phash:-72340276321524224,webdav:/13730b09/발송/범선/기절용사와 암살공주/#10/bg,legacy_warning,legacy_parse_or_caption_model,51004,webdav://13730b09/발송/범선/기절용사와 암살공주/#10/bg/kya10_244.psd,51004_kya10_244.psd,발송/범선/기절용사와 암살공주/#10/bg/kya10_244.psd,webdav:/13730b09/발송/범선/기절용사와 암살공주/#10/bg,/Users/saintiron/Projects/Imagine/thumbnails/51004_kya10_244_thumb.png,psd,,,Anime-style girl with closed eyes and tears in a traditional room,"[""anime"", ""girl"", ""tears"", ""closed eyes"", ""traditional room"", ""wooden beams"", ""paper screen"", ""sketch lines""]",illustration,,,,unknown_legacy,parse_fallback_legacy,"pre-fix: psd-tools failed, fell back to thumbnail-only",,-72340276321524224,1,"애니메이션풍 소녀이며, 감은 눈 및 눈물 안에 전통적인 방이/가 보입니다.",애니풍 · 소녀 · 눈물 · 감은 눈 · 전통적인 · 나무 들보 · 종이문 · 스케치 선,,,,,,,
metadata-quality-v1-0217,metadata-quality-v1,2026-05-10T00:00:00+09:00,20260510,217,content:0e4c682779e72a03ba2d5272e7ed15187c5683975cc8b48ca943f403dbe2f17f,#1,ok,,58348,webdav://13730b09/예비/작품2/대마도학원35시험 소대/제작회사BG/#1/TM#01_299.psd,58348_TM#01_299.psd,예비/작품2/대마도학원35시험 소대/제작회사BG/#1/TM#01_299.psd,#1,/Users/saintiron/Projects/Imagine/thumbnails/58348_TM#01_299_thumb.png,psd,1681,1173,Dark concrete surface with scattered debris and faint markings.,"[""concrete"", ""debris"", ""texture"", ""gray"", ""ground"", ""surface"", ""pattern"", ""material""]",texture,,,,Qwen/Qwen3.5-9B,,,0e4c682779e72a03ba2d5272e7ed15187c5683975cc8b48ca943f403dbe2f17f,8210616688498474879,,"어두운 콘크리트 표면이며, 흩어진 잔해 및 희미한 표식이/가 보입니다.",콘크리트 · 잔해 · 질감 · 회색 · 지면 · 표면 · 무늬 · 재질,,,,,,,
metadata-quality-v1-0218,metadata-quality-v1,2026-05-10T00:00:00+09:00,20260510,218,phash:-5714900214888346112,webdav:/13730b09/발송4/범선/작품 쫑/후시/장소/로네느의집,legacy_warning,legacy_parse_or_caption_model,33791,webdav://13730b09/발송4/범선/작품 쫑/후시/장소/로네느의집/nfb04_281.psd,33791_nfb04_281.psd,발송4/범선/작품 쫑/후시/장소/로네느의집/nfb04_281.psd,webdav:/13730b09/발송4/범선/작품 쫑/후시/장소/로네느의집,/Users/saintiron/Projects/Imagine/thumbnails/33791_nfb04_281_thumb.png,psd,,,"A sketch of an anime-style character lying on a bed, viewed through a translucent sheet with faint line art and color outlines.","[""anime"", ""sketch"", ""still_life"", ""character"", ""bed"", ""translucent"", ""lineart"", ""cool_palette""]",illustration,,,,unknown_legacy,parse_fallback_legacy,"pre-fix: psd-tools failed, fell back to thumbnail-only",,-5714900214888346112,,"희미한 선화 및 색상 윤곽선이/가 보이는 애니메이션풍 캐릭터 누워 있는 위에 침대, 통해 보이는 반투명한 시트의 스케치입니다.",애니풍 · 스케치 · 정물 · 캐릭터 · 침대 · 반투명한 · 선화 · 차가운 색감,,,,,,,
metadata-quality-v1-0219,metadata-quality-v1,2026-05-10T00:00:00+09:00,20260510,219,phash:-1663832771371945984,webdav:/13730b09/발송/범선/기절용사와 암살공주/장소/이미지,legacy_warning,legacy_parse_or_caption_model,52241,webdav://13730b09/발송/범선/기절용사와 암살공주/장소/이미지/kya08_241_e.psd,52241_kya08_241_e.psd,발송/범선/기절용사와 암살공주/장소/이미지/kya08_241_e.psd,webdav:/13730b09/발송/범선/기절용사와 암살공주/장소/이미지,/Users/saintiron/Projects/Imagine/thumbnails/52241_kya08_241_e_thumb.png,psd,,,Abstract illustration with wavy lines and purple hues,"[""wavy lines"", ""purple"", ""abstract"", ""glow"", ""dark background""]",illustration,,,,unknown_legacy,parse_fallback_legacy,"pre-fix: psd-tools failed, fell back to thumbnail-only",,-1663832771371945984,1,"추상적인 일러스트이며, 물결 모양의 선 및 보라색 색조이/가 보입니다.",물결 모양의 · 보라색 · 추상적인 · 광채 · 어두운,,,,,,,
metadata-quality-v1-0220,metadata-quality-v1,2026-05-10T00:00:00+09:00,20260510,220,phash:-6139858923616024064,webdav:/13730b09/발송4/범선/작품 쫑/후시/장소/로네느의집 실험실,legacy_warning,legacy_parse_or_caption_model,33755,webdav://13730b09/발송4/범선/작품 쫑/후시/장소/로네느의집 실험실/nfb05_031.psd,33755_nfb05_031.psd,발송4/범선/작품 쫑/후시/장소/로네느의집 실험실/nfb05_031.psd,webdav:/13730b09/발송4/범선/작품 쫑/후시/장소/로네느의집 실험실,/Users/saintiron/Projects/Imagine/thumbnails/33755_nfb05_031_thumb.png,psd,,,"A sketchy anime-style illustration of a skeletal figure behind a wooden cabinet in a dimly lit room, with warm lighting casting shadows.","[""anime"", ""skull"", ""wooden cabinet"", ""mysterious"", ""eerie"", ""dark"", ""illustration"", ""sketch"", ""orange lighting""]",illustration,,,,unknown_legacy,parse_fallback_legacy,"pre-fix: psd-tools failed, fell back to thumbnail-only",,-6139858923616024064,1,"따뜻한 조명 그림자를 드리운이/가 보이는 해골 같은 인물 뒤 나무 수납장 안에 어둡게 조명된 방,의 스케치풍 애니메이션풍 일러스트입니다.",애니풍 · 해골 · 나무 · 신비로운 · 섬뜩한 · 어두운 · 일러스트 · 스케치 · 주황색,,,,,,,
metadata-quality-v1-0221,metadata-quality-v1,2026-05-10T00:00:00+09:00,20260510,221,phash:-7299515882106342780,webdav:/13730b09/예비/크랑베르무/장소/전투/1,legacy_warning,legacy_parse_or_caption_model,40916,webdav://13730b09/예비/크랑베르무/장소/전투/1/grb01_235.psd,40916_grb01_235.psd,예비/크랑베르무/장소/전투/1/grb01_235.psd,webdav:/13730b09/예비/크랑베르무/장소/전투/1,/Users/saintiron/Projects/Imagine/thumbnails/40916_grb01_235_thumb.png,psd,,,Two anime characters stand in a rocky landscape under a starry sky.,"[""anime"", ""landscape"", ""night"", ""stars"", ""mountains"", ""ghost"", ""mystery"", ""purple""]",illustration,,,,unknown_legacy,parse_fallback_legacy,"pre-fix: psd-tools failed, fell back to thumbnail-only",,-7299515882106342780,,"바위가 많은 풍경 안에 두 애니메이션 캐릭터가 서 있고, 별이 있는 하늘 아래입니다.",애니풍 · 풍경 · 밤 · 별 · 산 · 유령 · 미스터리 · 보라색,,,,,,,
metadata-quality-v1-0222,metadata-quality-v1,2026-05-10T00:00:00+09:00,20260510,222,phash:-5552681063990300160,webdav:/13730b09/예비/크랑베르무/장소/안나의집,legacy_warning,legacy_parse_or_caption_model,41111,webdav://13730b09/예비/크랑베르무/장소/안나의집/grb08_097.psd,41111_grb08_097.psd,예비/크랑베르무/장소/안나의집/grb08_097.psd,webdav:/13730b09/예비/크랑베르무/장소/안나의집,/Users/saintiron/Projects/Imagine/thumbnails/41111_grb08_097_thumb.png,psd,,,"A solitary figure walks along a quiet residential street bathed in the golden light of sunset, with houses and trees lining the path.","[""anime"", ""suburban street"", ""sunset"", ""lone figure"", ""golden hour"", ""residential"", ""trees"", ""power lines"", ""peaceful"", ""illustration""]",illustration,,,,unknown_legacy,parse_fallback_legacy,"pre-fix: psd-tools failed, fell back to thumbnail-only",,-5552681063990300160,,"집 및 나무 늘어선 길이/가 보이는 일몰,의 홀로 있는 인물 걷는 따라 조용한 주거지 거리 물든 금빛입니다.",애니풍 · 교외의 · 일몰 · 홀로 있는 · 금빛 · 주거지 · 나무 · 전선 · 평온한 · 일러스트,2,2,,,,manual_review,2026-05-13T23:20:19
metadata-quality-v1-0223,metadata-quality-v1,2026-05-10T00:00:00+09:00,20260510,223,phash:-7878299241726823936,webdav:/13730b09/발송4/범선/작품 쫑/후시/장소/로네느의집/거실,legacy_warning,legacy_parse_or_caption_model,33956,webdav://13730b09/발송4/범선/작품 쫑/후시/장소/로네느의집/거실/nfb04_192.psd,33956_nfb04_192.psd,발송4/범선/작품 쫑/후시/장소/로네느의집/거실/nfb04_192.psd,webdav:/13730b09/발송4/범선/작품 쫑/후시/장소/로네느의집/거실,/Users/saintiron/Projects/Imagine/thumbnails/33956_nfb04_192_thumb.png,psd,,,"A cozy, warmly lit rustic kitchen with wooden beams, a hanging lantern, and shelves of jars, evoking a tranquil, nostalgic atmosphere.","[""indoor"", ""kitchen"", ""lantern"", ""wooden_beams"", ""anime"", ""warm_light"", ""rural"", ""peaceful"", ""nighttime""]",background,indoor,,,unknown_legacy,parse_fallback_legacy,"pre-fix: psd-tools failed, fell back to thumbnail-only",,-7878299241726823936,97,"아늑한, 따뜻하게 조명된 소박한 주방이며, 나무 들보, 걸려 있는 등불, 및 선반 의 항아리, 느낌을 주는 고요한, 향수를 주는 분위기이/가 보입니다.",실내 · 주방 · 등불 · 나무 들보 · 애니풍 · 따뜻한 · 시골 · 평온한 · 밤,,,,,,,
metadata-quality-v1-0224,metadata-quality-v1,2026-05-10T00:00:00+09:00,20260510,224,phash:-9040216890344569178,webdav:/13730b09/발송/범선/기절용사와 암살공주/OP/bg,legacy_warning,legacy_parse_or_caption_model,51571,webdav://13730b09/발송/범선/기절용사와 암살공주/OP/bg/kyaOP_003_BG5.psd,51571_kyaOP_003_BG5.psd,발송/범선/기절용사와 암살공주/OP/bg/kyaOP_003_BG5.psd,webdav:/13730b09/발송/범선/기절용사와 암살공주/OP/bg,/Users/saintiron/Projects/Imagine/thumbnails/51571_kyaOP_003_BG5_thumb.png,psd,,,Three anime-style characters in a layered sketch against a blue sky with clouds.,"[""anime characters"", ""blue sky"", ""clouds"", ""sketch lines"", ""layered composition""]",illustration,,,,unknown_legacy,parse_fallback_legacy,"pre-fix: psd-tools failed, fell back to thumbnail-only",,-9040216890344569178,1,"세 애니메이션풍 캐릭터 안에 겹쳐진 스케치 배경으로 푸른 하늘이며, 구름이/가 보입니다.",애니메이션 캐릭터 · 푸른 하늘 · 구름 · 스케치 선 · 겹쳐진,,,,,,,
metadata-quality-v1-0225,metadata-quality-v1,2026-05-10T00:00:00+09:00,20260510,225,phash:-1658176806115569152,webdav:/13730b09/발송4/범선/작품 쫑/후시/장소/로네느의집/거실,legacy_warning,legacy_parse_or_caption_model,34147,webdav://13730b09/발송4/범선/작품 쫑/후시/장소/로네느의집/거실/nfb09_137.psd,34147_nfb09_137.psd,발송4/범선/작품 쫑/후시/장소/로네느의집/거실/nfb09_137.psd,webdav:/13730b09/발송4/범선/작품 쫑/후시/장소/로네느의집/거실,/Users/saintiron/Projects/Imagine/thumbnails/34147_nfb09_137_thumb.png,psd,,,A ghostly figure with a skull-like face appears as a translucent overlay over a framed painting in a room.,"[""ghost"", ""transparency"", ""skull"", ""painting"", ""magic"", ""anime"", ""overlay""]",effect,,,,unknown_legacy,parse_fallback_legacy,"pre-fix: psd-tools failed, fell back to thumbnail-only",,-1658176806115569152,1,"유령 같은 인물이며, 해골 같은 얼굴 처럼 보이는 반투명한 오버레이 위에 액자에 담긴 그림 안에 방이/가 보입니다.",유령 · 투명감 · 해골 · 그림 · 마법 · 애니풍 · 오버레이,,,,,,,
metadata-quality-v1-0226,metadata-quality-v1,2026-05-10T00:00:00+09:00,20260510,226,phash:7193342502552780948,webdav:/13730b09/발송작품/작품/켄신,legacy_warning,legacy_parse_or_caption_model,38083,webdav://13730b09/발송작품/작품/켄신/켄신-140.jpg,38083_켄신-140.jpg,발송작품/작품/켄신/켄신-140.jpg,webdav:/13730b09/발송작품/작품/켄신,/Users/saintiron/Projects/Imagine/thumbnails/38083_켄신-140_thumb.png,jpg,,,"A towering cloud formation against a deep blue sky, rendered in a painterly style with soft gradients and volumetric light.","[""sky"", ""clouds"", ""blue"", ""painterly"", ""ethereal"", ""celestial"", ""noon"", ""abstract""]",background,celestial,,,unknown_legacy,,,,7193342502552780948,,"높이 솟은 구름 형성 배경으로 짙은 푸른 하늘, 표현된 회화풍 스타일이며, 부드러운 그라데이션 및 입체적인 빛이/가 보입니다.",하늘 · 구름 · 푸른색 · 회화풍 · 몽환적인 · 천체의 · 정오 · 추상적인,,,,,,,
metadata-quality-v1-0227,metadata-quality-v1,2026-05-10T00:00:00+09:00,20260510,227,phash:-6878532842805479424,webdav:/13730b09/발송4/범선/작품 쫑/후시/장소/잡것,legacy_warning,legacy_parse_or_caption_model,33032,webdav://13730b09/발송4/범선/작품 쫑/후시/장소/잡것/nfb05_007.psd,33032_nfb05_007.psd,발송4/범선/작품 쫑/후시/장소/잡것/nfb05_007.psd,webdav:/13730b09/발송4/범선/작품 쫑/후시/장소/잡것,/Users/saintiron/Projects/Imagine/thumbnails/33032_nfb05_007_thumb.png,psd,,,"A dimly lit laboratory scene with candles, barrels, and mystical objects, evoking a mysterious and arcane atmosphere.","[""still_life"", ""cartoon"", ""mysterious"", ""laboratory"", ""candles"", ""barrels"", ""slytherin"", ""dark"", ""illustration""]",illustration,,,,unknown_legacy,parse_fallback_legacy,"pre-fix: psd-tools failed, fell back to thumbnail-only",,-6878532842805479424,149,"어둡게 조명된 실험실 장면이며, 양초, 통, 및 신비로운 물체, 느낌을 주는 신비로운 및 신비한 분위기이/가 보입니다.",정물 · 만화풍 · 신비로운 · 실험실 · 양초 · 통 · 슬리데린 · 어두운 · 일러스트,,,,,,,
metadata-quality-v1-0228,metadata-quality-v1,2026-05-10T00:00:00+09:00,20260510,228,phash:-4285581114355441080,발송/외주 회사/뱅가드/26/#10/bg,legacy_warning,legacy_parse_or_caption_model,47443,webdav://13730b09/발송/외주 회사/뱅가드/26/#10/bg/VS10_10_291_GENZU.psd,47443_VS10_10_291_GENZU.psd,발송/외주 회사/뱅가드/26/#10/bg/VS10_10_291_GENZU.psd,발송/외주 회사/뱅가드/26/#10/bg,/Users/saintiron/Projects/Imagine/thumbnails/47443_VS10_10_291_GENZU_thumb.png,psd,,,A large tree with a glowing heart-shaped leaf against a blue sky.,"[""tree"", ""heart"", ""sky"", ""nature"", ""glow"", ""anime"", ""fantasy"", ""blue""]",illustration,,,,unknown_legacy,parse_fallback_legacy,"pre-fix: psd-tools failed, fell back to thumbnail-only",,-4285581114355441080,,"큰 나무이며, 빛나는 하트 모양의 잎 배경으로 푸른 하늘이/가 보입니다.",나무 · 하트 · 하늘 · 자연 · 광채 · 애니풍 · 판타지 · 푸른색,,,,,,,
metadata-quality-v1-0229,metadata-quality-v1,2026-05-10T00:00:00+09:00,20260510,229,phash:7001737425859908375,AGM_01_001_013_030 3DBG,ok,,28895,/Users/saintiron/imageDB/마캬베리즈무/장소/AGM_01_001_013_030 3DBG/koudou_uenotatemono.psd,koudou_uenotatemono.psd,koudou_uenotatemono.psd,AGM_01_001_013_030 3DBG,/Users/saintiron/Projects/Imagine/thumbnails/koudou_uenotatemono_thumb.png,psd,5000,3750,A 3D architectural rendering of a traditional Japanese gate with a modern building behind.,"[""Japanese gate"", ""traditional architecture"", ""modern building"", ""3D rendering"", ""pagoda roof"", ""windows"", ""columns""]",illustration,,,,Qwen/Qwen3.5-9B,vision_done,,,7001737425859908375,,현대적인 건물 뒤이/가 보이는 일본 전통 문의 입체 건축적인 렌더링입니다.,일본식 · 전통적인 · 현대적인 · 입체 · 지붕 · 창문 · 기둥,,,,,,,
metadata-quality-v1-0230,metadata-quality-v1,2026-05-10T00:00:00+09:00,20260510,230,phash:-72344588131566850,webdav:/13730b09/예비/크랑베르무/장소/전투/7,legacy_warning,legacy_parse_or_caption_model,39491,webdav://13730b09/예비/크랑베르무/장소/전투/7/grb13_077.psd,39491_grb13_077.psd,예비/크랑베르무/장소/전투/7/grb13_077.psd,webdav:/13730b09/예비/크랑베르무/장소/전투/7,/Users/saintiron/Projects/Imagine/thumbnails/39491_grb13_077_thumb.png,psd,,,"A glowing, crystalline figure floats against a radiant purple and white background.","[""fantasy"", ""glow"", ""crystal"", ""purple"", ""white"", ""digital art"", ""abstract"", ""light""]",effect,,,,unknown_legacy,parse_fallback_legacy,"pre-fix: psd-tools failed, fell back to thumbnail-only",,-72344588131566850,1,"빛나는, 수정 같은 인물 떠 있음 배경으로 빛나는 보라색 및 흰색 배경입니다.",판타지 · 광채 · 수정 · 보라색 · 흰색 · 디지털 아트 · 추상적인 · 빛,,,,,,,
metadata-quality-v1-0231,metadata-quality-v1,2026-05-10T00:00:00+09:00,20260510,231,phash:-2168015233937734400,webdav:/13730b09/발송4/범선/작품 쫑/후시/장소/마을,legacy_warning,legacy_parse_or_caption_model,33457,webdav://13730b09/발송4/범선/작품 쫑/후시/장소/마을/nfb03_197.psd,33457_nfb03_197.psd,발송4/범선/작품 쫑/후시/장소/마을/nfb03_197.psd,webdav:/13730b09/발송4/범선/작품 쫑/후시/장소/마을,/Users/saintiron/Projects/Imagine/thumbnails/33457_nfb03_197_thumb.png,psd,,,"A cozy medieval alleyway bathed in warm, golden light at dusk, with stone buildings, wooden barrels, and arched doorways.","[""medieval"", ""dusk"", ""anime"", ""cozy"", ""stone buildings"", ""wooden barrels"", ""warm lighting"", ""autumn""]",background,Cities,Dusk,Clear,unknown_legacy,parse_fallback_legacy,"pre-fix: psd-tools failed, fell back to thumbnail-only",,-2168015233937734400,,"아늑한 중세풍 골목길 물든 따뜻한, 금빛 에서 해질녘,이며, 석조 건물, 나무 통, 및 아치형 출입구이/가 보입니다.",중세풍 · 해질녘 · 애니풍 · 아늑한 · 석조 건물 · 나무 · 따뜻한 · 가을,,,,,,,
metadata-quality-v1-0232,metadata-quality-v1,2026-05-10T00:00:00+09:00,20260510,232,phash:-2386150674151609600,webdav:/13730b09/예비/크랑베르무/장소/전투/2,legacy_warning,legacy_parse_or_caption_model,40607,webdav://13730b09/예비/크랑베르무/장소/전투/2/grb03_294.psd,40607_grb03_294.psd,예비/크랑베르무/장소/전투/2/grb03_294.psd,webdav:/13730b09/예비/크랑베르무/장소/전투/2,/Users/saintiron/Projects/Imagine/thumbnails/40607_grb03_294_thumb.png,psd,,,Abstract rock texture with overlay lines and geometric shapes in purple and gray tones,"[""rock"", ""texture"", ""abstract"", ""purple"", ""gray"", ""geometric"", ""overlay""]",texture,,,,unknown_legacy,parse_fallback_legacy,"pre-fix: psd-tools failed, fell back to thumbnail-only",,-2386150674151609600,,"추상적인 바위 질감이며, 오버레이 선 및 기하학적 형태 안에 보라색 및 회색 색조이/가 보입니다.",바위 · 질감 · 추상적인 · 보라색 · 회색 · 기하학적 · 오버레이,,,,,,,
metadata-quality-v1-0233,metadata-quality-v1,2026-05-10T00:00:00+09:00,20260510,233,phash:-9215423796279145416,webdav:/13730b09/예비/크랑베르무/장소/전투/6,legacy_warning,legacy_parse_or_caption_model,39758,webdav://13730b09/예비/크랑베르무/장소/전투/6/grb12_126.psd,39758_grb12_126.psd,예비/크랑베르무/장소/전투/6/grb12_126.psd,webdav:/13730b09/예비/크랑베르무/장소/전투/6,/Users/saintiron/Projects/Imagine/thumbnails/39758_grb12_126_thumb.png,psd,,,Abstract pink and magenta horizontal light streaks on black background.,"[""abstract"", ""light streaks"", ""pink"", ""magenta"", ""horizontal"", ""glow"", ""neon"", ""gradient""]",texture,,,,unknown_legacy,parse_fallback_legacy,"pre-fix: psd-tools failed, fell back to thumbnail-only",,-9215423796279145416,,추상적인 분홍색 및 자홍색 수평 빛 줄기 위에 검은색 배경입니다.,추상적인 · 빛 · 분홍색 · 자홍색 · 수평 · 광채 · 네온 · 그라데이션,,,,,,,
metadata-quality-v1-0234,metadata-quality-v1,2026-05-10T00:00:00+09:00,20260510,234,phash:-4557426473572449267,발송/외주 회사/뱅가드/25/#11/bg,legacy_warning,legacy_parse_or_caption_model,49198,webdav://13730b09/발송/외주 회사/뱅가드/25/#11/bg/VS9_11_022_GENZU.psd,49198_VS9_11_022_GENZU.psd,발송/외주 회사/뱅가드/25/#11/bg/VS9_11_022_GENZU.psd,발송/외주 회사/뱅가드/25/#11/bg,/Users/saintiron/Projects/Imagine/thumbnails/49198_VS9_11_022_GENZU_thumb.png,psd,,,Sketch of a character's face with detailed eye and hair lines.,"[""anime"", ""sketch"", ""character design"", ""line art"", ""face"", ""eye"", ""hair"", ""drawing""]",illustration,,,,unknown_legacy,parse_fallback_legacy,"pre-fix: psd-tools failed, fell back to thumbnail-only",,-4557426473572449267,1,세밀한 눈 및 머리카락 선이/가 보이는 캐릭터의 얼굴의 스케치입니다.,애니풍 · 스케치 · 캐릭터 · 선화 · 얼굴 · 눈 · 머리카락 · 그림,,,,,,,
metadata-quality-v1-0235,metadata-quality-v1,2026-05-10T00:00:00+09:00,20260510,235,phash:-2260630396208570112,webdav:/13730b09/예비/크랑베르무/장소/안나의집,legacy_warning,legacy_parse_or_caption_model,41124,webdav://13730b09/예비/크랑베르무/장소/안나의집/grb06_229.psd,41124_grb06_229.psd,예비/크랑베르무/장소/안나의집/grb06_229.psd,webdav:/13730b09/예비/크랑베르무/장소/안나의집,/Users/saintiron/Projects/Imagine/thumbnails/41124_grb06_229_thumb.png,psd,,,"Two translucent figures stand in a warmly lit hallway, evoking a sense of haunting presence.","[""anime"", ""ghost"", ""hallway"", ""translucent"", ""mysterious"", ""warm lighting"", ""red chair"", ""wood paneling""]",illustration,,,,unknown_legacy,parse_fallback_legacy,"pre-fix: psd-tools failed, fell back to thumbnail-only",,-2260630396208570112,,"두 반투명한 인물 서 있음 안에 따뜻하게 조명된 복도, 느낌을 주는 느낌 의 음산한 존재감입니다.",애니풍 · 유령 · 복도 · 반투명한 · 신비로운 · 따뜻한 · 붉은 · 나무,,,,,,,
metadata-quality-v1-0236,metadata-quality-v1,2026-05-10T00:00:00+09:00,20260510,236,phash:-8753090130796697600,webdav:/13730b09/발송/범선/기절용사와 암살공주/장소/찾집.술집,legacy_warning,legacy_parse_or_caption_model,51963,webdav://13730b09/발송/범선/기절용사와 암살공주/장소/찾집.술집/kya03_162.psd,51963_kya03_162.psd,발송/범선/기절용사와 암살공주/장소/찾집.술집/kya03_162.psd,webdav:/13730b09/발송/범선/기절용사와 암살공주/장소/찾집.술집,/Users/saintiron/Projects/Imagine/thumbnails/51963_kya03_162_thumb.png,psd,,,A sketch of a distressed man looking up in a wooden room.,"[""man"", ""sketch"", ""wooden ceiling"", ""hands"", ""distress"", ""anime style"", ""line art"", ""dark room""]",illustration,,,,unknown_legacy,parse_fallback_legacy,"pre-fix: psd-tools failed, fell back to thumbnail-only",,-8753090130796697600,1,스케치 의 낡고 거친 남성 바라보는 위쪽 안에 나무 방입니다.,남성 · 스케치 · 나무 · 손 · 손상감 · 애니메이션풍 · 선화 · 어두운,,,,,,,
metadata-quality-v1-0237,metadata-quality-v1,2026-05-10T00:00:00+09:00,20260510,237,phash:-7306357180323034976,발송/외주 회사/뱅가드/24/#02/bg,legacy_warning,legacy_parse_or_caption_model,48698,webdav://13730b09/발송/외주 회사/뱅가드/24/#02/bg/VS8_02_377_GENZU.psd,48698_VS8_02_377_GENZU.psd,발송/외주 회사/뱅가드/24/#02/bg/VS8_02_377_GENZU.psd,발송/외주 회사/뱅가드/24/#02/bg,/Users/saintiron/Projects/Imagine/thumbnails/48698_VS8_02_377_GENZU_thumb.png,psd,,,Anime-style character sketch overlaid on a brick and asphalt path.,"[""anime"", ""sketch"", ""character"", ""path"", ""brick"", ""asphalt"", ""overlay"", ""lineart""]",illustration,,,,unknown_legacy,parse_fallback_legacy,"pre-fix: psd-tools failed, fell back to thumbnail-only",,-7306357180323034976,,애니메이션풍 캐릭터 스케치가 벽돌 및 아스팔트 길 위에 겹쳐져 있습니다.,애니풍 · 스케치 · 캐릭터 · 길 · 벽돌 · 아스팔트 · 오버레이 · 선화,,,,,,,
metadata-quality-v1-0238,metadata-quality-v1,2026-05-10T00:00:00+09:00,20260510,238,phash:-7593404568064693760,webdav:/13730b09/발송/범선/기절용사와 암살공주/#12/bg,legacy_warning,legacy_parse_or_caption_model,50368,webdav://13730b09/발송/범선/기절용사와 암살공주/#12/bg/kya12_052.psd,50368_kya12_052.psd,발송/범선/기절용사와 암살공주/#12/bg/kya12_052.psd,webdav:/13730b09/발송/범선/기절용사와 암살공주/#12/bg,/Users/saintiron/Projects/Imagine/thumbnails/50368_kya12_052_thumb.png,psd,,,Two ghostly figures float in a wooden attic with a glowing door.,"[""ghosts"", ""attic"", ""wooden beams"", ""glowing door"", ""translucent figures""]",illustration,,,,unknown_legacy,parse_fallback_legacy,"pre-fix: psd-tools failed, fell back to thumbnail-only",,-7593404568064693760,1,"두 유령 같은 인물 떠 있음 안에 나무 다락방이며, 빛나는 문이/가 보입니다.",유령 · 다락방 · 나무 들보 · 빛나는 · 반투명한 인물,,,,,,,
metadata-quality-v1-0239,metadata-quality-v1,2026-05-10T00:00:00+09:00,20260510,239,phash:-6655296331479833856,webdav:/13730b09/발송4/범선/작품 쫑/후시/장소/길드,legacy_warning,legacy_parse_or_caption_model,35134,webdav://13730b09/발송4/범선/작품 쫑/후시/장소/길드/nfb07_166.psd,35134_nfb07_166.psd,발송4/범선/작품 쫑/후시/장소/길드/nfb07_166.psd,webdav:/13730b09/발송4/범선/작품 쫑/후시/장소/길드,/Users/saintiron/Projects/Imagine/thumbnails/35134_nfb07_166_thumb.png,psd,,,"A dimly lit wooden hallway with glowing lanterns, featuring ghostly figures in the background, suggesting a supernatural or eerie atmosphere.","[""anime"", ""hallway"", ""ghost"", ""supernatural"", ""mysterious"", ""lanterns"", ""wooden"", ""dark"", ""illustration""]",illustration,,,,unknown_legacy,parse_fallback_legacy,"pre-fix: psd-tools failed, fell back to thumbnail-only",,-6655296331479833856,,"어둡게 조명된 나무 복도이며, 빛나는 등불, 포함하는 유령 같은 인물 안에 배경, 암시하는 초자연적인 또는 섬뜩한 분위기이/가 보입니다.",애니풍 · 복도 · 유령 · 초자연적인 · 신비로운 · 등불 · 나무 · 어두운 · 일러스트,,,,,,,
metadata-quality-v1-0240,metadata-quality-v1,2026-05-10T00:00:00+09:00,20260510,240,phash:-8314011321950368124,webdav:/13730b09/발송/외주 회사/뱅가드/26/#11/0326,legacy_warning,legacy_parse_or_caption_model,47324,webdav://13730b09/발송/외주 회사/뱅가드/26/#11/0326/VS10_11_157_genzu.psd,47324_VS10_11_157_genzu.psd,발송/외주 회사/뱅가드/26/#11/0326/VS10_11_157_genzu.psd,webdav:/13730b09/발송/외주 회사/뱅가드/26/#11/0326,/Users/saintiron/Projects/Imagine/thumbnails/47324_VS10_11_157_genzu_thumb.png,psd,,,"A yellow circle floats in a dark, cloudy sky.","[""sky"", ""clouds"", ""circle"", ""night"", ""abstract"", ""minimalism"", ""dark"", ""yellow""]",photo,,,,unknown_legacy,parse_fallback_legacy,"pre-fix: psd-tools failed, fell back to thumbnail-only",,-8314011321950368124,,"노란색 원 떠 있음 안에 어두운, 구름 낀 하늘입니다.",하늘 · 구름 · 원 · 밤 · 추상적인 · 미니멀리즘 · 어두운 · 노란색,,,,,,,
metadata-quality-v1-0241,metadata-quality-v1,2026-05-10T00:00:00+09:00,20260510,241,content:75967ac4156ef0f12f9fca725c9c0c2fa37a422d803c6579f27095933f8b9486,#2,ok,,57988,webdav://13730b09/예비/작품2/대마도학원35시험 소대/제작회사BG/#2/TM#02_239.psd,57988_TM#02_239.psd,예비/작품2/대마도학원35시험 소대/제작회사BG/#2/TM#02_239.psd,#2,/Users/saintiron/Projects/Imagine/thumbnails/57988_TM#02_239_thumb.png,psd,1668,1186,Anime-style character sketch overlaid on a dark cityscape at night.,"[""anime"", ""sketch"", ""cityscape"", ""night"", ""buildings"", ""trees"", ""clouds""]",illustration,,,,Qwen/Qwen3.5-9B,,,75967ac4156ef0f12f9fca725c9c0c2fa37a422d803c6579f27095933f8b9486,1731784314119828480,,애니메이션풍 캐릭터 스케치가 어두운 도시 풍경 밤에 위에 겹쳐져 있습니다.,애니풍 · 스케치 · 도시 풍경 · 밤 · 건물 · 나무 · 구름,,,,,,,
metadata-quality-v1-0242,metadata-quality-v1,2026-05-10T00:00:00+09:00,20260510,242,phash:-2545408129233548086,webdav:/13730b09/발송/범선/기절용사와 암살공주/장소/동굴,legacy_warning,legacy_parse_or_caption_model,51823,webdav://13730b09/발송/범선/기절용사와 암살공주/장소/동굴/kya02_168.psd,51823_kya02_168.psd,발송/범선/기절용사와 암살공주/장소/동굴/kya02_168.psd,webdav:/13730b09/발송/범선/기절용사와 암살공주/장소/동굴,/Users/saintiron/Projects/Imagine/thumbnails/51823_kya02_168_thumb.png,psd,,,"A translucent ghostly figure floats over a textured, rocky cave wall.","[""ghost"", ""cave"", ""rock"", ""translucent"", ""shadow"", ""texture"", ""darkness""]",illustration,,,,unknown_legacy,parse_fallback_legacy,"pre-fix: psd-tools failed, fell back to thumbnail-only",,-2545408129233548086,,"반투명한 유령 같은 인물 떠 있음 위에 질감 있는, 바위가 많은 동굴 벽입니다.",유령 · 동굴 · 바위 · 반투명한 · 그림자 · 질감 · 어둠,,,,,,,
metadata-quality-v1-0243,metadata-quality-v1,2026-05-10T00:00:00+09:00,20260510,243,content:f353f062dc865b9d92c3b0e4475d1cf27130cc45bdbf5ec73707cc9257353385,#3,ok,,57761,webdav://13730b09/예비/작품2/대마도학원35시험 소대/제작회사BG/#3/AT03_233.psd,57761_AT03_233.psd,예비/작품2/대마도학원35시험 소대/제작회사BG/#3/AT03_233.psd,#3,/Users/saintiron/Projects/Imagine/thumbnails/57761_AT03_233_thumb.png,psd,2338,1653,A character stands in a desert-like area with rocks and walls.,"[""character"", ""rocks"", ""walls"", ""desert"", ""ground""]",illustration,,,,Qwen/Qwen3.5-9B,,,f353f062dc865b9d92c3b0e4475d1cf27130cc45bdbf5ec73707cc9257353385,-524461855029544960,1,"사막 같은 구역 안에 캐릭터가 서 있고, 바위 및 벽이/가 보입니다.",캐릭터 · 바위 · 벽 · 사막 · 지면,,,,,,,
metadata-quality-v1-0244,metadata-quality-v1,2026-05-10T00:00:00+09:00,20260510,244,phash:-6872235876489288496,발송/외주 회사/뱅가드/24/#04/bg,legacy_warning,legacy_parse_or_caption_model,48792,webdav://13730b09/발송/외주 회사/뱅가드/24/#04/bg/VS8_04_066_GENZU.psd,48792_VS8_04_066_GENZU.psd,발송/외주 회사/뱅가드/24/#04/bg/VS8_04_066_GENZU.psd,발송/외주 회사/뱅가드/24/#04/bg,/Users/saintiron/Projects/Imagine/thumbnails/48792_VS8_04_066_GENZU_thumb.png,psd,,,Two anime characters with sketch overlays in a modern hallway.,"[""anime"", ""sketch"", ""hallway"", ""characters"", ""overlay"", ""modern"", ""architecture"", ""digital art""]",illustration,,,,unknown_legacy,parse_fallback_legacy,"pre-fix: psd-tools failed, fell back to thumbnail-only",,-6872235876489288496,,"두 애니메이션 캐릭터이며, 스케치 오버레이 안에 현대적인 복도이/가 보입니다.",애니풍 · 스케치 · 복도 · 캐릭터 · 오버레이 · 현대적인 · 건축 · 디지털 아트,,,,,,,
metadata-quality-v1-0245,metadata-quality-v1,2026-05-10T00:00:00+09:00,20260510,245,phash:7622562793253370096,imageDB/마캬베리즈무/실내소품,legacy_warning,legacy_parse_or_caption_model,31650,/Users/saintiron/imageDB/마캬베리즈무/실내소품/술병.jpg,술병.jpg,술병.jpg,imageDB/마캬베리즈무/실내소품,/Users/saintiron/Projects/Imagine/thumbnails/술병_thumb.png,jpg,548,219,"A painterly still life of liquor bottles arranged on two shelves, illuminated by warm light.","[""still_life"", ""liquor_bottles"", ""bar_shelf"", ""painterly"", ""warm_light"", ""realistic"", ""indoor"", ""decorative_objects""]",illustration,,,,unknown_legacy,,,,7622562793253370096,,"회화풍 정물 의 술 병 배치된 위에 두 선반, 빛을 받는 따뜻한 빛입니다.",정물 · 술 · 바 · 회화풍 · 따뜻한 · 사실적인 · 실내 · 장식적인,2,2,,,,manual_review,2026-05-13T23:20:30
metadata-quality-v1-0246,metadata-quality-v1,2026-05-10T00:00:00+09:00,20260510,246,phash:-1737859582110547200,webdav:/13730b09/예비/크랑베르무/장소/전투/3,legacy_warning,legacy_parse_or_caption_model,40384,webdav://13730b09/예비/크랑베르무/장소/전투/3/grb05_099.psd,40384_grb05_099.psd,예비/크랑베르무/장소/전투/3/grb05_099.psd,webdav:/13730b09/예비/크랑베르무/장소/전투/3,/Users/saintiron/Projects/Imagine/thumbnails/40384_grb05_099_thumb.png,psd,,,"Anime-style illustration of towering rock formations under a vibrant, star-filled sky with aurora-like light streaks.","[""anime"", ""mountains"", ""night sky"", ""stars"", ""aurora"", ""rock formations"", ""mystical"", ""fantasy landscape""]",illustration,,,,unknown_legacy,parse_fallback_legacy,"pre-fix: psd-tools failed, fell back to thumbnail-only",,-1737859582110547200,,"오로라 같은 빛 줄기이/가 보이는 높이 솟은 암석 지형 아래 선명한, 별이 가득한 하늘의 애니메이션풍 일러스트입니다.",애니풍 · 산 · 밤하늘 · 별 · 오로라 · 암석 지형 · 신비로운 · 판타지 풍경,,,,,,,
metadata-quality-v1-0247,metadata-quality-v1,2026-05-10T00:00:00+09:00,20260510,247,content:3575dd8ee177746f94cc1f7d7b733a316392e64d501758862e33ac3cda63a489,택처,ok,,57353,webdav://13730b09/예비/작품2/대마도학원35시험 소대/택처/책 (2).psd,57353_책 (2).psd,예비/작품2/대마도학원35시험 소대/택처/책 (2).psd,택처,/Users/saintiron/Projects/Imagine/thumbnails/57353_책 (2)_thumb.png,psd,5704,4324,Top-down view of organized bookshelves filled with various books.,"[""books"", ""bookshelves"", ""library"", ""spines"", ""organization""]",illustration,,,,Qwen/Qwen3.5-9B,,,3575dd8ee177746f94cc1f7d7b733a316392e64d501758862e33ac3cda63a489,-7948563610553378599,,여러 책이/가 보이는 정리된 책장 가득 찬의 위에서 본 풍경입니다.,책 · 책장 · 도서관 · 책등 · 정리,,,,,,,
metadata-quality-v1-0248,metadata-quality-v1,2026-05-10T00:00:00+09:00,20260510,248,content:1fe910773fc7f498b8dc12a0e7d9439212205317d1577c79853781ee84ae8f17,#1,ok,,58336,webdav://13730b09/예비/작품2/대마도학원35시험 소대/제작회사BG/#1/TM#01_287.psd,58336_TM#01_287.psd,예비/작품2/대마도학원35시험 소대/제작회사BG/#1/TM#01_287.psd,#1,/Users/saintiron/Projects/Imagine/thumbnails/58336_TM#01_287_thumb.png,psd,1686,1187,"Dark alleyway with concrete walls, a door, and a wall-mounted box.","[""alleyway"", ""concrete"", ""door"", ""wall"", ""box"", ""dark"", ""urban"", ""night""]",background,,,,Qwen/Qwen3.5-9B,,,1fe910773fc7f498b8dc12a0e7d9439212205317d1577c79853781ee84ae8f17,514860781248408929,,"어두운 골목길이며, 콘크리트 벽, 문, 및 벽-걸린 상자이/가 보입니다.",골목길 · 콘크리트 · 문 · 벽 · 상자 · 어두운 · 도시의 · 밤,,,,,,,
metadata-quality-v1-0249,metadata-quality-v1,2026-05-10T00:00:00+09:00,20260510,249,phash:-4263548928323162624,webdav:/13730b09/예비/크랑베르무/장소/켐핑장,legacy_warning,legacy_parse_or_caption_model,39345,webdav://13730b09/예비/크랑베르무/장소/켐핑장/grb11_164.psd,39345_grb11_164.psd,예비/크랑베르무/장소/켐핑장/grb11_164.psd,webdav:/13730b09/예비/크랑베르무/장소/켐핑장,/Users/saintiron/Projects/Imagine/thumbnails/39345_grb11_164_thumb.png,psd,,,"Two translucent figures stand in a lush green forest, viewed through a transparent barrier, suggesting a dreamlike or memory scene.","[""anime"", ""forest"", ""translucent"", ""dreamlike"", ""serene"", ""illustration"", ""background"", ""two_figures"", ""green_palette""]",illustration,,,,unknown_legacy,parse_fallback_legacy,"pre-fix: psd-tools failed, fell back to thumbnail-only",,-4263548928323162624,1,"두 반투명한 인물 서 있음 안에 무성한 초록 숲, 통해 보이는 투명한 장벽,이며, 몽환적인 또는 기억 장면을/를 암시합니다.",애니풍 · 숲 · 반투명한 · 몽환적인 · 고요한 · 일러스트 · 배경 · 두 · 초록,,,,,,,
metadata-quality-v1-0250,metadata-quality-v1,2026-05-10T00:00:00+09:00,20260510,250,phash:-8741859986295315968,webdav:/13730b09/예비/크랑베르무/장소/만게츠의집 외부,legacy_warning,legacy_parse_or_caption_model,41590,webdav://13730b09/예비/크랑베르무/장소/만게츠의집 외부/grb04_241.psd,41590_grb04_241.psd,예비/크랑베르무/장소/만게츠의집 외부/grb04_241.psd,webdav:/13730b09/예비/크랑베르무/장소/만게츠의집 외부,/Users/saintiron/Projects/Imagine/thumbnails/41590_grb04_241_thumb.png,psd,,,"A high-angle shot of a grey concrete sidewalk with a large vertical pole, where a translucent, anime-style character outline stands in profile.","[""anime"", ""outline"", ""translucent"", ""sidewalk"", ""pole"", ""urban"", ""character"", ""3d render"", ""greenery"", ""perspective""]",,,,,unknown_legacy,parse_fallback_legacy,"pre-fix: psd-tools failed, fell back to thumbnail-only",,-8741859986295315968,,"큰 세로 기둥, 있는 곳 반투명한, 애니메이션풍 캐릭터 윤곽 서 있음 안에 옆모습이/가 보이는 회색 콘크리트 보도의 하이앵글 장면입니다.",애니풍 · 윤곽 · 반투명한 · 보도 · 기둥 · 도시의 · 캐릭터 · 입체 · 녹음 · 원근감,,,,,,,
metadata-quality-v1-0251,metadata-quality-v1,2026-05-10T00:00:00+09:00,20260510,251,phash:-6443322053647865672,webdav:/13730b09/발송/범선/기절용사와 암살공주/#10/bg,legacy_warning,legacy_parse_or_caption_model,50844,webdav://13730b09/발송/범선/기절용사와 암살공주/#10/bg/kya10_108.psd,50844_kya10_108.psd,발송/범선/기절용사와 암살공주/#10/bg/kya10_108.psd,webdav:/13730b09/발송/범선/기절용사와 암살공주/#10/bg,/Users/saintiron/Projects/Imagine/thumbnails/50844_kya10_108_thumb.png,psd,,,A giant figure lifts a cracked sphere over three smaller figures in a forest.,"[""giant figure"", ""cracked sphere"", ""forest"", ""small figures"", ""anime style""]",illustration,,,,unknown_legacy,parse_fallback_legacy,"pre-fix: psd-tools failed, fell back to thumbnail-only",,-6443322053647865672,,거대한 인물 들어 올리는 갈라진 구체 위에 세 작은 인물 안에 숲입니다.,거대한 · 갈라진 · 숲 · 작은 · 애니메이션풍,,,,,,,
metadata-quality-v1-0252,metadata-quality-v1,2026-05-10T00:00:00+09:00,20260510,252,phash:-1809093599765286768,발송/외주 회사/뱅가드/26/#04/bg,legacy_warning,legacy_parse_or_caption_model,48030,webdav://13730b09/발송/외주 회사/뱅가드/26/#04/bg/VS10_04_166_GENZU.psd,48030_VS10_04_166_GENZU.psd,발송/외주 회사/뱅가드/26/#04/bg/VS10_04_166_GENZU.psd,발송/외주 회사/뱅가드/26/#04/bg,/Users/saintiron/Projects/Imagine/thumbnails/48030_VS10_04_166_GENZU_thumb.png,psd,,,Office scene with four characters and a desk near a window.,"[""office"", ""anime"", ""meeting"", ""desk"", ""window"", ""characters"", ""interior"", ""business""]",illustration,,,,unknown_legacy,parse_fallback_legacy,"pre-fix: psd-tools failed, fell back to thumbnail-only",,-1809093599765286768,,"사무실 장면이며, 네 캐릭터 및 책상 근처 창문이/가 보입니다.",사무실 · 애니풍 · 회의 · 책상 · 창문 · 캐릭터 · 실내 · 업무,,,,,,,
metadata-quality-v1-0253,metadata-quality-v1,2026-05-10T00:00:00+09:00,20260510,253,phash:-6726422333598557556,webdav:/13730b09/발송4/범선/작품 쫑/후시/장소/늪지대,legacy_warning,legacy_parse_or_caption_model,34909,webdav://13730b09/발송4/범선/작품 쫑/후시/장소/늪지대/nfb09_164.psd,34909_nfb09_164.psd,발송4/범선/작품 쫑/후시/장소/늪지대/nfb09_164.psd,webdav:/13730b09/발송4/범선/작품 쫑/후시/장소/늪지대,/Users/saintiron/Projects/Imagine/thumbnails/34909_nfb09_164_thumb.png,psd,,,"A sunlit dirt field with sparse green grass and faint radiating light effects, suggesting a quiet rural setting.","[""dirt_field"", ""sunlight"", ""spring"", ""rural"", ""3d_render"", ""natural_light""]",background,rural,,,unknown_legacy,parse_fallback_legacy,"pre-fix: psd-tools failed, fell back to thumbnail-only",,-6726422333598557556,,"햇빛이 드는 흙 들판이며, 드문드문한 초록 풀 및 희미한 방사되는 빛 효과, 암시하는 조용한 시골 환경이/가 보입니다.",흙 · 햇빛 · 봄 · 시골 · 입체 · 자연스러운,,,,,,,
metadata-quality-v1-0254,metadata-quality-v1,2026-05-10T00:00:00+09:00,20260510,254,phash:-4557386951952111016,발송/외주 회사/뱅가드/25/#01/bg,legacy_warning,legacy_parse_or_caption_model,49943,webdav://13730b09/발송/외주 회사/뱅가드/25/#01/bg/VS9_01_269_GENZU.psd,49943_VS9_01_269_GENZU.psd,발송/외주 회사/뱅가드/25/#01/bg/VS9_01_269_GENZU.psd,발송/외주 회사/뱅가드/25/#01/bg,/Users/saintiron/Projects/Imagine/thumbnails/49943_VS9_01_269_GENZU_thumb.png,psd,,,Two figures stand on a balcony under a starry night sky.,"[""anime"", ""night"", ""balcony"", ""stars"", ""modern architecture"", ""blue tones"", ""silhouette"", ""urban""]",illustration,,,,unknown_legacy,parse_fallback_legacy,"pre-fix: psd-tools failed, fell back to thumbnail-only",,-4557386951952111016,,두 인물 서 있음 위에 발코니 아래 별이 있는 밤하늘입니다.,애니풍 · 밤 · 발코니 · 별 · 현대적인 · 푸른색 · 실루엣 · 도시의,,,,,,,
metadata-quality-v1-0255,metadata-quality-v1,2026-05-10T00:00:00+09:00,20260510,255,content:dbe2d582b67803acd10dcd640a235271f22e9eae6b1fbb1004dd8c5749aac95a,#3,ok,,57653,webdav://13730b09/예비/작품2/대마도학원35시험 소대/제작회사BG/#3/AT03_104.psd,57653_AT03_104.psd,예비/작품2/대마도학원35시험 소대/제작회사BG/#3/AT03_104.psd,#3,/Users/saintiron/Projects/Imagine/thumbnails/57653_AT03_104_thumb.png,psd,2338,1653,Anime girl with ghostly overlay in city park scene,"[""anime"", ""girl"", ""ghost"", ""city"", ""trees"", ""sky"", ""brick wall"", ""overlay""]",illustration,,,,Qwen/Qwen3.5-9B,,,dbe2d582b67803acd10dcd640a235271f22e9eae6b1fbb1004dd8c5749aac95a,-508641908990888448,1,"애니풍 소녀이며, 유령 같은 오버레이 안에 도시 공원 장면이/가 보입니다.",애니풍 · 소녀 · 유령 · 도시 · 나무 · 하늘 · 벽돌 벽 · 오버레이,,,,,,,
metadata-quality-v1-0256,metadata-quality-v1,2026-05-10T00:00:00+09:00,20260510,256,content:b069a0fe72cce6d70928cb05fc49dc20db02d8ffdea88a11edb50b75b0056157,bg,ok,,56836,webdav://13730b09/발송/외주 회사/빔 studio/나카무라/bg/GNK_04_198_genzu.psd,56836_GNK_04_198_genzu.psd,발송/외주 회사/빔 studio/나카무라/bg/GNK_04_198_genzu.psd,bg,/Users/saintiron/Projects/Imagine/thumbnails/56836_GNK_04_198_genzu_thumb.png,psd,3343,1240,"A suburban street scene with a parked blue car, buildings, and greenery.","[""street"", ""car"", ""building"", ""tree"", ""bush"", ""fence"", ""window"", ""sidewalk""]",background,,,,Qwen/Qwen3.5-9B,,,b069a0fe72cce6d70928cb05fc49dc20db02d8ffdea88a11edb50b75b0056157,8893428862269691392,540,"교외의 거리 장면이며, 주차된 푸른색 자동차, 건물, 및 녹음이/가 보입니다.",거리 · 자동차 · 건물 · 나무 · 덤불 · 울타리 · 창문 · 보도,,,,,,,
metadata-quality-v1-0257,metadata-quality-v1,2026-05-10T00:00:00+09:00,20260510,257,content:7677f1b0962c7b0e503621f24d0c22b0997e431b6f0679856f6ca51637a90ff6,#4,ok,,57564,webdav://13730b09/예비/작품2/대마도학원35시험 소대/제작회사BG/_4/#4/TM#04_322.psd,57564_TM#04_322.psd,예비/작품2/대마도학원35시험 소대/제작회사BG/_4/#4/TM#04_322.psd,#4,/Users/saintiron/Projects/Imagine/thumbnails/57564_TM#04_322_thumb.png,psd,1668,1190,Purple line art of a demonic figure with horns and wings.,"[""demon"", ""horns"", ""wings"", ""purple"", ""line art"", ""skull"", ""claws""]",illustration,,,,Qwen/Qwen3.5-9B,,,7677f1b0962c7b0e503621f24d0c22b0997e431b6f0679856f6ca51637a90ff6,-8898406398896326656,25,뿔 및 날개이/가 보이는 악마 같은 인물의 보라색 선화입니다.,악마 · 뿔 · 날개 · 보라색 · 선화 · 해골 · 발톱,,,,,,,
metadata-quality-v1-0258,metadata-quality-v1,2026-05-10T00:00:00+09:00,20260510,258,phash:-850984814551801248,webdav:/13730b09/발송작품/작품/켄신,legacy_warning,legacy_parse_or_caption_model,38076,webdav://13730b09/발송작품/작품/켄신/켄신-133.jpg,38076_켄신-133.jpg,발송작품/작품/켄신/켄신-133.jpg,webdav:/13730b09/발송작품/작품/켄신,/Users/saintiron/Projects/Imagine/thumbnails/38076_켄신-133_thumb.png,jpg,,,"A close-up of a weathered wooden pillar with a crack, set against a dark blue background with architectural elements.","[""wooden_pillar"", ""crack"", ""dark_blue_background"", ""anime_art"", ""still_life"", ""architecture"", ""mood_dark""]",illustration,,,,unknown_legacy,,,,-850984814551801248,,"균열, 배경으로 한 어두운 푸른색 배경 함께 건축적인 요소이/가 보이는 낡은 나무 기둥의 클로즈업입니다.",나무 · 균열 · 어두운 · 애니풍 · 정물 · 건축 · 분위기,,,,,,,
metadata-quality-v1-0259,metadata-quality-v1,2026-05-10T00:00:00+09:00,20260510,259,phash:-2531914914415194916,webdav:/13730b09/발송/범선/기절용사와 암살공주/장소/숲,legacy_warning,legacy_parse_or_caption_model,53125,webdav://13730b09/발송/범선/기절용사와 암살공주/장소/숲/kya01_119.psd,53125_kya01_119.psd,발송/범선/기절용사와 암살공주/장소/숲/kya01_119.psd,webdav:/13730b09/발송/범선/기절용사와 암살공주/장소/숲,/Users/saintiron/Projects/Imagine/thumbnails/53125_kya01_119_thumb.png,psd,,,A white dragon-like creature with outstretched limbs against a blue sky.,"[""dragon"", ""sky"", ""clouds"", ""creature"", ""line art"", ""fantasy"", ""white""]",illustration,,,,unknown_legacy,parse_fallback_legacy,"pre-fix: psd-tools failed, fell back to thumbnail-only",,-2531914914415194916,1,"흰색 용 같은 생물이며, 뻗은 팔다리 배경으로 푸른 하늘이/가 보입니다.",용 · 하늘 · 구름 · 생물 · 선화 · 판타지 · 흰색,,,,,,,
metadata-quality-v1-0260,metadata-quality-v1,2026-05-10T00:00:00+09:00,20260510,260,content:8f61ef82f9c320e17136c9bc4e6e7bdcc15d576813aa41732d0c1669ac9d30d2,bg,ok,,60213,webdav://13730b09/예비/마법과고교의 우등생/#11/bg/MKY11_117.psd,60213_MKY11_117.psd,예비/마법과고교의 우등생/#11/bg/MKY11_117.psd,bg,/Users/saintiron/Projects/Imagine/thumbnails/60213_MKY11_117_thumb.png,psd,1755,1241,Sketch of anime character face overlaid on metal structure,"[""anime"", ""sketch"", ""face"", ""metal"", ""structure"", ""drawing"", ""overlay""]",illustration,,,,Qwen/Qwen3.5-9B,,,8f61ef82f9c320e17136c9bc4e6e7bdcc15d576813aa41732d0c1669ac9d30d2,-6799676187222685440,,스케치 의 애니메이션 캐릭터 얼굴이 금속 구조물 위에 겹쳐져 있습니다.,애니풍 · 스케치 · 얼굴 · 금속 · 구조물 · 그림 · 오버레이,,,,,,,
metadata-quality-v1-0261,metadata-quality-v1,2026-05-10T00:00:00+09:00,20260510,261,phash:-8449706432459905536,webdav:/13730b09/예비/크랑베르무/장소/학교,legacy_warning,legacy_parse_or_caption_model,39185,webdav://13730b09/예비/크랑베르무/장소/학교/grb02_248_R.psd,39185_grb02_248_R.psd,예비/크랑베르무/장소/학교/grb02_248_R.psd,webdav:/13730b09/예비/크랑베르무/장소/학교,/Users/saintiron/Projects/Imagine/thumbnails/39185_grb02_248_R_thumb.png,psd,,,"A young girl stands on a brick path beside a vibrant flower bed, gazing at the colorful blooms.","[""anime"", ""girl"", ""flower_bed"", ""brick_path"", ""contemplative"", ""vibrant_colors""]",character,,,,unknown_legacy,parse_fallback_legacy,"pre-fix: psd-tools failed, fell back to thumbnail-only",,-8449706432459905536,,"젊은 소녀 서 있음 위에 벽돌 길 옆 선명한 꽃 침대, 바라보는 에서 화려한 꽃송이입니다.",애니풍 · 소녀 · 꽃 · 벽돌 · 사색적인 · 선명한,,,,,,,
metadata-quality-v1-0262,metadata-quality-v1,2026-05-10T00:00:00+09:00,20260510,262,phash:-5136116811175495680,webdav:/13730b09/발송/범선/기절용사와 암살공주/#10/bg,legacy_warning,legacy_parse_or_caption_model,50992,webdav://13730b09/발송/범선/기절용사와 암살공주/#10/bg/kya10_231.psd,50992_kya10_231.psd,발송/범선/기절용사와 암살공주/#10/bg/kya10_231.psd,webdav:/13730b09/발송/범선/기절용사와 암살공주/#10/bg,/Users/saintiron/Projects/Imagine/thumbnails/50992_kya10_231_thumb.png,psd,,,Anime-style portrait of a girl with short hair and a somber expression.,"[""anime"", ""portrait"", ""girl"", ""short hair"", ""sad expression"", ""line art"", ""digital illustration""]",illustration,,,,unknown_legacy,parse_fallback_legacy,"pre-fix: psd-tools failed, fell back to thumbnail-only",,-5136116811175495680,1,짧은 머리카락 및 침울한 표정이/가 보이는 소녀의 애니메이션풍 인물화입니다.,애니풍 · 인물화 · 소녀 · 짧은 · 슬픈 · 선화 · 디지털,,,,,,,
metadata-quality-v1-0263,metadata-quality-v1,2026-05-10T00:00:00+09:00,20260510,263,phash:-2971596335998635520,webdav:/13730b09/발송/범선/기절용사와 암살공주/장소/호텔실내,legacy_warning,legacy_parse_or_caption_model,52610,webdav://13730b09/발송/범선/기절용사와 암살공주/장소/호텔실내/kya03_111A.psd,52610_kya03_111A.psd,발송/범선/기절용사와 암살공주/장소/호텔실내/kya03_111A.psd,webdav:/13730b09/발송/범선/기절용사와 암살공주/장소/호텔실내,/Users/saintiron/Projects/Imagine/thumbnails/52610_kya03_111A_thumb.png,psd,,,Transparent anime-style character sketch overlaid on a wooden desk scene,"[""anime"", ""sketch"", ""desk"", ""window"", ""curtain"", ""wood"", ""overlay""]",illustration,,,,unknown_legacy,parse_fallback_legacy,"pre-fix: psd-tools failed, fell back to thumbnail-only",,-2971596335998635520,357,투명한 애니메이션풍 캐릭터 스케치가 나무 책상 장면 위에 겹쳐져 있습니다.,애니풍 · 스케치 · 책상 · 창문 · 커튼 · 나무 · 오버레이,,,,,,,
metadata-quality-v1-0264,metadata-quality-v1,2026-05-10T00:00:00+09:00,20260510,264,phash:-2240284744792347621,발송/외주 회사/뱅가드/25/#07/bg,legacy_warning,legacy_parse_or_caption_model,49455,webdav://13730b09/발송/외주 회사/뱅가드/25/#07/bg/VS9_07_247_GENZU.psd,49455_VS9_07_247_GENZU.psd,발송/외주 회사/뱅가드/25/#07/bg/VS9_07_247_GENZU.psd,발송/외주 회사/뱅가드/25/#07/bg,/Users/saintiron/Projects/Imagine/thumbnails/49455_VS9_07_247_GENZU_thumb.png,psd,,,Anime character with short hair stands in a field of flowers.,"[""anime"", ""character"", ""field"", ""flowers"", ""sky"", ""columns"", ""short hair"", ""blue sky""]",illustration,,,,unknown_legacy,parse_fallback_legacy,"pre-fix: psd-tools failed, fell back to thumbnail-only",,-2240284744792347621,1,"애니메이션 캐릭터이며, 짧은 머리카락 서 있음 안에 들판 의 꽃이/가 보입니다.",애니풍 · 캐릭터 · 들판 · 꽃 · 하늘 · 기둥 · 짧은 · 푸른 하늘,,,,,,,
metadata-quality-v1-0265,metadata-quality-v1,2026-05-10T00:00:00+09:00,20260510,265,phash:-6146583485962847522,발송/외주 회사/뱅가드/26/#03/bg,legacy_warning,legacy_parse_or_caption_model,48241,webdav://13730b09/발송/외주 회사/뱅가드/26/#03/bg/VS10_03_169_GENZU.psd,48241_VS10_03_169_GENZU.psd,발송/외주 회사/뱅가드/26/#03/bg/VS10_03_169_GENZU.psd,발송/외주 회사/뱅가드/26/#03/bg,/Users/saintiron/Projects/Imagine/thumbnails/48241_VS10_03_169_GENZU_thumb.png,psd,,,"A translucent figure stands in a misty forest, arms outstretched.","[""fantasy"", ""mystical"", ""forest"", ""translucent"", ""spirit"", ""anime"", ""digital art"", ""ethereal""]",illustration,,,,unknown_legacy,parse_fallback_legacy,"pre-fix: psd-tools failed, fell back to thumbnail-only",,-6146583485962847522,,"반투명한 인물 서 있음 안에 안개 낀 숲, 팔을 뻗은입니다.",판타지 · 신비로운 · 숲 · 반투명한 · 영혼 · 애니풍 · 디지털 아트 · 몽환적인,,,,,,,
metadata-quality-v1-0266,metadata-quality-v1,2026-05-10T00:00:00+09:00,20260510,266,phash:-6564945744510271488,webdav:/13730b09/발송/범선/기절용사와 암살공주/장소/이미지,legacy_warning,legacy_parse_or_caption_model,52203,webdav://13730b09/발송/범선/기절용사와 암살공주/장소/이미지/kya01_162.psd,52203_kya01_162.psd,발송/범선/기절용사와 암살공주/장소/이미지/kya01_162.psd,webdav:/13730b09/발송/범선/기절용사와 암살공주/장소/이미지,/Users/saintiron/Projects/Imagine/thumbnails/52203_kya01_162_thumb.png,psd,,,Anime-style character portrait with pink and purple cosmic background,"[""anime character"", ""pink background"", ""purple nebula"", ""line art"", ""glowing particles"", ""space theme"", ""fantasy art""]",illustration,,,,unknown_legacy,parse_fallback_legacy,"pre-fix: psd-tools failed, fell back to thumbnail-only",,-6564945744510271488,1,"애니메이션풍 캐릭터 인물화이며, 분홍색 및 보라색 우주적인 배경이/가 보입니다.",애니메이션 캐릭터 · 분홍색 · 보라색 · 선화 · 빛나는 · 우주 · 판타지,,,,,,,
metadata-quality-v1-0267,metadata-quality-v1,2026-05-10T00:00:00+09:00,20260510,267,phash:-7740407116217791488,webdav:/13730b09/예비/크랑베르무/장소/학교교실,legacy_warning,legacy_parse_or_caption_model,39096,webdav://13730b09/예비/크랑베르무/장소/학교교실/grb02_214_229.psd,39096_grb02_214_229.psd,예비/크랑베르무/장소/학교교실/grb02_214_229.psd,webdav:/13730b09/예비/크랑베르무/장소/학교교실,/Users/saintiron/Projects/Imagine/thumbnails/39096_grb02_214_229_thumb.png,psd,,,"A girl stands by a window in a classroom, gazing at the sunset outside.","[""anime"", ""classroom"", ""sunset"", ""window"", ""girl"", ""serene"", ""warm_light"", ""illustration""]",illustration,,,,unknown_legacy,parse_fallback_legacy,"pre-fix: psd-tools failed, fell back to thumbnail-only",,-7740407116217791488,,"소녀 서 있음 의해 창문 안에 교실, 바라보는 에서 일몰 바깥입니다.",애니풍 · 교실 · 일몰 · 창문 · 소녀 · 고요한 · 따뜻한 · 일러스트,,,,,,,
metadata-quality-v1-0268,metadata-quality-v1,2026-05-10T00:00:00+09:00,20260510,268,phash:-5137843329010584064,webdav:/13730b09/발송/범선/기절용사와 암살공주/#11/bg,legacy_warning,legacy_parse_or_caption_model,50806,webdav://13730b09/발송/범선/기절용사와 암살공주/#11/bg/kya11_252_LS.psd,50806_kya11_252_LS.psd,발송/범선/기절용사와 암살공주/#11/bg/kya11_252_LS.psd,webdav:/13730b09/발송/범선/기절용사와 암살공주/#11/bg,/Users/saintiron/Projects/Imagine/thumbnails/50806_kya11_252_LS_thumb.png,psd,,,Anime-style illustration with glowing bubbles and a soft pastel background.,"[""anime"", ""bubbles"", ""pastel"", ""sparkles"", ""line art"", ""portrait"", ""glow""]",illustration,,,,unknown_legacy,parse_fallback_legacy,"pre-fix: psd-tools failed, fell back to thumbnail-only",,-5137843329010584064,1,"애니메이션풍 일러스트이며, 빛나는 거품 및 부드러운 파스텔 배경이/가 보입니다.",애니풍 · 거품 · 파스텔 · 반짝임 · 선화 · 인물화 · 광채,,,,,,,
metadata-quality-v1-0269,metadata-quality-v1,2026-05-10T00:00:00+09:00,20260510,269,phash:-1089672156055423488,webdav:/13730b09/예비/크랑베르무/장소/신사,legacy_warning,legacy_parse_or_caption_model,41283,webdav://13730b09/예비/크랑베르무/장소/신사/grb07_029.psd,41283_grb07_029.psd,예비/크랑베르무/장소/신사/grb07_029.psd,webdav:/13730b09/예비/크랑베르무/장소/신사,/Users/saintiron/Projects/Imagine/thumbnails/41283_grb07_029_thumb.png,psd,,,"A serene torii gate stands over calm waters under a vibrant orange sunset, flanked by traditional lanterns.","[""torii"", ""sunset"", ""water"", ""lanterns"", ""Japanese"", ""spiritual"", ""digital"", ""orange"", ""golden""]",illustration,,,,unknown_legacy,parse_fallback_legacy,"pre-fix: psd-tools failed, fell back to thumbnail-only",,-1089672156055423488,,"고요한 도리이 문 서 있음 위에 차분한 물 아래 선명한 주황색 일몰, 양쪽에 배치된 의해 전통적인 등불입니다.",도리이 · 일몰 · 물 · 등불 · 일본식 · 영적인 · 디지털 · 주황색 · 금빛,2,2,,,,manual_review,2026-05-13T23:20:38
metadata-quality-v1-0270,metadata-quality-v1,2026-05-10T00:00:00+09:00,20260510,270,content:5c6d1577664b2abc06aefa36296bea04385779acd85bf9e718cf15cdb9b6b7cc,bg,ok,,56743,webdav://13730b09/발송/외주 회사/빔 studio/메탈#07/bg/MR07_211_BG.psd,56743_MR07_211_BG.psd,발송/외주 회사/빔 studio/메탈#07/bg/MR07_211_BG.psd,bg,/Users/saintiron/Projects/Imagine/thumbnails/56743_MR07_211_BG_thumb.png,psd,1757,1306,Transparent robot sketch viewed through angular glass architecture against sky.,"[""robot"", ""sketch"", ""architecture"", ""glass"", ""sky"", ""blue"", ""gray"", ""transparent""]",illustration,,,,Qwen/Qwen3.5-9B,,,5c6d1577664b2abc06aefa36296bea04385779acd85bf9e718cf15cdb9b6b7cc,-4257402805090867712,,투명한 로봇 스케치 통해 보이는 각진 유리 건축 배경으로 하늘입니다.,로봇 · 스케치 · 건축 · 유리 · 하늘 · 푸른색 · 회색 · 투명한,,,,,,,
metadata-quality-v1-0271,metadata-quality-v1,2026-05-10T00:00:00+09:00,20260510,271,content:8e71ca9d8e18d906db0e63c3024d2b9fc675fb74ccf2ee9e07d4dc6673ecfbd1,#1,ok,,58374,webdav://13730b09/예비/작품2/대마도학원35시험 소대/제작회사BG/#1/TM#01_328.psd,58374_TM#01_328.psd,예비/작품2/대마도학원35시험 소대/제작회사BG/#1/TM#01_328.psd,#1,/Users/saintiron/Projects/Imagine/thumbnails/58374_TM#01_328_thumb.png,psd,1674,1176,Dark shipping containers in a dimly lit industrial yard at night.,"[""shipping containers"", ""industrial yard"", ""night"", ""dark"", ""concrete floor"", ""metal"", ""warehouse""]",background,,,,Qwen/Qwen3.5-9B,,,8e71ca9d8e18d906db0e63c3024d2b9fc675fb74ccf2ee9e07d4dc6673ecfbd1,-3359292360873911973,,밤의 어둡게 조명된 산업적인 마당 안에 어두운 컨테이너가 있습니다.,컨테이너 · 산업적인 · 밤 · 어두운 · 콘크리트 · 금속 · 창고,,,,,,,
metadata-quality-v1-0272,metadata-quality-v1,2026-05-10T00:00:00+09:00,20260510,272,phash:7774273493937484248,webdav:/13730b09/예비/크랑베르무/장소/전투/7,legacy_warning,legacy_parse_or_caption_model,39516,webdav://13730b09/예비/크랑베르무/장소/전투/7/grb13_099.psd,39516_grb13_099.psd,예비/크랑베르무/장소/전투/7/grb13_099.psd,webdav:/13730b09/예비/크랑베르무/장소/전투/7,/Users/saintiron/Projects/Imagine/thumbnails/39516_grb13_099_thumb.png,psd,,,A cosmic scene with gears and a vibrant purple sky.,"[""space"", ""gears"", ""purple"", ""cosmic"", ""fantasy"", ""digital art"", ""mechanical"", ""nebula""]",background,,,,unknown_legacy,parse_fallback_legacy,"pre-fix: psd-tools failed, fell back to thumbnail-only",,7774273493937484248,,"우주적인 장면이며, 기어 및 선명한 보라색 하늘이/가 보입니다.",우주 · 기어 · 보라색 · 우주적인 · 판타지 · 디지털 아트 · 기계적인 · 성운,,,,,,,
metadata-quality-v1-0273,metadata-quality-v1,2026-05-10T00:00:00+09:00,20260510,273,phash:5049263904090527457,webdav:/13730b09/예비/크랑베르무/장소/학교,legacy_warning,legacy_parse_or_caption_model,39200,webdav://13730b09/예비/크랑베르무/장소/학교/grb03_001.psd,39200_grb03_001.psd,예비/크랑베르무/장소/학교/grb03_001.psd,webdav:/13730b09/예비/크랑베르무/장소/학교,/Users/saintiron/Projects/Imagine/thumbnails/39200_grb03_001_thumb.png,psd,,,"A serene courtyard bathed in golden hour light, featuring arched buildings, lush trees, and delicate flowers, with three translucent figures standing in quiet contemplation.","[""courtyard"", ""golden_hour"", ""anime"", ""colonial_architecture"", ""spring"", ""peaceful"", ""translucent_figures"", ""lush_trees"", ""flowerbeds""]",background,outdoor,,,unknown_legacy,parse_fallback_legacy,"pre-fix: psd-tools failed, fell back to thumbnail-only",,5049263904090527457,,"고요한 안뜰 물든 금빛 시간 빛, 포함하는 아치형 건물, 무성한 나무, 및 섬세한 꽃,이며, 세 반투명한 인물 서 있는 안에 조용한 사색이/가 보입니다.",안뜰 · 금빛 · 애니풍 · 건축 · 봄 · 평온한 · 반투명한 인물 · 무성한 · 화단,,,,,,,
metadata-quality-v1-0274,metadata-quality-v1,2026-05-10T00:00:00+09:00,20260510,274,phash:-504796126415900672,발송4/범선/종말투어링/#07/bg,legacy_warning,legacy_parse_or_caption_model,32371,webdav://13730b09/발송4/범선/종말투어링/#07/bg/syt07_076.psd,32371_syt07_076.psd,발송4/범선/종말투어링/#07/bg/syt07_076.psd,발송4/범선/종말투어링/#07/bg,/Users/saintiron/Projects/Imagine/thumbnails/32371_syt07_076_thumb.png,psd,,,"A sunlit, overgrown urban street with lush greenery reclaiming abandoned infrastructure, evoking a sense of quiet decay and nature's persistence.","[""urban"", ""overgrown"", ""greenery"", ""melancholic"", ""anime"", ""summer"", ""abandoned"", ""nature_reclaiming"", ""deep_depth""]",background,urban,,,unknown_legacy,parse_fallback_legacy,"pre-fix: psd-tools failed, fell back to thumbnail-only",,-504796126415900672,,"햇빛이 드는, 무성하게 자란 도시의 거리이며, 무성한 녹음 되찾는 버려진 기반 시설, 느낌을 주는 느낌 의 조용한 부식 및 자연의 지속성이/가 보입니다.",도시의 · 무성하게 자란 · 녹음 · 쓸쓸한 · 애니풍 · 여름 · 버려진 · 자연 · 짙은,,,,,,,
metadata-quality-v1-0275,metadata-quality-v1,2026-05-10T00:00:00+09:00,20260510,275,content:279e1471b8260eccf010a95bfda61e472aad59544236db044ee7bb7a5d0474ac,주택가 참고,ok,,58532,webdav://13730b09/예비/작품2/대마도학원35시험 소대/보도/주택가 참고/135776345418513107691.JPG,58532_135776345418513107691.JPG,예비/작품2/대마도학원35시험 소대/보도/주택가 참고/135776345418513107691.JPG,주택가 참고,/Users/saintiron/Projects/Imagine/thumbnails/58532_135776345418513107691_thumb.png,jpg,3264,2448,"Modern house with garage, stone walls, and large windows under blue sky.","[""house"", ""garage"", ""stone wall"", ""windows"", ""trees"", ""sky"", ""driveway"", ""roof""]",photo,,,,Qwen/Qwen3.5-9B,,,279e1471b8260eccf010a95bfda61e472aad59544236db044ee7bb7a5d0474ac,-721463396764882794,,"푸른 하늘 아래의 현대적인 집이며, 차고, 돌 벽, 및 큰 창문이/가 보입니다.",집 · 차고 · 돌 · 창문 · 나무 · 하늘 · 진입로 · 지붕,,,,,,,
metadata-quality-v1-0276,metadata-quality-v1,2026-05-10T00:00:00+09:00,20260510,276,phash:-3245786157763668992,webdav:/13730b09/예비/크랑베르무/장소/신게츠의집,legacy_warning,legacy_parse_or_caption_model,41413,webdav://13730b09/예비/크랑베르무/장소/신게츠의집/grb02_004_008_012_R.psd,41413_grb02_004_008_012_R.psd,예비/크랑베르무/장소/신게츠의집/grb02_004_008_012_R.psd,webdav:/13730b09/예비/크랑베르무/장소/신게츠의집,/Users/saintiron/Projects/Imagine/thumbnails/41413_grb02_004_008_012_R_thumb.png,psd,,,"A cozy anime-style bedroom with blue walls, a single bed, a desk, a bookshelf, and a TV.","[""bedroom"", ""anime"", ""blue walls"", ""single bed"", ""desk"", ""bookshelf"", ""tv"", ""cozy"", ""tidy""]",illustration,,,,unknown_legacy,parse_fallback_legacy,"pre-fix: psd-tools failed, fell back to thumbnail-only",,-3245786157763668992,346,"아늑한 애니메이션풍 침실이며, 푸른색 벽, 하나의 침대, 책상, 책장, 및 텔레비전이/가 보입니다.",침실 · 애니풍 · 푸른색 · 하나의 · 책상 · 책장 · 텔레비전 · 아늑한 · 정돈된,,,,,,,
metadata-quality-v1-0277,metadata-quality-v1,2026-05-10T00:00:00+09:00,20260510,277,phash:-5712621845804184368,발송/외주 회사/뱅가드/26/#01/bg,legacy_warning,legacy_parse_or_caption_model,48375,webdav://13730b09/발송/외주 회사/뱅가드/26/#01/bg/VS10_01_070_GENZU_PV優先.psd,48375_VS10_01_070_GENZU_PV優先.psd,발송/외주 회사/뱅가드/26/#01/bg/VS10_01_070_GENZU_PV優先.psd,발송/외주 회사/뱅가드/26/#01/bg,/Users/saintiron/Projects/Imagine/thumbnails/48375_VS10_01_070_GENZU_PV優先_thumb.png,psd,,,Anime character sketch behind a chain-link fence with mountains in the background.,"[""anime"", ""sketch"", ""fence"", ""mountains"", ""character"", ""blue"", ""sky"", ""lineart""]",illustration,,,,unknown_legacy,parse_fallback_legacy,"pre-fix: psd-tools failed, fell back to thumbnail-only",,-5712621845804184368,1,"애니메이션 캐릭터 스케치 뒤 체인 링크 울타리이며, 산 안에 배경이/가 보입니다.",애니풍 · 스케치 · 울타리 · 산 · 캐릭터 · 푸른색 · 하늘 · 선화,,,,,,,
metadata-quality-v1-0278,metadata-quality-v1,2026-05-10T00:00:00+09:00,20260510,278,phash:-2242527937458806272,webdav:/13730b09/발송4/범선/작품 쫑/후시/장소/로네느의집/거실,legacy_warning,legacy_parse_or_caption_model,34034,webdav://13730b09/발송4/범선/작품 쫑/후시/장소/로네느의집/거실/nfb05_238.psd,34034_nfb05_238.psd,발송4/범선/작품 쫑/후시/장소/로네느의집/거실/nfb05_238.psd,webdav:/13730b09/발송4/범선/작품 쫑/후시/장소/로네느의집/거실,/Users/saintiron/Projects/Imagine/thumbnails/34034_nfb05_238_thumb.png,psd,,,"A traditional interior with dried herbs hanging on a line against a patterned curtain, suggesting a calm, rustic setting.","[""still_life"", ""anime"", ""interior"", ""herbs"", ""curtain"", ""traditional"", ""rustic"", ""serene""]",illustration,,,,unknown_legacy,parse_fallback_legacy,"pre-fix: psd-tools failed, fell back to thumbnail-only",,-2242527937458806272,1,"전통적인 실내이며, 마른 허브 걸려 있는 위에 선 배경으로 무늬가 있는 커튼, 암시하는 차분한, 소박한 환경이/가 보입니다.",정물 · 애니풍 · 실내 · 허브 · 커튼 · 전통적인 · 소박한 · 고요한,,,,,,,
metadata-quality-v1-0279,metadata-quality-v1,2026-05-10T00:00:00+09:00,20260510,279,content:5e981ee6e2c452fb03585d6b5af4640bb55e86725bba1d760742465e10042d3b,BG,ok,,60151,webdav://13730b09/예비/마법과고교의 우등생/#13/BG/mky13_078.psd,60151_mky13_078.psd,예비/마법과고교의 우등생/#13/BG/mky13_078.psd,BG,/Users/saintiron/Projects/Imagine/thumbnails/60151_mky13_078_thumb.png,psd,1839,1280,Two anime characters stand on a futuristic stadium at night under a starry sky.,"[""anime"", ""stadium"", ""night"", ""starry sky"", ""futuristic"", ""characters"", ""bleachers"", ""lights""]",illustration,,,,Qwen/Qwen3.5-9B,,,5e981ee6e2c452fb03585d6b5af4640bb55e86725bba1d760742465e10042d3b,3614150357665029632,,두 애니메이션 캐릭터 서 있음 위에 미래적인 경기장 밤에 아래 별이 있는 하늘입니다.,애니풍 · 경기장 · 밤 · 별이 있는 하늘 · 미래적인 · 캐릭터 · 관람석 · 조명,,,,,,,
metadata-quality-v1-0280,metadata-quality-v1,2026-05-10T00:00:00+09:00,20260510,280,phash:-5286466703674660352,webdav:/13730b09/발송/범선/기절용사와 암살공주/#09/bg,legacy_warning,legacy_parse_or_caption_model,51227,webdav://13730b09/발송/범선/기절용사와 암살공주/#09/bg/kya09_084.psd,51227_kya09_084.psd,발송/범선/기절용사와 암살공주/#09/bg/kya09_084.psd,webdav:/13730b09/발송/범선/기절용사와 암살공주/#09/bg,/Users/saintiron/Projects/Imagine/thumbnails/51227_kya09_084_thumb.png,psd,,,Sketch of feet in sand with visible pencil lines and soft shading.,"[""feet"", ""sand"", ""sketch"", ""pencil lines"", ""shading"", ""beach"", ""drawings""]",illustration,,,,unknown_legacy,parse_fallback_legacy,"pre-fix: psd-tools failed, fell back to thumbnail-only",,-5286466703674660352,1,보이는 연필 선 및 부드러운 음영이/가 보이는 발 안에 모래의 스케치입니다.,발 · 모래 · 스케치 · 연필 · 음영 · 해변 · 그림,,,,,,,
metadata-quality-v1-0281,metadata-quality-v1,2026-05-10T00:00:00+09:00,20260510,281,phash:-4992052260931842432,발송/외주 회사/뱅가드/25/#10/bg,legacy_warning,legacy_parse_or_caption_model,49241,webdav://13730b09/발송/외주 회사/뱅가드/25/#10/bg/VS9_10_021_LO_GENZU.psd,49241_VS9_10_021_LO_GENZU.psd,발송/외주 회사/뱅가드/25/#10/bg/VS9_10_021_LO_GENZU.psd,발송/외주 회사/뱅가드/25/#10/bg,/Users/saintiron/Projects/Imagine/thumbnails/49241_VS9_10_021_LO_GENZU_thumb.png,psd,,,Anime-style character sketch with a serene sky background.,"[""anime"", ""sketch"", ""character"", ""sky"", ""line art""]",illustration,,,,unknown_legacy,parse_fallback_legacy,"pre-fix: psd-tools failed, fell back to thumbnail-only",,-4992052260931842432,,"애니메이션풍 캐릭터 스케치이며, 고요한 하늘 배경이/가 보입니다.",애니풍 · 스케치 · 캐릭터 · 하늘 · 선화,,,,,,,
metadata-quality-v1-0282,metadata-quality-v1,2026-05-10T00:00:00+09:00,20260510,282,phash:-5696857048086437376,webdav:/13730b09/발송/범선/기절용사와 암살공주/#10/bg,legacy_warning,legacy_parse_or_caption_model,50945,webdav://13730b09/발송/범선/기절용사와 암살공주/#10/bg/kya10_053BG2.psd,50945_kya10_053BG2.psd,발송/범선/기절용사와 암살공주/#10/bg/kya10_053BG2.psd,webdav:/13730b09/발송/범선/기절용사와 암살공주/#10/bg,/Users/saintiron/Projects/Imagine/thumbnails/50945_kya10_053BG2_thumb.png,psd,,,A medieval town street with ghostly character outlines overlaid on the scene.,"[""medieval"", ""town"", ""street"", ""ghosts"", ""characters"", ""buildings"", ""sky""]",illustration,,,,unknown_legacy,parse_fallback_legacy,"pre-fix: psd-tools failed, fell back to thumbnail-only",,-5696857048086437376,1,중세풍 마을 거리 함께 유령 같은 캐릭터 윤곽선이 장면 위에 겹쳐져 있습니다.,중세풍 · 마을 · 거리 · 유령 · 캐릭터 · 건물 · 하늘,,,,,,,
metadata-quality-v1-0283,metadata-quality-v1,2026-05-10T00:00:00+09:00,20260510,283,phash:1808779414450445122,webdav:/13730b09/예비/크랑베르무/장소/전투/2,legacy_warning,legacy_parse_or_caption_model,40601,webdav://13730b09/예비/크랑베르무/장소/전투/2/grb03_290_BG3_R.psd,40601_grb03_290_BG3_R.psd,예비/크랑베르무/장소/전투/2/grb03_290_BG3_R.psd,webdav:/13730b09/예비/크랑베르무/장소/전투/2,/Users/saintiron/Projects/Imagine/thumbnails/40601_grb03_290_BG3_R_thumb.png,psd,,,Purple stone pavement with cracked and uneven surface,"[""stone"", ""pavement"", ""cracked"", ""purple"", ""ground"", ""texture"", ""tileable""]",texture,,,,unknown_legacy,parse_fallback_legacy,"pre-fix: psd-tools failed, fell back to thumbnail-only",,1808779414450445122,,"보라색 돌 포장 바닥이며, 갈라진 및 고르지 않은 표면이/가 보입니다.",돌 · 포장 바닥 · 갈라진 · 보라색 · 지면 · 질감 · 타일링 가능한,,,,,,,
metadata-quality-v1-0284,metadata-quality-v1,2026-05-10T00:00:00+09:00,20260510,284,phash:45212882901704704,webdav:/13730b09/발송/범선/기절용사와 암살공주/#08/bg,legacy_warning,legacy_parse_or_caption_model,51341,webdav://13730b09/발송/범선/기절용사와 암살공주/#08/bg/kya08_007_e.psd,51341_kya08_007_e.psd,발송/범선/기절용사와 암살공주/#08/bg/kya08_007_e.psd,webdav:/13730b09/발송/범선/기절용사와 암살공주/#08/bg,/Users/saintiron/Projects/Imagine/thumbnails/51341_kya08_007_e_thumb.png,psd,,,Anime-style character sketch with blue hair and detailed eye drawing,"[""anime"", ""sketch"", ""blue hair"", ""eye"", ""character design""]",illustration,,,,unknown_legacy,parse_fallback_legacy,"pre-fix: psd-tools failed, fell back to thumbnail-only",,45212882901704704,1,"애니메이션풍 캐릭터 스케치이며, 푸른색 머리카락 및 세밀한 눈 그림이/가 보입니다.",애니풍 · 스케치 · 푸른색 · 눈 · 캐릭터,,,,,,,
metadata-quality-v1-0285,metadata-quality-v1,2026-05-10T00:00:00+09:00,20260510,285,phash:-6727662496645739384,발송/외주 회사/뱅가드/24/#03/bg,legacy_warning,legacy_parse_or_caption_model,49013,webdav://13730b09/발송/외주 회사/뱅가드/24/#03/bg/VS8_03_298_GENZU.psd,49013_VS8_03_298_GENZU.psd,발송/외주 회사/뱅가드/24/#03/bg/VS8_03_298_GENZU.psd,발송/외주 회사/뱅가드/24/#03/bg,/Users/saintiron/Projects/Imagine/thumbnails/49013_VS8_03_298_GENZU_thumb.png,psd,,,"A majestic, ethereal dragon-like entity emerges from the clouds.","[""fantasy"", ""dragon"", ""sky"", ""clouds"", ""mythical"", ""serene"", ""anime"", ""digital art""]",illustration,,,,unknown_legacy,parse_fallback_legacy,"pre-fix: psd-tools failed, fell back to thumbnail-only",,-6727662496645739384,,"장엄한, 몽환적인 용 같은 존재 나타나는 에서 구름입니다.",판타지 · 용 · 하늘 · 구름 · 신화적인 · 고요한 · 애니풍 · 디지털 아트,,,,,,,
metadata-quality-v1-0286,metadata-quality-v1,2026-05-10T00:00:00+09:00,20260510,286,phash:-8310006907541485920,발송/외주 회사/뱅가드/24/#03/bg,legacy_warning,legacy_parse_or_caption_model,49004,webdav://13730b09/발송/외주 회사/뱅가드/24/#03/bg/VS8_03_093_GENZU_R.psd,49004_VS8_03_093_GENZU_R.psd,발송/외주 회사/뱅가드/24/#03/bg/VS8_03_093_GENZU_R.psd,발송/외주 회사/뱅가드/24/#03/bg,/Users/saintiron/Projects/Imagine/thumbnails/49004_VS8_03_093_GENZU_R_thumb.png,psd,,,"A lone figure stands in a futuristic, blue-themed room with abstract wall art.","[""futuristic"", ""blue"", ""abstract"", ""character"", ""interior"", ""digital art"", ""sci-fi"", ""solo""]",background,,,,unknown_legacy,parse_fallback_legacy,"pre-fix: psd-tools failed, fell back to thumbnail-only",,-8310006907541485920,1,"미래적인, 푸른색-테마가 있는 방 안에 홀로 있는 인물이 서 있고, 추상적인 벽 아트이/가 보입니다.",미래적인 · 푸른색 · 추상적인 · 캐릭터 · 실내 · 디지털 아트 · 공상과학 · 단독,,,,,,,
metadata-quality-v1-0287,metadata-quality-v1,2026-05-10T00:00:00+09:00,20260510,287,phash:-5723885302743370630,webdav:/13730b09/예비/크랑베르무/장소/전투/7,legacy_warning,legacy_parse_or_caption_model,39555,webdav://13730b09/예비/크랑베르무/장소/전투/7/grb13_140.psd,39555_grb13_140.psd,예비/크랑베르무/장소/전투/7/grb13_140.psd,webdav:/13730b09/예비/크랑베르무/장소/전투/7,/Users/saintiron/Projects/Imagine/thumbnails/39555_grb13_140_thumb.png,psd,,,Purple-hued surreal forest with embedded faces on twisting tree trunks.,"[""surreal"", ""fantasy"", ""purple"", ""forest"", ""faces"", ""twisted"", ""mystical"", ""digital art""]",illustration,,,,unknown_legacy,parse_fallback_legacy,"pre-fix: psd-tools failed, fell back to thumbnail-only",,-5723885302743370630,,"보라색-색조의 초현실적인 숲이며, 박힌 얼굴 위에 뒤틀린 나무 나무줄기이/가 보입니다.",초현실적인 · 판타지 · 보라색 · 숲 · 얼굴 · 뒤틀린 · 신비로운 · 디지털 아트,,,,,,,
metadata-quality-v1-0288,metadata-quality-v1,2026-05-10T00:00:00+09:00,20260510,288,phash:-6709606220795812192,발송/외주 회사/뱅가드/26/#02/bg,legacy_warning,legacy_parse_or_caption_model,48286,webdav://13730b09/발송/외주 회사/뱅가드/26/#02/bg/VS10_02_316_GENZU.psd,48286_VS10_02_316_GENZU.psd,발송/외주 회사/뱅가드/26/#02/bg/VS10_02_316_GENZU.psd,발송/외주 회사/뱅가드/26/#02/bg,/Users/saintiron/Projects/Imagine/thumbnails/48286_VS10_02_316_GENZU_thumb.png,psd,,,A red moon rises through dark clouds in a starry night sky.,"[""moon"", ""night"", ""clouds"", ""red"", ""sky"", ""stars"", ""anime"", ""fantasy""]",illustration,,,,unknown_legacy,parse_fallback_legacy,"pre-fix: psd-tools failed, fell back to thumbnail-only",,-6709606220795812192,,붉은 달 솟아오르는 통해 어두운 구름 안에 별이 있는 밤하늘입니다.,달 · 밤 · 구름 · 붉은 · 하늘 · 별 · 애니풍 · 판타지,,,,,,,
metadata-quality-v1-0289,metadata-quality-v1,2026-05-10T00:00:00+09:00,20260510,289,phash:-3101733874989698816,실내소품,ok,,31198,/Users/saintiron/imageDB/마캬베리즈무/실내소품/216_bg_Ha05.psd,216_bg_Ha05.psd,216_bg_Ha05.psd,실내소품,/Users/saintiron/Projects/Imagine/thumbnails/216_bg_Ha05_thumb.png,psd,1891,1342,"A bedroom with blue curtains, wooden bed, and wall sconce.","[""bed"", ""curtains"", ""sconce"", ""pillows"", ""wood"", ""blue"", ""gold"", ""wall""]",background,,,,Qwen/Qwen3.5-9B,vision_done,,,-3101733874989698816,,"침실이며, 푸른색 커튼, 나무 침대, 및 벽 벽등이/가 보입니다.",침대 · 커튼 · 벽등 · 베개 · 나무 · 푸른색 · 금색 · 벽,,,,,,,
metadata-quality-v1-0290,metadata-quality-v1,2026-05-10T00:00:00+09:00,20260510,290,phash:7562943250002141184,webdav:/13730b09/발송/범선/기절용사와 암살공주/장소/유적지,legacy_warning,legacy_parse_or_caption_model,52458,webdav://13730b09/발송/범선/기절용사와 암살공주/장소/유적지/kya04_133.psd,52458_kya04_133.psd,발송/범선/기절용사와 암살공주/장소/유적지/kya04_133.psd,webdav:/13730b09/발송/범선/기절용사와 암살공주/장소/유적지,/Users/saintiron/Projects/Imagine/thumbnails/52458_kya04_133_thumb.png,psd,,,A ghostly figure with exposed veins and roots on a stone floor.,"[""ghost"", ""veins"", ""roots"", ""stone floor"", ""anime""]",illustration,,,,unknown_legacy,parse_fallback_legacy,"pre-fix: psd-tools failed, fell back to thumbnail-only",,7562943250002141184,1,"유령 같은 인물이며, 노출된 정맥 및 뿌리 위에 돌 바닥이/가 보입니다.",유령 · 정맥 · 뿌리 · 돌 · 애니풍,,,,,,,
metadata-quality-v1-0291,metadata-quality-v1,2026-05-10T00:00:00+09:00,20260510,291,phash:-6426981284744492544,webdav:/13730b09/발송/범선/사카모토/bg,legacy_warning,legacy_parse_or_caption_model,38749,webdav://13730b09/발송/범선/사카모토/bg/SD_19_184_genzu_b.psd,38749_SD_19_184_genzu_b.psd,발송/범선/사카모토/bg/SD_19_184_genzu_b.psd,webdav:/13730b09/발송/범선/사카모토/bg,/Users/saintiron/Projects/Imagine/thumbnails/38749_SD_19_184_genzu_b_thumb.png,psd,,,"A white-haired anime character stands on a cliffside, gazing at a lush green mountain landscape under a clear blue sky.","[""anime"", ""portrait"", ""mountains"", ""cliff"", ""nature"", ""serene"", ""white_hair"", ""green_forest"", ""blue_sky""]",illustration,,,,unknown_legacy,parse_fallback_legacy,"pre-fix: psd-tools failed, fell back to thumbnail-only",,-6426981284744492544,,"흰색-머리카락의 애니메이션 캐릭터 서 있음 위에 절벽가, 바라보는 에서 무성한 초록 산 풍경 아래 맑은 푸른 하늘입니다.",애니풍 · 인물화 · 산 · 절벽 · 자연 · 고요한 · 흰색 · 초록 · 푸른 하늘,,,,,,,
metadata-quality-v1-0292,metadata-quality-v1,2026-05-10T00:00:00+09:00,20260510,292,phash:-8156919507654495058,발송/외주 회사/뱅가드/24/#03/bg,legacy_warning,legacy_parse_or_caption_model,49040,webdav://13730b09/발송/외주 회사/뱅가드/24/#03/bg/VS8_03_115_204_334_GENZU.psd,49040_VS8_03_115_204_334_GENZU.psd,발송/외주 회사/뱅가드/24/#03/bg/VS8_03_115_204_334_GENZU.psd,발송/외주 회사/뱅가드/24/#03/bg,/Users/saintiron/Projects/Imagine/thumbnails/49040_VS8_03_115_204_334_GENZU_thumb.png,psd,,,Two anime characters sit in a dimly lit room with purple tones.,"[""anime"", ""purple"", ""characters"", ""seated"", ""digital art""]",illustration,,,,unknown_legacy,parse_fallback_legacy,"pre-fix: psd-tools failed, fell back to thumbnail-only",,-8156919507654495058,1,"두 애니메이션 캐릭터 앉아 있는 안에 어둡게 조명된 방이며, 보라색 색조이/가 보입니다.",애니풍 · 보라색 · 캐릭터 · 앉아 있는 · 디지털 아트,,,,,,,
metadata-quality-v1-0293,metadata-quality-v1,2026-05-10T00:00:00+09:00,20260510,293,phash:-942676246809899008,webdav:/13730b09/발송/범선/기절용사와 암살공주/#06/bg,legacy_warning,legacy_parse_or_caption_model,53381,webdav://13730b09/발송/범선/기절용사와 암살공주/#06/bg/kya06_214.psd,53381_kya06_214.psd,발송/범선/기절용사와 암살공주/#06/bg/kya06_214.psd,webdav:/13730b09/발송/범선/기절용사와 암살공주/#06/bg,/Users/saintiron/Projects/Imagine/thumbnails/53381_kya06_214_thumb.png,psd,,,A ghostly anime girl appears in a closet with clothes hanging below.,"[""anime girl"", ""ghost"", ""closet"", ""clothes"", ""hangers"", ""curtains"", ""lamp"", ""wooden door""]",illustration,,,,unknown_legacy,parse_fallback_legacy,"pre-fix: psd-tools failed, fell back to thumbnail-only",,-942676246809899008,1,"유령 같은 애니풍 소녀 나타나는 안에 수납장이며, 옷 걸려 있는 아래이/가 보입니다.",애니풍 · 유령 · 수납장 · 옷 · 옷걸이 · 커튼 · 램프 · 나무,,,,,,,
metadata-quality-v1-0294,metadata-quality-v1,2026-05-10T00:00:00+09:00,20260510,294,phash:-1663823427625424640,webdav:/13730b09/예비/크랑베르무/장소/실내들,legacy_warning,legacy_parse_or_caption_model,41249,webdav://13730b09/예비/크랑베르무/장소/실내들/grb09_276.psd,41249_grb09_276.psd,예비/크랑베르무/장소/실내들/grb09_276.psd,webdav:/13730b09/예비/크랑베르무/장소/실내들,/Users/saintiron/Projects/Imagine/thumbnails/41249_grb09_276_thumb.png,psd,,,"A tranquil Japanese room with a large shoji screen window, wooden flooring, and a vase of yellow flowers on a cabinet.","[""Japanese"", ""Anime"", ""Shoji"", ""Spring"", ""Serene"", ""Natural Light"", ""Wooden Floor"", ""Vase of Flowers""]",background,Interior,Day,Clear,unknown_legacy,parse_fallback_legacy,"pre-fix: psd-tools failed, fell back to thumbnail-only",,-1663823427625424640,,"고요한 일본식 방이며, 큰 쇼지 문 창문, 나무 바닥재, 및 꽃병 의 노란색 꽃 위에 수납장이/가 보입니다.",일본식 · 애니풍 · 쇼지 · 봄 · 고요한 · 자연스러운 · 나무 · 꽃병,,,,,,,
metadata-quality-v1-0295,metadata-quality-v1,2026-05-10T00:00:00+09:00,20260510,295,phash:-8010565756117391872,webdav:/13730b09/발송/범선/사카모토/bg,legacy_warning,legacy_parse_or_caption_model,38778,webdav://13730b09/발송/범선/사카모토/bg/SD_19_247_genzu_b.psd,38778_SD_19_247_genzu_b.psd,발송/범선/사카모토/bg/SD_19_247_genzu_b.psd,webdav:/13730b09/발송/범선/사카모토/bg,/Users/saintiron/Projects/Imagine/thumbnails/38778_SD_19_247_genzu_b_thumb.png,psd,,,"Anime action scene featuring two characters in a forest setting under a blue sky, with text indicating artist and year.","[""anime"", ""action_scene"", ""forest"", ""sky"", ""character_art"", ""illustration"", ""lineart"", ""color_palette"", ""epic_mood"", ""text_in_image""]",illustration,,,,unknown_legacy,parse_fallback_legacy,"pre-fix: psd-tools failed, fell back to thumbnail-only",,-8010565756117391872,,"애니풍 동작감 장면 포함하는 두 캐릭터 안에 숲 환경 아래 푸른 하늘,이며, 텍스트 나타내는 작가 및 연도이/가 보입니다.",애니풍 · 동작감 · 숲 · 하늘 · 캐릭터 · 일러스트 · 선화 · 색상 · 장대한 · 텍스트,,,,,,,
metadata-quality-v1-0296,metadata-quality-v1,2026-05-10T00:00:00+09:00,20260510,296,content:4cd4080782c59f11df582961be5647d17f01e3c9d628596823c7ff3a4521a64d,#4,ok,,57488,webdav://13730b09/예비/작품2/대마도학원35시험 소대/제작회사BG/_4/#4/TM#04_076.psd,57488_TM#04_076.psd,예비/작품2/대마도학원35시험 소대/제작회사BG/_4/#4/TM#04_076.psd,#4,/Users/saintiron/Projects/Imagine/thumbnails/57488_TM#04_076_thumb.png,psd,1698,1183,Industrial warehouse interior with concrete blocks and character line art overlay.,"[""warehouse"", ""concrete"", ""industrial"", ""line art"", ""overlays"", ""blocks"", ""interior""]",background,,,,Qwen/Qwen3.5-9B,,,4cd4080782c59f11df582961be5647d17f01e3c9d628596823c7ff3a4521a64d,-3985526410543588352,,"산업적인 창고 실내이며, 콘크리트 블록 및 캐릭터 선화 오버레이이/가 보입니다.",창고 · 콘크리트 · 산업적인 · 선화 · 오버레이 · 블록 · 실내,1,1,,"caption_wrong,tag_false_positive",공사장,manual_review,2026-05-13T23:21:02
metadata-quality-v1-0297,metadata-quality-v1,2026-05-10T00:00:00+09:00,20260510,297,phash:8660596708016352149,실내소품,ok,,31659,/Users/saintiron/imageDB/마캬베리즈무/실내소품/실내잡것들_1.psd,실내잡것들_1.psd,실내잡것들_1.psd,실내소품,/Users/saintiron/Projects/Imagine/thumbnails/실내잡것들_1_thumb.png,psd,6676,5102,"A collage of various indoor items, furniture, and decorative objects.","[""furniture"", ""plants"", ""books"", ""decorative items"", ""clock"", ""vases"", ""chairs"", ""table""]",item,,,,Qwen/Qwen3.5-9B,vision_done,,,8660596708016352149,,"콜라주 의 여러 실내 물건, 가구, 및 장식적인 물체입니다.",가구 · 식물 · 책 · 장식적인 · 시계 · 꽃병 · 의자 · 테이블,,,,,,,
metadata-quality-v1-0298,metadata-quality-v1,2026-05-10T00:00:00+09:00,20260510,298,phash:-2843855416601025344,발송/외주 회사/뱅가드/25/#08/bg,legacy_warning,legacy_parse_or_caption_model,49392,webdav://13730b09/발송/외주 회사/뱅가드/25/#08/bg/VS9_08_211_GENZU.psd,49392_VS9_08_211_GENZU.psd,발송/외주 회사/뱅가드/25/#08/bg/VS9_08_211_GENZU.psd,발송/외주 회사/뱅가드/25/#08/bg,/Users/saintiron/Projects/Imagine/thumbnails/49392_VS9_08_211_GENZU_thumb.png,psd,,,Anime character sketch overlaid on a colorful flower field background.,"[""anime"", ""sketch"", ""flower"", ""portrait"", ""overlay"", ""digital art"", ""character design"", ""nature""]",illustration,,,,unknown_legacy,parse_fallback_legacy,"pre-fix: psd-tools failed, fell back to thumbnail-only",,-2843855416601025344,,애니메이션 캐릭터 스케치가 화려한 꽃 들판 배경 위에 겹쳐져 있습니다.,애니풍 · 스케치 · 꽃 · 인물화 · 오버레이 · 디지털 아트 · 캐릭터 · 자연,,,,,,,
metadata-quality-v1-0299,metadata-quality-v1,2026-05-10T00:00:00+09:00,20260510,299,phash:-7441430140363551018,webdav:/13730b09/예비/크랑베르무/장소/마을,legacy_warning,legacy_parse_or_caption_model,41981,webdav://13730b09/예비/크랑베르무/장소/마을/grb02_001.psd,41981_grb02_001.psd,예비/크랑베르무/장소/마을/grb02_001.psd,webdav:/13730b09/예비/크랑베르무/장소/마을,/Users/saintiron/Projects/Imagine/thumbnails/41981_grb02_001_thumb.png,psd,,,"An aerial view of a vast blue body of water bordered by a rocky, textured coastline and a long bridge stretching into the distance under a bright moonlit sky.","[""landscape"", ""aerial photography"", ""bridge"", ""ocean"", ""moon"", ""coastline"", ""sky"", ""nature"", ""scenic view"", ""horizon""]",,,,,unknown_legacy,parse_fallback_legacy,"pre-fix: psd-tools failed, fell back to thumbnail-only",,-7441430140363551018,,"공중에서 본 풍경 의 광활한 푸른색 몸 의 물 테두리가 있는 의해 바위가 많은, 질감 있는 해안선 및 긴 다리 뻗은 안으로 거리 아래 밝은 달빛이 비치는 하늘입니다.",풍경 · 공중에서 본 · 다리 · 바다 · 달 · 해안선 · 하늘 · 자연 · 풍경이 좋은 · 지평선,,,,,,,
metadata-quality-v1-0300,metadata-quality-v1,2026-05-10T00:00:00+09:00,20260510,300,phash:-1946407362651694390,webdav:/13730b09/발송4/범선/작품 쫑/후시/장소/용혈화,legacy_warning,legacy_parse_or_caption_model,33148,webdav://13730b09/발송4/범선/작품 쫑/후시/장소/용혈화/nfb09_298.psd,33148_nfb09_298.psd,발송4/범선/작품 쫑/후시/장소/용혈화/nfb09_298.psd,webdav:/13730b09/발송4/범선/작품 쫑/후시/장소/용혈화,/Users/saintiron/Projects/Imagine/thumbnails/33148_nfb09_298_thumb.png,psd,,,"A translucent figure in a forest with red flowers at their feet, layered with green foliage and mist.","[""anime"", ""portrait"", ""forest"", ""red_flowers"", ""translucent"", ""mysterious"", ""digital_art""]",illustration,,,,unknown_legacy,parse_fallback_legacy,"pre-fix: psd-tools failed, fell back to thumbnail-only",,-1946407362651694390,,"반투명한 인물 안에 숲이며, 붉은 꽃 에서 그들의 발, 겹쳐진 함께 초록 잎 및 안개이/가 보입니다.",애니풍 · 인물화 · 숲 · 붉은 · 반투명한 · 신비로운 · 디지털 아트,,,,,,,
metadata-quality-v1-0301,metadata-quality-v1,2026-05-10T00:00:00+09:00,20260510,301,phash:57114031494969856,발송/외주 회사/뱅가드/26/#06/bg,legacy_warning,legacy_parse_or_caption_model,47836,webdav://13730b09/발송/외주 회사/뱅가드/26/#06/bg/VS10_06_001_GENZU.psd,47836_VS10_06_001_GENZU.psd,발송/외주 회사/뱅가드/26/#06/bg/VS10_06_001_GENZU.psd,발송/외주 회사/뱅가드/26/#06/bg,/Users/saintiron/Projects/Imagine/thumbnails/47836_VS10_06_001_GENZU_thumb.png,psd,,,"A dark, moody bamboo forest with a ghostly figure.","[""bamboo"", ""forest"", ""anime"", ""ghost"", ""dark"", ""mystery"", ""night"", ""nature""]",illustration,,,,unknown_legacy,parse_fallback_legacy,"pre-fix: psd-tools failed, fell back to thumbnail-only",,57114031494969856,,"어두운, 어두운 분위기의 대나무 숲이며, 유령 같은 인물이/가 보입니다.",대나무 · 숲 · 애니풍 · 유령 · 어두운 · 미스터리 · 밤 · 자연,,,,,,,
metadata-quality-v1-0302,metadata-quality-v1,2026-05-10T00:00:00+09:00,20260510,302,content:b0f02d9ad5688b1dd8bad515b75ed9a4165389ab3b9e97c18c39a67ce5b9b045,건물,ok,,57450,webdav://13730b09/예비/작품2/대마도학원35시험 소대/제작회사BG/건물/타케루의 집 외관 어두운석양.psd,57450_타케루의 집 외관 어두운석양.psd,예비/작품2/대마도학원35시험 소대/제작회사BG/건물/타케루의 집 외관 어두운석양.psd,건물,/Users/saintiron/Projects/Imagine/thumbnails/57450_타케루의 집 외관 어두운석양_thumb.png,psd,2770,1955,Sunset view of a traditional Japanese house with modern buildings in background,"[""traditional house"", ""modern buildings"", ""sunset"", ""street"", ""power lines"", ""residential area"", ""urban landscape"", ""Japanese architecture""]",illustration,,,,Qwen/Qwen3.5-9B,,,b0f02d9ad5688b1dd8bad515b75ed9a4165389ab3b9e97c18c39a67ce5b9b045,8137597857941005714,550,현대적인 건물 배경에이/가 보이는 일본 전통 가옥의 일몰 풍경입니다.,전통적인 · 현대적인 · 일몰 · 거리 · 전선 · 주거지 · 도시의 · 일본식,,,,,,,
metadata-quality-v1-0303,metadata-quality-v1,2026-05-10T00:00:00+09:00,20260510,303,content:3834417f51132ef01fbd3b8c416a2d217027185ac8502b85243a8dc1f0956cd3,발송/범선/작품 쫑/다윈즈게임/장소/도시 낮,legacy_warning,legacy_parse_or_caption_model,29937,webdav://13730b09/발송/범선/작품 쫑/다윈즈게임/장소/도시 낮/dwg01_165.psd,dwg01_165.psd,발송/범선/작품 쫑/다윈즈게임/장소/도시 낮/dwg01_165.psd,발송/범선/작품 쫑/다윈즈게임/장소/도시 낮,/Users/saintiron/Projects/Imagine/thumbnails/dwg01_165_thumb.png,psd,2095,2008,"A modern urban street scene with a pedestrian crossing, surrounded by contemporary buildings under clear skies.","[""urban"", ""modern architecture"", ""pedestrian crossing"", ""clear sky"", ""noon"", ""3d render""]",background,urban,,,unknown_legacy,parse_fallback_legacy,"pre-fix: psd-tools failed, fell back to thumbnail-only",3834417f51132ef01fbd3b8c416a2d217027185ac8502b85243a8dc1f0956cd3,65558238516136668,,"맑은 하늘 아래의 현대적인 도시의 거리 장면이며, 횡단보도, 둘러싸인 현대적인 건물이/가 보입니다.",도시의 · 현대적인 · 횡단보도 · 맑은 · 정오 · 입체,,,,,,,
metadata-quality-v1-0304,metadata-quality-v1,2026-05-10T00:00:00+09:00,20260510,304,phash:-6778500508072172160,실내소품,ok,,31534,/Users/saintiron/imageDB/마캬베리즈무/실내소품/rouka.psd,rouka.psd,rouka.psd,실내소품,/Users/saintiron/Projects/Imagine/thumbnails/rouka_thumb.png,psd,3661,2480,Decorated school hallway with colorful balloons and signs,"[""hallway"", ""balloons"", ""columns"", ""signs"", ""windows"", ""ceiling lights"", ""floor""]",background,,,,Qwen/Qwen3.5-9B,vision_done,,,-6778500508072172160,,"장식된 학교 복도이며, 화려한 풍선 및 표지판이/가 보입니다.",복도 · 풍선 · 기둥 · 표지판 · 창문 · 천장 · 바닥,,,,,,,
metadata-quality-v1-0305,metadata-quality-v1,2026-05-10T00:00:00+09:00,20260510,305,phash:5011253657763804708,webdav:/13730b09/발송4/범선/작품 쫑/후시/장소/늪지대,legacy_warning,legacy_parse_or_caption_model,35002,webdav://13730b09/발송4/범선/작품 쫑/후시/장소/늪지대/nfb09_280.psd,35002_nfb09_280.psd,발송4/범선/작품 쫑/후시/장소/늪지대/nfb09_280.psd,webdav:/13730b09/발송4/범선/작품 쫑/후시/장소/늪지대,/Users/saintiron/Projects/Imagine/thumbnails/35002_nfb09_280_thumb.png,psd,,,"A haunting forest of bare trees under a stormy twilight sky, with a ghostly figure emerging from the gloom.","[""fantasy"", ""storm"", ""winter"", ""ghost"", ""melancholic"", ""twilight"", ""forest"", ""3d_render""]",background,fantasy,,,unknown_legacy,parse_fallback_legacy,"pre-fix: psd-tools failed, fell back to thumbnail-only",,5011253657763804708,,"유령 같은 인물 나타나는 에서 어둠이/가 보이는 비어 있는 나무 아래 폭풍우 치는 황혼 하늘,의 음산한 숲입니다.",판타지 · 폭풍 · 겨울 · 유령 · 쓸쓸한 · 황혼 · 숲 · 입체,,,,,,,
metadata-quality-v1-0306,metadata-quality-v1,2026-05-10T00:00:00+09:00,20260510,306,phash:-6438275382587767296,발송/외주 회사/뱅가드/26/#09/bg,legacy_warning,legacy_parse_or_caption_model,47515,webdav://13730b09/발송/외주 회사/뱅가드/26/#09/bg/VS10_09_023_GENZU.psd,47515_VS10_09_023_GENZU.psd,발송/외주 회사/뱅가드/26/#09/bg/VS10_09_023_GENZU.psd,발송/외주 회사/뱅가드/26/#09/bg,/Users/saintiron/Projects/Imagine/thumbnails/47515_VS10_09_023_GENZU_thumb.png,psd,,,A character looks out a window at a starry night.,"[""anime"", ""night"", ""window"", ""character"", ""stars"", ""reflection"", ""sadness"", ""sketch""]",illustration,,,,unknown_legacy,parse_fallback_legacy,"pre-fix: psd-tools failed, fell back to thumbnail-only",,-6438275382587767296,1,캐릭터 바라보는 밖 창문 에서 별이 있는 밤입니다.,애니풍 · 밤 · 창문 · 캐릭터 · 별 · 반사 · 슬픔 · 스케치,,,,,,,
metadata-quality-v1-0307,metadata-quality-v1,2026-05-10T00:00:00+09:00,20260510,307,phash:-8608434215704951296,webdav:/13730b09/발송4/범선/작품 쫑/후시/장소/고아원,legacy_warning,legacy_parse_or_caption_model,35346,webdav://13730b09/발송4/범선/작품 쫑/후시/장소/고아원/nfb10_120.psd,35346_nfb10_120.psd,발송4/범선/작품 쫑/후시/장소/고아원/nfb10_120.psd,webdav:/13730b09/발송4/범선/작품 쫑/후시/장소/고아원,/Users/saintiron/Projects/Imagine/thumbnails/35346_nfb10_120_thumb.png,psd,,,"A cozy, warmly lit interior scene with a wooden table, red sofa, and chairs, featuring a potted plant and a ghostly figure in the background, overlaid with sketch lines and design layers.","[""anime"", ""still_life"", ""interior"", ""cozy"", ""ghost"", ""illustration"", ""digital_art"", ""layered"", ""design_draft""]",illustration,,,,unknown_legacy,parse_fallback_legacy,"pre-fix: psd-tools failed, fell back to thumbnail-only",,-8608434215704951296,,"아늑한, 따뜻하게 조명된 실내 장면이며, 나무 테이블, 붉은 소파, 및 의자, 포함하는 화분 및 유령 같은 인물 안에 배경, 겹쳐진 함께 스케치 선 및 디자인 레이어이/가 보입니다.",애니풍 · 정물 · 실내 · 아늑한 · 유령 · 일러스트 · 디지털 아트 · 겹쳐진 · 디자인,,,,,,,
metadata-quality-v1-0308,metadata-quality-v1,2026-05-10T00:00:00+09:00,20260510,308,phash:-8165405667214193152,발송/외주 회사/뱅가드/26/#09/bg,legacy_warning,legacy_parse_or_caption_model,47493,webdav://13730b09/발송/외주 회사/뱅가드/26/#09/bg/VS10_09_053_GENZU.psd,47493_VS10_09_053_GENZU.psd,발송/외주 회사/뱅가드/26/#09/bg/VS10_09_053_GENZU.psd,발송/외주 회사/뱅가드/26/#09/bg,/Users/saintiron/Projects/Imagine/thumbnails/47493_VS10_09_053_GENZU_thumb.png,psd,,,"A translucent anime girl stands in a hospital room, number 302.","[""anime"", ""hospital"", ""ghost"", ""translucent"", ""girl"", ""room"", ""blue"", ""window""]",illustration,,,,unknown_legacy,parse_fallback_legacy,"pre-fix: psd-tools failed, fell back to thumbnail-only",,-8165405667214193152,1,"반투명한 애니풍 소녀 서 있음 안에 병원 방, 숫자 302입니다.",애니풍 · 병원 · 유령 · 반투명한 · 소녀 · 방 · 푸른색 · 창문,,,,,,,
metadata-quality-v1-0309,metadata-quality-v1,2026-05-10T00:00:00+09:00,20260510,309,phash:-1123528514590550464,"webdav:/13730b09/발송4/범선/작품 쫑/후시/장소/숲,자연",legacy_warning,legacy_parse_or_caption_model,33350,"webdav://13730b09/발송4/범선/작품 쫑/후시/장소/숲,자연/nfb12_079.psd",33350_nfb12_079.psd,"발송4/범선/작품 쫑/후시/장소/숲,자연/nfb12_079.psd","webdav:/13730b09/발송4/범선/작품 쫑/후시/장소/숲,자연",/Users/saintiron/Projects/Imagine/thumbnails/33350_nfb12_079_thumb.png,psd,,,A blue-toned anime-style wolf illustration with lineart and background elements.,"[""wolf"", ""anime"", ""blue"", ""mysterious"", ""lineart"", ""illustration""]",illustration,,,,unknown_legacy,parse_fallback_legacy,"pre-fix: psd-tools failed, fell back to thumbnail-only",,-1123528514590550464,,"푸른색 색조의 애니메이션풍 늑대 일러스트이며, 선화 및 배경 요소이/가 보입니다.",늑대 · 애니풍 · 푸른색 · 신비로운 · 선화 · 일러스트,,,,,,,
metadata-quality-v1-0310,metadata-quality-v1,2026-05-10T00:00:00+09:00,20260510,310,phash:-8176576998552992256,webdav:/13730b09/발송/범선/기절용사와 암살공주/장소/호텔실내,legacy_warning,legacy_parse_or_caption_model,52629,webdav://13730b09/발송/범선/기절용사와 암살공주/장소/호텔실내/kya01_251A.psd,52629_kya01_251A.psd,발송/범선/기절용사와 암살공주/장소/호텔실내/kya01_251A.psd,webdav:/13730b09/발송/범선/기절용사와 암살공주/장소/호텔실내,/Users/saintiron/Projects/Imagine/thumbnails/52629_kya01_251A_thumb.png,psd,,,"A whimsical bedroom with a pink bed, animal statues, and colorful stained-glass windows.","[""bed"", ""pink blanket"", ""rabbit statue"", ""elephant statue"", ""stained glass"", ""nightstands"", ""rugs""]",illustration,,,,unknown_legacy,parse_fallback_legacy,"pre-fix: psd-tools failed, fell back to thumbnail-only",,-8176576998552992256,1,"기발한 침실이며, 분홍색 침대, 동물 조각상, 및 화려한 스테인드글라스 창문이/가 보입니다.",침대 · 분홍색 · 토끼 · 조각상 · 유리 · 침대 협탁 · 러그,,,,,,,
metadata-quality-v1-0311,metadata-quality-v1,2026-05-10T00:00:00+09:00,20260510,311,phash:-4403725544584184744,발송/외주 회사/뱅가드/25/#01/bg,legacy_warning,legacy_parse_or_caption_model,49975,webdav://13730b09/발송/외주 회사/뱅가드/25/#01/bg/VS9_01_241_GENZU.psd,49975_VS9_01_241_GENZU.psd,발송/외주 회사/뱅가드/25/#01/bg/VS9_01_241_GENZU.psd,발송/외주 회사/뱅가드/25/#01/bg,/Users/saintiron/Projects/Imagine/thumbnails/49975_VS9_01_241_GENZU_thumb.png,psd,,,Anime character in a classroom with desks and a chalkboard.,"[""anime"", ""classroom"", ""character"", ""school"", ""chalkboard"", ""desks"", ""windows"", ""blue hair""]",illustration,,,,unknown_legacy,parse_fallback_legacy,"pre-fix: psd-tools failed, fell back to thumbnail-only",,-4403725544584184744,282,"애니메이션 캐릭터 안에 교실이며, 책상 및 칠판이/가 보입니다.",애니풍 · 교실 · 캐릭터 · 학교 · 칠판 · 책상 · 창문 · 푸른색,,,,,,,
metadata-quality-v1-0312,metadata-quality-v1,2026-05-10T00:00:00+09:00,20260510,312,phash:-5567952418570579344,발송/외주 회사/뱅가드/25/#05/bg,legacy_warning,legacy_parse_or_caption_model,49641,webdav://13730b09/발송/외주 회사/뱅가드/25/#05/bg/VS9_05_091_GENZU.psd,49641_VS9_05_091_GENZU.psd,발송/외주 회사/뱅가드/25/#05/bg/VS9_05_091_GENZU.psd,발송/외주 회사/뱅가드/25/#05/bg,/Users/saintiron/Projects/Imagine/thumbnails/49641_VS9_05_091_GENZU_thumb.png,psd,,,Anime-style character sketch with multiple figures in formal attire.,"[""anime"", ""sketch"", ""character design"", ""formal wear"", ""group portrait"", ""line art"", ""digital art"", ""fantasy""]",illustration,,,,unknown_legacy,parse_fallback_legacy,"pre-fix: psd-tools failed, fell back to thumbnail-only",,-5567952418570579344,,"애니메이션풍 캐릭터 스케치이며, 여러 개의 인물 안에 격식 있는 복장이/가 보입니다.",애니풍 · 스케치 · 캐릭터 · 격식 있는 · 무리 · 선화 · 디지털 아트 · 판타지,,,,,,,
metadata-quality-v1-0313,metadata-quality-v1,2026-05-10T00:00:00+09:00,20260510,313,phash:-2093343760192856016,발송/외주 회사/뱅가드/25/#01/bg,legacy_warning,legacy_parse_or_caption_model,49933,webdav://13730b09/발송/외주 회사/뱅가드/25/#01/bg/VS9_01_177_GENZU.psd,49933_VS9_01_177_GENZU.psd,발송/외주 회사/뱅가드/25/#01/bg/VS9_01_177_GENZU.psd,발송/외주 회사/뱅가드/25/#01/bg,/Users/saintiron/Projects/Imagine/thumbnails/49933_VS9_01_177_GENZU_thumb.png,psd,,,Anime character with pale hair and a subtle smile.,"[""anime"", ""character"", ""portrait"", ""pale"", ""smile"", ""hair"", ""eyes"", ""clothing""]",illustration,,,,unknown_legacy,parse_fallback_legacy,"pre-fix: psd-tools failed, fell back to thumbnail-only",,-2093343760192856016,,"애니메이션 캐릭터이며, 옅은 머리카락 및 은은한 미소이/가 보입니다.",애니풍 · 캐릭터 · 인물화 · 옅은 · 미소 · 머리카락 · 눈 · 의류,,,,,,,
metadata-quality-v1-0314,metadata-quality-v1,2026-05-10T00:00:00+09:00,20260510,314,phash:-2260030067436910464,webdav:/13730b09/발송4/범선/작품 쫑/후시/장소/늪지대,legacy_warning,legacy_parse_or_caption_model,34993,webdav://13730b09/발송4/범선/작품 쫑/후시/장소/늪지대/nfb09_269.psd,34993_nfb09_269.psd,발송4/범선/작품 쫑/후시/장소/늪지대/nfb09_269.psd,webdav:/13730b09/발송4/범선/작품 쫑/후시/장소/늪지대,/Users/saintiron/Projects/Imagine/thumbnails/34993_nfb09_269_thumb.png,psd,,,"A sketchy rural landscape with a lone figure in the distance, surrounded by earthy tones and faint sketch lines indicating structure or depth.","[""rural"", ""sketch"", ""melancholic"", ""earth_tones"", ""concept_art""]",background,rural,,,unknown_legacy,parse_fallback_legacy,"pre-fix: psd-tools failed, fell back to thumbnail-only",,-2260030067436910464,,"스케치풍 시골 풍경이며, 홀로 있는 인물 안에 거리, 둘러싸인 흙빛의 색조 및 희미한 스케치 선 나타내는 구조물 또는 깊이이/가 보입니다.",시골 · 스케치 · 쓸쓸한 · 색조 · 콘셉트 아트,,,,,,,
metadata-quality-v1-0315,metadata-quality-v1,2026-05-10T00:00:00+09:00,20260510,315,phash:-3832901061690356032,발송/외주 회사/뱅가드/24/#01/bg,legacy_warning,legacy_parse_or_caption_model,48920,webdav://13730b09/발송/외주 회사/뱅가드/24/#01/bg/VS8_01_137_GENZU.psd,48920_VS8_01_137_GENZU.psd,발송/외주 회사/뱅가드/24/#01/bg/VS8_01_137_GENZU.psd,발송/외주 회사/뱅가드/24/#01/bg,/Users/saintiron/Projects/Imagine/thumbnails/48920_VS8_01_137_GENZU_thumb.png,psd,,,A whimsical carousel scene with golden stairs and colorful decorations.,"[""carousel"", ""stairs"", ""whimsical"", ""colorful"", ""decorations"", ""golden"", ""festive"", ""animation""]",background,,,,unknown_legacy,parse_fallback_legacy,"pre-fix: psd-tools failed, fell back to thumbnail-only",,-3832901061690356032,,"기발한 회전목마 장면이며, 금빛 계단 및 화려한 장식이/가 보입니다.",회전목마 · 계단 · 기발한 · 화려한 · 장식 · 금빛 · 축제 분위기의 · 애니메이션,,,,,,,
metadata-quality-v1-0316,metadata-quality-v1,2026-05-10T00:00:00+09:00,20260510,316,phash:-6004251955027974144,webdav:/13730b09/예비/크랑베르무/장소/전투/1,legacy_warning,legacy_parse_or_caption_model,40913,webdav://13730b09/예비/크랑베르무/장소/전투/1/grb01_232.psd,40913_grb01_232.psd,예비/크랑베르무/장소/전투/1/grb01_232.psd,webdav:/13730b09/예비/크랑베르무/장소/전투/1,/Users/saintiron/Projects/Imagine/thumbnails/40913_grb01_232_thumb.png,psd,,,Purple-toned rocky terrain with scattered boulders and debris,"[""rock"", ""stone"", ""terrain"", ""purple"", ""grayscale"", ""fragmented"", ""natural"", ""imagine_dl_z260p_3r""]",texture,,,,unknown_legacy,parse_fallback_legacy,"pre-fix: psd-tools failed, fell back to thumbnail-only",,-6004251955027974144,,"보라색 색조의 바위 지형이며, 흩어진 바위 및 잔해이/가 보입니다.",바위 · 돌 · 지형 · 보라색 · 회색조 · 조각난 · 자연스러운,,,,,,,
metadata-quality-v1-0317,metadata-quality-v1,2026-05-10T00:00:00+09:00,20260510,317,content:844e8e37ae8c6ecb152576a8f3ec369efef1ec35eaf3d6793ae6d0a1939c4026,bg,ok,,56983,webdav://13730b09/발송/외주 회사/빔 studio/귀인환등초/bg/KGS_01_364.psd,56983_KGS_01_364.psd,발송/외주 회사/빔 studio/귀인환등초/bg/KGS_01_364.psd,bg,/Users/saintiron/Projects/Imagine/thumbnails/56983_KGS_01_364_thumb.png,psd,2474,1689,Anime-style scene with three characters in a dimly lit room.,"[""anime"", ""characters"", ""room"", ""lantern"", ""door""]",illustration,,,,Qwen/Qwen3.5-9B,,,844e8e37ae8c6ecb152576a8f3ec369efef1ec35eaf3d6793ae6d0a1939c4026,-7306287087297323520,1,"애니메이션풍 장면이며, 세 캐릭터 안에 어둡게 조명된 방이/가 보입니다.",애니풍 · 캐릭터 · 방 · 등불 · 문,,,,,,,
metadata-quality-v1-0318,metadata-quality-v1,2026-05-10T00:00:00+09:00,20260510,318,phash:-5584284718544670208,webdav:/13730b09/발송/범선/기절용사와 암살공주/장소/호텔실내,legacy_warning,legacy_parse_or_caption_model,52633,webdav://13730b09/발송/범선/기절용사와 암살공주/장소/호텔실내/kya01_254.psd,52633_kya01_254.psd,발송/범선/기절용사와 암살공주/장소/호텔실내/kya01_254.psd,webdav:/13730b09/발송/범선/기절용사와 암살공주/장소/호텔실내,/Users/saintiron/Projects/Imagine/thumbnails/52633_kya01_254_thumb.png,psd,,,Two anime-style characters in a bright yellow background with soft outlines.,"[""anime"", ""yellow"", ""outline"", ""character"", ""lighting""]",illustration,,,,unknown_legacy,parse_fallback_legacy,"pre-fix: psd-tools failed, fell back to thumbnail-only",,-5584284718544670208,1,"두 애니메이션풍 캐릭터 안에 밝은 노란색 배경이며, 부드러운 윤곽선이/가 보입니다.",애니풍 · 노란색 · 윤곽 · 캐릭터 · 조명,,,,,,,
metadata-quality-v1-0319,metadata-quality-v1,2026-05-10T00:00:00+09:00,20260510,319,phash:-8152462396217843192,webdav:/13730b09/발송/범선/기절용사와 암살공주/장소/길드,legacy_warning,legacy_parse_or_caption_model,52066,webdav://13730b09/발송/범선/기절용사와 암살공주/장소/길드/kya01_077.psd,52066_kya01_077.psd,발송/범선/기절용사와 암살공주/장소/길드/kya01_077.psd,webdav:/13730b09/발송/범선/기절용사와 암살공주/장소/길드,/Users/saintiron/Projects/Imagine/thumbnails/52066_kya01_077_thumb.png,psd,,,"A tavern interior with wooden furniture, stone walls, and hanging banners.","[""tavern"", ""wooden furniture"", ""stone walls"", ""banners"", ""bar counter"", ""notice board"", ""wooden beams"", ""lamps""]",background,,,,unknown_legacy,parse_fallback_legacy,"pre-fix: psd-tools failed, fell back to thumbnail-only",,-8152462396217843192,,"선술집 실내이며, 나무 가구, 돌 벽, 및 걸려 있는 현수막이/가 보입니다.",선술집 · 나무 가구 · 돌 · 현수막 · 바 · 게시판 · 나무 들보 · 램프,,,,,,,
metadata-quality-v1-0320,metadata-quality-v1,2026-05-10T00:00:00+09:00,20260510,320,phash:-1227584122068094830,webdav:/13730b09/예비/크랑베르무/장소/만게츠의 절,legacy_warning,legacy_parse_or_caption_model,41741,webdav://13730b09/예비/크랑베르무/장소/만게츠의 절/grb03_163.psd,41741_grb03_163.psd,예비/크랑베르무/장소/만게츠의 절/grb03_163.psd,webdav:/13730b09/예비/크랑베르무/장소/만게츠의 절,/Users/saintiron/Projects/Imagine/thumbnails/41741_grb03_163_thumb.png,psd,,,Anime character with blue-toned background and hanging ornaments,"[""anime"", ""blue"", ""mysterious"", ""character"", ""ornaments"", ""illustration""]",illustration,,,,unknown_legacy,parse_fallback_legacy,"pre-fix: psd-tools failed, fell back to thumbnail-only",,-1227584122068094830,,"애니메이션 캐릭터이며, 푸른색 색조의 배경 및 걸려 있는 장식이/가 보입니다.",애니풍 · 푸른색 · 신비로운 · 캐릭터 · 장식 · 일러스트,,,,,,,
metadata-quality-v1-0321,metadata-quality-v1,2026-05-10T00:00:00+09:00,20260510,321,phash:-6438772103169515008,webdav:/13730b09/발송4/범선/작품 쫑/후시/장소/라투루의저택.장미.정원,legacy_warning,legacy_parse_or_caption_model,34346,webdav://13730b09/발송4/범선/작품 쫑/후시/장소/라투루의저택.장미.정원/nfb11_079.psd,34346_nfb11_079.psd,발송4/범선/작품 쫑/후시/장소/라투루의저택.장미.정원/nfb11_079.psd,webdav:/13730b09/발송4/범선/작품 쫑/후시/장소/라투루의저택.장미.정원,/Users/saintiron/Projects/Imagine/thumbnails/34346_nfb11_079_thumb.png,psd,,,A serene garden path lined with rose-covered hedges under a clear sky.,"[""garden"", ""roses"", ""path"", ""anime"", ""sunny"", ""spring"", ""serene""]",background,Garden,Day,Sunny,unknown_legacy,parse_fallback_legacy,"pre-fix: psd-tools failed, fell back to thumbnail-only",,-6438772103169515008,1,"맑은 하늘 아래의 고요한 정원 길 선이 있는이며, 장미로 덮인 생울타리이/가 보입니다.",정원 · 장미 · 길 · 애니풍 · 화창한 · 봄 · 고요한,,,,,,,
metadata-quality-v1-0322,metadata-quality-v1,2026-05-10T00:00:00+09:00,20260510,322,phash:-4268145223013199360,webdav:/13730b09/예비/크랑베르무/장소/전투/2,legacy_warning,legacy_parse_or_caption_model,40688,webdav://13730b09/예비/크랑베르무/장소/전투/2/grb04_108_114.psd,40688_grb04_108_114.psd,예비/크랑베르무/장소/전투/2/grb04_108_114.psd,webdav:/13730b09/예비/크랑베르무/장소/전투/2,/Users/saintiron/Projects/Imagine/thumbnails/40688_grb04_108_114_thumb.png,psd,,,"A green-lit cave with a sketch overlay, creating a mysterious and atmospheric scene.","[""cave"", ""green light"", ""anime"", ""mysterious"", ""sketch overlay""]",illustration,,,,unknown_legacy,parse_fallback_legacy,"pre-fix: psd-tools failed, fell back to thumbnail-only",,-4268145223013199360,1,"초록-조명된 동굴이며, 스케치 오버레이, 만드는 신비로운 및 분위기 있는 장면이/가 보입니다.",동굴 · 초록 · 애니풍 · 신비로운 · 스케치 오버레이,,,,,,,
metadata-quality-v1-0323,metadata-quality-v1,2026-05-10T00:00:00+09:00,20260510,323,content:a8c632a0213cd04073b6536f2b104afc3385569fc07eb6b9b5fbc8e34197f93a,bg,ok,,56755,webdav://13730b09/발송/외주 회사/빔 studio/메탈#07/bg/MR07_187_BG.psd,56755_MR07_187_BG.psd,발송/외주 회사/빔 studio/메탈#07/bg/MR07_187_BG.psd,bg,/Users/saintiron/Projects/Imagine/thumbnails/56755_MR07_187_BG_thumb.png,psd,1760,1428,Anime-style scene with a ghostly figure in a modern outdoor plaza under a bright sky.,"[""anime"", ""ghost"", ""plaza"", ""trees"", ""sky"", ""modern architecture"", ""bushes""]",illustration,,,,Qwen/Qwen3.5-9B,,,a8c632a0213cd04073b6536f2b104afc3385569fc07eb6b9b5fbc8e34197f93a,45806654212057166,,"밝은 하늘 아래의 애니메이션풍 장면이며, 유령 같은 인물 안에 현대적인 야외 광장이/가 보입니다.",애니풍 · 유령 · 광장 · 나무 · 하늘 · 현대적인 · 덤불,,,,,,,
metadata-quality-v1-0324,metadata-quality-v1,2026-05-10T00:00:00+09:00,20260510,324,content:d4a012524544cd56e7a1886e430de03af2d2449a30662f708c4c958e2f80555c,#3,ok,,57667,webdav://13730b09/예비/작품2/대마도학원35시험 소대/제작회사BG/#3/AT03_020_024.psd,57667_AT03_020_024.psd,예비/작품2/대마도학원35시험 소대/제작회사BG/#3/AT03_020_024.psd,#3,/Users/saintiron/Projects/Imagine/thumbnails/57667_AT03_020_024_thumb.png,psd,1683,2088,"An ornate, empty hallway with red patterned walls and gray columns.","[""hallway"", ""columns"", ""walls"", ""patterned"", ""empty"", ""ornate"", ""interior"", ""architecture""]",background,,,,Qwen/Qwen3.5-9B,,,d4a012524544cd56e7a1886e430de03af2d2449a30662f708c4c958e2f80555c,-8450271555030953248,,"화려한, 비어 있는 복도이며, 붉은 무늬가 있는 벽 및 회색 기둥이/가 보입니다.",복도 · 기둥 · 벽 · 무늬가 있는 · 비어 있는 · 화려한 · 실내 · 건축,,,,,,,
metadata-quality-v1-0325,metadata-quality-v1,2026-05-10T00:00:00+09:00,20260510,325,phash:-7144405997950696448,webdav:/13730b09/발송/범선/기절용사와 암살공주/장소/잡것들,legacy_warning,legacy_parse_or_caption_model,52126,webdav://13730b09/발송/범선/기절용사와 암살공주/장소/잡것들/kya01_198.psd,52126_kya01_198.psd,발송/범선/기절용사와 암살공주/장소/잡것들/kya01_198.psd,webdav:/13730b09/발송/범선/기절용사와 암살공주/장소/잡것들,/Users/saintiron/Projects/Imagine/thumbnails/52126_kya01_198_thumb.png,psd,,,"A vibrant anime-style town with colorful buildings, greenery, and distant mountains.","[""town"", ""buildings"", ""mountains"", ""greenery"", ""sky""]",illustration,,,,unknown_legacy,parse_fallback_legacy,"pre-fix: psd-tools failed, fell back to thumbnail-only",,-7144405997950696448,139,"선명한 애니메이션풍 마을이며, 화려한 건물, 녹음, 및 멀리 보이는 산이/가 보입니다.",마을 · 건물 · 산 · 녹음 · 하늘,,,,,,,
metadata-quality-v1-0326,metadata-quality-v1,2026-05-10T00:00:00+09:00,20260510,326,phash:-941037999212017664,webdav:/13730b09/발송4/범선/작품 쫑/후시/장소/길드,legacy_warning,legacy_parse_or_caption_model,35090,webdav://13730b09/발송4/범선/작품 쫑/후시/장소/길드/nfb06_038_042.psd,35090_nfb06_038_042.psd,발송4/범선/작품 쫑/후시/장소/길드/nfb06_038_042.psd,webdav:/13730b09/발송4/범선/작품 쫑/후시/장소/길드,/Users/saintiron/Projects/Imagine/thumbnails/35090_nfb06_038_042_thumb.png,psd,,,"A wall adorned with multiple menu cards, set against a soft, sepia-toned background with a subtle silhouette.","[""still_life"", ""cartoon"", ""menu_cards"", ""wall_display"", ""silhouette"", ""earth_tones""]",illustration,,,,unknown_legacy,parse_fallback_legacy,"pre-fix: psd-tools failed, fell back to thumbnail-only",,-941037999212017664,1,"벽 장식된이며, 여러 개의 메뉴 카드, 배경으로 한 부드러운, 세피아 색조의 배경 함께 은은한 실루엣이/가 보입니다.",정물 · 만화풍 · 메뉴 · 벽 · 실루엣 · 색조,,,,,,,
metadata-quality-v1-0327,metadata-quality-v1,2026-05-10T00:00:00+09:00,20260510,327,content:a0f31f823fdc788d76b3f7403ec75a4465c2f65c74341d99fe8309419ba926b6,#2,ok,,57911,webdav://13730b09/예비/작품2/대마도학원35시험 소대/제작회사BG/#2/TM#02_150.psd,57911_TM#02_150.psd,예비/작품2/대마도학원35시험 소대/제작회사BG/#2/TM#02_150.psd,#2,/Users/saintiron/Projects/Imagine/thumbnails/57911_TM#02_150_thumb.png,psd,5955,1186,Dark forest scene with dense trees under dim lighting,"[""forest"", ""trees"", ""dark"", ""night"", ""nature"", ""foliage"", ""shadows"", ""atmospheric""]",background,,,,Qwen/Qwen3.5-9B,,,a0f31f823fdc788d76b3f7403ec75a4465c2f65c74341d99fe8309419ba926b6,-7956774680609378304,,"어두운 조명 아래의 어두운 숲 장면이며, 빽빽한 나무이/가 보입니다.",숲 · 나무 · 어두운 · 밤 · 자연 · 잎 · 그림자 · 분위기 있는,,,,,,,
metadata-quality-v1-0328,metadata-quality-v1,2026-05-10T00:00:00+09:00,20260510,328,phash:-4123453597573138432,webdav:/13730b09/발송4/범선/작품 쫑/후시/장소/호수,legacy_warning,legacy_parse_or_caption_model,32971,webdav://13730b09/발송4/범선/작품 쫑/후시/장소/호수/nfb08_234.psd,32971_nfb08_234.psd,발송4/범선/작품 쫑/후시/장소/호수/nfb08_234.psd,webdav:/13730b09/발송4/범선/작품 쫑/후시/장소/호수,/Users/saintiron/Projects/Imagine/thumbnails/32971_nfb08_234_thumb.png,psd,,,"Two characters in hooded robes stand against a starry night sky, separated by a glowing vertical line, suggesting a thematic or narrative division.","[""anime"", ""night_scene"", ""character_portrait"", ""mysterious"", ""starry_sky"", ""hooded_robes"", ""illustration"", ""digital_art""]",illustration,,,,unknown_legacy,parse_fallback_legacy,"pre-fix: psd-tools failed, fell back to thumbnail-only",,-4123453597573138432,1,"두 캐릭터 안에 후드를 쓴 로브 서 있음 배경으로 별이 있는 밤하늘, 분리된 의해 빛나는 세로 선,이며, 주제적인 또는 서사 분할을/를 암시합니다.",애니풍 · 밤 · 캐릭터 · 신비로운 · 별이 있는 하늘 · 후드를 쓴 · 일러스트 · 디지털 아트,,,,,,,
metadata-quality-v1-0329,metadata-quality-v1,2026-05-10T00:00:00+09:00,20260510,329,phash:-7457784336817805311,발송/외주 회사/뱅가드/26/#03/bg,legacy_warning,legacy_parse_or_caption_model,48182,webdav://13730b09/발송/외주 회사/뱅가드/26/#03/bg/VS10_03_220_GENZU.psd,48182_VS10_03_220_GENZU.psd,발송/외주 회사/뱅가드/26/#03/bg/VS10_03_220_GENZU.psd,발송/외주 회사/뱅가드/26/#03/bg,/Users/saintiron/Projects/Imagine/thumbnails/48182_VS10_03_220_GENZU_thumb.png,psd,,,Anime character with rainbow hair holding cards in a bright scene.,"[""anime"", ""character"", ""rainbow hair"", ""cards"", ""line art"", ""digital art"", ""smiling"", ""fantasy""]",illustration,,,,unknown_legacy,parse_fallback_legacy,"pre-fix: psd-tools failed, fell back to thumbnail-only",,-7457784336817805311,1,"애니메이션 캐릭터이며, 무지개 머리카락 들고 있는 카드 안에 밝은 장면이/가 보입니다.",애니풍 · 캐릭터 · 무지개 · 카드 · 선화 · 디지털 아트 · 미소 짓는 · 판타지,,,,,,,
metadata-quality-v1-0330,metadata-quality-v1,2026-05-10T00:00:00+09:00,20260510,330,phash:-5570122663865958400,webdav:/13730b09/발송/범선/기절용사와 암살공주/#12/bg,legacy_warning,legacy_parse_or_caption_model,50424,webdav://13730b09/발송/범선/기절용사와 암살공주/#12/bg/kya12_136.psd,50424_kya12_136.psd,발송/범선/기절용사와 암살공주/#12/bg/kya12_136.psd,webdav:/13730b09/발송/범선/기절용사와 암살공주/#12/bg,/Users/saintiron/Projects/Imagine/thumbnails/50424_kya12_136_thumb.png,psd,,,Anime-style forest scene with a translucent character overlay and stone statues.,"[""forest"", ""trees"", ""character"", ""statue"", ""anime"", ""sky"", ""path"", ""overlay""]",illustration,,,,unknown_legacy,parse_fallback_legacy,"pre-fix: psd-tools failed, fell back to thumbnail-only",,-5570122663865958400,1,"애니메이션풍 숲 장면이며, 반투명한 캐릭터 오버레이 및 돌 조각상이/가 보입니다.",숲 · 나무 · 캐릭터 · 조각상 · 애니풍 · 하늘 · 길 · 오버레이,,,,,,,
metadata-quality-v1-0331,metadata-quality-v1,2026-05-10T00:00:00+09:00,20260510,331,phash:1916449431198142976,webdav:/13730b09/예비/크랑베르무/장소/학교교실,legacy_warning,legacy_parse_or_caption_model,39077,webdav://13730b09/예비/크랑베르무/장소/학교교실/grb02_197.psd,39077_grb02_197.psd,예비/크랑베르무/장소/학교교실/grb02_197.psd,webdav:/13730b09/예비/크랑베르무/장소/학교교실,/Users/saintiron/Projects/Imagine/thumbnails/39077_grb02_197_thumb.png,psd,,,"An anime-style illustration of a character standing in a classroom, gazing out a window at a golden sunset over the city, with sketch lines visible on the character's outline.","[""anime"", ""classroom"", ""sunset"", ""character"", ""illustration"", ""sketch"", ""warm_color_palette"", ""serene_mood""]",illustration,,,,unknown_legacy,parse_fallback_legacy,"pre-fix: psd-tools failed, fell back to thumbnail-only",,1916449431198142976,1,"스케치 선 보이는 위에 캐릭터의 윤곽이/가 보이는 캐릭터 서 있는 안에 교실, 바라보는 밖 창문 에서 금빛 일몰 위에 도시,의 애니메이션풍 일러스트입니다.",애니풍 · 교실 · 일몰 · 캐릭터 · 일러스트 · 스케치 · 따뜻한 · 고요한,,,,,,,
metadata-quality-v1-0332,metadata-quality-v1,2026-05-10T00:00:00+09:00,20260510,332,phash:-6288508626459768320,webdav:/13730b09/발송4/범선/작품 쫑/후시/장소/던전,legacy_warning,legacy_parse_or_caption_model,34544,webdav://13730b09/발송4/범선/작품 쫑/후시/장소/던전/nfb04_041.psd,34544_nfb04_041.psd,발송4/범선/작품 쫑/후시/장소/던전/nfb04_041.psd,webdav:/13730b09/발송4/범선/작품 쫑/후시/장소/던전,/Users/saintiron/Projects/Imagine/thumbnails/34544_nfb04_041_thumb.png,psd,,,"A translucent skeleton lies on a stone floor in a dimly lit, purple-hued cathedral-like space, with glowing pink lights in the background.","[""skeleton"", ""concept art"", ""purple"", ""mysterious"", ""cathedral"", ""glowing lights"", ""translucent""]",illustration,,,,unknown_legacy,parse_fallback_legacy,"pre-fix: psd-tools failed, fell back to thumbnail-only",,-6288508626459768320,1,"반투명한 해골 놓인 위에 돌 바닥 안에 어둡게 조명된, 보라색-색조의 성당 같은 우주,이며, 빛나는 분홍색 조명 안에 배경이/가 보입니다.",해골 · 콘셉트 아트 · 보라색 · 신비로운 · 성당 · 빛나는 · 반투명한,,,,,,,
metadata-quality-v1-0333,metadata-quality-v1,2026-05-10T00:00:00+09:00,20260510,333,phash:7990785050654078464,webdav:/13730b09/예비/크랑베르무/장소/성안,legacy_warning,legacy_parse_or_caption_model,41521,webdav://13730b09/예비/크랑베르무/장소/성안/grb13_295.psd,41521_grb13_295.psd,예비/크랑베르무/장소/성안/grb13_295.psd,webdav:/13730b09/예비/크랑베르무/장소/성안,/Users/saintiron/Projects/Imagine/thumbnails/41521_grb13_295_thumb.png,psd,,,"A glowing pink cathedral with a large stone basin at its center, illuminated by radiant light beams.","[""cathedral"", ""gothic"", ""pink glow"", ""mystical"", ""digital art""]",background,Dungeons,night,clear,unknown_legacy,parse_fallback_legacy,"pre-fix: psd-tools failed, fell back to thumbnail-only",,7990785050654078464,,"빛나는 분홍색 성당이며, 큰 돌 대야 에서 그것의 중앙, 빛을 받는 빛나는 빛 빛줄기이/가 보입니다.",성당 · 고딕풍 · 분홍색 · 신비로운 · 디지털 아트,,,,,,,
metadata-quality-v1-0334,metadata-quality-v1,2026-05-10T00:00:00+09:00,20260510,334,phash:-5642524689555090944,webdav:/13730b09/발송작품/작품/Fate/sankouBG,legacy_warning,legacy_parse_or_caption_model,46472,webdav://13730b09/발송작품/작품/Fate/sankouBG/FN18_118_121_s1.psd,46472_FN18_118_121_s1.psd,발송작품/작품/Fate/sankouBG/FN18_118_121_s1.psd,webdav:/13730b09/발송작품/작품/Fate/sankouBG,/Users/saintiron/Projects/Imagine/thumbnails/46472_FN18_118_121_s1_thumb.png,psd,,,Anime character sketch overlaid on a night forest background.,"[""anime"", ""sketch"", ""night"", ""forest"", ""character"", ""overlay"", ""digital art"", ""blue""]",illustration,,,,unknown_legacy,parse_fallback_legacy,"pre-fix: psd-tools failed, fell back to thumbnail-only",,-5642524689555090944,1,애니메이션 캐릭터 스케치가 밤 숲 배경 위에 겹쳐져 있습니다.,애니풍 · 스케치 · 밤 · 숲 · 캐릭터 · 오버레이 · 디지털 아트 · 푸른색,,,,,,,
metadata-quality-v1-0335,metadata-quality-v1,2026-05-10T00:00:00+09:00,20260510,335,phash:-3115115494595831808,webdav:/13730b09/예비/크랑베르무/장소/전투/5,legacy_warning,legacy_parse_or_caption_model,40125,webdav://13730b09/예비/크랑베르무/장소/전투/5/grb10_143.psd,40125_grb10_143.psd,예비/크랑베르무/장소/전투/5/grb10_143.psd,webdav:/13730b09/예비/크랑베르무/장소/전투/5,/Users/saintiron/Projects/Imagine/thumbnails/40125_grb10_143_thumb.png,psd,,,"A serene night sky filled with stars and soft clouds, glowing with ethereal blue light.","[""night"", ""stars"", ""clouds"", ""blue sky"", ""anime"", ""serene""]",background,sky,night,clear,unknown_legacy,parse_fallback_legacy,"pre-fix: psd-tools failed, fell back to thumbnail-only",,-3115115494595831808,,"고요한 밤하늘 가득 찬이며, 별 및 부드러운 구름, 빛나는 함께 몽환적인 푸른색 빛이/가 보입니다.",밤 · 별 · 구름 · 푸른 하늘 · 애니풍 · 고요한,,,,,,,
metadata-quality-v1-0336,metadata-quality-v1,2026-05-10T00:00:00+09:00,20260510,336,phash:-4413047909361093965,webdav:/13730b09/예비/크랑베르무/장소/전투/5,legacy_warning,legacy_parse_or_caption_model,40079,webdav://13730b09/예비/크랑베르무/장소/전투/5/grb10_056.psd,40079_grb10_056.psd,예비/크랑베르무/장소/전투/5/grb10_056.psd,webdav:/13730b09/예비/크랑베르무/장소/전투/5,/Users/saintiron/Projects/Imagine/thumbnails/40079_grb10_056_thumb.png,psd,,,"A serene night scene with a large blue moon, stars, and trees under a dark sky, featuring a small winged creature flying above.","[""night"", ""moon"", ""trees"", ""stars"", ""anime"", ""serene"", ""blue"", ""winged creature""]",illustration,,,,unknown_legacy,parse_fallback_legacy,"pre-fix: psd-tools failed, fell back to thumbnail-only",,-4413047909361093965,,"어두운 하늘, 포함하는 작은 날개 달린 생물 날아가는 위에 아래의 고요한 밤 장면이며, 큰 푸른색 달, 별, 및 나무이/가 보입니다.",밤 · 달 · 나무 · 별 · 애니풍 · 고요한 · 푸른색 · 날개 달린,,,,,,,
metadata-quality-v1-0337,metadata-quality-v1,2026-05-10T00:00:00+09:00,20260510,337,phash:-940492581144714752,발송/외주 회사/뱅가드/25/#01/bg,legacy_warning,legacy_parse_or_caption_model,49921,webdav://13730b09/발송/외주 회사/뱅가드/25/#01/bg/VS9_01_112_GENZU.psd,49921_VS9_01_112_GENZU.psd,발송/외주 회사/뱅가드/25/#01/bg/VS9_01_112_GENZU.psd,발송/외주 회사/뱅가드/25/#01/bg,/Users/saintiron/Projects/Imagine/thumbnails/49921_VS9_01_112_GENZU_thumb.png,psd,,,Anime-style portrait of a girl smiling against a sunset sky.,"[""anime"", ""portrait"", ""sunset"", ""smile"", ""sky"", ""girl"", ""lineart"", ""overlay""]",illustration,,,,unknown_legacy,parse_fallback_legacy,"pre-fix: psd-tools failed, fell back to thumbnail-only",,-940492581144714752,1,애니메이션풍 인물화 의 소녀 미소 짓는 배경으로 일몰 하늘입니다.,애니풍 · 인물화 · 일몰 · 미소 · 하늘 · 소녀 · 선화 · 오버레이,,,,,,,
metadata-quality-v1-0338,metadata-quality-v1,2026-05-10T00:00:00+09:00,20260510,338,content:b0f6f7d67065e9a44ad66943acb8bb4f6ab0430992c53e12d78b710cc9124fde,#2,ok,,57857,webdav://13730b09/예비/작품2/대마도학원35시험 소대/제작회사BG/#2/TM#02_076.psd,57857_TM#02_076.psd,예비/작품2/대마도학원35시험 소대/제작회사BG/#2/TM#02_076.psd,#2,/Users/saintiron/Projects/Imagine/thumbnails/57857_TM#02_076_thumb.png,psd,2395,1634,Sunset view of a hillside cemetery with city skyline in background,"[""cemetery"", ""hillside"", ""cityscape"", ""sunset"", ""gate"", ""pathway"", ""tombstones"", ""urban""]",illustration,,,,Qwen/Qwen3.5-9B,,,b0f6f7d67065e9a44ad66943acb8bb4f6ab0430992c53e12d78b710cc9124fde,-5717655340813208064,,도시 스카이라인 배경에이/가 보이는 언덕 비탈 묘지의 일몰 풍경입니다.,묘지 · 언덕 비탈 · 도시 풍경 · 일몰 · 문 · 길 · 묘비 · 도시의,2,2,,,,manual_review,2026-05-13T23:21:14
metadata-quality-v1-0339,metadata-quality-v1,2026-05-10T00:00:00+09:00,20260510,339,content:03850b7e1d039b1aefc7aef744f2ab24d7227f2c6289fec9151def1a8a55b4f4,발송작품/작품/레이다스/설산,legacy_warning,legacy_parse_or_caption_model,28985,webdav://13730b09/발송작품/작품/레이다스/설산/DL29_S025-002.psd,DL29_S025-002.psd,발송작품/작품/레이다스/설산/DL29_S025-002.psd,발송작품/작품/레이다스/설산,/Users/saintiron/Projects/Imagine/output/thumbnails/webdav_13730b09_DL29_S025-002_f48379bd696a_thumb.png,psd,1577,1047,"A vast, snow-covered landscape with jagged mountain peaks under a cloudy sky, evoking a sense of isolation and grandeur.","[""mountains"", ""snow"", ""winter"", ""ice"", ""cold"", ""dramatic"", ""painterly"", ""landscape"", ""nature"", ""remote""]",background,outdoor,,,unknown_legacy,parse_fallback_legacy,"pre-fix: psd-tools failed, fell back to thumbnail-only",03850b7e1d039b1aefc7aef744f2ab24d7227f2c6289fec9151def1a8a55b4f4,-5698563215123256832,,"구름 낀 하늘, 느낌을 주는 느낌 의 고립 및 장엄함 아래의 광활한, 눈-덮인 풍경이며, 뾰족한 산봉우리이/가 보입니다.",산 · 눈 · 겨울 · 얼음 · 차가운 · 극적인 · 회화풍 · 풍경 · 자연 · 리모컨,,,,,,,
metadata-quality-v1-0340,metadata-quality-v1,2026-05-10T00:00:00+09:00,20260510,340,phash:-1242183540834399744,발송4/범선/종말투어링/#03/bg,legacy_warning,legacy_parse_or_caption_model,32525,webdav://13730b09/발송4/범선/종말투어링/#03/bg/syt03_229.psd,32525_syt03_229.psd,발송4/범선/종말투어링/#03/bg/syt03_229.psd,발송4/범선/종말투어링/#03/bg,/Users/saintiron/Projects/Imagine/thumbnails/32525_syt03_229_thumb.png,psd,,,"Anime-style illustration of a futuristic arena with a central circular platform and a crowd of spectators in the background, rendered with layered line art and neon lighting effects.","[""anime"", ""action_scene"", ""futuristic"", ""arena"", ""crowd"", ""neon"", ""lineart"", ""digital_art""]",illustration,,,,unknown_legacy,parse_fallback_legacy,"pre-fix: psd-tools failed, fell back to thumbnail-only",,-1242183540834399744,,"중앙의 원형 플랫폼 및 군중 의 관중 안에 배경, 표현된 함께 겹쳐진 선화 및 네온 조명 효과이/가 보이는 미래적인 경기장의 애니메이션풍 일러스트입니다.",애니풍 · 동작감 · 미래적인 · 경기장 · 군중 · 네온 · 선화 · 디지털 아트,,,,,,,
metadata-quality-v1-0341,metadata-quality-v1,2026-05-10T00:00:00+09:00,20260510,341,phash:-6582946880431291904,webdav:/13730b09/발송4/범선/작품 쫑/후시/장소/공사장,legacy_warning,legacy_parse_or_caption_model,35238,webdav://13730b09/발송4/범선/작품 쫑/후시/장소/공사장/nfb10_069.psd,35238_nfb10_069.psd,발송4/범선/작품 쫑/후시/장소/공사장/nfb10_069.psd,webdav:/13730b09/발송4/범선/작품 쫑/후시/장소/공사장,/Users/saintiron/Projects/Imagine/thumbnails/35238_nfb10_069_thumb.png,psd,,,"Anime-style portrait of a character wearing a gas mask, outlined on a green-tinted backdrop with industrial elements.","[""anime"", ""portrait"", ""gas_mask"", ""green_tint"", ""industrial"", ""lineart"", ""concept_art""]",illustration,,,,unknown_legacy,parse_fallback_legacy,"pre-fix: psd-tools failed, fell back to thumbnail-only",,-6582946880431291904,1,"산업적인 요소이/가 보이는 캐릭터 입고 있는 가스 가면, 윤곽선이 있는 위에 초록-색이 입혀진 배경의 애니메이션풍 인물화입니다.",애니풍 · 인물화 · 가스 · 초록 · 산업적인 · 선화 · 콘셉트 아트,,,,,,,
metadata-quality-v1-0342,metadata-quality-v1,2026-05-10T00:00:00+09:00,20260510,342,phash:-7292228379197249822,webdav:/13730b09/예비/크랑베르무/장소/잡것,legacy_warning,legacy_parse_or_caption_model,41043,webdav://13730b09/예비/크랑베르무/장소/잡것/grb01_225_BG2.psd,41043_grb01_225_BG2.psd,예비/크랑베르무/장소/잡것/grb01_225_BG2.psd,webdav:/13730b09/예비/크랑베르무/장소/잡것,/Users/saintiron/Projects/Imagine/thumbnails/41043_grb01_225_BG2_thumb.png,psd,,,"Mythological battle scene depicted in an ancient artifact style with armored warriors and robed figures, surrounded by symbolic script.","[""mythological"", ""battle"", ""ancient_artifact"", ""stylized_illustration"", ""gold_and_blue"", ""symbolic_script""]",illustration,,,,unknown_legacy,parse_fallback_legacy,"pre-fix: psd-tools failed, fell back to thumbnail-only",,-7292228379197249822,,"신화적인 전투 장면 묘사된 안에 오래된 유물 스타일이며, 갑옷을 입은 전사 및 로브를 입은 인물, 둘러싸인 상징적인 문자이/가 보입니다.",신화적인 · 전투 · 오래된 · 양식화된 · 금색 · 상징적인,,,,,,,
metadata-quality-v1-0343,metadata-quality-v1,2026-05-10T00:00:00+09:00,20260510,343,phash:-6433754190774356298,발송4/범선/종말투어링/#03/bg,legacy_warning,legacy_parse_or_caption_model,32539,webdav://13730b09/발송4/범선/종말투어링/#03/bg/syt03_243_247.psd,32539_syt03_243_247.psd,발송4/범선/종말투어링/#03/bg/syt03_243_247.psd,발송4/범선/종말투어링/#03/bg,/Users/saintiron/Projects/Imagine/thumbnails/32539_syt03_243_247_thumb.png,psd,,,A minimalist grayscale image of a road with a white line and a shadow of a vehicle's rear end.,"[""road"", ""white_line"", ""shadow"", ""monochrome"", ""minimalist"", ""vehicle"", ""asphalt""]",other,,,,unknown_legacy,parse_fallback_legacy,"pre-fix: psd-tools failed, fell back to thumbnail-only",,-6433754190774356298,1,흰색 선 및 그림자 의 차량의 뒤쪽 끝이/가 보이는 도로의 미니멀한 회색조 이미지입니다.,도로 · 흰색 · 그림자 · 단색 · 미니멀한 · 차량 · 아스팔트,,,,,,,
metadata-quality-v1-0344,metadata-quality-v1,2026-05-10T00:00:00+09:00,20260510,344,phash:-4972274505086234112,webdav:/13730b09/발송/범선/기절용사와 암살공주/#07/bg,legacy_warning,legacy_parse_or_caption_model,51735,webdav://13730b09/발송/범선/기절용사와 암살공주/#07/bg/kya07_207.psd,51735_kya07_207.psd,발송/범선/기절용사와 암살공주/#07/bg/kya07_207.psd,webdav:/13730b09/발송/범선/기절용사와 암살공주/#07/bg,/Users/saintiron/Projects/Imagine/thumbnails/51735_kya07_207_thumb.png,psd,,,"A grand hall with columns, lanterns, and banners in a sketchy style.","[""columns"", ""lanterns"", ""banners"", ""hallway"", ""sketch"", ""architecture"", ""lighting"", ""interior""]",illustration,,,,unknown_legacy,parse_fallback_legacy,"pre-fix: psd-tools failed, fell back to thumbnail-only",,-4972274505086234112,1,"웅장한 홀이며, 기둥, 등불, 및 현수막 안에 스케치풍 스타일이/가 보입니다.",기둥 · 등불 · 현수막 · 복도 · 스케치 · 건축 · 조명 · 실내,,,,,,,
metadata-quality-v1-0345,metadata-quality-v1,2026-05-10T00:00:00+09:00,20260510,345,content:2c5bac6150d29f9915b63c76ab83f8202cc0b421fc2a56431bdd396479ec0adb,건물,ok,,57370,webdav://13730b09/예비/작품2/대마도학원35시험 소대/제작회사BG/건물/AT03_172.psd,57370_AT03_172.psd,예비/작품2/대마도학원35시험 소대/제작회사BG/건물/AT03_172.psd,건물,/Users/saintiron/Projects/Imagine/thumbnails/57370_AT03_172_thumb.png,psd,1683,1182,A weathered concrete balcony with a metal railing and large windows.,"[""balcony"", ""concrete"", ""railing"", ""windows"", ""architecture"", ""rustic"", ""urban""]",background,,,,Qwen/Qwen3.5-9B,,,2c5bac6150d29f9915b63c76ab83f8202cc0b421fc2a56431bdd396479ec0adb,-2254431261923310080,1,"낡은 콘크리트 발코니이며, 금속 난간 및 큰 창문이/가 보입니다.",발코니 · 콘크리트 · 난간 · 창문 · 건축 · 소박한 · 도시의,,,,,,,
metadata-quality-v1-0346,metadata-quality-v1,2026-05-10T00:00:00+09:00,20260510,346,phash:885425046087160449,webdav:/13730b09/예비/크랑베르무/장소/전투/3,legacy_warning,legacy_parse_or_caption_model,40425,webdav://13730b09/예비/크랑베르무/장소/전투/3/grb05_162.psd,40425_grb05_162.psd,예비/크랑베르무/장소/전투/3/grb05_162.psd,webdav:/13730b09/예비/크랑베르무/장소/전투/3,/Users/saintiron/Projects/Imagine/thumbnails/40425_grb05_162_thumb.png,psd,,,"A mecha glides through a vast, star-filled sky adorned with vibrant aurora-like clouds and glowing particles.","[""mecha"", ""space"", ""stars"", ""aurora"", ""anime"", ""cosmic"", ""sky"", ""floating"", ""illustration""]",illustration,,,,unknown_legacy,parse_fallback_legacy,"pre-fix: psd-tools failed, fell back to thumbnail-only",,885425046087160449,,"메카 미끄러지듯 이동하는 통해 광활한, 별이 가득한 하늘 장식된이며, 선명한 오로라 같은 구름 및 빛나는 입자이/가 보입니다.",메카 · 우주 · 별 · 오로라 · 애니풍 · 우주적인 · 하늘 · 떠 있는 · 일러스트,,,,,,,
metadata-quality-v1-0347,metadata-quality-v1,2026-05-10T00:00:00+09:00,20260510,347,phash:-1662693669234615808,webdav:/13730b09/발송4/범선/작품 쫑/후시/장소/고아원,legacy_warning,legacy_parse_or_caption_model,35303,webdav://13730b09/발송4/범선/작품 쫑/후시/장소/고아원/nfb09_052.psd,35303_nfb09_052.psd,발송4/범선/작품 쫑/후시/장소/고아원/nfb09_052.psd,webdav:/13730b09/발송4/범선/작품 쫑/후시/장소/고아원,/Users/saintiron/Projects/Imagine/thumbnails/35303_nfb09_052_thumb.png,psd,,,"A wooden headboard with a ghostly figure faintly visible through its transparency, set against a wooden wall background.","[""headboard"", ""wooden"", ""ghost"", ""transparency"", ""sketch"", ""furniture"", ""wall""]",item,,,,unknown_legacy,parse_fallback_legacy,"pre-fix: psd-tools failed, fell back to thumbnail-only",,-1662693669234615808,1,"나무 침대 머리판이며, 유령 같은 인물 희미하게 보이는 통해 그것의 투명감, 배경으로 한 나무 벽 배경이/가 보입니다.",침대 머리판 · 나무 · 유령 · 투명감 · 스케치 · 가구 · 벽,,,,,,,
metadata-quality-v1-0348,metadata-quality-v1,2026-05-10T00:00:00+09:00,20260510,348,phash:-8020738809014218240,webdav:/13730b09/발송/범선/기절용사와 암살공주/#09/bg,legacy_warning,legacy_parse_or_caption_model,51287,webdav://13730b09/발송/범선/기절용사와 암살공주/#09/bg/kya09_162.psd,51287_kya09_162.psd,발송/범선/기절용사와 암살공주/#09/bg/kya09_162.psd,webdav:/13730b09/발송/범선/기절용사와 암살공주/#09/bg,/Users/saintiron/Projects/Imagine/thumbnails/51287_kya09_162_thumb.png,psd,,,A chef stands behind a wooden counter in a thatched-roof shop.,"[""chef"", ""wooden counter"", ""thatched roof"", ""banner"", ""sign"", ""sky"", ""clouds""]",illustration,,,,unknown_legacy,parse_fallback_legacy,"pre-fix: psd-tools failed, fell back to thumbnail-only",,-8020738809014218240,,요리사 서 있음 뒤 나무 계산대 안에 초가지붕 상점입니다.,요리사 · 나무 · 초가지붕 · 현수막 · 간판 · 하늘 · 구름,,,,,,,
metadata-quality-v1-0349,metadata-quality-v1,2026-05-10T00:00:00+09:00,20260510,349,phash:-3690434971608934560,webdav:/13730b09/예비/크랑베르무/장소/전투/4,legacy_warning,legacy_parse_or_caption_model,40176,webdav://13730b09/예비/크랑베르무/장소/전투/4/grb07_134.psd,40176_grb07_134.psd,예비/크랑베르무/장소/전투/4/grb07_134.psd,webdav:/13730b09/예비/크랑베르무/장소/전투/4,/Users/saintiron/Projects/Imagine/thumbnails/40176_grb07_134_thumb.png,psd,,,"Ice creatures stand amidst molten lava, creating a stark contrast between cold and heat.","[""ice"", ""volcano"", ""lineart"", ""digital"", ""contrast"", ""dramatic"", ""fantasy"", ""creature"", ""lava"", ""cold"", ""heat""]",illustration,,,,unknown_legacy,parse_fallback_legacy,"pre-fix: psd-tools failed, fell back to thumbnail-only",,-3690434971608934560,,"얼음 생물 서 있음 사이에 녹아내린 용암, 만드는 강렬한 대비 사이에 차가운 및 열기입니다.",얼음 · 화산 · 선화 · 디지털 · 대비 · 극적인 · 판타지 · 생물 · 용암 · 차가운 · 열기,,,,,,,
metadata-quality-v1-0350,metadata-quality-v1,2026-05-10T00:00:00+09:00,20260510,350,phash:-5120416094368384432,발송/외주 회사/뱅가드/25/#01/bg,legacy_warning,legacy_parse_or_caption_model,49911,webdav://13730b09/발송/외주 회사/뱅가드/25/#01/bg/VS9_01_156_GENZU.psd,49911_VS9_01_156_GENZU.psd,발송/외주 회사/뱅가드/25/#01/bg/VS9_01_156_GENZU.psd,발송/외주 회사/뱅가드/25/#01/bg,/Users/saintiron/Projects/Imagine/thumbnails/49911_VS9_01_156_GENZU_thumb.png,psd,,,Anime character silhouette against a cityscape at sunset.,"[""anime"", ""silhouette"", ""cityscape"", ""sunset"", ""character"", ""urban"", ""skyline"", ""afternoon""]",illustration,,,,unknown_legacy,parse_fallback_legacy,"pre-fix: psd-tools failed, fell back to thumbnail-only",,-5120416094368384432,,애니메이션 캐릭터 실루엣 배경으로 도시 풍경 에서 일몰입니다.,애니풍 · 실루엣 · 도시 풍경 · 일몰 · 캐릭터 · 도시의 · 스카이라인 · 오후,,,,,,,
metadata-quality-v1-0351,metadata-quality-v1,2026-05-10T00:00:00+09:00,20260510,351,phash:-8291992450517265920,webdav:/13730b09/발송/범선/기절용사와 암살공주/OP/bg,legacy_warning,legacy_parse_or_caption_model,51557,webdav://13730b09/발송/범선/기절용사와 암살공주/OP/bg/kyaOP_028.psd,51557_kyaOP_028.psd,발송/범선/기절용사와 암살공주/OP/bg/kyaOP_028.psd,webdav:/13730b09/발송/범선/기절용사와 암살공주/OP/bg,/Users/saintiron/Projects/Imagine/thumbnails/51557_kyaOP_028_thumb.png,psd,,,A figure leaps through a glowing cave tunnel toward light.,"[""cave"", ""tunnel"", ""figure"", ""light"", ""rocks""]",illustration,,,,unknown_legacy,parse_fallback_legacy,"pre-fix: psd-tools failed, fell back to thumbnail-only",,-8291992450517265920,,인물 뛰어오르는 통해 빛나는 동굴 터널 향해 빛입니다.,동굴 · 터널 · 인물 · 빛 · 바위,,,,,,,
metadata-quality-v1-0352,metadata-quality-v1,2026-05-10T00:00:00+09:00,20260510,352,phash:-7279795324412841228,webdav:/13730b09/예비/크랑베르무/장소/전투/6,legacy_warning,legacy_parse_or_caption_model,39691,webdav://13730b09/예비/크랑베르무/장소/전투/6/grb12_059.psd,39691_grb12_059.psd,예비/크랑베르무/장소/전투/6/grb12_059.psd,webdav:/13730b09/예비/크랑베르무/장소/전투/6,/Users/saintiron/Projects/Imagine/thumbnails/39691_grb12_059_thumb.png,psd,,,A futuristic ship flies before a giant pink celestial body.,"[""sci-fi"", ""space"", ""anime"", ""planet"", ""mecha"", ""sky"", ""clouds"", ""pink""]",illustration,,,,unknown_legacy,parse_fallback_legacy,"pre-fix: psd-tools failed, fell back to thumbnail-only",,-7279795324412841228,,미래적인 배 날아가는 앞에 거대한 분홍색 천체의 몸입니다.,공상과학 · 우주 · 애니풍 · 행성 · 메카 · 하늘 · 구름 · 분홍색,,,,,,,
metadata-quality-v1-0353,metadata-quality-v1,2026-05-10T00:00:00+09:00,20260510,353,phash:-4268070162918619008,발송/외주 회사/뱅가드/25/#02/bg,legacy_warning,legacy_parse_or_caption_model,50061,webdav://13730b09/발송/외주 회사/뱅가드/25/#02/bg/VS9_02_289_GENZU.psd,50061_VS9_02_289_GENZU.psd,발송/외주 회사/뱅가드/25/#02/bg/VS9_02_289_GENZU.psd,발송/외주 회사/뱅가드/25/#02/bg,/Users/saintiron/Projects/Imagine/thumbnails/50061_VS9_02_289_GENZU_thumb.png,psd,,,Two figures stand before a starry sky with a glowing table in the foreground.,"[""space"", ""stars"", ""figures"", ""table"", ""blue"", ""glow"", ""fantasy"", ""digital art""]",illustration,,,,unknown_legacy,parse_fallback_legacy,"pre-fix: psd-tools failed, fell back to thumbnail-only",,-4268070162918619008,1,"두 인물 서 있음 앞에 별이 있는 하늘이며, 빛나는 테이블 안에 전경이/가 보입니다.",우주 · 별 · 인물 · 테이블 · 푸른색 · 광채 · 판타지 · 디지털 아트,,,,,,,
metadata-quality-v1-0354,metadata-quality-v1,2026-05-10T00:00:00+09:00,20260510,354,phash:-7311443875048542208,webdav:/13730b09/발송/범선/기절용사와 암살공주/장소/찾집.술집,legacy_warning,legacy_parse_or_caption_model,51974,webdav://13730b09/발송/범선/기절용사와 암살공주/장소/찾집.술집/kya03_194.psd,51974_kya03_194.psd,발송/범선/기절용사와 암살공주/장소/찾집.술집/kya03_194.psd,webdav:/13730b09/발송/범선/기절용사와 암살공주/장소/찾집.술집,/Users/saintiron/Projects/Imagine/thumbnails/51974_kya03_194_thumb.png,psd,,,Anime-style scene with four semi-transparent characters in a room with large windows.,"[""anime"", ""windows"", ""characters"", ""transparency"", ""interior""]",illustration,,,,unknown_legacy,parse_fallback_legacy,"pre-fix: psd-tools failed, fell back to thumbnail-only",,-7311443875048542208,1,"애니메이션풍 장면이며, 네 반투명한 캐릭터 안에 방 함께 큰 창문이/가 보입니다.",애니풍 · 창문 · 캐릭터 · 투명감 · 실내,,,,,,,
metadata-quality-v1-0355,metadata-quality-v1,2026-05-10T00:00:00+09:00,20260510,355,phash:-3704014762967656960,발송/외주 회사/뱅가드/24/#02/bg,legacy_warning,legacy_parse_or_caption_model,48565,webdav://13730b09/발송/외주 회사/뱅가드/24/#02/bg/VS8_02_256_GENZU.psd,48565_VS8_02_256_GENZU.psd,발송/외주 회사/뱅가드/24/#02/bg/VS8_02_256_GENZU.psd,발송/외주 회사/뱅가드/24/#02/bg,/Users/saintiron/Projects/Imagine/thumbnails/48565_VS8_02_256_GENZU_thumb.png,psd,,,"A hand reaches toward a starry night sky, holding a feather.","[""space"", ""stars"", ""hand"", ""feather"", ""night"", ""dreamy"", ""cosmic"", ""anime""]",illustration,,,,unknown_legacy,parse_fallback_legacy,"pre-fix: psd-tools failed, fell back to thumbnail-only",,-3704014762967656960,1,"손 뻗는 향해 별이 있는 밤하늘, 들고 있는 깃털입니다.",우주 · 별 · 손 · 깃털 · 밤 · 몽환적인 · 우주적인 · 애니풍,,,,,,,
metadata-quality-v1-0356,metadata-quality-v1,2026-05-10T00:00:00+09:00,20260510,356,phash:-8754291211428109824,webdav:/13730b09/발송/범선/기절용사와 암살공주/#07/bg,legacy_warning,legacy_parse_or_caption_model,51714,webdav://13730b09/발송/범선/기절용사와 암살공주/#07/bg/kya07_214.psd,51714_kya07_214.psd,발송/범선/기절용사와 암살공주/#07/bg/kya07_214.psd,webdav:/13730b09/발송/범선/기절용사와 암살공주/#07/bg,/Users/saintiron/Projects/Imagine/thumbnails/51714_kya07_214_thumb.png,psd,,,Abstract sketch on aged paper with vertical dividers and loose lines.,"[""sketch"", ""paper"", ""lines"", ""abstract"", ""yellow"", ""beige"", ""drawing""]",illustration,,,,unknown_legacy,parse_fallback_legacy,"pre-fix: psd-tools failed, fell back to thumbnail-only",,-8754291211428109824,1,"추상적인 스케치 위에 오래된 종이이며, 세로 칸막이 및 느슨한 선이/가 보입니다.",스케치 · 종이 · 선 · 추상적인 · 노란색 · 베이지색 · 그림,,,,,,,
metadata-quality-v1-0357,metadata-quality-v1,2026-05-10T00:00:00+09:00,20260510,357,phash:-3897354451026529742,webdav:/13730b09/예비/크랑베르무/장소/마을,legacy_warning,legacy_parse_or_caption_model,41866,webdav://13730b09/예비/크랑베르무/장소/마을/grb02_140.psd,41866_grb02_140.psd,예비/크랑베르무/장소/마을/grb02_140.psd,webdav:/13730b09/예비/크랑베르무/장소/마을,/Users/saintiron/Projects/Imagine/thumbnails/41866_grb02_140_thumb.png,psd,,,"Anime-style illustration of a residential street with buildings, a streetlamp, and a sketch overlay of a figure.","[""anime"", ""urban"", ""street"", ""sketch"", ""buildings"", ""streetlamp"", ""blue sky"", ""clouds"", ""residential"", ""illustration""]",illustration,,,,unknown_legacy,parse_fallback_legacy,"pre-fix: psd-tools failed, fell back to thumbnail-only",,-3897354451026529742,,"건물, 가로등, 및 스케치 오버레이 의 인물이/가 보이는 주거지 거리의 애니메이션풍 일러스트입니다.",애니풍 · 도시의 · 거리 · 스케치 · 건물 · 가로등 · 푸른 하늘 · 구름 · 주거지 · 일러스트,,,,,,,
metadata-quality-v1-0358,metadata-quality-v1,2026-05-10T00:00:00+09:00,20260510,358,phash:-796865588889278984,webdav:/13730b09/발송작품/작품/켄신,legacy_warning,legacy_parse_or_caption_model,38192,webdav://13730b09/발송작품/작품/켄신/켄신-289.JPG,38192_켄신-289.JPG,발송작품/작품/켄신/켄신-289.JPG,webdav:/13730b09/발송작품/작품/켄신,/Users/saintiron/Projects/Imagine/thumbnails/38192_켄신-289_thumb.png,jpg,,,"A serene winter night scene with snow-covered mountains, pine trees, and a starry sky, rendered in cool blue and teal tones.","[""night"", ""winter"", ""mountains"", ""pine_trees"", ""stars"", ""snow"", ""anime"", ""ethereal"", ""fantasy"", ""blue_tones""]",background,fantasy,,,unknown_legacy,,,,-796865588889278984,,"고요한 겨울 밤 장면이며, 눈-덮인 산, 소나무 나무, 및 별이 있는 하늘, 표현된 차가운 푸른색 및 청록색 색조이/가 보입니다.",밤 · 겨울 · 산 · 소나무 · 별 · 눈 · 애니풍 · 몽환적인 · 판타지 · 푸른색,,,,,,,
metadata-quality-v1-0359,metadata-quality-v1,2026-05-10T00:00:00+09:00,20260510,359,phash:-4602608174068903872,webdav:/13730b09/발송작품/작품/Fate/BG.참고,legacy_warning,legacy_parse_or_caption_model,46623,webdav://13730b09/발송작품/작품/Fate/BG.참고/102+steel2_0072f.png,46623_102+steel2_0072f.png,발송작품/작품/Fate/BG.참고/102+steel2_0072f.png,webdav:/13730b09/발송작품/작품/Fate/BG.참고,/Users/saintiron/Projects/Imagine/thumbnails/46623_102+steel2_0072f_thumb.png,png,,,"A pair of feet in sneakers standing on a dark, textured surface.","[""sneakers"", ""feet"", ""dark"", ""texture"", ""blue"", ""shoes"", ""standing"", ""ground""]",illustration,,,,unknown_legacy,,,,-4602608174068903872,,"한 쌍 의 발 안에 운동화 서 있는 위에 어두운, 질감 있는 표면입니다.",운동화 · 발 · 어두운 · 질감 · 푸른색 · 신발 · 서 있는 · 지면,,,,,,,
metadata-quality-v1-0360,metadata-quality-v1,2026-05-10T00:00:00+09:00,20260510,360,phash:-6727653640256313344,webdav:/13730b09/발송작품/작품/유루유리/#11/1,legacy_warning,legacy_parse_or_caption_model,38573,webdav://13730b09/발송작품/작품/유루유리/#11/1/yr11_141 .psd,38573_yr11_141 .psd,발송작품/작품/유루유리/#11/1/yr11_141 .psd,webdav:/13730b09/발송작품/작품/유루유리/#11/1,/Users/saintiron/Projects/Imagine/thumbnails/38573_yr11_141 _thumb.png,psd,,,"A traditional Japanese room with shoji screens and a hanging red tassel, bathed in soft natural light.","[""traditional_japanese"", ""shoji_screens"", ""red_tassel"", ""anime_style"", ""indoor_scene"", ""peaceful_mood""]",background,indoor,,,unknown_legacy,parse_fallback_legacy,"pre-fix: psd-tools failed, fell back to thumbnail-only",,-6727653640256313344,1,"일본 전통 방이며, 쇼지 화면 및 걸려 있는 붉은 술 장식, 물든 부드러운 자연스러운 빛이/가 보입니다.",일본 전통 · 쇼지 · 붉은 · 애니메이션풍 · 실내 · 평온한,,,,,,,
metadata-quality-v1-0361,metadata-quality-v1,2026-05-10T00:00:00+09:00,20260510,361,phash:-8171057295227176448,webdav:/13730b09/발송4/범선/작품 쫑/후시/장소/잡것,legacy_warning,legacy_parse_or_caption_model,33044,webdav://13730b09/발송4/범선/작품 쫑/후시/장소/잡것/nfb06_076.psd,33044_nfb06_076.psd,발송4/범선/작품 쫑/후시/장소/잡것/nfb06_076.psd,webdav:/13730b09/발송4/범선/작품 쫑/후시/장소/잡것,/Users/saintiron/Projects/Imagine/thumbnails/33044_nfb06_076_thumb.png,psd,,,"A dimly lit campsite nestled against a massive ancient cliff face, with white tents and wooden crates under a hazy twilight sky.","[""ancient"", ""campsite"", ""cliff"", ""tents"", ""fog"", ""twilight"", ""melancholic"", ""anime"", ""outdoor""]",background,outdoor,,,unknown_legacy,parse_fallback_legacy,"pre-fix: psd-tools failed, fell back to thumbnail-only",,-8171057295227176448,73,"흐릿한 황혼 하늘 아래의 어둡게 조명된 야영지 자리한 배경으로 거대한 오래된 절벽 얼굴,이며, 흰색 텐트 및 나무 상자이/가 보입니다.",오래된 · 야영지 · 절벽 · 텐트 · 안개 · 황혼 · 쓸쓸한 · 애니풍 · 야외,,,,,,,
metadata-quality-v1-0362,metadata-quality-v1,2026-05-10T00:00:00+09:00,20260510,362,phash:-7370428232674665968,webdav:/13730b09/예비/크랑베르무/장소/전투/4,legacy_warning,legacy_parse_or_caption_model,40330,webdav://13730b09/예비/크랑베르무/장소/전투/4/grb09_093.psd,40330_grb09_093.psd,예비/크랑베르무/장소/전투/4/grb09_093.psd,webdav:/13730b09/예비/크랑베르무/장소/전투/4,/Users/saintiron/Projects/Imagine/thumbnails/40330_grb09_093_thumb.png,psd,,,Lava rock texture with glowing orange veins,"[""lava"", ""volcanic"", ""rock"", ""glowing"", ""orange"", ""red"", ""black"", ""texture"", ""tileable""]",texture,,,,unknown_legacy,parse_fallback_legacy,"pre-fix: psd-tools failed, fell back to thumbnail-only",,-7370428232674665968,,"용암 바위 질감이며, 빛나는 주황색 정맥이/가 보입니다.",용암 · 화산의 · 바위 · 빛나는 · 주황색 · 붉은 · 검은색 · 질감 · 타일링 가능한,,,,,,,
metadata-quality-v1-0363,metadata-quality-v1,2026-05-10T00:00:00+09:00,20260510,363,phash:-6708421129293364576,webdav:/13730b09/발송/외주 회사/뱅가드/26/#12/bg,legacy_warning,legacy_parse_or_caption_model,47309,webdav://13730b09/발송/외주 회사/뱅가드/26/#12/bg/VS10_12_287_GENZU.psd,47309_VS10_12_287_GENZU.psd,발송/외주 회사/뱅가드/26/#12/bg/VS10_12_287_GENZU.psd,webdav:/13730b09/발송/외주 회사/뱅가드/26/#12/bg,/Users/saintiron/Projects/Imagine/thumbnails/47309_VS10_12_287_GENZU_thumb.png,psd,,,Anime-style classroom scene with students in sketch overlay,"[""anime"", ""classroom"", ""students"", ""sketch"", ""lecture hall"", ""seating"", ""overlay"", ""education""]",illustration,,,,unknown_legacy,parse_fallback_legacy,"pre-fix: psd-tools failed, fell back to thumbnail-only",,-6708421129293364576,,"애니메이션풍 교실 장면이며, 학생들 안에 스케치 오버레이이/가 보입니다.",애니풍 · 교실 · 학생들 · 스케치 · 홀 · 좌석 · 오버레이 · 교육,,,,,,,
metadata-quality-v1-0364,metadata-quality-v1,2026-05-10T00:00:00+09:00,20260510,364,phash:-8169918269630664158,webdav:/13730b09/발송/범선/기절용사와 암살공주/장소/동굴,legacy_warning,legacy_parse_or_caption_model,51822,webdav://13730b09/발송/범선/기절용사와 암살공주/장소/동굴/kya02_166_169.psd,51822_kya02_166_169.psd,발송/범선/기절용사와 암살공주/장소/동굴/kya02_166_169.psd,webdav:/13730b09/발송/범선/기절용사와 암살공주/장소/동굴,/Users/saintiron/Projects/Imagine/thumbnails/51822_kya02_166_169_thumb.png,psd,,,"A cave interior with a large, translucent, sketch-like figure in the center.","[""cave"", ""rock"", ""figure"", ""sketch"", ""translucent"", ""lines"", ""darkness""]",illustration,,,,unknown_legacy,parse_fallback_legacy,"pre-fix: psd-tools failed, fell back to thumbnail-only",,-8169918269630664158,1,"동굴 실내이며, 큰, 반투명한, 스케치 같은 인물 안에 중앙이/가 보입니다.",동굴 · 바위 · 인물 · 스케치 · 반투명한 · 선 · 어둠,,,,,,,
metadata-quality-v1-0365,metadata-quality-v1,2026-05-10T00:00:00+09:00,20260510,365,phash:-1664371490062038528,발송/외주 회사/뱅가드/26/#06/bg,legacy_warning,legacy_parse_or_caption_model,47883,webdav://13730b09/발송/외주 회사/뱅가드/26/#06/bg/VS10_06_292_GENZU.psd,47883_VS10_06_292_GENZU.psd,발송/외주 회사/뱅가드/26/#06/bg/VS10_06_292_GENZU.psd,발송/외주 회사/뱅가드/26/#06/bg,/Users/saintiron/Projects/Imagine/thumbnails/47883_VS10_06_292_GENZU_thumb.png,psd,,,A sleeping anime character in a traditional Japanese room.,"[""anime"", ""sleeping"", ""japanese room"", ""bed"", ""character"", ""night"", ""rest"", ""traditional""]",illustration,,,,unknown_legacy,parse_fallback_legacy,"pre-fix: psd-tools failed, fell back to thumbnail-only",,-1664371490062038528,1,잠자는 애니메이션 캐릭터 안에 일본 전통 방입니다.,애니풍 · 잠자는 · 일본식 · 침대 · 캐릭터 · 밤 · 휴식 · 전통적인,,,,,,,
metadata-quality-v1-0366,metadata-quality-v1,2026-05-10T00:00:00+09:00,20260510,366,phash:145251960277962342,AGM_01_001_013_030 3DBG,ok,,28893,/Users/saintiron/imageDB/마캬베리즈무/장소/AGM_01_001_013_030 3DBG/koudou_kaidantesuri.psd,koudou_kaidantesuri.psd,koudou_kaidantesuri.psd,AGM_01_001_013_030 3DBG,/Users/saintiron/Projects/Imagine/thumbnails/koudou_kaidantesuri_thumb.png,psd,2500,1375,Concrete staircase with railings and connecting walkway structure,"[""staircase"", ""railings"", ""concrete"", ""walkway"", ""architecture"", ""structure"", ""modern"", ""gray""]",item,,,,Qwen/Qwen3.5-9B,vision_done,,,145251960277962342,,"콘크리트 계단이며, 난간 및 연결된 보행로 구조물이/가 보입니다.",계단 · 난간 · 콘크리트 · 보행로 · 건축 · 구조물 · 현대적인 · 회색,,,,,,,
metadata-quality-v1-0367,metadata-quality-v1,2026-05-10T00:00:00+09:00,20260510,367,phash:-7881659297250115584,webdav:/13730b09/발송4/범선/작품 쫑/후시/장소/던전,legacy_warning,legacy_parse_or_caption_model,34677,webdav://13730b09/발송4/범선/작품 쫑/후시/장소/던전/nfb07_014.psd,34677_nfb07_014.psd,발송4/범선/작품 쫑/후시/장소/던전/nfb07_014.psd,webdav:/13730b09/발송4/범선/작품 쫑/후시/장소/던전,/Users/saintiron/Projects/Imagine/thumbnails/34677_nfb07_014_thumb.png,psd,,,"A dark, textured purple background with faint geometric lines and a ghostly silhouette, evoking a mysterious and somber atmosphere.","[""abstract"", ""anime"", ""purple"", ""melancholic"", ""dark"", ""texture"", ""ghostly"", ""indoor""]",background,abstract,,,unknown_legacy,parse_fallback_legacy,"pre-fix: psd-tools failed, fell back to thumbnail-only",,-7881659297250115584,,"어두운, 질감 있는 보라색 배경이며, 희미한 기하학적 선 및 유령 같은 실루엣, 느낌을 주는 신비로운 및 침울한 분위기이/가 보입니다.",추상적인 · 애니풍 · 보라색 · 쓸쓸한 · 어두운 · 질감 · 유령 같은 · 실내,,,,,,,
metadata-quality-v1-0368,metadata-quality-v1,2026-05-10T00:00:00+09:00,20260510,368,phash:-5263975007580833792,webdav:/13730b09/발송4/범선/작품 쫑/후시/장소/용혈화,legacy_warning,legacy_parse_or_caption_model,33155,webdav://13730b09/발송4/범선/작품 쫑/후시/장소/용혈화/nfb10_004.psd,33155_nfb10_004.psd,발송4/범선/작품 쫑/후시/장소/용혈화/nfb10_004.psd,webdav:/13730b09/발송4/범선/작품 쫑/후시/장소/용혈화,/Users/saintiron/Projects/Imagine/thumbnails/33155_nfb10_004_thumb.png,psd,,,"Anime action scene with a character in motion, partially outlined, against a textured background with foliage and a red flower.","[""anime"", ""action_scene"", ""lineart"", ""background"", ""illustration"", ""character"", ""motion"", ""foliage"", ""red_flower"", ""100%"", ""imagine_dl_5sxr2gc3""]",illustration,,,,unknown_legacy,parse_fallback_legacy,"pre-fix: psd-tools failed, fell back to thumbnail-only",,-5263975007580833792,,"애니풍 동작감 장면이며, 캐릭터 안에 움직임, 부분적으로 윤곽선이 있는, 배경으로 질감 있는 배경 함께 잎 및 붉은 꽃이/가 보입니다.",애니풍 · 동작감 · 선화 · 배경 · 일러스트 · 캐릭터 · 움직임 · 잎 · 붉은 · 100%,,,,,,,
metadata-quality-v1-0369,metadata-quality-v1,2026-05-10T00:00:00+09:00,20260510,369,phash:7233452635337306273,imageDB/마캬베리즈무/실내소품,legacy_warning,legacy_parse_or_caption_model,31632,/Users/saintiron/imageDB/마캬베리즈무/실내소품/UHQ GWA103-043.jpg,UHQ GWA103-043.jpg,UHQ GWA103-043.jpg,imageDB/마캬베리즈무/실내소품,/Users/saintiron/Projects/Imagine/thumbnails/UHQ GWA103-043_thumb.png,jpg,3739,5609,A dark wood bookshelf with two shelves displaying books and decorative items.,"[""bookshelf"", ""books"", ""decorative"", ""indoor"", ""shelf"", ""classic"", ""library""]",item,,,,unknown_legacy,,,,7233452635337306273,,"어두운 나무 책장이며, 두 선반 보여주는 책 및 장식적인 물건이/가 보입니다.",책장 · 책 · 장식적인 · 실내 · 선반 · 고전적인 · 도서관,,,,,,,
metadata-quality-v1-0370,metadata-quality-v1,2026-05-10T00:00:00+09:00,20260510,370,phash:-3537868891795052952,webdav:/13730b09/발송/외주 회사/뱅가드/26/#12/bg,legacy_warning,legacy_parse_or_caption_model,47295,webdav://13730b09/발송/외주 회사/뱅가드/26/#12/bg/VS10_12_261_GENZU.psd,47295_VS10_12_261_GENZU.psd,발송/외주 회사/뱅가드/26/#12/bg/VS10_12_261_GENZU.psd,webdav:/13730b09/발송/외주 회사/뱅가드/26/#12/bg,/Users/saintiron/Projects/Imagine/thumbnails/47295_VS10_12_261_GENZU_thumb.png,psd,,,Anime-style character sketch overlaid on a sunset scene with a house.,"[""anime"", ""sketch"", ""sunset"", ""character"", ""house"", ""overlay"", ""digital art"", ""illustration""]",illustration,,,,unknown_legacy,parse_fallback_legacy,"pre-fix: psd-tools failed, fell back to thumbnail-only",,-3537868891795052952,,애니메이션풍 캐릭터 스케치가 일몰 장면 함께 집 위에 겹쳐져 있습니다.,애니풍 · 스케치 · 일몰 · 캐릭터 · 집 · 오버레이 · 디지털 아트 · 일러스트,,,,,,,
metadata-quality-v1-0371,metadata-quality-v1,2026-05-10T00:00:00+09:00,20260510,371,phash:-1243278585728564736,webdav:/13730b09/예비/크랑베르무/장소/전투/1,legacy_warning,legacy_parse_or_caption_model,40987,webdav://13730b09/예비/크랑베르무/장소/전투/1/grb01_066.psd,40987_grb01_066.psd,예비/크랑베르무/장소/전투/1/grb01_066.psd,webdav:/13730b09/예비/크랑베르무/장소/전투/1,/Users/saintiron/Projects/Imagine/thumbnails/40987_grb01_066_thumb.png,psd,,,Ruined buildings under a vibrant starry night sky with purple and blue hues.,"[""night sky"", ""ruins"", ""stars"", ""purple"", ""blue"", ""anime"", ""destruction"", ""landscape""]",illustration,,,,unknown_legacy,parse_fallback_legacy,"pre-fix: psd-tools failed, fell back to thumbnail-only",,-1243278585728564736,,"폐허가 된 건물 아래 선명한 별이 있는 밤하늘이며, 보라색 및 푸른색 색조이/가 보입니다.",밤하늘 · 폐허 · 별 · 보라색 · 푸른색 · 애니풍 · 파괴 · 풍경,,,,,,,
metadata-quality-v1-0372,metadata-quality-v1,2026-05-10T00:00:00+09:00,20260510,372,phash:-6870059998049163080,webdav:/13730b09/발송/범선/사카모토/bg,legacy_warning,legacy_parse_or_caption_model,38826,webdav://13730b09/발송/범선/사카모토/bg/SD_19_252_255_genzu_b.psd,38826_SD_19_252_255_genzu_b.psd,발송/범선/사카모토/bg/SD_19_252_255_genzu_b.psd,webdav:/13730b09/발송/범선/사카모토/bg,/Users/saintiron/Projects/Imagine/thumbnails/38826_SD_19_252_255_genzu_b_thumb.png,psd,,,"Anime character portrait with sketch overlay against a blue sky background, featuring tree foliage on the left.","[""anime"", ""portrait"", ""sky"", ""tree"", ""lineart"", ""sketch"", ""blue"", ""serene""]",illustration,,,,unknown_legacy,parse_fallback_legacy,"pre-fix: psd-tools failed, fell back to thumbnail-only",,-6870059998049163080,,"애니메이션 캐릭터 인물화이며, 스케치 오버레이 배경으로 푸른 하늘 배경, 포함하는 나무 잎 위에 왼쪽이/가 보입니다.",애니풍 · 인물화 · 하늘 · 나무 · 선화 · 스케치 · 푸른색 · 고요한,,,,,,,
metadata-quality-v1-0373,metadata-quality-v1,2026-05-10T00:00:00+09:00,20260510,373,phash:-2526854971602319232,발송/외주 회사/뱅가드/24/#03/bg,legacy_warning,legacy_parse_or_caption_model,48986,webdav://13730b09/발송/외주 회사/뱅가드/24/#03/bg/VS8_03_060_GENZU.psd,48986_VS8_03_060_GENZU.psd,발송/외주 회사/뱅가드/24/#03/bg/VS8_03_060_GENZU.psd,발송/외주 회사/뱅가드/24/#03/bg,/Users/saintiron/Projects/Imagine/thumbnails/48986_VS8_03_060_GENZU_thumb.png,psd,,,A promotional image for 'Guard Deluxe' featuring cards and branding.,"[""cards"", ""branding"", ""promotional"", ""gaming"", ""design""]",photo,,,,unknown_legacy,parse_fallback_legacy,"pre-fix: psd-tools failed, fell back to thumbnail-only",,-2526854971602319232,,홍보용 이미지 위한 '경비원 고급' 포함하는 카드 및 브랜딩입니다.,카드 · 브랜딩 · 홍보용 · 게임 · 디자인,,,,,,,
metadata-quality-v1-0374,metadata-quality-v1,2026-05-10T00:00:00+09:00,20260510,374,phash:-2093935331844127094,webdav:/13730b09/예비/크랑베르무/장소/마을,legacy_warning,legacy_parse_or_caption_model,41996,webdav://13730b09/예비/크랑베르무/장소/마을/grb11_098_R1.psd,41996_grb11_098_R1.psd,예비/크랑베르무/장소/마을/grb11_098_R1.psd,webdav:/13730b09/예비/크랑베르무/장소/마을,/Users/saintiron/Projects/Imagine/thumbnails/41996_grb11_098_R1_thumb.png,psd,,,"A digital illustration of a convenience store at night with a starry sky, featuring a brightly lit entrance, a trash can, and two figures sitting on a bench outside.","[""convenience store"", ""night"", ""star sky"", ""digital art"", ""convenience store"", ""figures on bench"", ""lighting"", ""urban scene"", ""illustration""]",,,,,unknown_legacy,parse_fallback_legacy,"pre-fix: psd-tools failed, fell back to thumbnail-only",,-2093935331844127094,,"별이 있는 하늘, 포함하는 밝게 조명된 입구, 쓰레기 통, 및 두 인물 앉아 있는 위에 벤치 바깥이/가 보이는 편의점 밤에의 디지털 일러스트입니다.",편의점 · 밤 · 하늘 · 디지털 아트 · 인물 · 조명 · 도시의 · 일러스트,,,,,,,
metadata-quality-v1-0375,metadata-quality-v1,2026-05-10T00:00:00+09:00,20260510,375,phash:-8463765037680776704,webdav:/13730b09/발송/범선/기절용사와 암살공주/#08/bg,legacy_warning,legacy_parse_or_caption_model,51402,webdav://13730b09/발송/범선/기절용사와 암살공주/#08/bg/kya08_153_e.psd,51402_kya08_153_e.psd,발송/범선/기절용사와 암살공주/#08/bg/kya08_153_e.psd,webdav:/13730b09/발송/범선/기절용사와 암살공주/#08/bg,/Users/saintiron/Projects/Imagine/thumbnails/51402_kya08_153_e_thumb.png,psd,,,A translucent anime-style character's face is superimposed over a wooden door with gold trim.,"[""anime"", ""door"", ""face"", ""gold"", ""wood"", ""translucent"", ""overlay""]",illustration,,,,unknown_legacy,parse_fallback_legacy,"pre-fix: psd-tools failed, fell back to thumbnail-only",,-8463765037680776704,1,"반투명한 애니메이션풍 캐릭터의 얼굴 위에 겹쳐진 나무 문이며, 금색 장식이/가 보입니다.",애니풍 · 문 · 얼굴 · 금색 · 나무 · 반투명한 · 오버레이,,,,,,,
metadata-quality-v1-0376,metadata-quality-v1,2026-05-10T00:00:00+09:00,20260510,376,phash:-3345728647455735407,webdav:/13730b09/예비/크랑베르무/장소/마을,legacy_warning,legacy_parse_or_caption_model,41987,webdav://13730b09/예비/크랑베르무/장소/마을/grb10_201.psd,41987_grb10_201.psd,예비/크랑베르무/장소/마을/grb10_201.psd,webdav:/13730b09/예비/크랑베르무/장소/마을,/Users/saintiron/Projects/Imagine/thumbnails/41987_grb10_201_thumb.png,psd,,,Dark storm clouds loom over a quiet street with a brightly lit convenience store.,"[""anime"", ""storm"", ""convenience store"", ""night"", ""clouds"", ""urban"", ""dramatic"", ""illustration""]",illustration,,,,unknown_legacy,parse_fallback_legacy,"pre-fix: psd-tools failed, fell back to thumbnail-only",,-3345728647455735407,,"어두운 폭풍 구름 어렴풋이 보이는 위에 조용한 거리이며, 밝게 조명된 편의점이/가 보입니다.",애니풍 · 폭풍 · 편의점 · 밤 · 구름 · 도시의 · 극적인 · 일러스트,,,,,,,
metadata-quality-v1-0377,metadata-quality-v1,2026-05-10T00:00:00+09:00,20260510,377,phash:-8160875748363426304,webdav:/13730b09/발송/범선/기절용사와 암살공주/#11/bg,legacy_warning,legacy_parse_or_caption_model,50580,webdav://13730b09/발송/범선/기절용사와 암살공주/#11/bg/kya11_237_LE.psd,50580_kya11_237_LE.psd,발송/범선/기절용사와 암살공주/#11/bg/kya11_237_LE.psd,webdav:/13730b09/발송/범선/기절용사와 암살공주/#11/bg,/Users/saintiron/Projects/Imagine/thumbnails/50580_kya11_237_LE_thumb.png,psd,,,Two anime-style characters peeking through a window in a dimly lit room.,"[""anime"", ""window"", ""characters"", ""neon"", ""purple"", ""blue"", ""red""]",illustration,,,,unknown_legacy,parse_fallback_legacy,"pre-fix: psd-tools failed, fell back to thumbnail-only",,-8160875748363426304,1,두 애니메이션풍 캐릭터 살짝 보이는 통해 창문 안에 어둡게 조명된 방입니다.,애니풍 · 창문 · 캐릭터 · 네온 · 보라색 · 푸른색 · 붉은,,,,,,,
metadata-quality-v1-0378,metadata-quality-v1,2026-05-10T00:00:00+09:00,20260510,378,content:16d7d8e65557f214948d2a018fb0ffc7eb36b6121e72ad35ef176fc34ec16975,설정,ok,,58396,webdav://13730b09/예비/작품2/대마도학원35시험 소대/설정/대마도학원 옥상.jpg,58396_대마도학원 옥상.jpg,예비/작품2/대마도학원35시험 소대/설정/대마도학원 옥상.jpg,설정,/Users/saintiron/Projects/Imagine/thumbnails/58396_대마도학원 옥상_thumb.png,jpg,2806,2008,Line art illustration of a school rooftop with architectural details and characters.,"[""rooftop"", ""architecture"", ""line art"", ""school building"", ""windows"", ""characters"", ""stairs"", ""skylights""]",illustration,,,,Qwen/Qwen3.5-9B,,,16d7d8e65557f214948d2a018fb0ffc7eb36b6121e72ad35ef176fc34ec16975,873244475956052578,,건축적인 세부 요소 및 캐릭터이/가 보이는 학교 옥상의 선화 일러스트입니다.,옥상 · 건축 · 선화 · 학교 · 창문 · 캐릭터 · 계단 · 천창,,,,,,,
metadata-quality-v1-0379,metadata-quality-v1,2026-05-10T00:00:00+09:00,20260510,379,phash:1304505453516336160,webdav:/13730b09/예비/크랑베르무/장소/전투/2,legacy_warning,legacy_parse_or_caption_model,40648,webdav://13730b09/예비/크랑베르무/장소/전투/2/grb04_024.psd,40648_grb04_024.psd,예비/크랑베르무/장소/전투/2/grb04_024.psd,webdav:/13730b09/예비/크랑베르무/장소/전투/2,/Users/saintiron/Projects/Imagine/thumbnails/40648_grb04_024_thumb.png,psd,,,A white winged creature soars above a jagged cliff under a starry sky with glowing auroras.,"[""night"", ""sky"", ""cliff"", ""aurora"", ""winged creature"", ""mysterious"", ""anime"", ""fantasy""]",background,Dungeons,night,clear,unknown_legacy,parse_fallback_legacy,"pre-fix: psd-tools failed, fell back to thumbnail-only",,1304505453516336160,,"흰색 날개 달린 생물 날아오르는 위에 뾰족한 절벽 아래 별이 있는 하늘이며, 빛나는 오로라이/가 보입니다.",밤 · 하늘 · 절벽 · 오로라 · 날개 달린 · 신비로운 · 애니풍 · 판타지,,,,,,,
metadata-quality-v1-0380,metadata-quality-v1,2026-05-10T00:00:00+09:00,20260510,380,content:873854ce24a526f19f6efb4b5d214d7a27dc071a0304febcc93fead006cb6e25,BG,ok,,60068,webdav://13730b09/예비/마법과고교의 우등생/#13/BG/mky13_299.psd,60068_mky13_299.psd,예비/마법과고교의 우등생/#13/BG/mky13_299.psd,BG,/Users/saintiron/Projects/Imagine/thumbnails/60068_mky13_299_thumb.png,psd,1837,1278,Anime-style girl with glowing eyes and sketch lines over a forest background,"[""anime"", ""girl"", ""glowing eyes"", ""sketch lines"", ""forest"", ""blush"", ""hair"", ""uniform""]",illustration,,,,Qwen/Qwen3.5-9B,,,873854ce24a526f19f6efb4b5d214d7a27dc071a0304febcc93fead006cb6e25,-2816886797039848704,,"애니메이션풍 소녀이며, 빛나는 눈 및 스케치 선 위에 숲 배경이/가 보입니다.",애니풍 · 소녀 · 빛나는 · 스케치 선 · 숲 · 홍조 · 머리카락 · 유니폼,,,,,,,
metadata-quality-v1-0381,metadata-quality-v1,2026-05-10T00:00:00+09:00,20260510,381,phash:-792940536116748036,webdav:/13730b09/발송/범선/기절용사와 암살공주/장소/호텔실내,legacy_warning,legacy_parse_or_caption_model,52540,webdav://13730b09/발송/범선/기절용사와 암살공주/장소/호텔실내/kya05_053.psd,52540_kya05_053.psd,발송/범선/기절용사와 암살공주/장소/호텔실내/kya05_053.psd,webdav:/13730b09/발송/범선/기절용사와 암살공주/장소/호텔실내,/Users/saintiron/Projects/Imagine/thumbnails/52540_kya05_053_thumb.png,psd,,,An anime-style character with cat ears and a distressed expression.,"[""anime"", ""cat ears"", ""character"", ""distressed"", ""wooden background""]",illustration,,,,unknown_legacy,parse_fallback_legacy,"pre-fix: psd-tools failed, fell back to thumbnail-only",,-792940536116748036,,"애니메이션풍 캐릭터이며, 고양이 귀 및 낡고 거친 표정이/가 보입니다.",애니풍 · 고양이 귀 · 캐릭터 · 낡고 거친 · 나무,,,,,,,
metadata-quality-v1-0382,metadata-quality-v1,2026-05-10T00:00:00+09:00,20260510,382,content:def56eb64a47005d94663a49b839750d39b1373cb3922c599afb2001da8e4e3c,rr,ok,,56822,webdav://13730b09/발송/외주 회사/빔 studio/나카무라/rr/GNK_04_199_genzu.psd,56822_GNK_04_199_genzu.psd,발송/외주 회사/빔 studio/나카무라/rr/GNK_04_199_genzu.psd,rr,/Users/saintiron/Projects/Imagine/thumbnails/56822_GNK_04_199_genzu_thumb.png,psd,3189,1240,Storyboard sketch of residential houses with sky and trees,"[""houses"", ""sky"", ""trees"", ""power lines"", ""sketch"", ""blue sky""]",illustration,,,,Qwen/Qwen3.5-9B,,,def56eb64a47005d94663a49b839750d39b1373cb3922c599afb2001da8e4e3c,542338814463477515,,하늘 및 나무이/가 보이는 주거지 집의 스토리보드 스케치입니다.,집 · 하늘 · 나무 · 전선 · 스케치 · 푸른 하늘,,,,,,,
metadata-quality-v1-0383,metadata-quality-v1,2026-05-10T00:00:00+09:00,20260510,383,phash:-5554444023089943040,webdav:/13730b09/예비/크랑베르무/장소/전투/2,legacy_warning,legacy_parse_or_caption_model,40640,webdav://13730b09/예비/크랑베르무/장소/전투/2/grb04_009.psd,40640_grb04_009.psd,예비/크랑베르무/장소/전투/2/grb04_009.psd,webdav:/13730b09/예비/크랑베르무/장소/전투/2,/Users/saintiron/Projects/Imagine/thumbnails/40640_grb04_009_thumb.png,psd,,,"A desolate cliffside with scattered ruins overlooking a vast, cloudy sky.","[""cliff"", ""ruins"", ""desolate"", ""dusk"", ""anime"", ""purple"", ""blue"", ""overcast""]",background,Dungeons,dusk,overcast,unknown_legacy,parse_fallback_legacy,"pre-fix: psd-tools failed, fell back to thumbnail-only",,-5554444023089943040,,"황량한 절벽가이며, 흩어진 폐허 내려다보는 광활한, 구름 낀 하늘이/가 보입니다.",절벽 · 폐허 · 황량한 · 해질녘 · 애니풍 · 보라색 · 푸른색 · 흐린,,,,,,,
metadata-quality-v1-0384,metadata-quality-v1,2026-05-10T00:00:00+09:00,20260510,384,phash:-4123389860393728000,webdav:/13730b09/발송/범선/기절용사와 암살공주/#07/bg,legacy_warning,legacy_parse_or_caption_model,51732,webdav://13730b09/발송/범선/기절용사와 암살공주/#07/bg/kya07_200.psd,51732_kya07_200.psd,발송/범선/기절용사와 암살공주/#07/bg/kya07_200.psd,webdav:/13730b09/발송/범선/기절용사와 암살공주/#07/bg,/Users/saintiron/Projects/Imagine/thumbnails/51732_kya07_200_thumb.png,psd,,,Animated scene showing two characters' reflections in a glass wall with a hanging lamp.,"[""lamp"", ""reflection"", ""characters"", ""wall"", ""animation"", ""gold"", ""light""]",illustration,,,,unknown_legacy,parse_fallback_legacy,"pre-fix: psd-tools failed, fell back to thumbnail-only",,-4123389860393728000,1,"애니메이션풍 장면 보여주는 두 캐릭터' 반사 안에 유리 벽이며, 걸려 있는 램프이/가 보입니다.",램프 · 반사 · 캐릭터 · 벽 · 애니메이션 · 금색 · 빛,,,,,,,
metadata-quality-v1-0385,metadata-quality-v1,2026-05-10T00:00:00+09:00,20260510,385,phash:-7313649417894843904,webdav:/13730b09/예비/크랑베르무/장소/학교교실,legacy_warning,legacy_parse_or_caption_model,39162,webdav://13730b09/예비/크랑베르무/장소/학교교실/grb13_348.psd,39162_grb13_348.psd,예비/크랑베르무/장소/학교교실/grb13_348.psd,webdav:/13730b09/예비/크랑베르무/장소/학교교실,/Users/saintiron/Projects/Imagine/thumbnails/39162_grb13_348_thumb.png,psd,,,"Anime character portrait with sketch lines and color guides, featuring large expressive eyes and soft pastel background.","[""anime"", ""portrait"", ""sketch"", ""line_art"", ""pastel"", ""character_design""]",character,,,,unknown_legacy,parse_fallback_legacy,"pre-fix: psd-tools failed, fell back to thumbnail-only",,-7313649417894843904,1,"애니메이션 캐릭터 인물화이며, 스케치 선 및 색상 가이드, 포함하는 큰 표정이 풍부한 눈 및 부드러운 파스텔 배경이/가 보입니다.",애니풍 · 인물화 · 스케치 · 선화 · 파스텔 · 캐릭터,,,,,,,
metadata-quality-v1-0386,metadata-quality-v1,2026-05-10T00:00:00+09:00,20260510,386,phash:-5999655729498515904,발송/외주 회사/뱅가드/25/#04/bg,legacy_warning,legacy_parse_or_caption_model,49732,webdav://13730b09/발송/외주 회사/뱅가드/25/#04/bg/VS9_04_025_GENZU.psd,49732_VS9_04_025_GENZU.psd,발송/외주 회사/뱅가드/25/#04/bg/VS9_04_025_GENZU.psd,발송/외주 회사/뱅가드/25/#04/bg,/Users/saintiron/Projects/Imagine/thumbnails/49732_VS9_04_025_GENZU_thumb.png,psd,,,Modern ceiling light fixture with four spherical bulbs.,"[""lighting"", ""ceiling"", ""modern"", ""spherical"", ""fixture"", ""illumination"", ""design"", ""interior""]",photo,,,,unknown_legacy,parse_fallback_legacy,"pre-fix: psd-tools failed, fell back to thumbnail-only",,-5999655729498515904,,"현대적인 천장 빛 조명 기구이며, 네 구형의 전구이/가 보입니다.",조명 · 천장 · 현대적인 · 구형의 · 조명 기구 · 디자인 · 실내,,,,,,,
metadata-quality-v1-0387,metadata-quality-v1,2026-05-10T00:00:00+09:00,20260510,387,phash:4913480042243188776,webdav:/13730b09/발송작품/작품/켄신,legacy_warning,legacy_parse_or_caption_model,38141,webdav://13730b09/발송작품/작품/켄신/켄신-213.jpg,38141_켄신-213.jpg,발송작품/작품/켄신/켄신-213.jpg,webdav:/13730b09/발송작품/작품/켄신,/Users/saintiron/Projects/Imagine/thumbnails/38141_켄신-213_thumb.png,jpg,,,"A misty forest scene with a rustic wooden shed and shelves of pottery, bathed in twilight hues.","[""fantasy"", ""twilight"", ""fog"", ""autumn"", ""ethereal"", ""rustic"", ""anime"", ""cool_palette"", ""deep_depth""]",background,fantasy,,,unknown_legacy,,,,4913480042243188776,,"안개 낀 숲 장면이며, 소박한 나무 헛간 및 선반 의 도자기, 물든 황혼 색조이/가 보입니다.",판타지 · 황혼 · 안개 · 가을 · 몽환적인 · 소박한 · 애니풍 · 차가운 색감 · 짙은,,,,,,,
metadata-quality-v1-0388,metadata-quality-v1,2026-05-10T00:00:00+09:00,20260510,388,phash:-2383916079036452352,webdav:/13730b09/발송작품/작품/Fate/sankouBG,legacy_warning,legacy_parse_or_caption_model,46499,webdav://13730b09/발송작품/작품/Fate/sankouBG/FN19_190_s1.psd,46499_FN19_190_s1.psd,발송작품/작품/Fate/sankouBG/FN19_190_s1.psd,webdav:/13730b09/발송작품/작품/Fate/sankouBG,/Users/saintiron/Projects/Imagine/thumbnails/46499_FN19_190_s1_thumb.png,psd,,,Numerous swords stand in a field under a dramatic sky.,"[""swords"", ""field"", ""sky"", ""dramatic"", ""fantasy"", ""landscape"", ""sunset"", ""atmospheric""]",illustration,,,,unknown_legacy,parse_fallback_legacy,"pre-fix: psd-tools failed, fell back to thumbnail-only",,-2383916079036452352,366,"들판 안에 많은 검이 서 있고, 극적인 하늘 아래입니다.",검 · 들판 · 하늘 · 극적인 · 판타지 · 풍경 · 일몰 · 분위기 있는,,,,,,,
metadata-quality-v1-0389,metadata-quality-v1,2026-05-10T00:00:00+09:00,20260510,389,phash:-7089302325070096384,webdav:/13730b09/예비/크랑베르무/장소/네네의집,legacy_warning,legacy_parse_or_caption_model,42164,webdav://13730b09/예비/크랑베르무/장소/네네의집/grb10_275.psd,42164_grb10_275.psd,예비/크랑베르무/장소/네네의집/grb10_275.psd,webdav:/13730b09/예비/크랑베르무/장소/네네의집,/Users/saintiron/Projects/Imagine/thumbnails/42164_grb10_275_thumb.png,psd,,,A translucent anime-style sketch of a young girl is superimposed over a serene night scene featuring a traditional East Asian building with lit windows against a starry sky.,"[""anime"", ""sketch"", ""night scene"", ""traditional architecture"", ""starlit sky"", ""translucent"", ""girl"", ""windows"", ""nighttime"", ""atmospheric""]",,,,,unknown_legacy,parse_fallback_legacy,"pre-fix: psd-tools failed, fell back to thumbnail-only",,-7089302325070096384,,조명된 창문 배경으로 별이 있는 하늘이/가 보이는 젊은 소녀 위에 겹쳐진 고요한 밤 장면 포함하는 전통적인 동아시아풍 건물의 반투명한 애니메이션풍 스케치입니다.,애니풍 · 스케치 · 밤 · 전통적인 · 하늘 · 반투명한 · 소녀 · 창문 · 분위기 있는,,,,,,,
metadata-quality-v1-0390,metadata-quality-v1,2026-05-10T00:00:00+09:00,20260510,390,phash:-1231474239802127616,webdav:/13730b09/예비/크랑베르무/장소/전투/1,legacy_warning,legacy_parse_or_caption_model,40995,webdav://13730b09/예비/크랑베르무/장소/전투/1/grb01_077.psd,40995_grb01_077.psd,예비/크랑베르무/장소/전투/1/grb01_077.psd,webdav:/13730b09/예비/크랑베르무/장소/전투/1,/Users/saintiron/Projects/Imagine/thumbnails/40995_grb01_077_thumb.png,psd,,,Ruined city under a starry purple night sky.,"[""ruins"", ""night"", ""city"", ""stars"", ""anime"", ""destruction"", ""skyline"", ""purple""]",background,,,,unknown_legacy,parse_fallback_legacy,"pre-fix: psd-tools failed, fell back to thumbnail-only",,-1231474239802127616,,폐허가 된 도시 아래 별이 있는 보라색 밤하늘입니다.,폐허 · 밤 · 도시 · 별 · 애니풍 · 파괴 · 스카이라인 · 보라색,,,,,,,
metadata-quality-v1-0391,metadata-quality-v1,2026-05-10T00:00:00+09:00,20260510,391,phash:5425019727387289314,발송4/범선/종말투어링/#03/241007,legacy_warning,legacy_parse_or_caption_model,32542,webdav://13730b09/발송4/범선/종말투어링/#03/241007/syt03_132.psd,32542_syt03_132.psd,발송4/범선/종말투어링/#03/241007/syt03_132.psd,발송4/범선/종말투어링/#03/241007,/Users/saintiron/Projects/Imagine/thumbnails/32542_syt03_132_thumb.png,psd,,,"A quiet, overgrown urban landscape under twilight fog, with grass creeping over concrete and a distant train track fading into mist.","[""urban"", ""twilight"", ""fog"", ""spring"", ""melancholic"", ""anime"", ""overgrown"", ""train_track"", ""modern_architecture""]",background,urban,,,unknown_legacy,parse_fallback_legacy,"pre-fix: psd-tools failed, fell back to thumbnail-only",,5425019727387289314,,"조용한, 무성하게 자란 도시의 풍경 아래 황혼 안개,이며, 풀 자라난 위에 콘크리트 및 멀리 보이는 기차 선로 희미해지는 안으로 안개이/가 보입니다.",도시의 · 황혼 · 안개 · 봄 · 쓸쓸한 · 애니풍 · 무성하게 자란 · 기차 · 현대적인,,,,,,,
metadata-quality-v1-0392,metadata-quality-v1,2026-05-10T00:00:00+09:00,20260510,392,phash:-877301204186336455,webdav:/13730b09/발송작품/작품/켄신,legacy_warning,legacy_parse_or_caption_model,38033,webdav://13730b09/발송작품/작품/켄신/켄신-089.jpg,38033_켄신-089.jpg,발송작품/작품/켄신/켄신-089.jpg,webdav:/13730b09/발송작품/작품/켄신,/Users/saintiron/Projects/Imagine/thumbnails/38033_켄신-089_thumb.png,jpg,,,"A dark, monochrome particle effect showing shattered tile damage with scattered debris and dark holes, resembling a destructive impact.","[""particle"", ""shattered"", ""damage"", ""debris"", ""monochrome"", ""impact"", ""tile"", ""dark""]",effect,,,,unknown_legacy,,,,-877301204186336455,,"어두운, 단색 입자 효과 보여주는 산산조각난 타일 손상이며, 흩어진 잔해 및 어두운 구멍, 닮은 파괴적인 충격이/가 보입니다.",입자 · 산산조각난 · 손상 · 잔해 · 단색 · 충격 · 타일 · 어두운,,,,,,,
metadata-quality-v1-0393,metadata-quality-v1,2026-05-10T00:00:00+09:00,20260510,393,phash:-2242578472681414144,발송/외주 회사/뱅가드/24/#04/bg,legacy_warning,legacy_parse_or_caption_model,48731,webdav://13730b09/발송/외주 회사/뱅가드/24/#04/bg/VS8_03_066_GENZU.psd,48731_VS8_03_066_GENZU.psd,발송/외주 회사/뱅가드/24/#04/bg/VS8_03_066_GENZU.psd,발송/외주 회사/뱅가드/24/#04/bg,/Users/saintiron/Projects/Imagine/thumbnails/48731_VS8_03_066_GENZU_thumb.png,psd,,,A ghostly anime girl sings under a spotlight on stage.,"[""anime"", ""ghost"", ""singer"", ""spotlight"", ""stage"", ""microphone"", ""audience"", ""concert""]",illustration,,,,unknown_legacy,parse_fallback_legacy,"pre-fix: psd-tools failed, fell back to thumbnail-only",,-2242578472681414144,1,유령 같은 애니풍 소녀 노래하는 아래 스포트라이트 위에 무대입니다.,애니풍 · 유령 · 가수 · 스포트라이트 · 무대 · 마이크 · 관객 · 콘서트,,,,,,,
metadata-quality-v1-0394,metadata-quality-v1,2026-05-10T00:00:00+09:00,20260510,394,phash:3617009116271256256,발송/외주 회사/뱅가드/24/#01/bg,legacy_warning,legacy_parse_or_caption_model,48913,webdav://13730b09/발송/외주 회사/뱅가드/24/#01/bg/VS8_01_070_GENZU.psd,48913_VS8_01_070_GENZU.psd,발송/외주 회사/뱅가드/24/#01/bg/VS8_01_070_GENZU.psd,발송/외주 회사/뱅가드/24/#01/bg,/Users/saintiron/Projects/Imagine/thumbnails/48913_VS8_01_070_GENZU_thumb.png,psd,,,Colorful spheres float in front of a character's face.,"[""anime"", ""spheres"", ""face"", ""sky"", ""window"", ""colorful"", ""floating"", ""overlay""]",illustration,,,,unknown_legacy,parse_fallback_legacy,"pre-fix: psd-tools failed, fell back to thumbnail-only",,3617009116271256256,,화려한 구체 떠 있음 앞에 캐릭터의 얼굴입니다.,애니풍 · 구체 · 얼굴 · 하늘 · 창문 · 화려한 · 떠 있는 · 오버레이,,,,,,,
metadata-quality-v1-0395,metadata-quality-v1,2026-05-10T00:00:00+09:00,20260510,395,phash:-3274511847132967936,webdav:/13730b09/예비/크랑베르무/장소/홍콩,legacy_warning,legacy_parse_or_caption_model,39014,webdav://13730b09/예비/크랑베르무/장소/홍콩/grb02_143.psd,39014_grb02_143.psd,예비/크랑베르무/장소/홍콩/grb02_143.psd,webdav:/13730b09/예비/크랑베르무/장소/홍콩,/Users/saintiron/Projects/Imagine/thumbnails/39014_grb02_143_thumb.png,psd,,,A vibrant anime-style illustration of Hong Kong's skyline with a cruise ship and a traditional junk boat on the water under a bright blue sky.,"[""landscape"", ""anime"", ""Hong Kong"", ""cruise ship"", ""junk boat"", ""cityscape"", ""blue sky"", ""modern architecture"", ""traditional boat"", ""illustration""]",illustration,,,,unknown_legacy,parse_fallback_legacy,"pre-fix: psd-tools failed, fell back to thumbnail-only",,-3274511847132967936,,유람선 배 및 전통적인 정크선 위에 물 아래 밝은 푸른 하늘이/가 보이는 홍콩의 스카이라인의 선명한 애니메이션풍 일러스트입니다.,풍경 · 애니풍 · 홍콩 · 유람선 · 정크선 · 도시 풍경 · 푸른 하늘 · 현대적인 · 전통적인 · 일러스트,,,,,,,
metadata-quality-v1-0396,metadata-quality-v1,2026-05-10T00:00:00+09:00,20260510,396,phash:5083870571543323973,webdav:/13730b09/예비/크랑베르무/장소/전투/2,legacy_warning,legacy_parse_or_caption_model,40685,webdav://13730b09/예비/크랑베르무/장소/전투/2/grb04_105_118.psd,40685_grb04_105_118.psd,예비/크랑베르무/장소/전투/2/grb04_105_118.psd,webdav:/13730b09/예비/크랑베르무/장소/전투/2,/Users/saintiron/Projects/Imagine/thumbnails/40685_grb04_105_118_thumb.png,psd,,,Abstract green sky with floating clouds and particles,"[""green"", ""clouds"", ""abstract"", ""mysterious"", ""digital painting""]",background,abstract,night,overcast,unknown_legacy,parse_fallback_legacy,"pre-fix: psd-tools failed, fell back to thumbnail-only",,5083870571543323973,,"추상적인 초록 하늘이며, 떠 있는 구름 및 입자이/가 보입니다.",초록 · 구름 · 추상적인 · 신비로운 · 디지털,,,,,,,
metadata-quality-v1-0397,metadata-quality-v1,2026-05-10T00:00:00+09:00,20260510,397,content:ef3dfe01fdf9a1c15671072733df0136413ce3e9fe3004fba048c94781592317,발송작품/작품/레이다스/수정,legacy_warning,legacy_parse_or_caption_model,29089,webdav://13730b09/발송작품/작품/레이다스/수정/BR01_016.psd,BR01_016.psd,발송작품/작품/레이다스/수정/BR01_016.psd,발송작품/작품/레이다스/수정,/Users/saintiron/Projects/Imagine/output/thumbnails/webdav_13730b09_BR01_016_d634b30e6634_thumb.png,psd,1685,1191,Teal glowing particles floating in dark space,"[""particle"", ""glow"", ""neon"", ""dark_background"", ""floating"", ""magic""]",effect,,,,unknown_legacy,parse_fallback_legacy,"pre-fix: psd-tools failed, fell back to thumbnail-only",ef3dfe01fdf9a1c15671072733df0136413ce3e9fe3004fba048c94781592317,-8892668949556180480,,청록색 빛나는 입자 떠 있는 안에 어두운 우주입니다.,입자 · 광채 · 네온 · 어두운 · 떠 있는 · 마법,,,,,,,
metadata-quality-v1-0398,metadata-quality-v1,2026-05-10T00:00:00+09:00,20260510,398,phash:-7886778623962476368,발송/외주 회사/뱅가드/26/#04/bg,legacy_warning,legacy_parse_or_caption_model,48096,webdav://13730b09/발송/외주 회사/뱅가드/26/#04/bg/VS10_04_176_GENZU.psd,48096_VS10_04_176_GENZU.psd,발송/외주 회사/뱅가드/26/#04/bg/VS10_04_176_GENZU.psd,발송/외주 회사/뱅가드/26/#04/bg,/Users/saintiron/Projects/Imagine/thumbnails/48096_VS10_04_176_GENZU_thumb.png,psd,,,A pink-haired anime character sits on the ground in a dimly lit alley.,"[""anime"", ""character"", ""sitting"", ""pink hair"", ""urban"", ""alley"", ""sad"", ""manga""]",illustration,,,,unknown_legacy,parse_fallback_legacy,"pre-fix: psd-tools failed, fell back to thumbnail-only",,-7886778623962476368,,분홍색-머리카락의 애니메이션 캐릭터 앉아 있는 위에 지면 안에 어둡게 조명된 골목입니다.,애니풍 · 캐릭터 · 앉아 있는 · 분홍색 · 도시의 · 골목 · 슬픈 · 만화,,,,,,,
metadata-quality-v1-0399,metadata-quality-v1,2026-05-10T00:00:00+09:00,20260510,399,phash:-8026385486800556032,webdav:/13730b09/발송/범선/기절용사와 암살공주/#11/bg,legacy_warning,legacy_parse_or_caption_model,50772,webdav://13730b09/발송/범선/기절용사와 암살공주/#11/bg/kya11_174_LS_R.psd,50772_kya11_174_LS_R.psd,발송/범선/기절용사와 암살공주/#11/bg/kya11_174_LS_R.psd,webdav:/13730b09/발송/범선/기절용사와 암살공주/#11/bg,/Users/saintiron/Projects/Imagine/thumbnails/50772_kya11_174_LS_R_thumb.png,psd,,,Two anime-style characters with translucent overlays against a brick wall background.,"[""anime"", ""characters"", ""brick wall"", ""translucent overlay"", ""windows"", ""street scene"", ""pale skin"", ""blue eyes""]",illustration,,,,unknown_legacy,parse_fallback_legacy,"pre-fix: psd-tools failed, fell back to thumbnail-only",,-8026385486800556032,,"두 애니메이션풍 캐릭터이며, 반투명한 오버레이 배경으로 벽돌 벽 배경이/가 보입니다.",애니풍 · 캐릭터 · 벽돌 벽 · 반투명한 · 창문 · 거리 장면 · 옅은 · 푸른색,,,,,,,
metadata-quality-v1-0400,metadata-quality-v1,2026-05-10T00:00:00+09:00,20260510,400,phash:-5561442643418163087,webdav:/13730b09/발송작품/작품/켄신,legacy_warning,legacy_parse_or_caption_model,38236,webdav://13730b09/발송작품/작품/켄신/켄신365.JPG,38236_켄신365.JPG,발송작품/작품/켄신/켄신365.JPG,webdav:/13730b09/발송작품/작품/켄신,/Users/saintiron/Projects/Imagine/thumbnails/38236_켄신365_thumb.png,jpg,,,"A serene mountain valley with a winding river, lush greenery, and rocky cliffs under a clear sky.","[""mountain"", ""river"", ""greenery"", ""anime"", ""fantasy"", ""valley"", ""natural_landscape"", ""peaceful""]",background,fantasy,,,unknown_legacy,,,,-5561442643418163087,,"맑은 하늘 아래의 고요한 산 계곡이며, 구불구불한 강, 무성한 녹음, 및 바위가 많은 절벽이/가 보입니다.",산 · 강 · 녹음 · 애니풍 · 판타지 · 계곡 · 자연스러운 · 평온한,,,,,,,
metadata-quality-v1-0401,metadata-quality-v1,2026-05-10T00:00:00+09:00,20260510,401,phash:2450223114948374768,발송/외주 회사/뱅가드/24/#04/bg,legacy_warning,legacy_parse_or_caption_model,48706,webdav://13730b09/발송/외주 회사/뱅가드/24/#04/bg/VS8_04_086_PV_GENZU_yusen.psd,48706_VS8_04_086_PV_GENZU_yusen.psd,발송/외주 회사/뱅가드/24/#04/bg/VS8_04_086_PV_GENZU_yusen.psd,발송/외주 회사/뱅가드/24/#04/bg,/Users/saintiron/Projects/Imagine/thumbnails/48706_VS8_04_086_PV_GENZU_yusen_thumb.png,psd,,,A translucent anime girl stands before a blue background with a red logo.,"[""anime"", ""character"", ""logo"", ""blue"", ""translucent"", ""digital art"", ""studio"", ""poster""]",background,,,,unknown_legacy,parse_fallback_legacy,"pre-fix: psd-tools failed, fell back to thumbnail-only",,2450223114948374768,1,"반투명한 애니풍 소녀 서 있음 앞에 푸른색 배경이며, 붉은 로고이/가 보입니다.",애니풍 · 캐릭터 · 로고 · 푸른색 · 반투명한 · 디지털 아트 · 스튜디오 · 포스터,,,,,,,
metadata-quality-v1-0402,metadata-quality-v1,2026-05-10T00:00:00+09:00,20260510,402,phash:-2096493518053523456,webdav:/13730b09/발송/범선/기절용사와 암살공주/장소/숲,legacy_warning,legacy_parse_or_caption_model,53240,webdav://13730b09/발송/범선/기절용사와 암살공주/장소/숲/kya04_005.psd,53240_kya04_005.psd,발송/범선/기절용사와 암살공주/장소/숲/kya04_005.psd,webdav:/13730b09/발송/범선/기절용사와 암살공주/장소/숲,/Users/saintiron/Projects/Imagine/thumbnails/53240_kya04_005_thumb.png,psd,,,A lush green forest with a translucent ghostly figure standing among the trees.,"[""forest"", ""trees"", ""ghost"", ""nature"", ""translucent"", ""sky"", ""anime"", ""background""]",background,,,,unknown_legacy,parse_fallback_legacy,"pre-fix: psd-tools failed, fell back to thumbnail-only",,-2096493518053523456,,"무성한 초록 숲이며, 반투명한 유령 같은 인물 서 있는 사이에 나무이/가 보입니다.",숲 · 나무 · 유령 · 자연 · 반투명한 · 하늘 · 애니풍 · 배경,,,,,,,
metadata-quality-v1-0403,metadata-quality-v1,2026-05-10T00:00:00+09:00,20260510,403,phash:-1085173237237633024,webdav:/13730b09/발송4/범선/작품 쫑/후시/장소/던전,legacy_warning,legacy_parse_or_caption_model,34562,webdav://13730b09/발송4/범선/작품 쫑/후시/장소/던전/nfb04_066.psd,34562_nfb04_066.psd,발송4/범선/작품 쫑/후시/장소/던전/nfb04_066.psd,webdav:/13730b09/발송4/범선/작품 쫑/후시/장소/던전,/Users/saintiron/Projects/Imagine/thumbnails/34562_nfb04_066_thumb.png,psd,,,"A mysterious statue carved into a stone pillar, illuminated by a purple glow.","[""statue"", ""anime"", ""purple"", ""mysterious"", ""stone"", ""pillar"", ""glow""]",illustration,,,,unknown_legacy,parse_fallback_legacy,"pre-fix: psd-tools failed, fell back to thumbnail-only",,-1085173237237633024,1,"신비로운 조각상 조각된 안으로 돌 기둥, 빛을 받는 보라색 광채입니다.",조각상 · 애니풍 · 보라색 · 신비로운 · 돌 · 기둥 · 광채,,,,,,,
metadata-quality-v1-0404,metadata-quality-v1,2026-05-10T00:00:00+09:00,20260510,404,phash:-5570727808634654720,webdav:/13730b09/발송/범선/기절용사와 암살공주/장소/호텔실내,legacy_warning,legacy_parse_or_caption_model,52665,webdav://13730b09/발송/범선/기절용사와 암살공주/장소/호텔실내/kya01_287.psd,52665_kya01_287.psd,발송/범선/기절용사와 암살공주/장소/호텔실내/kya01_287.psd,webdav:/13730b09/발송/범선/기절용사와 암살공주/장소/호텔실내,/Users/saintiron/Projects/Imagine/thumbnails/52665_kya01_287_thumb.png,psd,,,A stylized illustration of a face with glowing red and blue patterns.,"[""face"", ""glow"", ""patterns"", ""red"", ""blue""]",illustration,,,,unknown_legacy,parse_fallback_legacy,"pre-fix: psd-tools failed, fell back to thumbnail-only",,-5570727808634654720,,빛나는 붉은 및 푸른색 무늬이/가 보이는 얼굴의 양식화된 일러스트입니다.,얼굴 · 광채 · 무늬 · 붉은 · 푸른색,,,,,,,
metadata-quality-v1-0405,metadata-quality-v1,2026-05-10T00:00:00+09:00,20260510,405,phash:-8603958884372385280,webdav:/13730b09/발송4/범선/작품 쫑/후시/장소/마법창고,legacy_warning,legacy_parse_or_caption_model,33679,webdav://13730b09/발송4/범선/작품 쫑/후시/장소/마법창고/nfb11_209.psd,33679_nfb11_209.psd,발송4/범선/작품 쫑/후시/장소/마법창고/nfb11_209.psd,webdav:/13730b09/발송4/범선/작품 쫑/후시/장소/마법창고,/Users/saintiron/Projects/Imagine/thumbnails/33679_nfb11_209_thumb.png,psd,,,"A dimly lit urban alley with stacked wooden crates and graffiti, under a dark, mysterious atmosphere.","[""Urban"", ""Night"", ""Mysterious"", ""Anime"", ""Industrial"", ""Graffiti"", ""Crates"", ""Purple"", ""Dark""]",background,Urban,Night,Overcast,unknown_legacy,parse_fallback_legacy,"pre-fix: psd-tools failed, fell back to thumbnail-only",,-8603958884372385280,1,"어두운, 신비로운 분위기 아래의 어둡게 조명된 도시의 골목이며, 쌓인 나무 상자 및 그래피티,이/가 보입니다.",도시의 · 밤 · 신비로운 · 애니풍 · 산업적인 · 그래피티 · 상자 · 보라색 · 어두운,,,,,,,
metadata-quality-v1-0406,metadata-quality-v1,2026-05-10T00:00:00+09:00,20260510,406,phash:-959103354426047246,webdav:/13730b09/예비/크랑베르무/장소/전투/1,legacy_warning,legacy_parse_or_caption_model,40865,webdav://13730b09/예비/크랑베르무/장소/전투/1/grb01_171_R1.psd,40865_grb01_171_R1.psd,예비/크랑베르무/장소/전투/1/grb01_171_R1.psd,webdav:/13730b09/예비/크랑베르무/장소/전투/1,/Users/saintiron/Projects/Imagine/thumbnails/40865_grb01_171_R1_thumb.png,psd,,,"A castle stands beneath a vibrant, star-filled night sky with swirling auroras and soft clouds, evoking a tranquil, fantasy atmosphere.","[""castle"", ""night sky"", ""stars"", ""aurora"", ""anime"", ""fantasy"", ""serene"", ""magical"", ""starry"", ""clouds"", ""landscape""]",illustration,,,,unknown_legacy,parse_fallback_legacy,"pre-fix: psd-tools failed, fell back to thumbnail-only",,-959103354426047246,446,"성 서 있음 아래 선명한, 별이 가득한 밤하늘이며, 소용돌이치는 오로라 및 부드러운 구름, 느낌을 주는 고요한, 판타지 분위기이/가 보입니다.",성 · 밤하늘 · 별 · 오로라 · 애니풍 · 판타지 · 고요한 · 마법 같은 · 별이 있는 · 구름 · 풍경,,,,,,,
metadata-quality-v1-0407,metadata-quality-v1,2026-05-10T00:00:00+09:00,20260510,407,phash:-8449035479747199242,webdav:/13730b09/예비/크랑베르무/장소/안나의집,legacy_warning,legacy_parse_or_caption_model,41188,webdav://13730b09/예비/크랑베르무/장소/안나의집/grb06_270.psd,41188_grb06_270.psd,예비/크랑베르무/장소/안나의집/grb06_270.psd,webdav:/13730b09/예비/크랑베르무/장소/안나의집,/Users/saintiron/Projects/Imagine/thumbnails/41188_grb06_270_thumb.png,psd,,,Solid purple gradient texture,"[""solid"", ""gradient"", ""purple"", ""flat"", ""tileable""]",texture,,,,unknown_legacy,parse_fallback_legacy,"pre-fix: psd-tools failed, fell back to thumbnail-only",,-8449035479747199242,1,단단한 보라색 그라데이션 질감입니다.,단단한 · 그라데이션 · 보라색 · 평평한 · 타일링 가능한,,,,,,,
metadata-quality-v1-0408,metadata-quality-v1,2026-05-10T00:00:00+09:00,20260510,408,phash:3793970863485632000,webdav:/13730b09/발송/범선/기절용사와 암살공주/#12/bg,legacy_warning,legacy_parse_or_caption_model,50471,webdav://13730b09/발송/범선/기절용사와 암살공주/#12/bg/kya12_091.psd,50471_kya12_091.psd,발송/범선/기절용사와 암살공주/#12/bg/kya12_091.psd,webdav:/13730b09/발송/범선/기절용사와 암살공주/#12/bg,/Users/saintiron/Projects/Imagine/thumbnails/50471_kya12_091_thumb.png,psd,,,Ghostly figures in a dimly lit traditional room with windows and furniture.,"[""ghosts"", ""traditional room"", ""windows"", ""furniture"", ""anime style""]",illustration,,,,unknown_legacy,parse_fallback_legacy,"pre-fix: psd-tools failed, fell back to thumbnail-only",,3793970863485632000,,"유령 같은 인물 안에 어둡게 조명된 전통적인 방이며, 창문 및 가구이/가 보입니다.",유령 · 전통적인 · 창문 · 가구 · 애니메이션풍,,,,,,,
metadata-quality-v1-0409,metadata-quality-v1,2026-05-10T00:00:00+09:00,20260510,409,phash:-7306903853623883636,webdav:/13730b09/발송작품/작품/Fate/BG.참고,legacy_warning,legacy_parse_or_caption_model,46713,webdav://13730b09/발송작품/작품/Fate/BG.참고/fn18_088_s1.psd,46713_fn18_088_s1.psd,발송작품/작품/Fate/BG.참고/fn18_088_s1.psd,webdav:/13730b09/발송작품/작품/Fate/BG.참고,/Users/saintiron/Projects/Imagine/thumbnails/46713_fn18_088_s1_thumb.png,psd,,,A glowing blade rises against a dramatic purple and orange sky.,"[""anime"", ""fantasy"", ""sword"", ""sky"", ""dramatic"", ""glowing"", ""weapon"", ""art""]",illustration,,,,unknown_legacy,parse_fallback_legacy,"pre-fix: psd-tools failed, fell back to thumbnail-only",,-7306903853623883636,,빛나는 칼날 솟아오르는 배경으로 극적인 보라색 및 주황색 하늘입니다.,애니풍 · 판타지 · 검 · 하늘 · 극적인 · 빛나는 · 무기 · 아트,,,,,,,
metadata-quality-v1-0410,metadata-quality-v1,2026-05-10T00:00:00+09:00,20260510,410,phash:-9187283769793394944,webdav:/13730b09/발송4/범선/작품 쫑/후시/장소/던전,legacy_warning,legacy_parse_or_caption_model,34480,webdav://13730b09/발송4/범선/작품 쫑/후시/장소/던전/nfb03_304.psd,34480_nfb03_304.psd,발송4/범선/작품 쫑/후시/장소/던전/nfb03_304.psd,webdav:/13730b09/발송4/범선/작품 쫑/후시/장소/던전,/Users/saintiron/Projects/Imagine/thumbnails/34480_nfb03_304_thumb.png,psd,,,A worker stands in a dimly lit corridor with glowing torches on the walls.,"[""worker"", ""anime"", ""purple"", ""torch"", ""corridor""]",character,,,,unknown_legacy,parse_fallback_legacy,"pre-fix: psd-tools failed, fell back to thumbnail-only",,-9187283769793394944,,"어둡게 조명된 복도 안에 작업자가 서 있고, 빛나는 횃불 위에 벽이/가 보입니다.",작업자 · 애니풍 · 보라색 · 횃불 · 복도,,,,,,,
metadata-quality-v1-0411,metadata-quality-v1,2026-05-10T00:00:00+09:00,20260510,411,phash:-1663806383898578432,webdav:/13730b09/발송/범선/기절용사와 암살공주/장소/찾집.술집,legacy_warning,legacy_parse_or_caption_model,51911,webdav://13730b09/발송/범선/기절용사와 암살공주/장소/찾집.술집/kya04_230.psd,51911_kya04_230.psd,발송/범선/기절용사와 암살공주/장소/찾집.술집/kya04_230.psd,webdav:/13730b09/발송/범선/기절용사와 암살공주/장소/찾집.술집,/Users/saintiron/Projects/Imagine/thumbnails/51911_kya04_230_thumb.png,psd,,,A faint anime-style character sketch overlaid on a wooden floor background.,"[""anime"", ""sketch"", ""wood"", ""floor"", ""character"", ""overlay"", ""lineart""]",illustration,,,,unknown_legacy,parse_fallback_legacy,"pre-fix: psd-tools failed, fell back to thumbnail-only",,-1663806383898578432,1,희미한 애니메이션풍 캐릭터 스케치가 나무 바닥 배경 위에 겹쳐져 있습니다.,애니풍 · 스케치 · 나무 · 바닥 · 캐릭터 · 오버레이 · 선화,,,,,,,
metadata-quality-v1-0412,metadata-quality-v1,2026-05-10T00:00:00+09:00,20260510,412,phash:-6575582508919928375,webdav:/13730b09/예비/크랑베르무/장소/전투/2,legacy_warning,legacy_parse_or_caption_model,40622,webdav://13730b09/예비/크랑베르무/장소/전투/2/grb03_315_BG3.psd,40622_grb03_315_BG3.psd,예비/크랑베르무/장소/전투/2/grb03_315_BG3.psd,webdav:/13730b09/예비/크랑베르무/장소/전투/2,/Users/saintiron/Projects/Imagine/thumbnails/40622_grb03_315_BG3_thumb.png,psd,,,A serene cosmic expanse filled with twinkling stars and swirling nebulae.,"[""space"", ""stars"", ""nebula"", ""cosmic"", ""night sky"", ""digital art""]",background,space,night,clear,unknown_legacy,parse_fallback_legacy,"pre-fix: psd-tools failed, fell back to thumbnail-only",,-6575582508919928375,,"고요한 우주적인 넓은 공간 가득 찬이며, 반짝이는 별 및 소용돌이치는 성운이/가 보입니다.",우주 · 별 · 성운 · 우주적인 · 밤하늘 · 디지털 아트,,,,,,,
metadata-quality-v1-0413,metadata-quality-v1,2026-05-10T00:00:00+09:00,20260510,413,phash:-7876045148267040256,webdav:/13730b09/발송/범선/기절용사와 암살공주/#09/bg,legacy_warning,legacy_parse_or_caption_model,51071,webdav://13730b09/발송/범선/기절용사와 암살공주/#09/bg/kya09_185.psd,51071_kya09_185.psd,발송/범선/기절용사와 암살공주/#09/bg/kya09_185.psd,webdav:/13730b09/발송/범선/기절용사와 암살공주/#09/bg,/Users/saintiron/Projects/Imagine/thumbnails/51071_kya09_185_thumb.png,psd,,,Anime-style character sketch with overlapping figures and soft pastel tones,"[""anime"", ""sketch"", ""characters"", ""pastel"", ""line art"", ""overlay"", ""portrait""]",illustration,,,,unknown_legacy,parse_fallback_legacy,"pre-fix: psd-tools failed, fell back to thumbnail-only",,-7876045148267040256,1,"애니메이션풍 캐릭터 스케치이며, 겹쳐진 인물 및 부드러운 파스텔 톤이/가 보입니다.",애니풍 · 스케치 · 캐릭터 · 파스텔 · 선화 · 오버레이 · 인물화,,,,,,,
metadata-quality-v1-0414,metadata-quality-v1,2026-05-10T00:00:00+09:00,20260510,414,phash:-5721653148853039616,webdav:/13730b09/예비/크랑베르무/장소/전투/4,legacy_warning,legacy_parse_or_caption_model,40240,webdav://13730b09/예비/크랑베르무/장소/전투/4/grb07_212_BG2.psd,40240_grb07_212_BG2.psd,예비/크랑베르무/장소/전투/4/grb07_212_BG2.psd,webdav:/13730b09/예비/크랑베르무/장소/전투/4,/Users/saintiron/Projects/Imagine/thumbnails/40240_grb07_212_BG2_thumb.png,psd,,,"A magical night sky filled with stars, clouds, and radiant light gradients.","[""anime"", ""night sky"", ""stars"", ""clouds"", ""magical"", ""gradient"", ""red"", ""purple"", ""orange""]",background,sky,night,clear,unknown_legacy,parse_fallback_legacy,"pre-fix: psd-tools failed, fell back to thumbnail-only",,-5721653148853039616,1,"마법 같은 밤하늘 가득 찬이며, 별, 구름, 및 빛나는 빛 그라데이션이/가 보입니다.",애니풍 · 밤하늘 · 별 · 구름 · 마법 같은 · 그라데이션 · 붉은 · 보라색 · 주황색,,,,,,,
metadata-quality-v1-0415,metadata-quality-v1,2026-05-10T00:00:00+09:00,20260510,415,phash:-4265813904863486976,강다외부,ok,,28729,/Users/saintiron/imageDB/마캬베리즈무/장소/강다외부/agm03_257.psd,agm03_257.psd,agm03_257.psd,강다외부,/Users/saintiron/Projects/Imagine/thumbnails/agm03_257_thumb.png,psd,1673,1175,Two anime characters stand in a dimly lit industrial corridor with pipes and fences.,"[""anime"", ""industrial"", ""corridor"", ""pipes"", ""fences"", ""characters"", ""dimly lit""]",illustration,,,,Qwen/Qwen3.5-9B,vision_done,,,-4265813904863486976,,"어둡게 조명된 산업적인 복도 안에 두 애니메이션 캐릭터가 서 있고, 파이프 및 울타리이/가 보입니다.",애니풍 · 산업적인 · 복도 · 파이프 · 울타리 · 캐릭터 · 어둡게 조명된,,,,,,,
metadata-quality-v1-0416,metadata-quality-v1,2026-05-10T00:00:00+09:00,20260510,416,phash:2030197466050191362,webdav:/13730b09/예비/크랑베르무/장소/전투/7,legacy_warning,legacy_parse_or_caption_model,39483,webdav://13730b09/예비/크랑베르무/장소/전투/7/grb13_069.psd,39483_grb13_069.psd,예비/크랑베르무/장소/전투/7/grb13_069.psd,webdav:/13730b09/예비/크랑베르무/장소/전투/7,/Users/saintiron/Projects/Imagine/thumbnails/39483_grb13_069_thumb.png,psd,,,Two spaceships fly past a giant pink planet in a starry nebula.,"[""space"", ""sci-fi"", ""planet"", ""spaceship"", ""nebula"", ""stars"", ""futuristic"", ""digital art""]",illustration,,,,unknown_legacy,parse_fallback_legacy,"pre-fix: psd-tools failed, fell back to thumbnail-only",,2030197466050191362,,두 우주선 날아가는 지나 거대한 분홍색 행성 안에 별이 있는 성운입니다.,우주 · 공상과학 · 행성 · 우주선 · 성운 · 별 · 미래적인 · 디지털 아트,,,,,,,
metadata-quality-v1-0417,metadata-quality-v1,2026-05-10T00:00:00+09:00,20260510,417,phash:-5726653676127862272,webdav:/13730b09/발송/범선/기절용사와 암살공주/#07/bg,legacy_warning,legacy_parse_or_caption_model,51682,webdav://13730b09/발송/범선/기절용사와 암살공주/#07/bg/kya07_013.psd,51682_kya07_013.psd,발송/범선/기절용사와 암살공주/#07/bg/kya07_013.psd,webdav:/13730b09/발송/범선/기절용사와 암살공주/#07/bg,/Users/saintiron/Projects/Imagine/thumbnails/51682_kya07_013_thumb.png,psd,,,"A serene anime-style landscape with mountains, trees, and a dirt path under a blue sky.","[""mountains"", ""trees"", ""dirt path"", ""blue sky"", ""anime style"", ""greenery"", ""landscape"", ""nature""]",background,,,,unknown_legacy,parse_fallback_legacy,"pre-fix: psd-tools failed, fell back to thumbnail-only",,-5726653676127862272,,"푸른 하늘 아래의 고요한 애니메이션풍 풍경이며, 산, 나무, 및 흙 길이/가 보입니다.",산 · 나무 · 흙 · 푸른 하늘 · 애니메이션풍 · 녹음 · 풍경 · 자연,,,,,,,
metadata-quality-v1-0418,metadata-quality-v1,2026-05-10T00:00:00+09:00,20260510,418,phash:-1521395981315549184,webdav:/13730b09/예비/크랑베르무/장소/만게츠의집,legacy_warning,legacy_parse_or_caption_model,41621,webdav://13730b09/예비/크랑베르무/장소/만게츠의집/grb02_028.psd,41621_grb02_028.psd,예비/크랑베르무/장소/만게츠의집/grb02_028.psd,webdav:/13730b09/예비/크랑베르무/장소/만게츠의집,/Users/saintiron/Projects/Imagine/thumbnails/41621_grb02_028_thumb.png,psd,,,"A's and B's hands in a gentle gesture, sketched with layered colors and line art.","[""hand"", ""gesture"", ""lineart"", ""sketch"", ""yellow"", ""blue"", ""green"", ""intimate"", ""illustration""]",illustration,,,,unknown_legacy,parse_fallback_legacy,"pre-fix: psd-tools failed, fell back to thumbnail-only",,-1521395981315549184,1,"의 및 의 손 안에 부드러운 몸짓, 스케치된이며, 겹쳐진 색상 및 선화이/가 보입니다.",손 · 몸짓 · 선화 · 스케치 · 노란색 · 푸른색 · 초록 · 친밀한 · 일러스트,,,,,,,
metadata-quality-v1-0419,metadata-quality-v1,2026-05-10T00:00:00+09:00,20260510,419,phash:-2260542060954592560,발송/외주 회사/뱅가드/25/#01/bg,legacy_warning,legacy_parse_or_caption_model,49936,webdav://13730b09/발송/외주 회사/뱅가드/25/#01/bg/VS9_01_180_GENZU.psd,49936_VS9_01_180_GENZU.psd,발송/외주 회사/뱅가드/25/#01/bg/VS9_01_180_GENZU.psd,발송/외주 회사/뱅가드/25/#01/bg,/Users/saintiron/Projects/Imagine/thumbnails/49936_VS9_01_180_GENZU_thumb.png,psd,,,"Anime character with short hair and a hoodie, head down in a dimly lit room.","[""anime"", ""character"", ""hoodie"", ""short hair"", ""dimly lit"", ""head down"", ""room"", ""sad""]",illustration,,,,unknown_legacy,parse_fallback_legacy,"pre-fix: psd-tools failed, fell back to thumbnail-only",,-2260542060954592560,1,"애니메이션 캐릭터이며, 짧은 머리카락 및 후드티, 머리 아래 안에 어둡게 조명된 방이/가 보입니다.",애니풍 · 캐릭터 · 후드티 · 짧은 · 어둡게 조명된 · 머리 · 방 · 슬픈,,,,,,,
metadata-quality-v1-0420,metadata-quality-v1,2026-05-10T00:00:00+09:00,20260510,420,phash:-8452497250336984430,webdav:/13730b09/발송/범선/기절용사와 암살공주/#09/bg,legacy_warning,legacy_parse_or_caption_model,51057,webdav://13730b09/발송/범선/기절용사와 암살공주/#09/bg/kya09_137.psd,51057_kya09_137.psd,발송/범선/기절용사와 암살공주/#09/bg/kya09_137.psd,webdav:/13730b09/발송/범선/기절용사와 암살공주/#09/bg,/Users/saintiron/Projects/Imagine/thumbnails/51057_kya09_137_thumb.png,psd,,,Muscular man in blue tones holding a cracked ball against sky,"[""man"", ""muscles"", ""ball"", ""sky"", ""blue"", ""anime"", ""cracked"", ""headband""]",illustration,,,,unknown_legacy,parse_fallback_legacy,"pre-fix: psd-tools failed, fell back to thumbnail-only",,-8452497250336984430,,근육질의 남성 안에 푸른색 색조 들고 있는 갈라진 공 배경으로 하늘입니다.,남성 · 근육 · 공 · 하늘 · 푸른색 · 애니풍 · 갈라진 · 머리띠,,,,,,,
metadata-quality-v1-0421,metadata-quality-v1,2026-05-10T00:00:00+09:00,20260510,421,phash:-9021608428461167616,webdav:/13730b09/발송4/범선/작품 쫑/후시/장소/대장간,legacy_warning,legacy_parse_or_caption_model,34872,webdav://13730b09/발송4/범선/작품 쫑/후시/장소/대장간/nfb04_296_r.psd,34872_nfb04_296_r.psd,발송4/범선/작품 쫑/후시/장소/대장간/nfb04_296_r.psd,webdav:/13730b09/발송4/범선/작품 쫑/후시/장소/대장간,/Users/saintiron/Projects/Imagine/thumbnails/34872_nfb04_296_r_thumb.png,psd,,,"Anime-style portrait of a character in profile, outlined in red against a dimly lit interior background.","[""anime"", ""portrait"", ""red_lineart"", ""dark_mood"", ""interior_scene"", ""character_profile""]",illustration,,,,unknown_legacy,parse_fallback_legacy,"pre-fix: psd-tools failed, fell back to thumbnail-only",,-9021608428461167616,1,"애니메이션풍 인물화 의 캐릭터 안에 옆모습, 윤곽선이 있는 안에 붉은 배경으로 어둡게 조명된 실내 배경입니다.",애니풍 · 인물화 · 붉은 · 어두운 · 실내 장면 · 캐릭터,,,,,,,
metadata-quality-v1-0422,metadata-quality-v1,2026-05-10T00:00:00+09:00,20260510,422,phash:-8463804499370794816,발송/외주 회사/뱅가드/25/#02/bg,legacy_warning,legacy_parse_or_caption_model,50058,webdav://13730b09/발송/외주 회사/뱅가드/25/#02/bg/VS9_02_282_GENZU.psd,50058_VS9_02_282_GENZU.psd,발송/외주 회사/뱅가드/25/#02/bg/VS9_02_282_GENZU.psd,발송/외주 회사/뱅가드/25/#02/bg,/Users/saintiron/Projects/Imagine/thumbnails/50058_VS9_02_282_GENZU_thumb.png,psd,,,A wireframe head profile against a starry lunar landscape.,"[""wireframe"", ""space"", ""moon"", ""portrait"", ""digital art"", ""sci-fi"", ""blue"", ""stars""]",illustration,,,,unknown_legacy,parse_fallback_legacy,"pre-fix: psd-tools failed, fell back to thumbnail-only",,-8463804499370794816,1,와이어프레임 머리 옆모습 배경으로 별이 있는 달의 풍경입니다.,와이어프레임 · 우주 · 달 · 인물화 · 디지털 아트 · 공상과학 · 푸른색 · 별,,,,,,,
metadata-quality-v1-0423,metadata-quality-v1,2026-05-10T00:00:00+09:00,20260510,423,phash:-7731868154503056896,webdav:/13730b09/발송/범선/기절용사와 암살공주/#12/bg,legacy_warning,legacy_parse_or_caption_model,50552,webdav://13730b09/발송/범선/기절용사와 암살공주/#12/bg/kya12_261.psd,50552_kya12_261.psd,발송/범선/기절용사와 암살공주/#12/bg/kya12_261.psd,webdav:/13730b09/발송/범선/기절용사와 암살공주/#12/bg,/Users/saintiron/Projects/Imagine/thumbnails/50552_kya12_261_thumb.png,psd,,,A hollowed pumpkin with seeds surrounded by green leaves on soil.,"[""pumpkin"", ""seeds"", ""leaves"", ""soil"", ""stem"", ""hollowed"", ""autumn"", ""nature""]",illustration,,,,unknown_legacy,parse_fallback_legacy,"pre-fix: psd-tools failed, fell back to thumbnail-only",,-7731868154503056896,1,"속이 빈 호박이며, 씨앗 둘러싸인 초록 잎 위에 흙이/가 보입니다.",호박 · 씨앗 · 잎 · 흙 · 줄기 · 속이 빈 · 가을 · 자연,,,,,,,
metadata-quality-v1-0424,metadata-quality-v1,2026-05-10T00:00:00+09:00,20260510,424,phash:6452403324454413645,webdav:/13730b09/발송/범선/기절용사와 암살공주/장소/숲,legacy_warning,legacy_parse_or_caption_model,53163,webdav://13730b09/발송/범선/기절용사와 암살공주/장소/숲/kya03_178.psd,53163_kya03_178.psd,발송/범선/기절용사와 암살공주/장소/숲/kya03_178.psd,webdav:/13730b09/발송/범선/기절용사와 암살공주/장소/숲,/Users/saintiron/Projects/Imagine/thumbnails/53163_kya03_178_thumb.png,psd,,,A lush green forest scene with tall grass and a faint arrow overlay.,"[""forest"", ""grass"", ""trees"", ""nature"", ""arrow"", ""overlay"", ""green"", ""path""]",background,,,,unknown_legacy,parse_fallback_legacy,"pre-fix: psd-tools failed, fell back to thumbnail-only",,6452403324454413645,,"무성한 초록 숲 장면이며, 높은 풀 및 희미한 화살표 오버레이이/가 보입니다.",숲 · 풀 · 나무 · 자연 · 화살표 · 오버레이 · 초록 · 길,,,,,,,
metadata-quality-v1-0425,metadata-quality-v1,2026-05-10T00:00:00+09:00,20260510,425,phash:-5570213160171290624,발송작품/작품/세일러문/#30/1,legacy_warning,legacy_parse_or_caption_model,29570,webdav://13730b09/발송작품/작품/세일러문/#30/1/276_281_285.psd,29570_276_281_285.psd,발송작품/작품/세일러문/#30/1/276_281_285.psd,발송작품/작품/세일러문/#30/1,/Users/saintiron/Projects/Imagine/thumbnails/29570_276_281_285_thumb.png,psd,,,"Two dimly lit emergency exit doors with glowing green signs in a dark, modern interior.","[""emergency_exit"", ""dark_room"", ""green_light"", ""anime_style"", ""modern_architecture"", ""nighttime"", ""melancholic""]",background,indoor,,,unknown_legacy,parse_fallback_legacy,"pre-fix: psd-tools failed, fell back to thumbnail-only",,-5570213160171290624,1,"두 어둡게 조명된 비상 출구 문이며, 빛나는 초록 표지판 안에 어두운, 현대적인 실내이/가 보입니다.",비상 · 어두운 · 초록 · 애니메이션풍 · 현대적인 · 밤 · 쓸쓸한,,,,,,,
metadata-quality-v1-0426,metadata-quality-v1,2026-05-10T00:00:00+09:00,20260510,426,phash:-3996185308089633712,발송/외주 회사/뱅가드/26/#08/bg,legacy_warning,legacy_parse_or_caption_model,47616,webdav://13730b09/발송/외주 회사/뱅가드/26/#08/bg/VS10_08_106_GENZU.psd,47616_VS10_08_106_GENZU.psd,발송/외주 회사/뱅가드/26/#08/bg/VS10_08_106_GENZU.psd,발송/외주 회사/뱅가드/26/#08/bg,/Users/saintiron/Projects/Imagine/thumbnails/47616_VS10_08_106_GENZU_thumb.png,psd,,,A textured surface with a muted brown and gray color palette.,"[""texture"", ""abstract"", ""minimalist"", ""neutral"", ""grainy"", ""muted"", ""surface"", ""pattern""]",texture,,,,unknown_legacy,parse_fallback_legacy,"pre-fix: psd-tools failed, fell back to thumbnail-only",,-3996185308089633712,,"질감 있는 표면이며, 차분한 갈색 및 회색 색상 팔레트이/가 보입니다.",질감 · 추상적인 · 미니멀한 · 중립적인 · 거친 입자의 · 차분한 · 표면 · 무늬,,,,,,,
metadata-quality-v1-0427,metadata-quality-v1,2026-05-10T00:00:00+09:00,20260510,427,phash:-1899709197494070784,webdav:/13730b09/예비/크랑베르무/장소/전투/2,legacy_warning,legacy_parse_or_caption_model,40611,webdav://13730b09/예비/크랑베르무/장소/전투/2/grb03_300.psd,40611_grb03_300.psd,예비/크랑베르무/장소/전투/2/grb03_300.psd,webdav:/13730b09/예비/크랑베르무/장소/전투/2,/Users/saintiron/Projects/Imagine/thumbnails/40611_grb03_300_thumb.png,psd,,,A mysterious cliffside ruin under a starry aurora sky.,"[""ruins"", ""cliff"", ""aurora"", ""night"", ""mysterious"", ""anime""]",background,Dungeons,night,clear,unknown_legacy,parse_fallback_legacy,"pre-fix: psd-tools failed, fell back to thumbnail-only",,-1899709197494070784,,신비로운 절벽가 폐허 아래 별이 있는 오로라 하늘입니다.,폐허 · 절벽 · 오로라 · 밤 · 신비로운 · 애니풍,,,,,,,
metadata-quality-v1-0428,metadata-quality-v1,2026-05-10T00:00:00+09:00,20260510,428,phash:-9035739764290304000,webdav:/13730b09/발송작품/작품/유루유리/#11/1,legacy_warning,legacy_parse_or_caption_model,38615,webdav://13730b09/발송작품/작품/유루유리/#11/1/yr11_191 .psd,38615_yr11_191 .psd,발송작품/작품/유루유리/#11/1/yr11_191 .psd,webdav:/13730b09/발송작품/작품/유루유리/#11/1,/Users/saintiron/Projects/Imagine/thumbnails/38615_yr11_191 _thumb.png,psd,,,"A traditional Japanese room with shoji screens and a sliding door, revealing a tranquil garden outside.","[""traditional_japanese"", ""shoji"", ""sliding_door"", ""garden_view"", ""spring"", ""peaceful"", ""anime""]",background,indoor,,,unknown_legacy,parse_fallback_legacy,"pre-fix: psd-tools failed, fell back to thumbnail-only",,-9035739764290304000,1,"일본 전통 방이며, 쇼지 화면 및 미닫이문, 드러내는 고요한 정원 바깥이/가 보입니다.",일본 전통 · 쇼지 · 미닫이문 · 정원 · 봄 · 평온한 · 애니풍,,,,,,,
metadata-quality-v1-0429,metadata-quality-v1,2026-05-10T00:00:00+09:00,20260510,429,phash:4514512180561478656,webdav:/13730b09/발송작품/작품/유루유리/#11/1,legacy_warning,legacy_parse_or_caption_model,38568,webdav://13730b09/발송작품/작품/유루유리/#11/1/yr11_136.psd,38568_yr11_136.psd,발송작품/작품/유루유리/#11/1/yr11_136.psd,webdav:/13730b09/발송작품/작품/유루유리/#11/1,/Users/saintiron/Projects/Imagine/thumbnails/38568_yr11_136_thumb.png,psd,,,"A minimalist kitchen scene featuring a wall-mounted water heater, sink, and window with vertical blinds, rendered in a clean anime style.","[""kitchen"", ""water_heater"", ""anime"", ""still_life"", ""minimalist"", ""serene"", ""kitchen_sink"", ""window"", ""vertical_blinds""]",illustration,,,,unknown_legacy,parse_fallback_legacy,"pre-fix: psd-tools failed, fell back to thumbnail-only",,4514512180561478656,,"미니멀한 주방 장면 포함하는 벽-걸린 물 난방기, 싱크대, 및 창문이며, 세로 블라인드, 표현된 깨끗한 애니메이션풍이/가 보입니다.",주방 · 물 · 애니풍 · 정물 · 미니멀한 · 고요한 · 창문 · 세로,,,,,,,
metadata-quality-v1-0430,metadata-quality-v1,2026-05-10T00:00:00+09:00,20260510,430,phash:-5570758423283068250,webdav:/13730b09/예비/크랑베르무/장소/신사,legacy_warning,legacy_parse_or_caption_model,41270,webdav://13730b09/예비/크랑베르무/장소/신사/grb02_075.psd,41270_grb02_075.psd,예비/크랑베르무/장소/신사/grb02_075.psd,webdav:/13730b09/예비/크랑베르무/장소/신사,/Users/saintiron/Projects/Imagine/thumbnails/41270_grb02_075_thumb.png,psd,,,"A translucent anime girl sits on a wooden bench in a serene outdoor setting, with stone walls and steps in the background.","[""anime"", ""ghost"", ""bench"", ""tranquil"", ""translucent"", ""outdoor"", ""stone wall"", ""anime art""]",illustration,,,,unknown_legacy,parse_fallback_legacy,"pre-fix: psd-tools failed, fell back to thumbnail-only",,-5570758423283068250,,"반투명한 애니풍 소녀 앉아 있는 위에 나무 벤치 안에 고요한 야외 환경,이며, 돌 벽 및 계단 안에 배경이/가 보입니다.",애니풍 · 유령 · 벤치 · 고요한 · 반투명한 · 야외 · 돌,,,,,,,
metadata-quality-v1-0431,metadata-quality-v1,2026-05-10T00:00:00+09:00,20260510,431,phash:-5436696936395527168,webdav:/13730b09/발송4/범선/작품 쫑/후시/장소/던전,legacy_warning,legacy_parse_or_caption_model,34491,webdav://13730b09/발송4/범선/작품 쫑/후시/장소/던전/nfb03_315.psd,34491_nfb03_315.psd,발송4/범선/작품 쫑/후시/장소/던전/nfb03_315.psd,webdav:/13730b09/발송4/범선/작품 쫑/후시/장소/던전,/Users/saintiron/Projects/Imagine/thumbnails/34491_nfb03_315_thumb.png,psd,,,A translucent figure lies on a purple tiled floor with hands behind head.,"[""imagine_worker_vx810i3k"", ""thumb_34491.png"", ""purple"", ""translucent"", ""lying"", ""anime""]",character,,,,unknown_legacy,parse_fallback_legacy,"pre-fix: psd-tools failed, fell back to thumbnail-only",,-5436696936395527168,1,"반투명한 인물 놓인 위에 보라색 타일로 된 바닥이며, 손 뒤 머리이/가 보입니다.",보라색 · 반투명한 · 누워 있는 · 애니풍,,,,,,,
metadata-quality-v1-0432,metadata-quality-v1,2026-05-10T00:00:00+09:00,20260510,432,phash:-524466322063968256,webdav:/13730b09/예비/크랑베르무/장소/학교교실,legacy_warning,legacy_parse_or_caption_model,39133,webdav://13730b09/예비/크랑베르무/장소/학교교실/grb03_124.psd,39133_grb03_124.psd,예비/크랑베르무/장소/학교교실/grb03_124.psd,webdav:/13730b09/예비/크랑베르무/장소/학교교실,/Users/saintiron/Projects/Imagine/thumbnails/39133_grb03_124_thumb.png,psd,,,"Anime portrait of a girl with light blue eyes and hair, partially obscured by vertical panels, in a minimalist indoor setting.","[""anime"", ""portrait"", ""blue_eyes"", ""light_hair"", ""minimalist_background"", ""digital_art"", ""illustration""]",illustration,,,,unknown_legacy,parse_fallback_legacy,"pre-fix: psd-tools failed, fell back to thumbnail-only",,-524466322063968256,1,"빛 푸른색 눈 및 머리카락, 부분적으로 가려진 의해 세로 패널, 안에 미니멀한 실내 환경이/가 보이는 소녀의 애니풍 인물화입니다.",애니풍 · 인물화 · 푸른색 · 빛 · 미니멀한 · 디지털 아트 · 일러스트,,,,,,,
metadata-quality-v1-0433,metadata-quality-v1,2026-05-10T00:00:00+09:00,20260510,433,phash:-271134905281385984,"webdav:/13730b09/발송4/범선/작품 쫑/후시/장소/숲,자연",legacy_warning,legacy_parse_or_caption_model,33229,"webdav://13730b09/발송4/범선/작품 쫑/후시/장소/숲,자연/nfb03_146.psd",33229_nfb03_146.psd,"발송4/범선/작품 쫑/후시/장소/숲,자연/nfb03_146.psd","webdav:/13730b09/발송4/범선/작품 쫑/후시/장소/숲,자연",/Users/saintiron/Projects/Imagine/thumbnails/33229_nfb03_146_thumb.png,psd,,,A translucent female figure with blue vein-like patterns stands in a forest at night.,"[""ghost"", ""anime"", ""forest"", ""night"", ""translucent"", ""blue veins""]",character,,,,unknown_legacy,parse_fallback_legacy,"pre-fix: psd-tools failed, fell back to thumbnail-only",,-271134905281385984,,밤의 숲 안에 반투명한 여성 인물 함께 푸른색 정맥 같은 무늬 서 있음이 있습니다.,유령 · 애니풍 · 숲 · 밤 · 반투명한 · 푸른색,,,,,,,
metadata-quality-v1-0434,metadata-quality-v1,2026-05-10T00:00:00+09:00,20260510,434,phash:-5287632152344359924,발송/외주 회사/뱅가드/26/#03/bg,legacy_warning,legacy_parse_or_caption_model,48210,webdav://13730b09/발송/외주 회사/뱅가드/26/#03/bg/VS10_03_037_GENZU.psd,48210_VS10_03_037_GENZU.psd,발송/외주 회사/뱅가드/26/#03/bg/VS10_03_037_GENZU.psd,발송/외주 회사/뱅가드/26/#03/bg,/Users/saintiron/Projects/Imagine/thumbnails/48210_VS10_03_037_GENZU_thumb.png,psd,,,Ghostly figures stand in a dimly lit alleyway under streetlights.,"[""ghosts"", ""anime"", ""night"", ""street"", ""silhouette"", ""mystery"", ""atmospheric"", ""overlay""]",illustration,,,,unknown_legacy,parse_fallback_legacy,"pre-fix: psd-tools failed, fell back to thumbnail-only",,-5287632152344359924,,"어둡게 조명된 골목길 안에 유령 같은 인물이 서 있고, 가로등 아래입니다.",유령 · 애니풍 · 밤 · 거리 · 실루엣 · 미스터리 · 분위기 있는 · 오버레이,,,,,,,
metadata-quality-v1-0435,metadata-quality-v1,2026-05-10T00:00:00+09:00,20260510,435,phash:-7306357414064512000,webdav:/13730b09/발송/범선/기절용사와 암살공주/장소/호텔실내,legacy_warning,legacy_parse_or_caption_model,52597,webdav://13730b09/발송/범선/기절용사와 암살공주/장소/호텔실내/kya05_281.psd,52597_kya05_281.psd,발송/범선/기절용사와 암살공주/장소/호텔실내/kya05_281.psd,webdav:/13730b09/발송/범선/기절용사와 암살공주/장소/호텔실내,/Users/saintiron/Projects/Imagine/thumbnails/52597_kya05_281_thumb.png,psd,,,Anime-style character peeking through a wooden door frame with sketch lines,"[""anime character"", ""wooden door"", ""sketch lines"", ""peeking"", ""hair"", ""eyes"", ""smile"", ""door frame""]",illustration,,,,unknown_legacy,parse_fallback_legacy,"pre-fix: psd-tools failed, fell back to thumbnail-only",,-7306357414064512000,93,"애니메이션풍 캐릭터 살짝 보이는 통해 나무 문 프레임이며, 스케치 선이/가 보입니다.",애니메이션 캐릭터 · 나무 · 스케치 선 · 살짝 보이는 · 머리카락 · 눈 · 미소 · 문,,,,,,,
metadata-quality-v1-0436,metadata-quality-v1,2026-05-10T00:00:00+09:00,20260510,436,phash:-4858066952335989752,webdav:/13730b09/예비/크랑베르무/장소/안나의집,legacy_warning,legacy_parse_or_caption_model,41091,webdav://13730b09/예비/크랑베르무/장소/안나의집/grb06_098.psd,41091_grb06_098.psd,예비/크랑베르무/장소/안나의집/grb06_098.psd,webdav:/13730b09/예비/크랑베르무/장소/안나의집,/Users/saintiron/Projects/Imagine/thumbnails/41091_grb06_098_thumb.png,psd,,,A pair of scissors cuts through paper in front of an ornate bookshelf.,"[""scissors"", ""paper"", ""bookshelf"", ""anime"", ""mysterious"", ""illustration""]",illustration,,,,unknown_legacy,parse_fallback_legacy,"pre-fix: psd-tools failed, fell back to thumbnail-only",,-4858066952335989752,,한 쌍 의 가위 절단선 통해 종이 앞에 화려한 책장입니다.,가위 · 종이 · 책장 · 애니풍 · 신비로운 · 일러스트,,,,,,,
metadata-quality-v1-0437,metadata-quality-v1,2026-05-10T00:00:00+09:00,20260510,437,phash:-5146793096562157056,webdav:/13730b09/예비/크랑베르무/장소/학교,legacy_warning,legacy_parse_or_caption_model,39260,webdav://13730b09/예비/크랑베르무/장소/학교/grb08_125.psd,39260_grb08_125.psd,예비/크랑베르무/장소/학교/grb08_125.psd,webdav:/13730b09/예비/크랑베르무/장소/학교,/Users/saintiron/Projects/Imagine/thumbnails/39260_grb08_125_thumb.png,psd,,,"Two anime-style girls sitting at desks in a classroom, viewed through a sketchy overlay effect, with sunlight streaming through the window.","[""anime"", ""classroom"", ""girls"", ""school"", ""sketch_overlay"", ""serene"", ""window_light"", ""illustration""]",illustration,,,,unknown_legacy,parse_fallback_legacy,"pre-fix: psd-tools failed, fell back to thumbnail-only",,-5146793096562157056,,"두 애니메이션풍 소녀들 앉아 있는 에서 책상 안에 교실, 통해 보이는 스케치풍 오버레이 효과,이며, 햇빛 흘러내리는 통해 창문이/가 보입니다.",애니풍 · 교실 · 소녀들 · 학교 · 스케치 오버레이 · 고요한 · 창문 · 일러스트,,,,,,,
metadata-quality-v1-0438,metadata-quality-v1,2026-05-10T00:00:00+09:00,20260510,438,phash:-6867161840083619760,발송/외주 회사/뱅가드/24/#04/bg,legacy_warning,legacy_parse_or_caption_model,48742,webdav://13730b09/발송/외주 회사/뱅가드/24/#04/bg/VS8_04_094_GENZU.psd,48742_VS8_04_094_GENZU.psd,발송/외주 회사/뱅가드/24/#04/bg/VS8_04_094_GENZU.psd,발송/외주 회사/뱅가드/24/#04/bg,/Users/saintiron/Projects/Imagine/thumbnails/48742_VS8_04_094_GENZU_thumb.png,psd,,,Anime character sketch with overlaid text and design elements.,"[""anime"", ""sketch"", ""character"", ""design"", ""text"", ""overlay"", ""digital art"", ""line art""]",illustration,,,,unknown_legacy,parse_fallback_legacy,"pre-fix: psd-tools failed, fell back to thumbnail-only",,-6867161840083619760,1,"애니메이션 캐릭터 스케치이며, 겹쳐진 텍스트 및 디자인 요소이/가 보입니다.",애니풍 · 스케치 · 캐릭터 · 디자인 · 텍스트 · 오버레이 · 디지털 아트 · 선화,,,,,,,
metadata-quality-v1-0439,metadata-quality-v1,2026-05-10T00:00:00+09:00,20260510,439,content:f89c28cc6ea17d9210ba42780c909b03edbdb255ffa3dc539d789fd6d162940c,#3,ok,,57724,webdav://13730b09/예비/작품2/대마도학원35시험 소대/제작회사BG/#3/AT03_190A.psd,57724_AT03_190A.psd,예비/작품2/대마도학원35시험 소대/제작회사BG/#3/AT03_190A.psd,#3,/Users/saintiron/Projects/Imagine/thumbnails/57724_AT03_190A_thumb.png,psd,2338,1653,Interior scene with wooden lattice screen and beige wall paneling,"[""lattice screen"", ""wooden frame"", ""beige wall"", ""indoor"", ""traditional design"", ""furniture"", ""architecture"", ""screen""]",background,,,,Qwen/Qwen3.5-9B,,,f89c28cc6ea17d9210ba42780c909b03edbdb255ffa3dc539d789fd6d162940c,-8744030087273860608,1,"실내 장면이며, 나무 격자 화면 및 베이지색 벽 패널 마감이/가 보입니다.",격자 · 나무 · 베이지색 · 실내 · 전통적인 · 가구 · 건축 · 화면,,,,,,,
metadata-quality-v1-0440,metadata-quality-v1,2026-05-10T00:00:00+09:00,20260510,440,phash:-3544650807352832512,webdav:/13730b09/발송4/범선/작품 쫑/후시/장소/길드,legacy_warning,legacy_parse_or_caption_model,35203,webdav://13730b09/발송4/범선/작품 쫑/후시/장소/길드/nfb10_199_BGonly.psd,35203_nfb10_199_BGonly.psd,발송4/범선/작품 쫑/후시/장소/길드/nfb10_199_BGonly.psd,webdav:/13730b09/발송4/범선/작품 쫑/후시/장소/길드,/Users/saintiron/Projects/Imagine/thumbnails/35203_nfb10_199_BGonly_thumb.png,psd,,,"A green and gold emblem with crossed swords and winged creatures, set against a wooden door background.","[""logo"", ""anime"", ""emblem"", ""wooden_door"", ""green"", ""gold"", ""swords"", ""winged_creatures"", ""formal""]",logo,,,,unknown_legacy,parse_fallback_legacy,"pre-fix: psd-tools failed, fell back to thumbnail-only",,-3544650807352832512,1,"초록 및 금색 문장이며, 교차된 검 및 날개 달린 생물, 배경으로 한 나무 문 배경이/가 보입니다.",로고 · 애니풍 · 문장 · 나무 · 초록 · 금색 · 검 · 날개 달린 · 격식 있는,,,,,,,
metadata-quality-v1-0441,metadata-quality-v1,2026-05-10T00:00:00+09:00,20260510,441,phash:70009044739342336,webdav:/13730b09/발송작품/작품/Fate/sankouBG/보도,legacy_warning,legacy_parse_or_caption_model,46560,webdav://13730b09/발송작품/작품/Fate/sankouBG/보도/hokawasuu_board_027.psd,46560_hokawasuu_board_027.psd,발송작품/작품/Fate/sankouBG/보도/hokawasuu_board_027.psd,webdav:/13730b09/발송작품/작품/Fate/sankouBG/보도,/Users/saintiron/Projects/Imagine/thumbnails/46560_hokawasuu_board_027_thumb.png,psd,,,A winding road curves through a quiet town at sunset.,"[""road"", ""sunset"", ""trees"", ""guardrail"", ""buildings"", ""landscape"", ""anime"", ""digital art""]",background,,,,unknown_legacy,parse_fallback_legacy,"pre-fix: psd-tools failed, fell back to thumbnail-only",,70009044739342336,,구불구불한 도로 곡선 통해 조용한 마을 에서 일몰입니다.,도로 · 일몰 · 나무 · 가드레일 · 건물 · 풍경 · 애니풍 · 디지털 아트,,,,,,,
metadata-quality-v1-0442,metadata-quality-v1,2026-05-10T00:00:00+09:00,20260510,442,phash:-5135631128896431616,발송/외주 회사/뱅가드/24/#13/bg,legacy_warning,legacy_parse_or_caption_model,48488,webdav://13730b09/발송/외주 회사/뱅가드/24/#13/bg/VS6_13_321_GENZU.psd,48488_VS6_13_321_GENZU.psd,발송/외주 회사/뱅가드/24/#13/bg/VS6_13_321_GENZU.psd,발송/외주 회사/뱅가드/24/#13/bg,/Users/saintiron/Projects/Imagine/thumbnails/48488_VS6_13_321_GENZU_thumb.png,psd,,,"Anime character in a kitchen, overlaid with a schedule.","[""anime"", ""kitchen"", ""schedule"", ""character"", ""line art"", ""overlay"", ""side view"", ""white hair""]",illustration,,,,unknown_legacy,parse_fallback_legacy,"pre-fix: psd-tools failed, fell back to thumbnail-only",,-5135631128896431616,1,"애니메이션 캐릭터 안에 주방, 겹쳐진이며, 일정표이/가 보입니다.",애니풍 · 주방 · 일정표 · 캐릭터 · 선화 · 오버레이 · 측면 · 흰색,,,,,,,
metadata-quality-v1-0443,metadata-quality-v1,2026-05-10T00:00:00+09:00,20260510,443,phash:-6736636405309857280,webdav:/13730b09/발송4/범선/작품 쫑/후시/장소/실내들,legacy_warning,legacy_parse_or_caption_model,33180,webdav://13730b09/발송4/범선/작품 쫑/후시/장소/실내들/nfb03_117.psd,33180_nfb03_117.psd,발송4/범선/작품 쫑/후시/장소/실내들/nfb03_117.psd,webdav:/13730b09/발송4/범선/작품 쫑/후시/장소/실내들,/Users/saintiron/Projects/Imagine/thumbnails/33180_nfb03_117_thumb.png,psd,,,Anime-style illustration of ghostly figures against a blue-toned brick wall.,"[""anime"", ""ghostly"", ""brick wall"", ""blue tones"", ""mysterious"", ""silhouettes""]",illustration,,,,unknown_legacy,parse_fallback_legacy,"pre-fix: psd-tools failed, fell back to thumbnail-only",,-6736636405309857280,1,애니메이션풍 일러스트 의 유령 같은 인물 배경으로 푸른색 색조의 벽돌 벽입니다.,애니풍 · 유령 같은 · 벽돌 벽 · 푸른색 · 신비로운 · 실루엣,,,,,,,
metadata-quality-v1-0444,metadata-quality-v1,2026-05-10T00:00:00+09:00,20260510,444,phash:-5870773245105892832,webdav:/13730b09/발송/외주 회사/뱅가드/26/#10/bg,legacy_warning,legacy_parse_or_caption_model,47397,webdav://13730b09/발송/외주 회사/뱅가드/26/#10/bg/VS10_10_212_GENZU.psd,47397_VS10_10_212_GENZU.psd,webdav://13730b09/발송/외주 회사/뱅가드/26/#10/bg/VS10_10_212_GENZU.psd,webdav:/13730b09/발송/외주 회사/뱅가드/26/#10/bg,/Users/saintiron/Projects/Imagine/thumbnails/47397_VS10_10_212_GENZU_thumb.png,psd,,,"A mystical forest scene with a glowing, ethereal figure.","[""fantasy"", ""forest"", ""mystical"", ""glowing"", ""ethereal"", ""digital art"", ""nature"", ""magical""]",background,,,,unknown_legacy,parse_fallback_legacy,"pre-fix: psd-tools failed, fell back to thumbnail-only",,-5870773245105892832,,"신비로운 숲 장면이며, 빛나는, 몽환적인 인물이/가 보입니다.",판타지 · 숲 · 신비로운 · 빛나는 · 몽환적인 · 디지털 아트 · 자연 · 마법 같은,,,,,,,
metadata-quality-v1-0445,metadata-quality-v1,2026-05-10T00:00:00+09:00,20260510,445,phash:-801393443064720384,webdav:/13730b09/발송/범선/기절용사와 암살공주/장소/찾집.술집,legacy_warning,legacy_parse_or_caption_model,51944,webdav://13730b09/발송/범선/기절용사와 암살공주/장소/찾집.술집/kya03_039.psd,51944_kya03_039.psd,발송/범선/기절용사와 암살공주/장소/찾집.술집/kya03_039.psd,webdav:/13730b09/발송/범선/기절용사와 암살공주/장소/찾집.술집,/Users/saintiron/Projects/Imagine/thumbnails/51944_kya03_039_thumb.png,psd,,,A warmly lit bar interior with glowing shelves and two tables.,"[""bar"", ""shelves"", ""tables"", ""chairs"", ""lights"", ""wood paneling"", ""neon"", ""interior""]",background,,,,unknown_legacy,parse_fallback_legacy,"pre-fix: psd-tools failed, fell back to thumbnail-only",,-801393443064720384,1,"따뜻하게 조명된 바 실내이며, 빛나는 선반 및 두 테이블이/가 보입니다.",바 · 선반 · 테이블 · 의자 · 조명 · 나무 · 네온 · 실내,,,,,,,
metadata-quality-v1-0446,metadata-quality-v1,2026-05-10T00:00:00+09:00,20260510,446,phash:53659133996867760,webdav:/13730b09/예비/크랑베르무/장소/전투/3,legacy_warning,legacy_parse_or_caption_model,40452,webdav://13730b09/예비/크랑베르무/장소/전투/3/grb05_209.psd,40452_grb05_209.psd,예비/크랑베르무/장소/전투/3/grb05_209.psd,webdav:/13730b09/예비/크랑베르무/장소/전투/3,/Users/saintiron/Projects/Imagine/thumbnails/40452_grb05_209_thumb.png,psd,,,A breathtaking anime-style night scene featuring a starry sky with aurora-like light streaks above a rugged mountain valley.,"[""night sky"", ""mountain valley"", ""anime art"", ""starry sky"", ""aurora"", ""mystical landscape"", ""fantasy"", ""deep blue"", ""teal"", ""purple"", ""green"", ""serene"", ""awe-inspiring""]",illustration,,,,unknown_legacy,parse_fallback_legacy,"pre-fix: psd-tools failed, fell back to thumbnail-only",,53659133996867760,,"장엄한 애니메이션풍 밤 장면 포함하는 별이 있는 하늘이며, 오로라 같은 빛 줄기 위에 거친 산 계곡이/가 보입니다.",밤하늘 · 산 · 애니풍 · 별이 있는 하늘 · 오로라 · 신비로운 · 판타지 · 짙은 · 청록색 · 보라색 · 초록 · 고요한 · 장엄한,,,,,,,
metadata-quality-v1-0447,metadata-quality-v1,2026-05-10T00:00:00+09:00,20260510,447,content:e122ff97993c3ff976ae1bea92699811e237a4337249b21725cedf38df358551,0313-re,ok,,56857,webdav://13730b09/발송/외주 회사/빔 studio/귀인환등초/0313-re/KGS_01_379_R.psd,56857_KGS_01_379_R.psd,발송/외주 회사/빔 studio/귀인환등초/0313-re/KGS_01_379_R.psd,0313-re,/Users/saintiron/Projects/Imagine/thumbnails/56857_KGS_01_379_R_thumb.png,psd,2339,1653,Anime character in traditional robes stands in a dimly lit room.,"[""anime"", ""character"", ""robes"", ""room"", ""tatami"", ""wooden floor"", ""windows"", ""traditional""]",illustration,,,,Qwen/Qwen3.5-9B,,,e122ff97993c3ff976ae1bea92699811e237a4337249b21725cedf38df358551,-653324429768473600,455,애니메이션 캐릭터 안에 전통적인 로브 서 있음 안에 어둡게 조명된 방입니다.,애니풍 · 캐릭터 · 로브 · 방 · 다다미 · 나무 · 창문 · 전통적인,,,,,,,
metadata-quality-v1-0448,metadata-quality-v1,2026-05-10T00:00:00+09:00,20260510,448,phash:-5696788817695944704,webdav:/13730b09/발송/범선/기절용사와 암살공주/장소/유적지,legacy_warning,legacy_parse_or_caption_model,52477,webdav://13730b09/발송/범선/기절용사와 암살공주/장소/유적지/kya04_155.psd,52477_kya04_155.psd,발송/범선/기절용사와 암살공주/장소/유적지/kya04_155.psd,webdav:/13730b09/발송/범선/기절용사와 암살공주/장소/유적지,/Users/saintiron/Projects/Imagine/thumbnails/52477_kya04_155_thumb.png,psd,,,"Overlay of anime-style hair and eye on a textured, root-filled background.","[""anime"", ""hair"", ""eye"", ""roots"", ""overlay"", ""texture"", ""blue"", ""green""]",illustration,,,,unknown_legacy,parse_fallback_legacy,"pre-fix: psd-tools failed, fell back to thumbnail-only",,-5696788817695944704,1,"오버레이 의 애니메이션풍 머리카락 및 눈 위에 질감 있는, 뿌리로 가득한 배경입니다.",애니풍 · 머리카락 · 눈 · 뿌리 · 오버레이 · 질감 · 푸른색 · 초록,,,,,,,
metadata-quality-v1-0449,metadata-quality-v1,2026-05-10T00:00:00+09:00,20260510,449,phash:-4835489182650951679,webdav:/13730b09/발송4/범선/작품 쫑/후시/장소/길드,legacy_warning,legacy_parse_or_caption_model,35083,webdav://13730b09/발송4/범선/작품 쫑/후시/장소/길드/nfb06_031.psd,35083_nfb06_031.psd,발송4/범선/작품 쫑/후시/장소/길드/nfb06_031.psd,webdav:/13730b09/발송4/범선/작품 쫑/후시/장소/길드,/Users/saintiron/Projects/Imagine/thumbnails/35083_nfb06_031_thumb.png,psd,,,"A ghostly figure in a hooded cloak stands in a dimly lit wooden cabin, illuminated by candlelight and a window revealing a clear sky.","[""ghost"", ""anime"", ""wooden_cabin"", ""candlelight"", ""night"", ""ethereal"", ""indoor"", ""hooded_figure""]",background,indoor,,,unknown_legacy,parse_fallback_legacy,"pre-fix: psd-tools failed, fell back to thumbnail-only",,-4835489182650951679,,"유령 같은 인물 안에 후드 달린 망토 서 있음 안에 어둡게 조명된 나무 오두막, 빛을 받는 촛불 및 창문 드러내는 맑은 하늘입니다.",유령 · 애니풍 · 나무 · 촛불 · 밤 · 몽환적인 · 실내 · 후드를 쓴,,,,,,,
metadata-quality-v1-0450,metadata-quality-v1,2026-05-10T00:00:00+09:00,20260510,450,phash:-2821229528651217408,webdav:/13730b09/예비/크랑베르무/장소/전투/6,legacy_warning,legacy_parse_or_caption_model,39843,webdav://13730b09/예비/크랑베르무/장소/전투/6/grb12_228.psd,39843_grb12_228.psd,예비/크랑베르무/장소/전투/6/grb12_228.psd,webdav:/13730b09/예비/크랑베르무/장소/전투/6,/Users/saintiron/Projects/Imagine/thumbnails/39843_grb12_228_thumb.png,psd,,,A sketch of a hand reaching out against a textured background.,"[""sketch"", ""hand"", ""reaching"", ""texture"", ""background"", ""drawing"", ""lineart"", ""concept""]",illustration,,,,unknown_legacy,parse_fallback_legacy,"pre-fix: psd-tools failed, fell back to thumbnail-only",,-2821229528651217408,1,스케치 의 손 뻗은 배경으로 질감 있는 배경입니다.,스케치 · 손 · 뻗은 · 질감 · 배경 · 그림 · 선화 · 콘셉트,,,,,,,
metadata-quality-v1-0451,metadata-quality-v1,2026-05-10T00:00:00+09:00,20260510,451,phash:-2536405233363151360,webdav:/13730b09/예비/크랑베르무/장소/학교교실,legacy_warning,legacy_parse_or_caption_model,39140,webdav://13730b09/예비/크랑베르무/장소/학교교실/grb06_026.psd,39140_grb06_026.psd,예비/크랑베르무/장소/학교교실/grb06_026.psd,webdav:/13730b09/예비/크랑베르무/장소/학교교실,/Users/saintiron/Projects/Imagine/thumbnails/39140_grb06_026_thumb.png,psd,,,"Anime-style portrait of a girl with long hair, drawn on a windowpane, with sketch lines and color guidelines visible.","[""anime"", ""portrait"", ""window"", ""sketch"", ""illustration"", ""drawing"", ""girl"", ""long_hair"", ""cool_palette"", ""serene_mood""]",illustration,,,,unknown_legacy,parse_fallback_legacy,"pre-fix: psd-tools failed, fell back to thumbnail-only",,-2536405233363151360,,"긴 머리카락, 그려진 위에 창유리, 함께 스케치 선 및 색상 가이드라인 보이는이/가 보이는 소녀의 애니메이션풍 인물화입니다.",애니풍 · 인물화 · 창문 · 스케치 · 일러스트 · 그림 · 소녀 · 긴 머리카락 · 차가운 색감 · 고요한,,,,,,,
metadata-quality-v1-0452,metadata-quality-v1,2026-05-10T00:00:00+09:00,20260510,452,phash:-5557203677219325710,발송/외주 회사/뱅가드/25/#08/bg,legacy_warning,legacy_parse_or_caption_model,49430,webdav://13730b09/발송/외주 회사/뱅가드/25/#08/bg/VS9_08_319_GENZU.psd,49430_VS9_08_319_GENZU.psd,발송/외주 회사/뱅가드/25/#08/bg/VS9_08_319_GENZU.psd,발송/외주 회사/뱅가드/25/#08/bg,/Users/saintiron/Projects/Imagine/thumbnails/49430_VS9_08_319_GENZU_thumb.png,psd,,,"A joyful anime character dances amidst warm, glowing lights.","[""anime"", ""dancing"", ""lights"", ""joy"", ""character"", ""warm"", ""glowing"", ""festive""]",illustration,,,,unknown_legacy,parse_fallback_legacy,"pre-fix: psd-tools failed, fell back to thumbnail-only",,-5557203677219325710,,"즐거운 애니메이션 캐릭터 춤추는 사이에 따뜻한, 빛나는 조명입니다.",애니풍 · 춤추는 · 조명 · 기쁨 · 캐릭터 · 따뜻한 · 빛나는 · 축제 분위기의,,,,,,,
metadata-quality-v1-0453,metadata-quality-v1,2026-05-10T00:00:00+09:00,20260510,453,phash:-2241463661814170010,webdav:/13730b09/발송4/범선/작품 쫑/후시/장소/마을,legacy_warning,legacy_parse_or_caption_model,33502,webdav://13730b09/발송4/범선/작품 쫑/후시/장소/마을/nfb06_001_BGonly.psd,33502_nfb06_001_BGonly.psd,발송4/범선/작품 쫑/후시/장소/마을/nfb06_001_BGonly.psd,webdav:/13730b09/발송4/범선/작품 쫑/후시/장소/마을,/Users/saintiron/Projects/Imagine/thumbnails/33502_nfb06_001_BGonly_thumb.png,psd,,,"A tranquil medieval town square bathed in golden sunset light, featuring stone buildings, a central fountain, and distant mountains.","[""medieval"", ""town square"", ""anime art"", ""sunset"", ""stone buildings"", ""fountain"", ""mountains"", ""European village"", ""illustration""]",illustration,,,,unknown_legacy,parse_fallback_legacy,"pre-fix: psd-tools failed, fell back to thumbnail-only",,-2241463661814170010,,"고요한 중세풍 광장 물든 금빛 일몰 빛, 포함하는 석조 건물, 중앙의 분수, 및 멀리 보이는 산입니다.",중세풍 · 광장 · 애니풍 · 일몰 · 석조 건물 · 분수 · 산 · 유럽풍 마을 · 일러스트,2,2,,,,manual_review,2026-05-13T23:21:33
metadata-quality-v1-0454,metadata-quality-v1,2026-05-10T00:00:00+09:00,20260510,454,phash:-4991480756414795264,발송/외주 회사/뱅가드/26/#09/bg,legacy_warning,legacy_parse_or_caption_model,47571,webdav://13730b09/발송/외주 회사/뱅가드/26/#09/bg/VS10_09_336_GENZU.psd,47571_VS10_09_336_GENZU.psd,발송/외주 회사/뱅가드/26/#09/bg/VS10_09_336_GENZU.psd,발송/외주 회사/뱅가드/26/#09/bg,/Users/saintiron/Projects/Imagine/thumbnails/47571_VS10_09_336_GENZU_thumb.png,psd,,,A bright window with blue curtains and a view of green trees.,"[""window"", ""curtains"", ""trees"", ""sky"", ""anime"", ""blue"", ""green"", ""day""]",background,,,,unknown_legacy,parse_fallback_legacy,"pre-fix: psd-tools failed, fell back to thumbnail-only",,-4991480756414795264,1,"밝은 창문이며, 푸른색 커튼 및 풍경 의 초록 나무이/가 보입니다.",창문 · 커튼 · 나무 · 하늘 · 애니풍 · 푸른색 · 초록 · 낮,2,2,,,,manual_review,2026-05-13T23:36:52
metadata-quality-v1-0455,metadata-quality-v1,2026-05-10T00:00:00+09:00,20260510,455,phash:-2093414120514473270,발송/외주 회사/뱅가드/25/#03/bg,legacy_warning,legacy_parse_or_caption_model,49791,webdav://13730b09/발송/외주 회사/뱅가드/25/#03/bg/VS9_03_066_068_GENZU.psd,49791_VS9_03_066_068_GENZU.psd,발송/외주 회사/뱅가드/25/#03/bg/VS9_03_066_068_GENZU.psd,발송/외주 회사/뱅가드/25/#03/bg,/Users/saintiron/Projects/Imagine/thumbnails/49791_VS9_03_066_068_GENZU_thumb.png,psd,,,Anime character sketch with monochrome tones and digital overlay text.,"[""anime"", ""sketch"", ""monochrome"", ""digital art"", ""character design""]",illustration,,,,unknown_legacy,parse_fallback_legacy,"pre-fix: psd-tools failed, fell back to thumbnail-only",,-2093414120514473270,1,"애니메이션 캐릭터 스케치이며, 단색 색조 및 디지털 오버레이 텍스트이/가 보입니다.",애니풍 · 스케치 · 단색 · 디지털 아트 · 캐릭터,,,,,,,
metadata-quality-v1-0456,metadata-quality-v1,2026-05-10T00:00:00+09:00,20260510,456,content:545617e6a569a3441cdc1911af450f6e0a436920b8e2833827af2ff171c70ad5,#4,ok,,57460,webdav://13730b09/예비/작품2/대마도학원35시험 소대/제작회사BG/_4/#4/TM#04_006.psd,57460_TM#04_006.psd,예비/작품2/대마도학원35시험 소대/제작회사BG/_4/#4/TM#04_006.psd,#4,/Users/saintiron/Projects/Imagine/thumbnails/57460_TM#04_006_thumb.png,psd,1678,1193,Empty shelves with red and white stripes in a dimly lit room.,"[""shelves"", ""stripes"", ""red"", ""white"", ""wood"", ""dark"", ""interior""]",background,,,,Qwen/Qwen3.5-9B,,,545617e6a569a3441cdc1911af450f6e0a436920b8e2833827af2ff171c70ad5,-1952720956155585024,,"비어 있는 선반이며, 붉은 및 흰색 줄무늬 안에 어둡게 조명된 방이/가 보입니다.",선반 · 줄무늬 · 붉은 · 흰색 · 나무 · 어두운 · 실내,,,,,,,
metadata-quality-v1-0457,metadata-quality-v1,2026-05-10T00:00:00+09:00,20260510,457,phash:-7451037527443987968,발송/외주 회사/뱅가드/26/#08/bg,legacy_warning,legacy_parse_or_caption_model,47679,webdav://13730b09/발송/외주 회사/뱅가드/26/#08/bg/VS10_08_047_GENZU.psd,47679_VS10_08_047_GENZU.psd,발송/외주 회사/뱅가드/26/#08/bg/VS10_08_047_GENZU.psd,발송/외주 회사/뱅가드/26/#08/bg,/Users/saintiron/Projects/Imagine/thumbnails/47679_VS10_08_047_GENZU_thumb.png,psd,,,A ghostly anime boy's face fades behind a rusty metal railing.,"[""anime"", ""ghost"", ""railing"", ""sepia"", ""sketch"", ""portrait"", ""metal"", ""vintage""]",illustration,,,,unknown_legacy,parse_fallback_legacy,"pre-fix: psd-tools failed, fell back to thumbnail-only",,-7451037527443987968,1,유령 같은 애니풍 소년의 얼굴 희미해지는 뒤 녹슨 금속 난간입니다.,애니풍 · 유령 · 난간 · 세피아 · 스케치 · 인물화 · 금속 · 빈티지,,,,,,,
metadata-quality-v1-0458,metadata-quality-v1,2026-05-10T00:00:00+09:00,20260510,458,phash:-8103158243443423744,webdav:/13730b09/발송4/범선/작품 쫑/후시/장소/늪지대,legacy_warning,legacy_parse_or_caption_model,34953,webdav://13730b09/발송4/범선/작품 쫑/후시/장소/늪지대/nfb09_228.psd,34953_nfb09_228.psd,발송4/범선/작품 쫑/후시/장소/늪지대/nfb09_228.psd,webdav:/13730b09/발송4/범선/작품 쫑/후시/장소/늪지대,/Users/saintiron/Projects/Imagine/thumbnails/34953_nfb09_228_thumb.png,psd,,,"A ghostly figure in a hooded cloak stands amidst a misty, barren forest with twisted trees, rendered in sketch style.","[""landscape"", ""ghost"", ""forest"", ""sketch"", ""monochrome"", ""dark"", ""mysterious""]",illustration,,,,unknown_legacy,parse_fallback_legacy,"pre-fix: psd-tools failed, fell back to thumbnail-only",,-8103158243443423744,,"유령 같은 인물 안에 후드 달린 망토 서 있음 사이에 안개 낀, 황량한 숲이며, 뒤틀린 나무, 표현된 스케치 스타일이/가 보입니다.",풍경 · 유령 · 숲 · 스케치 · 단색 · 어두운 · 신비로운,,,,,,,
metadata-quality-v1-0459,metadata-quality-v1,2026-05-10T00:00:00+09:00,20260510,459,phash:-6004172884612578816,webdav:/13730b09/발송4/범선/작품 쫑/후시/장소/마을,legacy_warning,legacy_parse_or_caption_model,33431,webdav://13730b09/발송4/범선/작품 쫑/후시/장소/마을/nfb03_055_BGonly.psd,33431_nfb03_055_BGonly.psd,발송4/범선/작품 쫑/후시/장소/마을/nfb03_055_BGonly.psd,webdav:/13730b09/발송4/범선/작품 쫑/후시/장소/마을,/Users/saintiron/Projects/Imagine/thumbnails/33431_nfb03_055_BGonly_thumb.png,psd,,,"Anime-style illustration of a stone archway with military prison inscription, set against rocky cliffs under a clear blue sky.","[""anime"", ""stone_archway"", ""military_prison"", ""rocky_cliffs"", ""blue_sky"", ""green_trees"", ""architectural_detail""]",illustration,,,,unknown_legacy,parse_fallback_legacy,"pre-fix: psd-tools failed, fell back to thumbnail-only",,-6004172884612578816,,"군사적인 감옥 글귀, 배경으로 한 바위가 많은 절벽 아래 맑은 푸른 하늘이/가 보이는 돌 아치형 통로의 애니메이션풍 일러스트입니다.",애니풍 · 돌 · 군사적인 · 바위가 많은 · 푸른 하늘 · 초록 · 건축적인,2,2,,,,manual_review,2026-05-13T23:36:43
metadata-quality-v1-0460,metadata-quality-v1,2026-05-10T00:00:00+09:00,20260510,460,phash:-2240289161736585086,발송4/범선/종말투어링/#07/bg,legacy_warning,legacy_parse_or_caption_model,32494,webdav://13730b09/발송4/범선/종말투어링/#07/bg/syt07_205.psd,32494_syt07_205.psd,발송4/범선/종말투어링/#07/bg/syt07_205.psd,발송4/범선/종말투어링/#07/bg,/Users/saintiron/Projects/Imagine/thumbnails/32494_syt07_205_thumb.png,psd,,,"A nighttime rural scene with grass and stone ground, overlaid with sketch lines and annotations, suggesting a concept art or storyboard draft.","[""anime"", ""night"", ""rural"", ""concept_art"", ""sketch_overlay"", ""melancholic"", ""cool_palette""]",background,rural,,,unknown_legacy,parse_fallback_legacy,"pre-fix: psd-tools failed, fell back to thumbnail-only",,-2240289161736585086,,"밤 시골 장면이며, 풀 및 돌바닥, 겹쳐진 함께 스케치 선 및 주석, 암시하는 콘셉트 아트 또는 스토리보드 초안이/가 보입니다.",애니풍 · 밤 · 시골 · 콘셉트 아트 · 스케치 오버레이 · 쓸쓸한 · 차가운 색감,,,,,,,
metadata-quality-v1-0461,metadata-quality-v1,2026-05-10T00:00:00+09:00,20260510,461,phash:-1515240509922555904,webdav:/13730b09/발송작품/작품/Fate/BG.참고,legacy_warning,legacy_parse_or_caption_model,46651,webdav://13730b09/발송작품/작품/Fate/BG.참고/FN14_129_T1.psd,46651_FN14_129_T1.psd,발송작품/작품/Fate/BG.참고/FN14_129_T1.psd,webdav:/13730b09/발송작품/작품/Fate/BG.참고,/Users/saintiron/Projects/Imagine/thumbnails/46651_FN14_129_T1_thumb.png,psd,,,A man in a suit stands with arms crossed in a dimly lit room.,"[""anime"", ""character"", ""suit"", ""blue"", ""dark"", ""indoor"", ""serious"", ""crossed arms""]",illustration,,,,unknown_legacy,parse_fallback_legacy,"pre-fix: psd-tools failed, fell back to thumbnail-only",,-1515240509922555904,1,"남성 안에 정장 서 있음이며, 팔 교차된 안에 어둡게 조명된 방이/가 보입니다.",애니풍 · 캐릭터 · 정장 · 푸른색 · 어두운 · 실내 · 진지한 · 교차된,,,,,,,
metadata-quality-v1-0462,metadata-quality-v1,2026-05-10T00:00:00+09:00,20260510,462,content:6c89cd0594db80bd7ad9e64fb482940f4aeb3c1dd74f33d9c5893cf7eed57803,택처,ok,,57341,webdav://13730b09/예비/작품2/대마도학원35시험 소대/택처/T_7.psd,57341_T_7.psd,예비/작품2/대마도학원35시험 소대/택처/T_7.psd,택처,/Users/saintiron/Projects/Imagine/thumbnails/57341_T_7_thumb.png,psd,2700,2045,"Abstract textured surface with mottled gray, white, and brown tones.","[""texture"", ""abstract"", ""grunge"", ""concrete"", ""noise"", ""grain"", ""pattern"", ""surface""]",texture,,,,Qwen/Qwen3.5-9B,,,6c89cd0594db80bd7ad9e64fb482940f4aeb3c1dd74f33d9c5893cf7eed57803,1806822145641893751,,"추상적인 질감 있는 표면이며, 얼룩덜룩한 회색, 흰색, 및 갈색 톤이/가 보입니다.",질감 · 추상적인 · 거친 질감 · 콘크리트 · 노이즈 · 나뭇결 · 무늬 · 표면,,,,,,,
metadata-quality-v1-0463,metadata-quality-v1,2026-05-10T00:00:00+09:00,20260510,463,phash:-1103121407316014080,발송/외주 회사/뱅가드/26/#05/bg,legacy_warning,legacy_parse_or_caption_model,47994,webdav://13730b09/발송/외주 회사/뱅가드/26/#05/bg/VS10_05_095_GENZU.psd,47994_VS10_05_095_GENZU.psd,발송/외주 회사/뱅가드/26/#05/bg/VS10_05_095_GENZU.psd,발송/외주 회사/뱅가드/26/#05/bg,/Users/saintiron/Projects/Imagine/thumbnails/47994_VS10_05_095_GENZU_thumb.png,psd,,,Six characters stand under a rose-covered archway in a dreamlike garden.,"[""anime"", ""garden"", ""roses"", ""archway"", ""group"", ""fantasy"", ""portrait"", ""overlay""]",illustration,,,,unknown_legacy,parse_fallback_legacy,"pre-fix: psd-tools failed, fell back to thumbnail-only",,-1103121407316014080,434,여섯 캐릭터 서 있음 아래 장미로 덮인 아치형 통로 안에 몽환적인 정원입니다.,애니풍 · 정원 · 장미 · 아치형 통로 · 무리 · 판타지 · 인물화 · 오버레이,,,,,,,
metadata-quality-v1-0464,metadata-quality-v1,2026-05-10T00:00:00+09:00,20260510,464,phash:-800263703423098880,webdav:/13730b09/발송/범선/기절용사와 암살공주/#08/bg,legacy_warning,legacy_parse_or_caption_model,51337,webdav://13730b09/발송/범선/기절용사와 암살공주/#08/bg/kya08_273_275_e.psd,51337_kya08_273_275_e.psd,발송/범선/기절용사와 암살공주/#08/bg/kya08_273_275_e.psd,webdav:/13730b09/발송/범선/기절용사와 암살공주/#08/bg,/Users/saintiron/Projects/Imagine/thumbnails/51337_kya08_273_275_e_thumb.png,psd,,,A medieval-style town square at night with glowing windows and a ghostly overlay.,"[""medieval"", ""night"", ""town square"", ""ghostly overlay"", ""glowing windows"", ""stone buildings"", ""flower boxes"", ""barrels""]",illustration,,,,unknown_legacy,parse_fallback_legacy,"pre-fix: psd-tools failed, fell back to thumbnail-only",,-800263703423098880,,"중세풍-스타일 광장 밤에이며, 빛나는 창문 및 유령 같은 오버레이이/가 보입니다.",중세풍 · 밤 · 광장 · 유령 같은 · 빛나는 창문 · 석조 건물 · 꽃 · 통,,,,,,,
metadata-quality-v1-0465,metadata-quality-v1,2026-05-10T00:00:00+09:00,20260510,465,phash:-1663828356176377344,webdav:/13730b09/예비/크랑베르무/장소/스페인,legacy_warning,legacy_parse_or_caption_model,41466,webdav://13730b09/예비/크랑베르무/장소/스페인/grb06_052.psd,41466_grb06_052.psd,예비/크랑베르무/장소/스페인/grb06_052.psd,webdav:/13730b09/예비/크랑베르무/장소/스페인,/Users/saintiron/Projects/Imagine/thumbnails/41466_grb06_052_thumb.png,psd,,,"A ghostly anime girl stands in a desolate, stormy landscape.","[""anime"", ""ghost"", ""desert"", ""storm"", ""sad"", ""overlay"", ""sketch"", ""anime""]",illustration,,,,unknown_legacy,parse_fallback_legacy,"pre-fix: psd-tools failed, fell back to thumbnail-only",,-1663828356176377344,1,"유령 같은 애니풍 소녀 서 있음 안에 황량한, 폭풍우 치는 풍경입니다.",애니풍 · 유령 · 사막 · 폭풍 · 슬픈 · 오버레이 · 스케치,,,,,,,
metadata-quality-v1-0466,metadata-quality-v1,2026-05-10T00:00:00+09:00,20260510,466,phash:-1668389173595160576,webdav:/13730b09/예비/크랑베르무/장소/만게츠의 절,legacy_warning,legacy_parse_or_caption_model,41745,webdav://13730b09/예비/크랑베르무/장소/만게츠의 절/grb03_187.psd,41745_grb03_187.psd,예비/크랑베르무/장소/만게츠의 절/grb03_187.psd,webdav:/13730b09/예비/크랑베르무/장소/만게츠의 절,/Users/saintiron/Projects/Imagine/thumbnails/41745_grb03_187_thumb.png,psd,,,"A young girl with white hair and a bow looks up at a purple and pink sky, appearing sad.","[""anime"", ""female"", ""teen"", ""sad"", ""purple sky"", ""white hair"", ""bow"", ""background""]",character,,,,unknown_legacy,parse_fallback_legacy,"pre-fix: psd-tools failed, fell back to thumbnail-only",,-1668389173595160576,414,"젊은 소녀이며, 흰색 머리카락 및 활 바라보는 위쪽 에서 보라색 및 분홍색 하늘, 나타나는 슬픈이/가 보입니다.",애니풍 · 여성 · 십대 · 슬픈 · 보라색 · 흰색 · 활 · 배경,,,,,,,
metadata-quality-v1-0467,metadata-quality-v1,2026-05-10T00:00:00+09:00,20260510,467,phash:-7583275696258636208,발송/외주 회사/뱅가드/25/#11/bg,legacy_warning,legacy_parse_or_caption_model,49211,webdav://13730b09/발송/외주 회사/뱅가드/25/#11/bg/VS9_11_371_GENZU.psd,49211_VS9_11_371_GENZU.psd,발송/외주 회사/뱅가드/25/#11/bg/VS9_11_371_GENZU.psd,발송/외주 회사/뱅가드/25/#11/bg,/Users/saintiron/Projects/Imagine/thumbnails/49211_VS9_11_371_GENZU_thumb.png,psd,,,Anime-style character overlay on a modern building under a blue sky.,"[""anime"", ""sky"", ""building"", ""overlay"", ""blue"", ""white"", ""green"", ""urban""]",illustration,,,,unknown_legacy,parse_fallback_legacy,"pre-fix: psd-tools failed, fell back to thumbnail-only",,-7583275696258636208,,애니메이션풍 캐릭터 오버레이 위에 현대적인 건물 아래 푸른 하늘입니다.,애니풍 · 하늘 · 건물 · 오버레이 · 푸른색 · 흰색 · 초록 · 도시의,,,,,,,
metadata-quality-v1-0468,metadata-quality-v1,2026-05-10T00:00:00+09:00,20260510,468,phash:-3535678964403736444,webdav:/13730b09/예비/크랑베르무/장소/마을,legacy_warning,legacy_parse_or_caption_model,41990,webdav://13730b09/예비/크랑베르무/장소/마을/grb10_204_206.psd,41990_grb10_204_206.psd,예비/크랑베르무/장소/마을/grb10_204_206.psd,webdav:/13730b09/예비/크랑베르무/장소/마을,/Users/saintiron/Projects/Imagine/thumbnails/41990_grb10_204_206_thumb.png,psd,,,A hand holds a phone against a green wall with a tiled floor.,"[""anime"", ""hand"", ""phone"", ""wall"", ""floor"", ""green"", ""tiled"", ""digital""]",illustration,,,,unknown_legacy,parse_fallback_legacy,"pre-fix: psd-tools failed, fell back to thumbnail-only",,-3535678964403736444,,"손 들고 있는 전화기 배경으로 초록 벽이며, 타일로 된 바닥이/가 보입니다.",애니풍 · 손 · 전화기 · 벽 · 바닥 · 초록 · 타일로 된 · 디지털,,,,,,,
metadata-quality-v1-0469,metadata-quality-v1,2026-05-10T00:00:00+09:00,20260510,469,phash:-3691609272607379368,발송/외주 회사/뱅가드/26/#01/bg,legacy_warning,legacy_parse_or_caption_model,48461,webdav://13730b09/발송/외주 회사/뱅가드/26/#01/bg/VS10_01_212A_GENZU.psd,48461_VS10_01_212A_GENZU.psd,발송/외주 회사/뱅가드/26/#01/bg/VS10_01_212A_GENZU.psd,발송/외주 회사/뱅가드/26/#01/bg,/Users/saintiron/Projects/Imagine/thumbnails/48461_VS10_01_212A_GENZU_thumb.png,psd,,,A semi-transparent anime character overlaying a dark garden scene.,"[""anime"", ""overlay"", ""garden"", ""night"", ""transparency"", ""character"", ""dark"", ""nature""]",illustration,,,,unknown_legacy,parse_fallback_legacy,"pre-fix: psd-tools failed, fell back to thumbnail-only",,-3691609272607379368,,반투명한 애니메이션 캐릭터 겹쳐진 어두운 정원 장면입니다.,애니풍 · 오버레이 · 정원 · 밤 · 투명감 · 캐릭터 · 어두운 · 자연,,,,,,,
metadata-quality-v1-0470,metadata-quality-v1,2026-05-10T00:00:00+09:00,20260510,470,phash:3576639636462162120,webdav:/13730b09/예비/크랑베르무/장소/전투/3,legacy_warning,legacy_parse_or_caption_model,40433,webdav://13730b09/예비/크랑베르무/장소/전투/3/grb05_175_225.psd,40433_grb05_175_225.psd,예비/크랑베르무/장소/전투/3/grb05_175_225.psd,webdav:/13730b09/예비/크랑베르무/장소/전투/3,/Users/saintiron/Projects/Imagine/thumbnails/40433_grb05_175_225_thumb.png,psd,,,A mystical landscape with towering mountains silhouetted against a glowing green moon in a starry sky.,"[""mountains"", ""green moon"", ""anime"", ""mystical"", ""night sky"", ""stars"", ""fantasy landscape""]",illustration,,,,unknown_legacy,parse_fallback_legacy,"pre-fix: psd-tools failed, fell back to thumbnail-only",,3576639636462162120,,"신비로운 풍경이며, 높이 솟은 산 실루엣으로 보이는 배경으로 빛나는 초록 달 안에 별이 있는 하늘이/가 보입니다.",산 · 초록 · 애니풍 · 신비로운 · 밤하늘 · 별 · 판타지 풍경,2,2,,,,manual_review,2026-05-13T23:25:07
metadata-quality-v1-0471,metadata-quality-v1,2026-05-10T00:00:00+09:00,20260510,471,phash:-1375037161589252096,webdav:/13730b09/발송/범선/사카모토/bg,legacy_warning,legacy_parse_or_caption_model,38726,webdav://13730b09/발송/범선/사카모토/bg/SD_19_161_genzu_b.psd,38726_SD_19_161_genzu_b.psd,발송/범선/사카모토/bg/SD_19_161_genzu_b.psd,webdav:/13730b09/발송/범선/사카모토/bg,/Users/saintiron/Projects/Imagine/thumbnails/38726_SD_19_161_genzu_b_thumb.png,psd,,,Anime-style landscape with a cliffside and a semi-transparent figure superimposed over the scene.,"[""landscape"", ""anime"", ""cliff"", ""semi_transparent_figure"", ""nature"", ""green_forest"", ""mountains"", ""serene_mood""]",illustration,,,,unknown_legacy,parse_fallback_legacy,"pre-fix: psd-tools failed, fell back to thumbnail-only",,-1375037161589252096,,"애니메이션풍 풍경이며, 절벽가 및 반투명한 인물 위에 겹쳐진 장면이/가 보입니다.",풍경 · 애니풍 · 절벽 · 투명한 · 자연 · 초록 · 산 · 고요한,,,,,,,
metadata-quality-v1-0472,metadata-quality-v1,2026-05-10T00:00:00+09:00,20260510,472,phash:-6151733786163900928,webdav:/13730b09/발송/범선/기절용사와 암살공주/#12/bg,legacy_warning,legacy_parse_or_caption_model,50514,webdav://13730b09/발송/범선/기절용사와 암살공주/#12/bg/kya12_008A.psd,50514_kya12_008A.psd,발송/범선/기절용사와 암살공주/#12/bg/kya12_008A.psd,webdav:/13730b09/발송/범선/기절용사와 암살공주/#12/bg,/Users/saintiron/Projects/Imagine/thumbnails/50514_kya12_008A_thumb.png,psd,,,A white ghostly figure stands on a wall against a misty mountain backdrop.,"[""ghost"", ""wall"", ""mountains"", ""gate"", ""trees"", ""fog"", ""silhouette"", ""anime""]",illustration,,,,unknown_legacy,parse_fallback_legacy,"pre-fix: psd-tools failed, fell back to thumbnail-only",,-6151733786163900928,,흰색 유령 같은 인물 서 있음 위에 벽 배경으로 안개 낀 산 배경입니다.,유령 · 벽 · 산 · 문 · 나무 · 안개 · 실루엣 · 애니풍,,,,,,,
metadata-quality-v1-0473,metadata-quality-v1,2026-05-10T00:00:00+09:00,20260510,473,phash:-2094469910385740288,webdav:/13730b09/예비/크랑베르무/장소/신게츠의집,legacy_warning,legacy_parse_or_caption_model,41419,webdav://13730b09/예비/크랑베르무/장소/신게츠의집/grb02_010.psd,41419_grb02_010.psd,예비/크랑베르무/장소/신게츠의집/grb02_010.psd,webdav:/13730b09/예비/크랑베르무/장소/신게츠의집,/Users/saintiron/Projects/Imagine/thumbnails/41419_grb02_010_thumb.png,psd,,,"Anime character sitting on bed with sunlight through curtains, annotated storyboard sketch","[""anime"", ""storyboard"", ""bed"", ""character"", ""sunlight"", ""curtains"", ""blue"", ""white"", ""quiet"", ""serene"", ""annotated"", ""new moon""]",illustration,,,,unknown_legacy,parse_fallback_legacy,"pre-fix: psd-tools failed, fell back to thumbnail-only",,-2094469910385740288,1,"애니메이션 캐릭터 앉아 있는 위에 침대이며, 햇빛 통해 커튼, 주석이 달린 스토리보드 스케치이/가 보입니다.",애니풍 · 스토리보드 · 침대 · 캐릭터 · 햇빛 · 커튼 · 푸른색 · 흰색 · 조용한 · 고요한 · 주석이 달린 · 달,,,,,,,
metadata-quality-v1-0474,metadata-quality-v1,2026-05-10T00:00:00+09:00,20260510,474,phash:-6872267731598409088,발송/외주 회사/뱅가드/25/#10/bg,legacy_warning,legacy_parse_or_caption_model,49227,webdav://13730b09/발송/외주 회사/뱅가드/25/#10/bg/VS9_10_059_LO_GENZU.psd,49227_VS9_10_059_LO_GENZU.psd,발송/외주 회사/뱅가드/25/#10/bg/VS9_10_059_LO_GENZU.psd,발송/외주 회사/뱅가드/25/#10/bg,/Users/saintiron/Projects/Imagine/thumbnails/49227_VS9_10_059_LO_GENZU_thumb.png,psd,,,A grayscale anime-style close-up of a character's face with closed eyes.,"[""anime"", ""close-up"", ""grayscale"", ""face"", ""eyes"", ""character"", ""sketch"", ""monochrome""]",illustration,,,,unknown_legacy,parse_fallback_legacy,"pre-fix: psd-tools failed, fell back to thumbnail-only",,-6872267731598409088,,감은 눈이/가 보이는 캐릭터의 얼굴의 회색조 애니메이션풍 클로즈업입니다.,애니풍 · 클로즈업 · 회색조 · 얼굴 · 눈 · 캐릭터 · 스케치 · 단색,,,,,,,
metadata-quality-v1-0475,metadata-quality-v1,2026-05-10T00:00:00+09:00,20260510,475,phash:-6580704006059404594,webdav:/13730b09/예비/크랑베르무/장소/성안,legacy_warning,legacy_parse_or_caption_model,41520,webdav://13730b09/예비/크랑베르무/장소/성안/grb13_294_BG2.psd,41520_grb13_294_BG2.psd,예비/크랑베르무/장소/성안/grb13_294_BG2.psd,webdav:/13730b09/예비/크랑베르무/장소/성안,/Users/saintiron/Projects/Imagine/thumbnails/41520_grb13_294_BG2_thumb.png,psd,,,"A lone figure stands in a grand, red-lit hall with a table and large basin.","[""anime"", ""interior"", ""red"", ""light"", ""architecture"", ""solitary"", ""fantasy"", ""dramatic""]",background,,,,unknown_legacy,parse_fallback_legacy,"pre-fix: psd-tools failed, fell back to thumbnail-only",,-6580704006059404594,,"웅장한, 붉은-조명된 홀 안에 홀로 있는 인물이 서 있고, 테이블 및 큰 대야이/가 보입니다.",애니풍 · 실내 · 붉은 · 빛 · 건축 · 홀로 있는 · 판타지 · 극적인,,,,,,,
metadata-quality-v1-0476,metadata-quality-v1,2026-05-10T00:00:00+09:00,20260510,476,phash:-6589739378691891570,webdav:/13730b09/발송/범선/기절용사와 암살공주/#12/bg,legacy_warning,legacy_parse_or_caption_model,50507,webdav://13730b09/발송/범선/기절용사와 암살공주/#12/bg/kya12_294.psd,50507_kya12_294.psd,발송/범선/기절용사와 암살공주/#12/bg/kya12_294.psd,webdav:/13730b09/발송/범선/기절용사와 암살공주/#12/bg,/Users/saintiron/Projects/Imagine/thumbnails/50507_kya12_294_thumb.png,psd,,,Anime-style character sketch with glowing orbs and sparkles in a dreamy pink background.,"[""anime character"", ""glowing orbs"", ""sparkles"", ""pink background"", ""sketch lines"", ""dreamy atmosphere"", ""character design""]",illustration,,,,unknown_legacy,parse_fallback_legacy,"pre-fix: psd-tools failed, fell back to thumbnail-only",,-6589739378691891570,,"애니메이션풍 캐릭터 스케치이며, 빛나는 구체 및 반짝임 안에 몽환적인 분홍색 배경이/가 보입니다.",애니메이션 캐릭터 · 빛나는 · 반짝임 · 분홍색 · 스케치 선 · 몽환적인 · 캐릭터,,,,,,,
metadata-quality-v1-0477,metadata-quality-v1,2026-05-10T00:00:00+09:00,20260510,477,phash:-4990336988368168192,webdav:/13730b09/예비/크랑베르무/장소/학교,legacy_warning,legacy_parse_or_caption_model,39321,webdav://13730b09/예비/크랑베르무/장소/학교/grb10_257.psd,39321_grb10_257.psd,예비/크랑베르무/장소/학교/grb10_257.psd,webdav:/13730b09/예비/크랑베르무/장소/학교,/Users/saintiron/Projects/Imagine/thumbnails/39321_grb10_257_thumb.png,psd,,,"An anime-style illustration showing a character lying on the floor, with a leg and shoe nearby, suggesting a moment of impact or defeat.","[""anime"", ""action_scene"", ""dark_mood"", ""floor"", ""character"", ""lying_down"", ""shoe"", ""foot"", ""illustration""]",illustration,,,,unknown_legacy,parse_fallback_legacy,"pre-fix: psd-tools failed, fell back to thumbnail-only",,-4990336988368168192,,"애니메이션풍 일러스트 보여주는 캐릭터 누워 있는 위에 바닥,이며, 다리 및 신발 근처, 암시하는 순간 의 충격 또는 패배이/가 보입니다.",애니풍 · 동작감 · 어두운 · 바닥 · 캐릭터 · 누워 있는 · 신발 · 발 · 일러스트,,,,,,,
metadata-quality-v1-0478,metadata-quality-v1,2026-05-10T00:00:00+09:00,20260510,478,phash:-7860220685396816384,webdav:/13730b09/예비/크랑베르무/장소/신사,legacy_warning,legacy_parse_or_caption_model,41289,webdav://13730b09/예비/크랑베르무/장소/신사/grb07_036.psd,41289_grb07_036.psd,예비/크랑베르무/장소/신사/grb07_036.psd,webdav:/13730b09/예비/크랑베르무/장소/신사,/Users/saintiron/Projects/Imagine/thumbnails/41289_grb07_036_thumb.png,psd,,,"Anime-style sunset over a body of water with distant mountains and a city skyline, bathed in warm orange and yellow hues.","[""sunset"", ""water"", ""mountains"", ""city"", ""anime"", ""orange"", ""yellow"", ""tranquil"", ""grb07_036""]",illustration,,,,unknown_legacy,parse_fallback_legacy,"pre-fix: psd-tools failed, fell back to thumbnail-only",,-7860220685396816384,,"멀리 보이는 산 및 도시 스카이라인, 물든 따뜻한 주황색 및 노란색 색조이/가 보이는 물의 애니메이션풍 일몰 위에 몸입니다.",일몰 · 물 · 산 · 도시 · 애니풍 · 주황색 · 노란색 · 고요한,,,,,,,
metadata-quality-v1-0479,metadata-quality-v1,2026-05-10T00:00:00+09:00,20260510,479,content:10f51189e77fcf4832d04ad117ec82efbe0b4d4556d0a2a7e025afdad1526094,#3,ok,,57768,webdav://13730b09/예비/작품2/대마도학원35시험 소대/제작회사BG/#3/AT03_240.psd,57768_AT03_240.psd,예비/작품2/대마도학원35시험 소대/제작회사BG/#3/AT03_240.psd,#3,/Users/saintiron/Projects/Imagine/thumbnails/57768_AT03_240_thumb.png,psd,1679,1162,A dome with a translucent figure and wooden structure inside.,"[""dome"", ""figure"", ""wooden structure"", ""windows"", ""crowd"", ""translucent"", ""architecture""]",illustration,,,,Qwen/Qwen3.5-9B,,,10f51189e77fcf4832d04ad117ec82efbe0b4d4556d0a2a7e025afdad1526094,-5570193041199681024,1,"돔이며, 반투명한 인물 및 나무 구조물 안쪽이/가 보입니다.",돔 · 인물 · 나무 · 창문 · 군중 · 반투명한 · 건축,,,,,,,
metadata-quality-v1-0480,metadata-quality-v1,2026-05-10T00:00:00+09:00,20260510,480,phash:-3391031631026541056,webdav:/13730b09/예비/크랑베르무/장소/신사,legacy_warning,legacy_parse_or_caption_model,41346,webdav://13730b09/예비/크랑베르무/장소/신사/grb02_067_073_100_R.psd,41346_grb02_067_073_100_R.psd,예비/크랑베르무/장소/신사/grb02_067_073_100_R.psd,webdav:/13730b09/예비/크랑베르무/장소/신사,/Users/saintiron/Projects/Imagine/thumbnails/41346_grb02_067_073_100_R_thumb.png,psd,,,"A red torii gate stands in the middle of a vast blue lake, with ghostly figures reflected in the water. Stone lanterns flank the foreground, and green mountains rise in the distance under a bright blue sky.","[""anime"", ""torii"", ""water"", ""ghost"", ""lantern"", ""mountain"", ""blue sky"", ""reflection"", ""spirit"", ""japanese"", ""serene""]",illustration,,,,unknown_legacy,parse_fallback_legacy,"pre-fix: psd-tools failed, fell back to thumbnail-only",,-3391031631026541056,1,"가운데 의 광활한 푸른색 호수, 안에 붉은 도리이 문이 서 있고, 유령 같은 인물 비친 안에 물. 돌 등불 측면 전경, 및 초록 산 솟아오름 안에 거리 아래 밝은 푸른 하늘이/가 보입니다.",애니풍 · 도리이 · 물 · 유령 · 등불 · 산 · 푸른 하늘 · 반사 · 영혼 · 일본식 · 고요한,,,,,,,
metadata-quality-v1-0481,metadata-quality-v1,2026-05-10T00:00:00+09:00,20260510,481,phash:-8463780231794991104,webdav:/13730b09/발송/범선/기절용사와 암살공주/#07/bg,legacy_warning,legacy_parse_or_caption_model,51616,webdav://13730b09/발송/범선/기절용사와 암살공주/#07/bg/kya07_197.psd,51616_kya07_197.psd,발송/범선/기절용사와 암살공주/#07/bg/kya07_197.psd,webdav:/13730b09/발송/범선/기절용사와 암살공주/#07/bg,/Users/saintiron/Projects/Imagine/thumbnails/51616_kya07_197_thumb.png,psd,,,A long wooden table with chairs in a warmly lit room.,"[""table"", ""chairs"", ""candles"", ""rug"", ""wall"", ""doorway"", ""ghost"", ""flowers""]",background,,,,unknown_legacy,parse_fallback_legacy,"pre-fix: psd-tools failed, fell back to thumbnail-only",,-8463780231794991104,,"긴 나무 테이블이며, 의자 안에 따뜻하게 조명된 방이/가 보입니다.",테이블 · 의자 · 양초 · 러그 · 벽 · 출입구 · 유령 · 꽃,2,2,,,,manual_review,2026-05-13T23:27:33
metadata-quality-v1-0482,metadata-quality-v1,2026-05-10T00:00:00+09:00,20260510,482,phash:3528812655344129668,발송/외주 회사/뱅가드/26/#09/bg,legacy_warning,legacy_parse_or_caption_model,47540,webdav://13730b09/발송/외주 회사/뱅가드/26/#09/bg/VS10_09_275_GENZU.psd,47540_VS10_09_275_GENZU.psd,발송/외주 회사/뱅가드/26/#09/bg/VS10_09_275_GENZU.psd,발송/외주 회사/뱅가드/26/#09/bg,/Users/saintiron/Projects/Imagine/thumbnails/47540_VS10_09_275_GENZU_thumb.png,psd,,,A futuristic robot stands against a starry space background.,"[""robot"", ""space"", ""sci-fi"", ""futuristic"", ""animation"", ""blue"", ""red"", ""white""]",illustration,,,,unknown_legacy,parse_fallback_legacy,"pre-fix: psd-tools failed, fell back to thumbnail-only",,3528812655344129668,,미래적인 로봇 서 있음 배경으로 별이 있는 우주 배경입니다.,로봇 · 우주 · 공상과학 · 미래적인 · 애니메이션 · 푸른색 · 붉은 · 흰색,,,,,,,
metadata-quality-v1-0483,metadata-quality-v1,2026-05-10T00:00:00+09:00,20260510,483,phash:-3827248696158498226,webdav:/13730b09/발송작품/작품/Fate/BG.참고,legacy_warning,legacy_parse_or_caption_model,46708,webdav://13730b09/발송작품/작품/Fate/BG.참고/fn18_080_s1.psd,46708_fn18_080_s1.psd,발송작품/작품/Fate/BG.참고/fn18_080_s1.psd,webdav:/13730b09/발송작품/작품/Fate/BG.참고,/Users/saintiron/Projects/Imagine/thumbnails/46708_fn18_080_s1_thumb.png,psd,,,A white figure with a spear stands against a dark blue sky.,"[""anime"", ""night"", ""sky"", ""figure"", ""spear"", ""blue"", ""dark"", ""action""]",illustration,,,,unknown_legacy,parse_fallback_legacy,"pre-fix: psd-tools failed, fell back to thumbnail-only",,-3827248696158498226,,"흰색 인물이며, 창 서 있음 배경으로 어두운 푸른 하늘이/가 보입니다.",애니풍 · 밤 · 하늘 · 인물 · 창 · 푸른색 · 어두운 · 동작감,,,,,,,
metadata-quality-v1-0484,metadata-quality-v1,2026-05-10T00:00:00+09:00,20260510,484,phash:-7810782518402309438,발송/외주 회사/뱅가드/24/#03/bg,legacy_warning,legacy_parse_or_caption_model,49009,webdav://13730b09/발송/외주 회사/뱅가드/24/#03/bg/VS8_03_199_GENZU.psd,49009_VS8_03_199_GENZU.psd,발송/외주 회사/뱅가드/24/#03/bg/VS8_03_199_GENZU.psd,발송/외주 회사/뱅가드/24/#03/bg,/Users/saintiron/Projects/Imagine/thumbnails/49009_VS8_03_199_GENZU_thumb.png,psd,,,"A white bird soars above a blurred, colorful forest background.","[""bird"", ""sky"", ""forest"", ""blur"", ""nature"", ""fantasy"", ""white"", ""blue""]",background,,,,unknown_legacy,parse_fallback_legacy,"pre-fix: psd-tools failed, fell back to thumbnail-only",,-7810782518402309438,,"흰색 새 날아오르는 위에 흐릿한, 화려한 숲 배경입니다.",새 · 하늘 · 숲 · 흐림 · 자연 · 판타지 · 흰색 · 푸른색,,,,,,,
metadata-quality-v1-0485,metadata-quality-v1,2026-05-10T00:00:00+09:00,20260510,485,phash:-6135368570539158445,발송/외주 회사/뱅가드/26/#05/bg,legacy_warning,legacy_parse_or_caption_model,47928,webdav://13730b09/발송/외주 회사/뱅가드/26/#05/bg/VS10_05_057_GENZU.psd,47928_VS10_05_057_GENZU.psd,발송/외주 회사/뱅가드/26/#05/bg/VS10_05_057_GENZU.psd,발송/외주 회사/뱅가드/26/#05/bg,/Users/saintiron/Projects/Imagine/thumbnails/47928_VS10_05_057_GENZU_thumb.png,psd,,,Three anime-style characters sitting on wooden steps in a sketch.,"[""anime"", ""sketch"", ""characters"", ""steps"", ""wood"", ""lineart"", ""fantasy"", ""group""]",illustration,,,,unknown_legacy,parse_fallback_legacy,"pre-fix: psd-tools failed, fell back to thumbnail-only",,-6135368570539158445,,세 애니메이션풍 캐릭터 앉아 있는 위에 나무 계단 안에 스케치입니다.,애니풍 · 스케치 · 캐릭터 · 계단 · 나무 · 선화 · 판타지 · 무리,,,,,,,
metadata-quality-v1-0486,metadata-quality-v1,2026-05-10T00:00:00+09:00,20260510,486,phash:-8743032005527424382,webdav:/13730b09/예비/크랑베르무/장소/전투/6,legacy_warning,legacy_parse_or_caption_model,39690,webdav://13730b09/예비/크랑베르무/장소/전투/6/grb12_058.psd,39690_grb12_058.psd,예비/크랑베르무/장소/전투/6/grb12_058.psd,webdav:/13730b09/예비/크랑베르무/장소/전투/6,/Users/saintiron/Projects/Imagine/thumbnails/39690_grb12_058_thumb.png,psd,,,Abstract pink and purple wavy texture with soft gradients.,"[""abstract"", ""gradient"", ""texture"", ""pink"", ""purple"", ""soft"", ""waves"", ""digital art""]",texture,,,,unknown_legacy,parse_fallback_legacy,"pre-fix: psd-tools failed, fell back to thumbnail-only",,-8743032005527424382,1,"추상적인 분홍색 및 보라색 물결 모양의 질감이며, 부드러운 그라데이션이/가 보입니다.",추상적인 · 그라데이션 · 질감 · 분홍색 · 보라색 · 부드러운 · 파도 · 디지털 아트,,,,,,,
metadata-quality-v1-0487,metadata-quality-v1,2026-05-10T00:00:00+09:00,20260510,487,phash:-7288272412830664192,webdav:/13730b09/발송4/범선/작품 쫑/후시/장소/길드,legacy_warning,legacy_parse_or_caption_model,35078,webdav://13730b09/발송4/범선/작품 쫑/후시/장소/길드/nfb06_013.psd,35078_nfb06_013.psd,발송4/범선/작품 쫑/후시/장소/길드/nfb06_013.psd,webdav:/13730b09/발송4/범선/작품 쫑/후시/장소/길드,/Users/saintiron/Projects/Imagine/thumbnails/35078_nfb06_013_thumb.png,psd,,,"A skeletal figure in a hooded cloak stands by a window, silhouetted against a golden sunset.","[""skeleton"", ""hooded_cloak"", ""window"", ""sunset"", ""anime"", ""contemplative"", ""fantasy_creature""]",character,,,,unknown_legacy,parse_fallback_legacy,"pre-fix: psd-tools failed, fell back to thumbnail-only",,-7288272412830664192,1,"해골 같은 인물 안에 후드 달린 망토 서 있음 의해 창문, 실루엣으로 보이는 배경으로 금빛 일몰입니다.",해골 · 후드 달린 망토 · 창문 · 일몰 · 애니풍 · 사색적인 · 판타지,,,,,,,
metadata-quality-v1-0488,metadata-quality-v1,2026-05-10T00:00:00+09:00,20260510,488,phash:-8176141557455224832,webdav:/13730b09/발송/범선/기절용사와 암살공주/#11/bg,legacy_warning,legacy_parse_or_caption_model,50730,webdav://13730b09/발송/범선/기절용사와 암살공주/#11/bg/kya11_136_LE.psd,50730_kya11_136_LE.psd,발송/범선/기절용사와 암살공주/#11/bg/kya11_136_LE.psd,webdav:/13730b09/발송/범선/기절용사와 암살공주/#11/bg,/Users/saintiron/Projects/Imagine/thumbnails/50730_kya11_136_LE_thumb.png,psd,,,Animated scene with ghostly figures and a cart carrying a large object.,"[""ghosts"", ""cart"", ""figures"", ""object"", ""ground""]",illustration,,,,unknown_legacy,parse_fallback_legacy,"pre-fix: psd-tools failed, fell back to thumbnail-only",,-8176141557455224832,1,"애니메이션풍 장면이며, 유령 같은 인물 및 수레 들고 있는 큰 물체이/가 보입니다.",유령 · 수레 · 인물 · 물체 · 지면,2,2,,,,manual_review,2026-05-13T23:27:22
metadata-quality-v1-0489,metadata-quality-v1,2026-05-10T00:00:00+09:00,20260510,489,phash:64401474233468448,발송/외주 회사/뱅가드/26/#01/bg,legacy_warning,legacy_parse_or_caption_model,48469,webdav://13730b09/발송/외주 회사/뱅가드/26/#01/bg/VS10_01_103_GENZU.psd,48469_VS10_01_103_GENZU.psd,발송/외주 회사/뱅가드/26/#01/bg/VS10_01_103_GENZU.psd,발송/외주 회사/뱅가드/26/#01/bg,/Users/saintiron/Projects/Imagine/thumbnails/48469_VS10_01_103_GENZU_thumb.png,psd,,,"Two characters stand on a bridge at sunset, overlooking a river and hills.","[""anime"", ""sunset"", ""bridge"", ""river"", ""landscape"", ""silhouette"", ""sketch"", ""romance""]",illustration,,,,unknown_legacy,parse_fallback_legacy,"pre-fix: psd-tools failed, fell back to thumbnail-only",,64401474233468448,,"두 캐릭터 서 있음 위에 다리 에서 일몰, 내려다보는 강 및 언덕입니다.",애니풍 · 일몰 · 다리 · 강 · 풍경 · 실루엣 · 스케치 · 로맨스,,,,,,,
metadata-quality-v1-0490,metadata-quality-v1,2026-05-10T00:00:00+09:00,20260510,490,phash:-8319117668866685440,webdav:/13730b09/발송/범선/기절용사와 암살공주/장소/찾집.술집,legacy_warning,legacy_parse_or_caption_model,51950,webdav://13730b09/발송/범선/기절용사와 암살공주/장소/찾집.술집/kya03_045.psd,51950_kya03_045.psd,발송/범선/기절용사와 암살공주/장소/찾집.술집/kya03_045.psd,webdav:/13730b09/발송/범선/기절용사와 암살공주/장소/찾집.술집,/Users/saintiron/Projects/Imagine/thumbnails/51950_kya03_045_thumb.png,psd,,,Anime-style sketch of a surprised girl in a dimly lit tavern.,"[""anime"", ""sketch"", ""tavern"", ""girl"", ""surprised"", ""vines"", ""menu"", ""warm light""]",illustration,,,,unknown_legacy,parse_fallback_legacy,"pre-fix: psd-tools failed, fell back to thumbnail-only",,-8319117668866685440,1,애니메이션풍 스케치 의 놀란 소녀 안에 어둡게 조명된 선술집입니다.,애니풍 · 스케치 · 선술집 · 소녀 · 놀란 · 덩굴 · 메뉴 · 따뜻한,,,,,,,
metadata-quality-v1-0491,metadata-quality-v1,2026-05-10T00:00:00+09:00,20260510,491,phash:-1105938578507661088,발송/외주 회사/뱅가드/26/#04/bg,legacy_warning,legacy_parse_or_caption_model,48150,webdav://13730b09/발송/외주 회사/뱅가드/26/#04/bg/VS10_04_041.psd,48150_VS10_04_041.psd,발송/외주 회사/뱅가드/26/#04/bg/VS10_04_041.psd,발송/외주 회사/뱅가드/26/#04/bg,/Users/saintiron/Projects/Imagine/thumbnails/48150_VS10_04_041_thumb.png,psd,,,A Japanese fish market with live seafood displays and hanging lights.,"[""fish market"", ""seafood"", ""Japan"", ""live fish"", ""market stall"", ""crabs"", ""shrimp"", ""signage""]",illustration,,,,unknown_legacy,parse_fallback_legacy,"pre-fix: psd-tools failed, fell back to thumbnail-only",,-1105938578507661088,,"일본식 물고기 시장이며, 라이브 해산물 보여주는 및 걸려 있는 조명이/가 보입니다.",물고기 · 해산물 · 일본 · 라이브 · 시장 · 게 · 새우 · 간판,2,2,,,,manual_review,2026-05-13T23:27:11
metadata-quality-v1-0492,metadata-quality-v1,2026-05-10T00:00:00+09:00,20260510,492,phash:-7016943712783659507,발송/외주 회사/뱅가드/26/#03/bg,legacy_warning,legacy_parse_or_caption_model,48247,webdav://13730b09/발송/외주 회사/뱅가드/26/#03/bg/VS10_03_300_r_GENZU.psd,48247_VS10_03_300_r_GENZU.psd,발송/외주 회사/뱅가드/26/#03/bg/VS10_03_300_r_GENZU.psd,발송/외주 회사/뱅가드/26/#03/bg,/Users/saintiron/Projects/Imagine/thumbnails/48247_VS10_03_300_r_GENZU_thumb.png,psd,,,Two anime characters stand in a dimly lit alleyway at night.,"[""anime"", ""night"", ""alleyway"", ""characters"", ""line art"", ""street lamp"", ""wall"", ""silhouette""]",illustration,,,,unknown_legacy,parse_fallback_legacy,"pre-fix: psd-tools failed, fell back to thumbnail-only",,-7016943712783659507,1,밤의 어둡게 조명된 골목길 안에 두 애니메이션 캐릭터 서 있음이 있습니다.,애니풍 · 밤 · 골목길 · 캐릭터 · 선화 · 거리 · 벽 · 실루엣,,,,,,,
metadata-quality-v1-0493,metadata-quality-v1,2026-05-10T00:00:00+09:00,20260510,493,phash:-7885078837770919194,발송/외주 회사/뱅가드/26/#05/bg,legacy_warning,legacy_parse_or_caption_model,47908,webdav://13730b09/발송/외주 회사/뱅가드/26/#05/bg/VS10_05_068_GENZU_yokoku.psd,47908_VS10_05_068_GENZU_yokoku.psd,발송/외주 회사/뱅가드/26/#05/bg/VS10_05_068_GENZU_yokoku.psd,발송/외주 회사/뱅가드/26/#05/bg,/Users/saintiron/Projects/Imagine/thumbnails/47908_VS10_05_068_GENZU_yokoku_thumb.png,psd,,,Three translucent figures observe a central fountain in a modern lobby.,"[""lobby"", ""fountain"", ""translucent"", ""figures"", ""modern"", ""architecture"", ""anime"", ""reflection""]",illustration,,,,unknown_legacy,parse_fallback_legacy,"pre-fix: psd-tools failed, fell back to thumbnail-only",,-7885078837770919194,,세 반투명한 인물 바라보는 중앙의 분수 안에 현대적인 로비입니다.,로비 · 분수 · 반투명한 · 인물 · 현대적인 · 건축 · 애니풍 · 반사,2,2,,,,manual_review,2026-05-13T23:25:26
metadata-quality-v1-0494,metadata-quality-v1,2026-05-10T00:00:00+09:00,20260510,494,phash:-2966560528020753920,webdav:/13730b09/예비/크랑베르무/장소/만게츠의 절,legacy_warning,legacy_parse_or_caption_model,41767,webdav://13730b09/예비/크랑베르무/장소/만게츠의 절/grb06_119.psd,41767_grb06_119.psd,예비/크랑베르무/장소/만게츠의 절/grb06_119.psd,webdav:/13730b09/예비/크랑베르무/장소/만게츠의 절,/Users/saintiron/Projects/Imagine/thumbnails/41767_grb06_119_thumb.png,psd,,,"A solitary figure with an umbrella walks along a stone path leading to a traditional Japanese temple under a stormy sky, illuminated by glowing lanterns.","[""anime"", ""traditional japanese architecture"", ""rainy evening"", ""mysterious"", ""temple"", ""stone path"", ""lanterns"", ""autumn"", ""solitary figure""]",background,Outdoor,Dusk,Rainy,unknown_legacy,parse_fallback_legacy,"pre-fix: psd-tools failed, fell back to thumbnail-only",,-2966560528020753920,,"폭풍우 치는 하늘, 빛을 받는 빛나는 등불 아래의 홀로 있는 인물이며, 우산 걷는 따라 돌 길 이어지는 로 일본 전통 사원이/가 보입니다.",애니풍 · 일본 전통 · 비 오는 · 신비로운 · 사원 · 돌 · 등불 · 가을 · 홀로 있는,1,2,,caption_wrong,폭풍까지는 아니고 비내리는 정도이다,manual_review,2026-05-13T23:36:11
metadata-quality-v1-0495,metadata-quality-v1,2026-05-10T00:00:00+09:00,20260510,495,phash:-5714935054826825728,webdav:/13730b09/발송/범선/기절용사와 암살공주/장소/숲,legacy_warning,legacy_parse_or_caption_model,53186,webdav://13730b09/발송/범선/기절용사와 암살공주/장소/숲/kya03_241_BGonly.psd,53186_kya03_241_BGonly.psd,발송/범선/기절용사와 암살공주/장소/숲/kya03_241_BGonly.psd,webdav:/13730b09/발송/범선/기절용사와 암살공주/장소/숲,/Users/saintiron/Projects/Imagine/thumbnails/53186_kya03_241_BGonly_thumb.png,psd,,,Lush green forest canopy under a bright blue sky with scattered clouds.,"[""forest"", ""trees"", ""sky"", ""clouds"", ""nature"", ""greenery"", ""daytime"", ""landscape""]",background,,,,unknown_legacy,parse_fallback_legacy,"pre-fix: psd-tools failed, fell back to thumbnail-only",,-5714935054826825728,,"무성한 초록 숲 수관 아래 밝은 푸른 하늘이며, 흩어진 구름이/가 보입니다.",숲 · 나무 · 하늘 · 구름 · 자연 · 녹음 · 낮 · 풍경,2,2,,,,manual_review,2026-05-13T23:25:17
metadata-quality-v1-0496,metadata-quality-v1,2026-05-10T00:00:00+09:00,20260510,496,phash:-2246536835879761408,webdav:/13730b09/발송4/범선/작품 쫑/후시/장소/마을,legacy_warning,legacy_parse_or_caption_model,33432,webdav://13730b09/발송4/범선/작품 쫑/후시/장소/마을/nfb03_066.psd,33432_nfb03_066.psd,발송4/범선/작품 쫑/후시/장소/마을/nfb03_066.psd,webdav:/13730b09/발송4/범선/작품 쫑/후시/장소/마을,/Users/saintiron/Projects/Imagine/thumbnails/33432_nfb03_066_thumb.png,psd,,,"A charming anime-style street scene featuring a green-striped vendor stall with plates and jars, set against old stone buildings under a bright blue sky.","[""anime"", ""street vendor"", ""cobblestone alley"", ""pastel colors"", ""stone buildings"", ""vendor stall"", ""blue sky"", ""imagine_worker_5nhvw8w2""]",illustration,,,,unknown_legacy,parse_fallback_legacy,"pre-fix: psd-tools failed, fell back to thumbnail-only",,-2246536835879761408,378,"밝은 푸른 하늘 아래의 매력적인 애니메이션풍 거리 장면 포함하는 초록 줄무늬의 상인 가판대이며, 접시 및 항아리, 배경으로 한 오래된 석조 건물이/가 보입니다.",애니풍 · 거리 · 자갈길 · 파스텔 · 석조 건물 · 상인 · 푸른 하늘,,,,,,,
metadata-quality-v1-0497,metadata-quality-v1,2026-05-10T00:00:00+09:00,20260510,497,phash:-6183817346821989244,webdav:/13730b09/예비/크랑베르무/장소/전투/3,legacy_warning,legacy_parse_or_caption_model,40366,webdav://13730b09/예비/크랑베르무/장소/전투/3/grb05_070.psd,40366_grb05_070.psd,예비/크랑베르무/장소/전투/3/grb05_070.psd,webdav:/13730b09/예비/크랑베르무/장소/전투/3,/Users/saintiron/Projects/Imagine/thumbnails/40366_grb05_070_thumb.png,psd,,,"A translucent, winged creature glides above towering cliffs under a starry night sky, with aurora-like light streaks illuminating the scene.","[""anime"", ""night sky"", ""cliffs"", ""winged creature"", ""translucent"", ""starry"", ""aurora"", ""mysterious"", ""serene""]",illustration,,,,unknown_legacy,parse_fallback_legacy,"pre-fix: psd-tools failed, fell back to thumbnail-only",,-6183817346821989244,,"반투명한, 날개 달린 생물 미끄러지듯 이동하는 위에 높이 솟은 절벽 아래 별이 있는 밤하늘,이며, 오로라 같은 빛 줄기 비추는 장면이/가 보입니다.",애니풍 · 밤하늘 · 절벽 · 날개 달린 · 반투명한 · 별이 있는 · 오로라 · 신비로운 · 고요한,,,,,,,
metadata-quality-v1-0498,metadata-quality-v1,2026-05-10T00:00:00+09:00,20260510,498,phash:4339280071531201024,webdav:/13730b09/발송4/범선/작품 쫑/후시/장소/잡것,legacy_warning,legacy_parse_or_caption_model,33072,webdav://13730b09/발송4/범선/작품 쫑/후시/장소/잡것/nfb08_211.psd,33072_nfb08_211.psd,발송4/범선/작품 쫑/후시/장소/잡것/nfb08_211.psd,webdav:/13730b09/발송4/범선/작품 쫑/후시/장소/잡것,/Users/saintiron/Projects/Imagine/thumbnails/33072_nfb08_211_thumb.png,psd,,,"A ghostly anime girl with long hair and glasses appears in a dimly lit room, seated beside an ornate wooden chest on a desk, with warm light emanating from the right side of the frame.","[""anime"", ""ghost"", ""still_life"", ""mysterious"", ""wooden_chest"", ""dim_lighting"", ""ghostly_figure"", ""anime_art"", ""illustration"", ""digital_art""]",illustration,,,,unknown_legacy,parse_fallback_legacy,"pre-fix: psd-tools failed, fell back to thumbnail-only",,4339280071531201024,,"유령 같은 애니풍 소녀이며, 긴 머리카락 및 잔 나타나는 안에 어둡게 조명된 방, 앉아 있는 옆 화려한 나무 상자 위에 책상, 함께 따뜻한 빛 뿜어져 나오는 에서 오른쪽 측면 의 프레임이/가 보입니다.",애니풍 · 유령 · 정물 · 신비로운 · 나무 · 어두운 · 유령 같은 · 일러스트 · 디지털 아트,,,,,,,
metadata-quality-v1-0499,metadata-quality-v1,2026-05-10T00:00:00+09:00,20260510,499,phash:-2533062847335315840,발송/외주 회사/뱅가드/25/#10/bg,legacy_warning,legacy_parse_or_caption_model,49253,webdav://13730b09/발송/외주 회사/뱅가드/25/#10/bg/VS9_10_048_304_LO_GENZU.psd,49253_VS9_10_048_304_LO_GENZU.psd,발송/외주 회사/뱅가드/25/#10/bg/VS9_10_048_304_LO_GENZU.psd,발송/외주 회사/뱅가드/25/#10/bg,/Users/saintiron/Projects/Imagine/thumbnails/49253_VS9_10_048_304_LO_GENZU_thumb.png,psd,,,A group of anime characters sitting and standing in a dimly lit room.,"[""anime"", ""group"", ""sitting"", ""standing"", ""monochrome"", ""school"", ""characters"", ""indoor""]",illustration,,,,unknown_legacy,parse_fallback_legacy,"pre-fix: psd-tools failed, fell back to thumbnail-only",,-2533062847335315840,,무리 의 애니메이션 캐릭터 앉아 있는 및 서 있는 안에 어둡게 조명된 방입니다.,애니풍 · 무리 · 앉아 있는 · 서 있는 · 단색 · 학교 · 캐릭터 · 실내,,,,,,,
metadata-quality-v1-0500,metadata-quality-v1,2026-05-10T00:00:00+09:00,20260510,500,phash:-5855037154375583232,webdav:/13730b09/예비/크랑베르무/장소/만게츠의집,legacy_warning,legacy_parse_or_caption_model,41690,webdav://13730b09/예비/크랑베르무/장소/만게츠의집/grb04_256_261_271.psd,41690_grb04_256_261_271.psd,예비/크랑베르무/장소/만게츠의집/grb04_256_261_271.psd,webdav:/13730b09/예비/크랑베르무/장소/만게츠의집,/Users/saintiron/Projects/Imagine/thumbnails/41690_grb04_256_261_271_thumb.png,psd,,,Brushed gold metal surface with faint pencil sketch overlay,"[""metal"", ""brushed"", ""gold"", ""sketch"", ""overlay"", ""texture""]",texture,,,,unknown_legacy,parse_fallback_legacy,"pre-fix: psd-tools failed, fell back to thumbnail-only",,-5855037154375583232,1,"붓질된 금색 금속 표면이며, 희미한 연필 스케치 오버레이이/가 보입니다.",금속 · 붓질된 · 금색 · 스케치 · 오버레이 · 질감,,,,,,,
