query_id,query_text,query_type,item_id,best_rank,engines,engine_ranks,run_ranks,file_path,file_name,relative_path,folder_path,thumbnail_url,format,width,height,mc_caption,caption_ko,ai_tags,image_type,scene_type,time_of_day,weather,suggested_relevance,suggested_label_source,suggested_label_version,reviewer_relevance,reviewer_id,review_notes,source_group,visual_group,diversity_note,caption_model,processing_status,processing_error,metadata_status,metadata_issue,sample_status,sample_issue
precision-q0001,#08에서 밤과 달 있는 이미지,scoped,40936,1,vv,"{""vv"": 1}","{""scoped_weak_v3_clean_tags3_20260502:vv"": 1}",webdav://13730b09/예비/크랑베르무/장소/전투/1/grb01_257.psd,40936_grb01_257.psd,예비/크랑베르무/장소/전투/1/grb01_257.psd,webdav:/13730b09/예비/크랑베르무/장소/전투/1,/Users/saintiron/Projects/Imagine/thumbnails/40936_grb01_257_thumb.png,psd,,,"A full moon glows in a starry, colorful night sky.",별이 가득한 다채로운 밤하늘에 보름달이 빛나고 있습니다.,"[""moon"", ""stars"", ""night sky"", ""purple"", ""blue"", ""pink"", ""clouds"", ""glow""]",illustration,,,,,,,2,manual_review,assisted_prefill; scope=#08:none; matched_terms=밤; missing_terms=달,webdav:/13730b09/예비/크랑베르무/장소/전투/1,visual:precision-q0001:40936,diverse_rank=1; source_count=1; visual_group=visual:precision-q0001:40936,,,,ok,,active,
precision-q0001,#08에서 밤과 달 있는 이미지,scoped,48575,1,mv,"{""mv"": 1}","{""scoped_weak_v3_clean_tags3_20260502:mv"": 1}",webdav://13730b09/발송/외주 회사/뱅가드/24/#02/bg/VS8_02_288_GENZU.psd,48575_VS8_02_288_GENZU.psd,발송/외주 회사/뱅가드/24/#02/bg/VS8_02_288_GENZU.psd,발송/외주 회사/뱅가드/24/#02/bg,/Users/saintiron/Projects/Imagine/thumbnails/48575_VS8_02_288_GENZU_thumb.png,psd,,,Anime character with starry background and text overlay,별이 있는 배경과 텍스트 오버레이가 있는 애니메이션 캐릭터입니다.,"[""anime"", ""starry sky"", ""character portrait"", ""blue tones"", ""digital art"", ""VS8"", ""288"", ""GENZU""]",illustration,,,,,,,2,manual_review,assisted_prefill; scope=#08:none; matched_terms=밤; missing_terms=달,발송/외주 회사/뱅가드/24/#02/bg,visual:precision-q0001:48575,diverse_rank=2; source_count=1; visual_group=visual:precision-q0001:48575,,,,ok,,active,
precision-q0001,#08에서 밤과 달 있는 이미지,scoped,51318,1,triaxis,"{""triaxis"": 1}","{""current_on_v3_clean_20260502:triaxis"": 1, ""scope_exact_segments_20260503:triaxis"": 1, ""scope_exact_segments_v2_20260503:triaxis"": 1, ""scope_exact_segments_v3_20260503:triaxis"": 1, ""scope_hint_hard_small_20260502:triaxis"": 1, ""scoped_weak_v3_clean_tags3_20260502:triaxis"": 1}",webdav://13730b09/발송/범선/기절용사와 암살공주/#08/bg/kya08_248_e_BGonly.psd,51318_kya08_248_e_BGonly.psd,발송/범선/기절용사와 암살공주/#08/bg/kya08_248_e_BGonly.psd,webdav:/13730b09/발송/범선/기절용사와 암살공주/#08/bg,/Users/saintiron/Projects/Imagine/thumbnails/51318_kya08_248_e_BGonly_thumb.png,psd,,,"A magical night scene with a castle, festive lights, and a glowing moon.","성과 축제 조명, 빛나는 달이 있는 마법적인 밤 장면입니다.","[""castle"", ""moon"", ""night"", ""festive lights"", ""buildings"", ""stars"", ""clouds"", ""village""]",background,,,,2,weak,precision_keyword_scoped_v2,2,manual_review,assisted_prefill; scope=#08:exact; matched_terms=밤; missing_terms=달,webdav:/13730b09/발송/범선/기절용사와 암살공주/#08/bg,visual:precision-q0001:51318,diverse_rank=3; source_count=2; visual_group=visual:precision-q0001:51318,,,,ok,,active,
precision-q0001,#08에서 밤과 달 있는 이미지,scoped,52159,1,fts,"{""fts"": 1}","{""scoped_weak_v3_clean_tags3_20260502:fts"": 1}",webdav://13730b09/발송/범선/기절용사와 암살공주/장소/이미지/kya04_075.psd,52159_kya04_075.psd,발송/범선/기절용사와 암살공주/장소/이미지/kya04_075.psd,webdav:/13730b09/발송/범선/기절용사와 암살공주/장소/이미지,/Users/saintiron/Projects/Imagine/thumbnails/52159_kya04_075_thumb.png,psd,,,Anime-style illustration with pastel colors and sparkling effects,파스텔 색감과 반짝이는 효과가 있는 애니메이션풍 일러스트입니다.,"[""anime"", ""pastel"", ""sparkles"", ""bubbles"", ""characters""]",illustration,,,,,,,2,manual_review,"assisted_prefill; scope=#08:none; matched_terms=-; missing_terms=밤,달",webdav:/13730b09/발송/범선/기절용사와 암살공주/장소/이미지,visual:precision-q0001:52159,diverse_rank=4; source_count=2; visual_group=visual:precision-q0001:52159,,,,ok,,active,
precision-q0001,#08에서 밤과 달 있는 이미지,scoped,33291,2,mv,"{""mv"": 2}","{""scoped_weak_v3_clean_tags3_20260502:mv"": 2}","webdav://13730b09/발송4/범선/작품 쫑/후시/장소/숲,자연/nfb08_192.psd",33291_nfb08_192.psd,"발송4/범선/작품 쫑/후시/장소/숲,자연/nfb08_192.psd","webdav:/13730b09/발송4/범선/작품 쫑/후시/장소/숲,자연",/Users/saintiron/Projects/Imagine/thumbnails/33291_nfb08_192_thumb.png,psd,,,Anime character sketch with sky background and Japanese text overlay.,하늘 배경 위에 애니메이션 캐릭터 스케치와 일본어 텍스트 오버레이가 있습니다.,"[""anime"", ""portrait"", ""sketch"", ""sky"", ""japanese_text"", ""character_design""]",illustration,,,,,,,2,manual_review,"assisted_prefill; scope=#08:none; matched_terms=-; missing_terms=밤,달","webdav:/13730b09/발송4/범선/작품 쫑/후시/장소/숲,자연",visual:precision-q0001:33291,diverse_rank=5; source_count=2; visual_group=visual:precision-q0001:33291,,,,ok,,active,
precision-q0001,#08에서 밤과 달 있는 이미지,scoped,41970,2,vv,"{""vv"": 2}","{""scoped_weak_v3_clean_tags3_20260502:vv"": 2}",webdav://13730b09/예비/크랑베르무/장소/마을/grb09_095_101.psd,41970_grb09_095_101.psd,예비/크랑베르무/장소/마을/grb09_095_101.psd,webdav:/13730b09/예비/크랑베르무/장소/마을,/Users/saintiron/Projects/Imagine/thumbnails/41970_grb09_095_101_thumb.png,psd,,,A crescent moon shines above glowing street lamps in a starry night sky.,별이 있는 밤하늘에서 초승달이 빛나는 가로등 위에 떠 있습니다.,"[""moon"", ""night"", ""street lamp"", ""stars"", ""sky"", ""blue"", ""yellow"", ""anime""]",background,,,,,,,2,manual_review,assisted_prefill; scope=#08:none; matched_terms=밤; missing_terms=달,webdav:/13730b09/예비/크랑베르무/장소/마을,visual:precision-q0001:41970,diverse_rank=6; source_count=1; visual_group=visual:precision-q0001:41970,,,,ok,,active,
precision-q0001,#08에서 밤과 달 있는 이미지,scoped,51292,2,triaxis,"{""triaxis"": 2}","{""current_on_v3_clean_20260502:triaxis"": 2, ""scope_exact_segments_20260503:triaxis"": 2, ""scope_exact_segments_v2_20260503:triaxis"": 2, ""scope_exact_segments_v3_20260503:triaxis"": 2, ""scope_hint_hard_small_20260502:triaxis"": 2, ""scoped_weak_v3_clean_tags3_20260502:triaxis"": 2}",webdav://13730b09/발송/범선/기절용사와 암살공주/#08/kya08_276_BGonly_e_R1.psd,51292_kya08_276_BGonly_e_R1.psd,발송/범선/기절용사와 암살공주/#08/kya08_276_BGonly_e_R1.psd,webdav:/13730b09/발송/범선/기절용사와 암살공주/#08,/Users/saintiron/Projects/Imagine/thumbnails/51292_kya08_276_BGonly_e_R1_thumb.png,psd,,,A magical castle under a bright moonlit night sky with glowing windows.,빛나는 창문이 있는 마법적인 성이 밝은 달빛 밤하늘 아래에 있습니다.,"[""castle"", ""moon"", ""night"", ""towers"", ""windows"", ""sky"", ""magic""]",illustration,,,,2,weak,precision_keyword_scoped_v2,1,manual_review,assisted_prefill; scope=#08:exact; matched_terms=밤; missing_terms=달,webdav:/13730b09/발송/범선/기절용사와 암살공주/#08,visual:precision-q0001:51292,diverse_rank=7; source_count=1; visual_group=visual:precision-q0001:51292,,,,ok,,active,
precision-q0001,#08에서 밤과 달 있는 이미지,scoped,52175,2,fts,"{""fts"": 2}","{""scoped_weak_v3_clean_tags3_20260502:fts"": 2}",webdav://13730b09/발송/범선/기절용사와 암살공주/장소/이미지/kya03_324.psd,52175_kya03_324.psd,발송/범선/기절용사와 암살공주/장소/이미지/kya03_324.psd,webdav:/13730b09/발송/범선/기절용사와 암살공주/장소/이미지,/Users/saintiron/Projects/Imagine/thumbnails/52175_kya03_324_thumb.png,psd,,,Anime-style characters in pastel colors with bubbles and sparkles.,파스텔 색감의 애니메이션풍 캐릭터들이 버블과 반짝임 효과와 함께 보입니다.,"[""anime"", ""pastel"", ""bubbles"", ""sparkles"", ""characters""]",illustration,,,,,,,1,manual_review,"assisted_prefill; scope=#08:none; matched_terms=-; missing_terms=밤,달",webdav:/13730b09/발송/범선/기절용사와 암살공주/장소/이미지,visual:precision-q0001:52175,diverse_rank=8; source_count=2; visual_group=visual:precision-q0001:52175,,,,ok,,active,
precision-q0001,#08에서 밤과 달 있는 이미지,scoped,33315,3,vv,"{""vv"": 3}","{""scoped_weak_v3_clean_tags3_20260502:vv"": 3}","webdav://13730b09/발송4/범선/작품 쫑/후시/장소/숲,자연/nfb12_044.psd",33315_nfb12_044.psd,"발송4/범선/작품 쫑/후시/장소/숲,자연/nfb12_044.psd","webdav:/13730b09/발송4/범선/작품 쫑/후시/장소/숲,자연",/Users/saintiron/Projects/Imagine/thumbnails/33315_nfb12_044_thumb.png,psd,,,"A serene anime-style illustration of a full moon shining over a forest at night, bathed in deep blue tones.",짙은 푸른 색조 속에서 밤의 숲 위로 보름달이 빛나는 차분한 애니메이션풍 일러스트입니다.,"[""moon"", ""forest"", ""night"", ""anime"", ""blue"", ""serene"", ""illustration""]",illustration,,,,,,,2,manual_review,assisted_prefill; scope=#08:none; matched_terms=밤; missing_terms=달,"webdav:/13730b09/발송4/범선/작품 쫑/후시/장소/숲,자연",visual:precision-q0001:33315,diverse_rank=9; source_count=2; visual_group=visual:precision-q0001:33315,,,,ok,,active,
precision-q0001,#08에서 밤과 달 있는 이미지,scoped,51533,3,triaxis,"{""triaxis"": 3}","{""current_on_v3_clean_20260502:triaxis"": 3, ""scope_exact_segments_20260503:triaxis"": 3, ""scope_exact_segments_v2_20260503:triaxis"": 3, ""scope_exact_segments_v3_20260503:triaxis"": 3, ""scope_hint_hard_small_20260502:triaxis"": 3, ""scoped_weak_v3_clean_tags3_20260502:triaxis"": 3}",webdav://13730b09/발송/범선/기절용사와 암살공주/#08/bg/kya08_276_BGonly_e_r.psd,51533_kya08_276_BGonly_e_r.psd,발송/범선/기절용사와 암살공주/#08/bg/kya08_276_BGonly_e_r.psd,webdav:/13730b09/발송/범선/기절용사와 암살공주/#08/bg,/Users/saintiron/Projects/Imagine/thumbnails/51533_kya08_276_BGonly_e_r_thumb.png,psd,,,A magical castle under a full moon with glowing windows and turrets.,빛나는 창문과 포탑이 있는 마법적인 성이 보름달 아래에 있습니다.,"[""castle"", ""moon"", ""turrets"", ""night sky"", ""glowing windows"", ""stars"", ""purple lighting""]",illustration,,,,2,weak,precision_keyword_scoped_v2,1,manual_review,assisted_prefill; scope=#08:exact; matched_terms=밤; missing_terms=달,webdav:/13730b09/발송/범선/기절용사와 암살공주/#08/bg,visual:precision-q0001:51533,diverse_rank=10; source_count=2; visual_group=visual:precision-q0001:51533,,,,ok,,active,
precision-q0002,#07에서 캐릭터과 방 있는 이미지,scoped,33247,1,mv,"{""mv"": 1}","{""scoped_weak_v3_clean_tags3_20260502:mv"": 1}","webdav://13730b09/발송4/범선/작품 쫑/후시/장소/숲,자연/nfb03_167.psd",33247_nfb03_167.psd,"발송4/범선/작품 쫑/후시/장소/숲,자연/nfb03_167.psd","webdav:/13730b09/발송4/범선/작품 쫑/후시/장소/숲,자연",/Users/saintiron/Projects/Imagine/thumbnails/33247_nfb03_167_thumb.png,psd,,,Anime character sketch overlay on forest background,숲 배경 위에 애니메이션 캐릭터 스케치가 겹쳐져 있습니다.,[],character,,,,,,,2,manual_review,"assisted_prefill; scope=#07:none; matched_terms=-; missing_terms=캐릭터,방","webdav:/13730b09/발송4/범선/작품 쫑/후시/장소/숲,자연",visual:precision-q0002:33247,diverse_rank=1; source_count=2; visual_group=visual:precision-q0002:33247,,,,metadata_partial,missing_tags,excluded,non_background_query
precision-q0002,#07에서 캐릭터과 방 있는 이미지,scoped,51642,1,triaxis,"{""triaxis"": 1}","{""current_on_v3_clean_20260502:triaxis"": 1, ""scope_exact_segments_20260503:triaxis"": 1, ""scope_exact_segments_v2_20260503:triaxis"": 1, ""scope_exact_segments_v3_20260503:triaxis"": 1, ""scope_hint_hard_small_20260502:triaxis"": 1, ""scoped_weak_v3_clean_tags3_20260502:triaxis"": 1}",webdav://13730b09/발송/범선/기절용사와 암살공주/#07/bg/kya07_085.psd,51642_kya07_085.psd,발송/범선/기절용사와 암살공주/#07/bg/kya07_085.psd,webdav:/13730b09/발송/범선/기절용사와 암살공주/#07/bg,/Users/saintiron/Projects/Imagine/thumbnails/51642_kya07_085_thumb.png,psd,,,Interior of a rustic room with wooden shelves and pottery.,나무 선반과 도자기가 있는 소박한 방 내부입니다.,"[""interior"", ""wooden shelves"", ""pottery"", ""archway"", ""brick wall"", ""ceiling beams"", ""plates"", ""cabinet""]",background,,,,,,,2,manual_review,"assisted_prefill; scope=#07:exact; matched_terms=-; missing_terms=캐릭터,방",webdav:/13730b09/발송/범선/기절용사와 암살공주/#07/bg,visual:precision-q0002:51642,diverse_rank=2; source_count=3; visual_group=visual:precision-q0002:51642,,,,ok,,excluded,non_background_query
precision-q0002,#07에서 캐릭터과 방 있는 이미지,scoped,52159,1,fts,"{""fts"": 1}","{""scoped_weak_v3_clean_tags3_20260502:fts"": 1}",webdav://13730b09/발송/범선/기절용사와 암살공주/장소/이미지/kya04_075.psd,52159_kya04_075.psd,발송/범선/기절용사와 암살공주/장소/이미지/kya04_075.psd,webdav:/13730b09/발송/범선/기절용사와 암살공주/장소/이미지,/Users/saintiron/Projects/Imagine/thumbnails/52159_kya04_075_thumb.png,psd,,,Anime-style illustration with pastel colors and sparkling effects,파스텔 색감과 반짝이는 효과가 있는 애니메이션풍 일러스트입니다.,"[""anime"", ""pastel"", ""sparkles"", ""bubbles"", ""characters""]",illustration,,,,,,,1,manual_review,"assisted_prefill; scope=#07:none; matched_terms=-; missing_terms=캐릭터,방",webdav:/13730b09/발송/범선/기절용사와 암살공주/장소/이미지,visual:precision-q0002:52159,diverse_rank=3; source_count=1; visual_group=visual:precision-q0002:52159,,,,ok,,excluded,non_background_query
precision-q0002,#07에서 캐릭터과 방 있는 이미지,scoped,58506,1,vv,"{""vv"": 1}","{""scoped_weak_v3_clean_tags3_20260502:vv"": 1}",webdav://13730b09/예비/작품2/대마도학원35시험 소대/보도/페허도시 러브호텔실내 밤.psd,58506_페허도시 러브호텔실내 밤.psd,예비/작품2/대마도학원35시험 소대/보도/페허도시 러브호텔실내 밤.psd,보도,/Users/saintiron/Projects/Imagine/thumbnails/58506_페허도시 러브호텔실내 밤_thumb.png,psd,2477,1877,"A retro-style hotel room interior with a round bed, red walls, and vintage decor.","둥근 침대, 붉은 벽, 빈티지 장식이 있는 복고풍 호텔방 내부입니다.","[""hotel room"", ""round bed"", ""red walls"", ""ceiling fan"", ""curtains"", ""lamp"", ""nightstand"", ""vintage decor""]",illustration,,,,,,,2,manual_review,"assisted_prefill; scope=#07:none; matched_terms=-; missing_terms=캐릭터,방",보도,visual:precision-q0002:58506,diverse_rank=4; source_count=1; visual_group=visual:precision-q0002:58506,,,,ok,,excluded,non_background_query
precision-q0002,#07에서 캐릭터과 방 있는 이미지,scoped,33221,2,mv,"{""mv"": 2}","{""scoped_weak_v3_clean_tags3_20260502:mv"": 2}","webdav://13730b09/발송4/범선/작품 쫑/후시/장소/숲,자연/nfb03_136.psd",33221_nfb03_136.psd,"발송4/범선/작품 쫑/후시/장소/숲,자연/nfb03_136.psd","webdav:/13730b09/발송4/범선/작품 쫑/후시/장소/숲,자연",/Users/saintiron/Projects/Imagine/thumbnails/33221_nfb03_136_thumb.png,psd,,,Anime-style character sketch overlayed on forest background,숲 배경 위에 애니메이션풍 캐릭터 스케치가 겹쳐져 있습니다.,"[""anime"", ""character sketch"", ""forest"", ""transparent overlay"", ""imagine_worker_yogxs3e7""]",character,,,,,,,2,manual_review,"assisted_prefill; scope=#07:none; matched_terms=-; missing_terms=캐릭터,방","webdav:/13730b09/발송4/범선/작품 쫑/후시/장소/숲,자연",visual:precision-q0002:33221,diverse_rank=5; source_count=2; visual_group=visual:precision-q0002:33221,,,,ok,,excluded,non_background_query
precision-q0002,#07에서 캐릭터과 방 있는 이미지,scoped,41684,2,vv,"{""vv"": 2}","{""scoped_weak_v3_clean_tags3_20260502:vv"": 2}",webdav://13730b09/예비/크랑베르무/장소/만게츠의집/grb04_246_R.psd,41684_grb04_246_R.psd,예비/크랑베르무/장소/만게츠의집/grb04_246_R.psd,webdav:/13730b09/예비/크랑베르무/장소/만게츠의집,/Users/saintiron/Projects/Imagine/thumbnails/41684_grb04_246_R_thumb.png,psd,,,"A cozy child's bedroom with a single bed, a yellow table on a striped rug, and a bookshelf filled with colorful items.","싱글 침대, 줄무늬 러그 위의 노란 테이블, 알록달록한 물건으로 채워진 책장이 있는 아늑한 아이 방입니다.","[""child's bedroom"", ""isometric"", ""cozy"", ""pastel colors"", ""wooden floor"", ""bookshelf"", ""single bed"", ""yellow table"", ""striped rug""]",illustration,,,,,,,2,manual_review,"assisted_prefill; scope=#07:none; matched_terms=-; missing_terms=캐릭터,방",webdav:/13730b09/예비/크랑베르무/장소/만게츠의집,visual:precision-q0002:41684,diverse_rank=6; source_count=1; visual_group=visual:precision-q0002:41684,,,,ok,,excluded,non_background_query
precision-q0002,#07에서 캐릭터과 방 있는 이미지,scoped,51628,2,triaxis,"{""triaxis"": 2}","{""current_on_v3_clean_20260502:triaxis"": 3, ""scope_exact_segments_20260503:triaxis"": 2, ""scope_exact_segments_v2_20260503:triaxis"": 2, ""scope_exact_segments_v3_20260503:triaxis"": 2, ""scope_hint_hard_small_20260502:triaxis"": 3, ""scoped_weak_v3_clean_tags3_20260502:triaxis"": 3}",webdav://13730b09/발송/범선/기절용사와 암살공주/#07/bg/kya07_068.psd,51628_kya07_068.psd,발송/범선/기절용사와 암살공주/#07/bg/kya07_068.psd,webdav:/13730b09/발송/범선/기절용사와 암살공주/#07/bg,/Users/saintiron/Projects/Imagine/thumbnails/51628_kya07_068_thumb.png,psd,,,A ghostly figure sits in a wooden room with traditional furniture.,전통 가구가 있는 나무 방 안에 유령 같은 인물이 앉아 있습니다.,"[""ghost"", ""wooden room"", ""furniture"", ""rug"", ""traditional interior""]",illustration,,,,,,,2,manual_review,"assisted_prefill; scope=#07:exact; matched_terms=-; missing_terms=캐릭터,방",webdav:/13730b09/발송/범선/기절용사와 암살공주/#07/bg,visual:precision-q0002:51628,diverse_rank=7; source_count=3; visual_group=visual:precision-q0002:51628,,,,ok,,excluded,non_background_query
precision-q0002,#07에서 캐릭터과 방 있는 이미지,scoped,56769,2,triaxis,"{""triaxis"": 2}","{""current_on_v3_clean_20260502:triaxis"": 2, ""scope_hint_hard_small_20260502:triaxis"": 2, ""scoped_weak_v3_clean_tags3_20260502:triaxis"": 2}",webdav://13730b09/발송/외주 회사/빔 studio/메탈#07/bg/MR07_206_BG.psd,56769_MR07_206_BG.psd,발송/외주 회사/빔 studio/메탈#07/bg/MR07_206_BG.psd,bg,/Users/saintiron/Projects/Imagine/thumbnails/56769_MR07_206_BG_thumb.png,psd,1754,1302,Anime-style character sketch in a minimalist geometric room.,미니멀한 기하학적 방 안에 애니메이션풍 캐릭터 스케치가 있습니다.,"[""anime"", ""sketch"", ""character"", ""geometric"", ""minimalist"", ""line art"", ""interior""]",illustration,,,,2,weak,precision_keyword_scoped_v2,0,manual_review,"assisted_prefill; scope=#07:substring; matched_terms=-; missing_terms=캐릭터,방",bg,visual:precision-q0002:56769,diverse_rank=8; source_count=1; visual_group=visual:precision-q0002:56769,,,,ok,,excluded,non_background_query
precision-q0002,#07에서 캐릭터과 방 있는 이미지,scoped,40654,3,mv,"{""mv"": 3}","{""scoped_weak_v3_clean_tags3_20260502:mv"": 3}",webdav://13730b09/예비/크랑베르무/장소/전투/2/grb04_033.psd,40654_grb04_033.psd,예비/크랑베르무/장소/전투/2/grb04_033.psd,webdav:/13730b09/예비/크랑베르무/장소/전투/2,/Users/saintiron/Projects/Imagine/thumbnails/40654_grb04_033_thumb.png,psd,,,unknown,,[],character,,,,,,,0,manual_review,"assisted_prefill; scope=#07:none; matched_terms=-; missing_terms=캐릭터,방",webdav:/13730b09/예비/크랑베르무/장소/전투/2,visual:precision-q0002:40654,diverse_rank=9; source_count=1; visual_group=visual:precision-q0002:40654,,,,repair_required,missing_caption_and_tags,excluded,repair_required
precision-q0002,#07에서 캐릭터과 방 있는 이미지,scoped,51673,3,triaxis,"{""triaxis"": 3}","{""current_on_v3_clean_20260502:triaxis"": 4, ""scope_exact_segments_20260503:triaxis"": 3, ""scope_exact_segments_v2_20260503:triaxis"": 3, ""scope_exact_segments_v3_20260503:triaxis"": 3, ""scope_hint_hard_small_20260502:triaxis"": 4, ""scoped_weak_v3_clean_tags3_20260502:triaxis"": 4}",webdav://13730b09/발송/범선/기절용사와 암살공주/#07/bg/kya07_294.psd,51673_kya07_294.psd,발송/범선/기절용사와 암살공주/#07/bg/kya07_294.psd,webdav:/13730b09/발송/범선/기절용사와 암살공주/#07/bg,/Users/saintiron/Projects/Imagine/thumbnails/51673_kya07_294_thumb.png,psd,,,Anime-style room interior with window showing castle and trees outside,창문 밖으로 성과 나무가 보이는 애니메이션풍 방 내부입니다.,"[""window"", ""castle"", ""trees"", ""wall"", ""wood paneling"", ""anime"", ""interior"", ""outdoor view""]",background,,,,,,,2,manual_review,"assisted_prefill; scope=#07:exact; matched_terms=-; missing_terms=캐릭터,방",webdav:/13730b09/발송/범선/기절용사와 암살공주/#07/bg,visual:precision-q0002:51673,diverse_rank=10; source_count=3; visual_group=visual:precision-q0002:51673,,,,ok,,excluded,non_background_query
precision-q0003,#09에서 하늘과 캐릭터 있는 이미지,scoped,48561,1,mv,"{""mv"": 1}","{""scoped_weak_v3_clean_tags3_20260502:mv"": 1}",webdav://13730b09/발송/외주 회사/뱅가드/24/#02/bg/VS8_02_250_GENZU.psd,48561_VS8_02_250_GENZU.psd,발송/외주 회사/뱅가드/24/#02/bg/VS8_02_250_GENZU.psd,발송/외주 회사/뱅가드/24/#02/bg,/Users/saintiron/Projects/Imagine/thumbnails/48561_VS8_02_250_GENZU_thumb.png,psd,,,Anime character with starry sky background and text overlay,별이 있는 하늘 배경과 텍스트 오버레이가 있는 애니메이션 캐릭터입니다.,"[""anime"", ""starry sky"", ""character portrait"", ""blue tones"", ""digital art"", ""VS8"", ""Genzu"", ""space""]",illustration,,,,,,,2,manual_review,assisted_prefill; scope=#09:none; matched_terms=하늘; missing_terms=캐릭터,발송/외주 회사/뱅가드/24/#02/bg,visual:precision-q0003:48561,diverse_rank=1; source_count=3; visual_group=visual:precision-q0003:48561,,,,ok,,excluded,non_background_query
precision-q0003,#09에서 하늘과 캐릭터 있는 이미지,scoped,49892,1,vv,"{""vv"": 1}","{""scoped_weak_v3_clean_tags3_20260502:vv"": 1}",webdav://13730b09/발송/외주 회사/뱅가드/25/#01/bg/VS9_01_280_GENZU.psd,49892_VS9_01_280_GENZU.psd,발송/외주 회사/뱅가드/25/#01/bg/VS9_01_280_GENZU.psd,발송/외주 회사/뱅가드/25/#01/bg,/Users/saintiron/Projects/Imagine/thumbnails/49892_VS9_01_280_GENZU_thumb.png,psd,,,A translucent anime character stands against a bright blue sky with clouds.,구름이 있는 밝은 푸른 하늘을 배경으로 반투명한 애니메이션 캐릭터가 서 있습니다.,"[""anime"", ""sky"", ""clouds"", ""translucent"", ""character"", ""blue"", ""white"", ""lineart""]",illustration,,,,,,,2,manual_review,assisted_prefill; scope=#09:none; matched_terms=하늘; missing_terms=캐릭터,발송/외주 회사/뱅가드/25/#01/bg,visual:precision-q0003:49892,diverse_rank=2; source_count=1; visual_group=visual:precision-q0003:49892,,,,ok,,excluded,non_background_query
precision-q0003,#09에서 하늘과 캐릭터 있는 이미지,scoped,60635,1,fts,"{""fts"": 1}","{""scoped_weak_v3_clean_tags3_20260502:fts"": 1}",webdav://13730b09/예비/마법과고교의 우등생/#09/210730/MKY#09_046_R.psd,60635_MKY#09_046_R.psd,예비/마법과고교의 우등생/#09/210730/MKY#09_046_R.psd,210730,/Users/saintiron/Projects/Imagine/thumbnails/60635_MKY#09_046_R_thumb.png,psd,1741,1233,,,,,,,,,,,0,manual_review,"assisted_prefill; scope=#09:exact; matched_terms=-; missing_terms=하늘,캐릭터",210730,visual:precision-q0003:60635,diverse_rank=3; source_count=1; visual_group=visual:precision-q0003:60635,,,,repair_required,missing_caption_and_tags,excluded,repair_required
precision-q0003,#09에서 하늘과 캐릭터 있는 이미지,scoped,48575,2,mv,"{""mv"": 2}","{""scoped_weak_v3_clean_tags3_20260502:mv"": 2}",webdav://13730b09/발송/외주 회사/뱅가드/24/#02/bg/VS8_02_288_GENZU.psd,48575_VS8_02_288_GENZU.psd,발송/외주 회사/뱅가드/24/#02/bg/VS8_02_288_GENZU.psd,발송/외주 회사/뱅가드/24/#02/bg,/Users/saintiron/Projects/Imagine/thumbnails/48575_VS8_02_288_GENZU_thumb.png,psd,,,Anime character with starry background and text overlay,별이 있는 배경과 텍스트 오버레이가 있는 애니메이션 캐릭터입니다.,"[""anime"", ""starry sky"", ""character portrait"", ""blue tones"", ""digital art"", ""VS8"", ""288"", ""GENZU""]",illustration,,,,,,,1,manual_review,assisted_prefill; scope=#09:none; matched_terms=하늘; missing_terms=캐릭터,발송/외주 회사/뱅가드/24/#02/bg,visual:precision-q0003:48575,diverse_rank=4; source_count=3; visual_group=visual:precision-q0003:48575,,,,ok,,excluded,non_background_query
precision-q0003,#09에서 하늘과 캐릭터 있는 이미지,scoped,51091,2,triaxis,"{""triaxis"": 2}","{""current_on_v3_clean_20260502:triaxis"": 2, ""scope_exact_segments_20260503:triaxis"": 2, ""scope_exact_segments_v2_20260503:triaxis"": 2, ""scope_exact_segments_v3_20260503:triaxis"": 2, ""scope_hint_hard_small_20260502:triaxis"": 2, ""scoped_weak_v3_clean_tags3_20260502:triaxis"": 2}",webdav://13730b09/발송/범선/기절용사와 암살공주/#09/bg/kya09_128.psd,51091_kya09_128.psd,발송/범선/기절용사와 암살공주/#09/bg/kya09_128.psd,webdav:/13730b09/발송/범선/기절용사와 암살공주/#09/bg,/Users/saintiron/Projects/Imagine/thumbnails/51091_kya09_128_thumb.png,psd,,,Anime-style character sketch overlaid on a bright blue sky with clouds.,구름이 있는 밝은 푸른 하늘 위에 애니메이션풍 캐릭터 스케치가 겹쳐져 있습니다.,"[""anime"", ""sky"", ""clouds"", ""sketch"", ""character"", ""blue"", ""white""]",illustration,,,,2,weak,precision_keyword_scoped_v2,2,manual_review,assisted_prefill; scope=#09:exact; matched_terms=하늘; missing_terms=캐릭터,webdav:/13730b09/발송/범선/기절용사와 암살공주/#09/bg,visual:precision-q0003:51091,diverse_rank=5; source_count=2; visual_group=visual:precision-q0003:51091,,,,ok,,excluded,non_background_query
precision-q0003,#09에서 하늘과 캐릭터 있는 이미지,scoped,52159,2,fts,"{""fts"": 2}","{""scoped_weak_v3_clean_tags3_20260502:fts"": 2}",webdav://13730b09/발송/범선/기절용사와 암살공주/장소/이미지/kya04_075.psd,52159_kya04_075.psd,발송/범선/기절용사와 암살공주/장소/이미지/kya04_075.psd,webdav:/13730b09/발송/범선/기절용사와 암살공주/장소/이미지,/Users/saintiron/Projects/Imagine/thumbnails/52159_kya04_075_thumb.png,psd,,,Anime-style illustration with pastel colors and sparkling effects,파스텔 색감과 반짝이는 효과가 있는 애니메이션풍 일러스트입니다.,"[""anime"", ""pastel"", ""sparkles"", ""bubbles"", ""characters""]",illustration,,,,,,,1,manual_review,"assisted_prefill; scope=#09:none; matched_terms=-; missing_terms=하늘,캐릭터",webdav:/13730b09/발송/범선/기절용사와 암살공주/장소/이미지,visual:precision-q0003:52159,diverse_rank=6; source_count=3; visual_group=visual:precision-q0003:52159,,,,ok,,excluded,non_background_query
precision-q0003,#09에서 하늘과 캐릭터 있는 이미지,scoped,48559,3,mv,"{""mv"": 3}","{""scoped_weak_v3_clean_tags3_20260502:mv"": 3}",webdav://13730b09/발송/외주 회사/뱅가드/24/#02/bg/VS8_02_237_GENZU.psd,48559_VS8_02_237_GENZU.psd,발송/외주 회사/뱅가드/24/#02/bg/VS8_02_237_GENZU.psd,발송/외주 회사/뱅가드/24/#02/bg,/Users/saintiron/Projects/Imagine/thumbnails/48559_VS8_02_237_GENZU_thumb.png,psd,,,Anime character with starry background and text overlay.,별이 있는 배경과 텍스트 오버레이가 있는 애니메이션 캐릭터입니다.,"[""anime"", ""starry sky"", ""portrait"", ""blue"", ""space"", ""character"", ""overlay"", ""VS8""]",illustration,,,,,,,1,manual_review,assisted_prefill; scope=#09:none; matched_terms=하늘; missing_terms=캐릭터,발송/외주 회사/뱅가드/24/#02/bg,visual:precision-q0003:48559,diverse_rank=7; source_count=3; visual_group=visual:precision-q0003:48559,,,,ok,,excluded,non_background_query
precision-q0003,#09에서 하늘과 캐릭터 있는 이미지,scoped,51201,3,triaxis,"{""triaxis"": 3}","{""current_on_v3_clean_20260502:triaxis"": 3, ""scope_exact_segments_20260503:triaxis"": 3, ""scope_exact_segments_v2_20260503:triaxis"": 3, ""scope_exact_segments_v3_20260503:triaxis"": 3, ""scope_hint_hard_small_20260502:triaxis"": 3, ""scoped_weak_v3_clean_tags3_20260502:triaxis"": 3}",webdav://13730b09/발송/범선/기절용사와 암살공주/#09/bg/kya09_261.psd,51201_kya09_261.psd,발송/범선/기절용사와 암살공주/#09/bg/kya09_261.psd,webdav:/13730b09/발송/범선/기절용사와 암살공주/#09/bg,/Users/saintiron/Projects/Imagine/thumbnails/51201_kya09_261_thumb.png,psd,,,Anime-style character sketch with clouds and blue sky background,구름과 푸른 하늘 배경이 있는 애니메이션풍 캐릭터 스케치입니다.,"[""anime"", ""sketch"", ""clouds"", ""blue sky"", ""character lines""]",illustration,,,,2,weak,precision_keyword_scoped_v2,2,manual_review,assisted_prefill; scope=#09:exact; matched_terms=하늘; missing_terms=캐릭터,webdav:/13730b09/발송/범선/기절용사와 암살공주/#09/bg,visual:precision-q0003:51201,diverse_rank=8; source_count=2; visual_group=visual:precision-q0003:51201,,,,ok,,excluded,non_background_query
precision-q0003,#09에서 하늘과 캐릭터 있는 이미지,scoped,52175,3,fts,"{""fts"": 3}","{""scoped_weak_v3_clean_tags3_20260502:fts"": 3}",webdav://13730b09/발송/범선/기절용사와 암살공주/장소/이미지/kya03_324.psd,52175_kya03_324.psd,발송/범선/기절용사와 암살공주/장소/이미지/kya03_324.psd,webdav:/13730b09/발송/범선/기절용사와 암살공주/장소/이미지,/Users/saintiron/Projects/Imagine/thumbnails/52175_kya03_324_thumb.png,psd,,,Anime-style characters in pastel colors with bubbles and sparkles.,파스텔 색감의 애니메이션풍 캐릭터들이 버블과 반짝임 효과와 함께 보입니다.,"[""anime"", ""pastel"", ""bubbles"", ""sparkles"", ""characters""]",illustration,,,,,,,1,manual_review,"assisted_prefill; scope=#09:none; matched_terms=-; missing_terms=하늘,캐릭터",webdav:/13730b09/발송/범선/기절용사와 암살공주/장소/이미지,visual:precision-q0003:52175,diverse_rank=9; source_count=3; visual_group=visual:precision-q0003:52175,,,,ok,,excluded,non_background_query
precision-q0003,#09에서 하늘과 캐릭터 있는 이미지,scoped,52181,4,fts,"{""fts"": 4}","{""scoped_weak_v3_clean_tags3_20260502:fts"": 4}",webdav://13730b09/발송/범선/기절용사와 암살공주/장소/이미지/kya02_249.psd,52181_kya02_249.psd,발송/범선/기절용사와 암살공주/장소/이미지/kya02_249.psd,webdav:/13730b09/발송/범선/기절용사와 암살공주/장소/이미지,/Users/saintiron/Projects/Imagine/thumbnails/52181_kya02_249_thumb.png,psd,,,Two figures emit blue lightning bolts against a black background.,검은 배경 앞에서 두 인물이 푸른 번개를 내뿜고 있습니다.,"[""lightning"", ""figures"", ""blue"", ""black"", ""energy""]",illustration,,,,,,,1,manual_review,"assisted_prefill; scope=#09:none; matched_terms=-; missing_terms=하늘,캐릭터",webdav:/13730b09/발송/범선/기절용사와 암살공주/장소/이미지,visual:precision-q0003:52181,diverse_rank=10; source_count=3; visual_group=visual:precision-q0003:52181,,,,ok,,excluded,non_background_query
precision-q0004,로네느의집에서 그림과 방 있는 이미지,scoped,33959,1,vv,"{""vv"": 1}","{""scoped_weak_v3_clean_tags3_20260502:vv"": 1}",webdav://13730b09/발송4/범선/작품 쫑/후시/장소/로네느의집/거실/nfb04_195.PSD,33959_nfb04_195.PSD,발송4/범선/작품 쫑/후시/장소/로네느의집/거실/nfb04_195.PSD,webdav:/13730b09/발송4/범선/작품 쫑/후시/장소/로네느의집/거실,/Users/saintiron/Projects/Imagine/thumbnails/33959_nfb04_195_thumb.png,psd,,,"A framed impressionist painting of a river scene with trees and a tower, hanging on a wall next to a wooden door.",나무와 탑이 있는 강 풍경의 액자 속 인상파 그림이 나무 문 옆 벽에 걸려 있습니다.,"[""painting"", ""gold_frame"", ""impressionism"", ""3d_render"", ""wall_art"", ""door""]",item,,,,,,,1,manual_review,"assisted_prefill; scope=로네느의집:exact; matched_terms=-; missing_terms=그림,방",webdav:/13730b09/발송4/범선/작품 쫑/후시/장소/로네느의집/거실,visual:precision-q0004:33959,diverse_rank=1; source_count=3; visual_group=visual:precision-q0004:33959,,,,ok,,active,
precision-q0004,로네느의집에서 그림과 방 있는 이미지,scoped,34191,1,triaxis,"{""triaxis"": 1}","{""current_on_v3_clean_20260502:triaxis"": 1, ""scope_exact_segments_20260503:triaxis"": 1, ""scope_exact_segments_v2_20260503:triaxis"": 1, ""scope_exact_segments_v3_20260503:triaxis"": 1, ""scope_hint_hard_small_20260502:triaxis"": 1, ""scoped_weak_v3_clean_tags3_20260502:triaxis"": 1}",webdav://13730b09/발송4/범선/작품 쫑/후시/장소/로네느의집/거실/nfb10_180.psd,34191_nfb10_180.psd,발송4/범선/작품 쫑/후시/장소/로네느의집/거실/nfb10_180.psd,webdav:/13730b09/발송4/범선/작품 쫑/후시/장소/로네느의집/거실,/Users/saintiron/Projects/Imagine/thumbnails/34191_nfb10_180_thumb.png,psd,,,"A dimly lit room with two bowls on a wooden shelf against a plain wall, framed by two paintings.","두 개의 그림 사이, 밋밋한 벽 앞 나무 선반 위에 그릇 두 개가 놓인 어두운 방입니다.","[""indoor"", ""night"", ""melancholic"", ""painterly"", ""dim_lighting"", ""bowls"", ""wooden_shelf"", ""paintings"", ""minimalist""]",background,indoor,,,2,weak,precision_keyword_scoped_v2,2,manual_review,"assisted_prefill; scope=로네느의집:exact; matched_terms=-; missing_terms=그림,방",webdav:/13730b09/발송4/범선/작품 쫑/후시/장소/로네느의집/거실,visual:precision-q0004:34191,diverse_rank=2; source_count=3; visual_group=visual:precision-q0004:34191,,,,ok,,active,
precision-q0004,로네느의집에서 그림과 방 있는 이미지,scoped,52159,1,fts,"{""fts"": 1}","{""scoped_weak_v3_clean_tags3_20260502:fts"": 1}",webdav://13730b09/발송/범선/기절용사와 암살공주/장소/이미지/kya04_075.psd,52159_kya04_075.psd,발송/범선/기절용사와 암살공주/장소/이미지/kya04_075.psd,webdav:/13730b09/발송/범선/기절용사와 암살공주/장소/이미지,/Users/saintiron/Projects/Imagine/thumbnails/52159_kya04_075_thumb.png,psd,,,Anime-style illustration with pastel colors and sparkling effects,파스텔 색감과 반짝이는 효과가 있는 애니메이션풍 일러스트입니다.,"[""anime"", ""pastel"", ""sparkles"", ""bubbles"", ""characters""]",illustration,,,,,,,1,manual_review,"assisted_prefill; scope=로네느의집:none; matched_terms=-; missing_terms=그림,방",webdav:/13730b09/발송/범선/기절용사와 암살공주/장소/이미지,visual:precision-q0004:52159,diverse_rank=3; source_count=2; visual_group=visual:precision-q0004:52159,,,,ok,,excluded,duplicate_item_over_cap
precision-q0004,로네느의집에서 그림과 방 있는 이미지,scoped,52721,1,mv,"{""mv"": 1}","{""scoped_weak_v3_clean_tags3_20260502:mv"": 1}",webdav://13730b09/발송/범선/기절용사와 암살공주/장소/마을/kya03_011.psd,52721_kya03_011.psd,발송/범선/기절용사와 암살공주/장소/마을/kya03_011.psd,webdav:/13730b09/발송/범선/기절용사와 암살공주/장소/마을,/Users/saintiron/Projects/Imagine/thumbnails/52721_kya03_011_thumb.png,psd,,,Anime-style illustration of European-style houses with red roofs under a blue sky.,푸른 하늘 아래 붉은 지붕의 유럽풍 주택들을 그린 애니메이션풍 일러스트입니다.,"[""houses"", ""red roofs"", ""blue sky"", ""windows"", ""chimney"", ""trees"", ""anime"", ""architecture""]",illustration,,,,,,,2,manual_review,"assisted_prefill; scope=로네느의집:none; matched_terms=-; missing_terms=그림,방",webdav:/13730b09/발송/범선/기절용사와 암살공주/장소/마을,visual:precision-q0004:52721,diverse_rank=4; source_count=1; visual_group=visual:precision-q0004:52721,,,,ok,,active,
precision-q0004,로네느의집에서 그림과 방 있는 이미지,scoped,31485,2,vv,"{""vv"": 2}","{""scoped_weak_v3_clean_tags3_20260502:vv"": 2}",/Users/saintiron/imageDB/마캬베리즈무/실내소품/NM#03_062.psd,NM#03_062.psd,NM#03_062.psd,실내소품,/Users/saintiron/Projects/Imagine/thumbnails/NM#03_062_thumb.png,psd,1839,1392,"Art studio interior with sculptures, paintings, and art supplies.","조각상, 그림, 미술 도구가 있는 미술 작업실 내부입니다.","[""studio"", ""sculptures"", ""paintings"", ""easel"", ""books"", ""vase"", ""horse"", ""canvas""]",background,,,,,,,2,manual_review,"assisted_prefill; scope=로네느의집:none; matched_terms=-; missing_terms=그림,방",실내소품,visual:precision-q0004:31485,diverse_rank=5; source_count=1; visual_group=visual:precision-q0004:31485,,,,ok,,active,
precision-q0004,로네느의집에서 그림과 방 있는 이미지,scoped,33867,2,triaxis,"{""triaxis"": 2}","{""current_on_v3_clean_20260502:triaxis"": 2, ""scope_exact_segments_20260503:triaxis"": 2, ""scope_exact_segments_v2_20260503:triaxis"": 2, ""scope_exact_segments_v3_20260503:triaxis"": 2, ""scope_hint_hard_small_20260502:triaxis"": 2, ""scoped_weak_v3_clean_tags3_20260502:triaxis"": 2}",webdav://13730b09/발송4/범선/작품 쫑/후시/장소/로네느의집/거실/nfb03_048.psd,33867_nfb03_048.psd,발송4/범선/작품 쫑/후시/장소/로네느의집/거실/nfb03_048.psd,webdav:/13730b09/발송4/범선/작품 쫑/후시/장소/로네느의집/거실,/Users/saintiron/Projects/Imagine/thumbnails/33867_nfb03_048_thumb.png,psd,,,"A sketch-style illustration of a room interior with a red sofa, a framed painting, and a translucent figure seated behind a stack of books, set against a curtain with a zigzag pattern.","붉은 소파와 액자 그림이 있는 방 내부의 스케치풍 일러스트이며, 지그재그 무늬 커튼 앞 책 더미 뒤에 반투명한 인물이 앉아 있습니다.","[""still_life"", ""sketch"", ""interior"", ""translucent_figure"", ""curtain"", ""sofa"", ""painting"", ""books""]",illustration,,,,2,weak,precision_keyword_scoped_v2,2,manual_review,"assisted_prefill; scope=로네느의집:exact; matched_terms=-; missing_terms=그림,방",webdav:/13730b09/발송4/범선/작품 쫑/후시/장소/로네느의집/거실,visual:precision-q0004:33867,diverse_rank=6; source_count=3; visual_group=visual:precision-q0004:33867,,,,ok,,active,
precision-q0004,로네느의집에서 그림과 방 있는 이미지,scoped,52175,2,fts,"{""fts"": 2}","{""scoped_weak_v3_clean_tags3_20260502:fts"": 2}",webdav://13730b09/발송/범선/기절용사와 암살공주/장소/이미지/kya03_324.psd,52175_kya03_324.psd,발송/범선/기절용사와 암살공주/장소/이미지/kya03_324.psd,webdav:/13730b09/발송/범선/기절용사와 암살공주/장소/이미지,/Users/saintiron/Projects/Imagine/thumbnails/52175_kya03_324_thumb.png,psd,,,Anime-style characters in pastel colors with bubbles and sparkles.,파스텔 색감의 애니메이션풍 캐릭터들이 버블과 반짝임 효과와 함께 보입니다.,"[""anime"", ""pastel"", ""bubbles"", ""sparkles"", ""characters""]",illustration,,,,,,,1,manual_review,"assisted_prefill; scope=로네느의집:none; matched_terms=-; missing_terms=그림,방",webdav:/13730b09/발송/범선/기절용사와 암살공주/장소/이미지,visual:precision-q0004:52175,diverse_rank=7; source_count=2; visual_group=visual:precision-q0004:52175,,,,ok,,excluded,duplicate_item_over_cap
precision-q0004,로네느의집에서 그림과 방 있는 이미지,scoped,56982,2,mv,"{""mv"": 2}","{""scoped_weak_v3_clean_tags3_20260502:mv"": 2}",webdav://13730b09/발송/외주 회사/빔 studio/귀인환등초/bg/KGS_01_363.psd,56982_KGS_01_363.psd,발송/외주 회사/빔 studio/귀인환등초/bg/KGS_01_363.psd,bg,/Users/saintiron/Projects/Imagine/thumbnails/56982_KGS_01_363_thumb.png,psd,2339,1653,Three figures in a dimly lit room with a noose hanging from the ceiling.,천장에서 올가미가 내려온 어두운 방 안에 세 인물이 있습니다.,"[""figures"", ""noose"", ""room"", ""ceiling"", ""windows"", ""traditional clothing"", ""blue tones"", ""anime style""]",illustration,,,,,,,2,manual_review,"assisted_prefill; scope=로네느의집:none; matched_terms=-; missing_terms=그림,방",bg,visual:precision-q0004:56982,diverse_rank=8; source_count=1; visual_group=visual:precision-q0004:56982,,,,ok,,active,
precision-q0004,로네느의집에서 그림과 방 있는 이미지,scoped,41207,3,vv,"{""vv"": 3}","{""scoped_weak_v3_clean_tags3_20260502:vv"": 3}",webdav://13730b09/예비/크랑베르무/장소/안나의집/grb06_278_R.psd,41207_grb06_278_R.psd,예비/크랑베르무/장소/안나의집/grb06_278_R.psd,webdav:/13730b09/예비/크랑베르무/장소/안나의집,/Users/saintiron/Projects/Imagine/thumbnails/41207_grb06_278_R_thumb.png,psd,,,"A dimly lit classic study with bookshelves, framed paintings, and a red lamp.","책장, 액자 그림, 붉은 램프가 있는 어두운 고전적인 서재입니다.","[""study"", ""bookshelf"", ""paintings"", ""lamp"", ""anime"", ""classic"", ""evening""]",background,Interior,Evening,Indoor,,,,2,manual_review,"assisted_prefill; scope=로네느의집:none; matched_terms=-; missing_terms=그림,방",webdav:/13730b09/예비/크랑베르무/장소/안나의집,visual:precision-q0004:41207,diverse_rank=9; source_count=1; visual_group=visual:precision-q0004:41207,,,,ok,,active,
precision-q0004,로네느의집에서 그림과 방 있는 이미지,scoped,46386,3,mv,"{""mv"": 3}","{""scoped_weak_v3_clean_tags3_20260502:mv"": 3}",webdav://13730b09/발송작품/작품/Fate/sozai/aintsuberun_monooki_sozai2.psd,46386_aintsuberun_monooki_sozai2.psd,발송작품/작품/Fate/sozai/aintsuberun_monooki_sozai2.psd,webdav:/13730b09/발송작품/작품/Fate/sozai,/Users/saintiron/Projects/Imagine/thumbnails/46386_aintsuberun_monooki_sozai2_thumb.png,psd,,,A sketch of an interior room with a landscape painting inset.,풍경화가 삽입된 실내 방의 스케치입니다.,"[""interior"", ""sketch"", ""landscape"", ""painting"", ""architecture"", ""wood"", ""stone"", ""furniture""]",illustration,,,,,,,2,manual_review,"assisted_prefill; scope=로네느의집:none; matched_terms=-; missing_terms=그림,방",webdav:/13730b09/발송작품/작품/Fate/sozai,visual:precision-q0004:46386,diverse_rank=10; source_count=1; visual_group=visual:precision-q0004:46386,,,,ok,,active,
precision-q0005,홍콩사무실에서 소파과 창문 있는 이미지,scoped,38999,1,"mv,triaxis","{""mv"": 20, ""triaxis"": 1}","{""current_on_v3_clean_20260502:triaxis"": 1, ""scope_exact_segments_20260503:triaxis"": 1, ""scope_exact_segments_v2_20260503:triaxis"": 1, ""scope_exact_segments_v3_20260503:triaxis"": 1, ""scope_hint_hard_small_20260502:triaxis"": 1, ""scoped_weak_v3_clean_tags3_20260502:mv"": 20, ""scoped_weak_v3_clean_tags3_20260502:triaxis"": 1}",webdav://13730b09/예비/크랑베르무/장소/홍콩사무실/grb04_288.psd,38999_grb04_288.psd,예비/크랑베르무/장소/홍콩사무실/grb04_288.psd,webdav:/13730b09/예비/크랑베르무/장소/홍콩사무실,/Users/saintiron/Projects/Imagine/thumbnails/38999_grb04_288_thumb.png,psd,,,"An anime-style illustration of a quiet office interior with a sofa, desk, bookshelf, and window with blinds.","소파, 책상, 책장, 블라인드가 있는 창문이 있는 조용한 사무실 내부의 애니메이션풍 일러스트입니다.","[""anime"", ""office"", ""interior"", ""sofa"", ""desk"", ""bookshelf"", ""window"", ""blinds"", ""serene"", ""still_life""]",illustration,,,,2,weak,precision_keyword_scoped_v2,2,manual_review,"assisted_prefill; scope=홍콩사무실:exact; matched_terms=소파,창문; missing_terms=-",webdav:/13730b09/예비/크랑베르무/장소/홍콩사무실,visual:precision-q0005:38999,diverse_rank=1; source_count=3; visual_group=visual:precision-q0005:38999,,,,ok,,active,
precision-q0005,홍콩사무실에서 소파과 창문 있는 이미지,scoped,48825,1,"mv,triaxis","{""mv"": 1, ""triaxis"": 14}","{""current_on_v3_clean_20260502:triaxis"": 14, ""scoped_weak_v3_clean_tags3_20260502:mv"": 1, ""scoped_weak_v3_clean_tags3_20260502:triaxis"": 14}",webdav://13730b09/발송/외주 회사/뱅가드/24/#01/bg/VS8_01_101_GENZU.psd,48825_VS8_01_101_GENZU.psd,발송/외주 회사/뱅가드/24/#01/bg/VS8_01_101_GENZU.psd,발송/외주 회사/뱅가드/24/#01/bg,/Users/saintiron/Projects/Imagine/thumbnails/48825_VS8_01_101_GENZU_thumb.png,psd,,,Modern office interior with curved desk and city view,곡선형 책상과 도시 전망이 있는 현대적인 사무실 내부입니다.,"[""office"", ""desk"", ""cityscape"", ""modern"", ""interior"", ""architecture"", ""workspace"", ""design""]",background,,,,,,,2,manual_review,"assisted_prefill; scope=홍콩사무실:none; matched_terms=-; missing_terms=소파,창문",발송/외주 회사/뱅가드/24/#01/bg,visual:precision-q0005:48825,diverse_rank=2; source_count=1; visual_group=visual:precision-q0005:48825,,,,ok,,active,
precision-q0005,홍콩사무실에서 소파과 창문 있는 이미지,scoped,56777,1,vv,"{""vv"": 1}","{""scoped_weak_v3_clean_tags3_20260502:vv"": 1}",webdav://13730b09/발송/외주 회사/빔 studio/메탈#07/bg/MR07_056_BG_수정.psd,56777_MR07_056_BG_수정.psd,발송/외주 회사/빔 studio/메탈#07/bg/MR07_056_BG_수정.psd,bg,/Users/saintiron/Projects/Imagine/thumbnails/56777_MR07_056_BG_수정_thumb.png,psd,1847,1315,A translucent figure sits on a dark tufted sofa in a modern room.,현대적인 방 안의 어두운 버튼 장식 소파 위에 반투명한 인물이 앉아 있습니다.,"[""sofa"", ""figure"", ""translucent"", ""modern interior"", ""blue tones""]",illustration,,,,,,,2,manual_review,assisted_prefill; scope=홍콩사무실:none; matched_terms=소파; missing_terms=창문,bg,visual:precision-q0005:56777,diverse_rank=3; source_count=1; visual_group=visual:precision-q0005:56777,,,,ok,,active,
precision-q0005,홍콩사무실에서 소파과 창문 있는 이미지,scoped,57352,1,fts,"{""fts"": 1}","{""scoped_weak_v3_clean_tags3_20260502:fts"": 1}",webdav://13730b09/예비/작품2/대마도학원35시험 소대/택처/창문.psd,57352_창문.psd,예비/작품2/대마도학원35시험 소대/택처/창문.psd,택처,/Users/saintiron/Projects/Imagine/thumbnails/57352_창문_thumb.png,psd,1701,1701,A four-pane window frame with a modern design.,현대적인 디자인의 네 칸 창문 프레임입니다.,"[""window"", ""frame"", ""pane"", ""modern"", ""gray"", ""rectangular"", ""interior""]",item,,,,,,,2,manual_review,assisted_prefill; scope=홍콩사무실:none; matched_terms=창문; missing_terms=소파,택처,visual:precision-q0005:57352,diverse_rank=4; source_count=1; visual_group=visual:precision-q0005:57352,,,,ok,,active,
precision-q0005,홍콩사무실에서 소파과 창문 있는 이미지,scoped,31522,2,vv,"{""vv"": 2}","{""scoped_weak_v3_clean_tags3_20260502:vv"": 2}",/Users/saintiron/imageDB/마캬베리즈무/실내소품/pf46_015r.psd,pf46_015r.psd,pf46_015r.psd,실내소품,/Users/saintiron/Projects/Imagine/thumbnails/pf46_015r_thumb.png,psd,1966,1296,A green wall with a window and a yellow curved surface.,창문과 노란 곡면이 있는 초록색 벽입니다.,"[""wall"", ""window"", ""curved surface"", ""interior"", ""painting"", ""green"", ""yellow""]",background,,,,,,,2,manual_review,assisted_prefill; scope=홍콩사무실:none; matched_terms=창문; missing_terms=소파,실내소품,visual:precision-q0005:31522,diverse_rank=5; source_count=2; visual_group=visual:precision-q0005:31522,,,,ok,,active,
precision-q0005,홍콩사무실에서 소파과 창문 있는 이미지,scoped,38996,2,triaxis,"{""triaxis"": 2}","{""scope_exact_segments_20260503:triaxis"": 2, ""scope_exact_segments_v2_20260503:triaxis"": 2, ""scope_exact_segments_v3_20260503:triaxis"": 2, ""scope_hint_hard_small_20260502:triaxis"": 2}",webdav://13730b09/예비/크랑베르무/장소/홍콩사무실/grb03_250.psd,38996_grb03_250.psd,예비/크랑베르무/장소/홍콩사무실/grb03_250.psd,webdav:/13730b09/예비/크랑베르무/장소/홍콩사무실,/Users/saintiron/Projects/Imagine/thumbnails/38996_grb03_250_thumb.png,psd,,,"An anime-style office scene with a transparent lineart of a person sitting at a desk, framed by certificates and a potted plant, with soft light filtering through blinds.","책상에 앉은 사람의 투명한 선화가 보이고, 자격증 액자와 화분이 둘러싼 사무실 장면이며, 블라인드 사이로 부드러운 빛이 들어옵니다.","[""anime"", ""office"", ""lineart"", ""transparent"", ""serene"", ""certificates"", ""plant"", ""blinds"", ""text""]",illustration,,,,,,,2,manual_review,assisted_prefill; scope=홍콩사무실:exact; matched_terms=창문; missing_terms=소파,webdav:/13730b09/예비/크랑베르무/장소/홍콩사무실,visual:precision-q0005:38996,diverse_rank=6; source_count=3; visual_group=visual:precision-q0005:38996,,,,ok,,active,
precision-q0005,홍콩사무실에서 소파과 창문 있는 이미지,scoped,58479,2,"mv,triaxis","{""mv"": 2, ""triaxis"": 2}","{""current_on_v3_clean_20260502:triaxis"": 2, ""scoped_weak_v3_clean_tags3_20260502:mv"": 2, ""scoped_weak_v3_clean_tags3_20260502:triaxis"": 2}",webdav://13730b09/예비/작품2/대마도학원35시험 소대/보도/아르케미스트 본사 사장실 어두운석양.psd,58479_아르케미스트 본사 사장실 어두운석양.psd,예비/작품2/대마도학원35시험 소대/보도/아르케미스트 본사 사장실 어두운석양.psd,보도,/Users/saintiron/Projects/Imagine/thumbnails/58479_아르케미스트 본사 사장실 어두운석양_thumb.png,psd,2674,1994,Sunset view of a modern office with large windows and leather furniture,큰 창문과 가죽 가구가 있는 현대적인 사무실의 석양 풍경입니다.,"[""office"", ""leather sofa"", ""windows"", ""sunset"", ""plants"", ""modern interior"", ""desk"", ""wall shelves""]",background,,,,,,,2,manual_review,"assisted_prefill; scope=홍콩사무실:none; matched_terms=소파,창문; missing_terms=-",보도,visual:precision-q0005:58479,diverse_rank=7; source_count=1; visual_group=visual:precision-q0005:58479,,,,ok,,active,
precision-q0005,홍콩사무실에서 소파과 창문 있는 이미지,scoped,31502,3,vv,"{""vv"": 3}","{""scoped_weak_v3_clean_tags3_20260502:vv"": 3}",/Users/saintiron/imageDB/마캬베리즈무/실내소품/pf45_180.psd,pf45_180.psd,pf45_180.psd,실내소품,/Users/saintiron/Projects/Imagine/thumbnails/pf45_180_thumb.png,psd,1676,1179,A yellow sofa and small table near a window showing a starry night sky.,별이 보이는 밤하늘이 보이는 창문 근처에 노란 소파와 작은 테이블이 있습니다.,"[""sofa"", ""table"", ""window"", ""night sky"", ""stars"", ""indoor"", ""furniture"", ""architecture""]",background,,,,,,,2,manual_review,"assisted_prefill; scope=홍콩사무실:none; matched_terms=소파,창문; missing_terms=-",실내소품,visual:precision-q0005:31502,diverse_rank=8; source_count=2; visual_group=visual:precision-q0005:31502,,,,ok,,active,
precision-q0005,홍콩사무실에서 소파과 창문 있는 이미지,scoped,38992,3,triaxis,"{""triaxis"": 3}","{""scope_exact_segments_20260503:triaxis"": 3, ""scope_exact_segments_v2_20260503:triaxis"": 3, ""scope_exact_segments_v3_20260503:triaxis"": 3, ""scope_hint_hard_small_20260502:triaxis"": 3}",webdav://13730b09/예비/크랑베르무/장소/홍콩사무실/grb02_147.psd,38992_grb02_147.psd,예비/크랑베르무/장소/홍콩사무실/grb02_147.psd,webdav:/13730b09/예비/크랑베르무/장소/홍콩사무실,/Users/saintiron/Projects/Imagine/thumbnails/38992_grb02_147_thumb.png,psd,,,"A detailed anime-style illustration of a cluttered office room with bookshelves, a glass cabinet, a sofa, and various decorative items. A red banner with the Chinese character '福' hangs on the wall, adding a cultural touch.","책장, 유리 수납장, 소파, 여러 장식품이 있는 어수선한 사무실 방의 상세한 애니메이션풍 일러스트입니다. 벽에는 중국 문자 '福'가 적힌 붉은 현수막이 걸려 있어 문화적인 느낌을 더합니다.","[""anime"", ""office"", ""cluttered"", ""bookshelf"", ""glass_cabinet"", ""sofa"", ""red_banner"", ""chinese_character"", ""serene"", ""illustration""]",illustration,,,,2,weak,precision_keyword_scoped_v2,2,manual_review,assisted_prefill; scope=홍콩사무실:exact; matched_terms=소파; missing_terms=창문,webdav:/13730b09/예비/크랑베르무/장소/홍콩사무실,visual:precision-q0005:38992,diverse_rank=9; source_count=3; visual_group=visual:precision-q0005:38992,,,,ok,,active,
precision-q0005,홍콩사무실에서 소파과 창문 있는 이미지,scoped,48511,3,"mv,triaxis","{""mv"": 3, ""triaxis"": 6}","{""current_on_v3_clean_20260502:triaxis"": 6, ""scoped_weak_v3_clean_tags3_20260502:mv"": 3, ""scoped_weak_v3_clean_tags3_20260502:triaxis"": 6}",webdav://13730b09/발송/외주 회사/뱅가드/24/#13/bg/VS6_13_358_GENZU.psd,48511_VS6_13_358_GENZU.psd,발송/외주 회사/뱅가드/24/#13/bg/VS6_13_358_GENZU.psd,발송/외주 회사/뱅가드/24/#13/bg,/Users/saintiron/Projects/Imagine/thumbnails/48511_VS6_13_358_GENZU_thumb.png,psd,,,Modern office interior with large windows and city view.,큰 창문과 도시 전망이 있는 현대적인 사무실 내부입니다.,"[""office"", ""interior"", ""modern"", ""cityscape"", ""desk"", ""chairs"", ""plant"", ""window""]",illustration,,,,,,,2,manual_review,assisted_prefill; scope=홍콩사무실:none; matched_terms=창문; missing_terms=소파,발송/외주 회사/뱅가드/24/#13/bg,visual:precision-q0005:48511,diverse_rank=10; source_count=1; visual_group=visual:precision-q0005:48511,,,,ok,,active,
precision-q0006,bg에서 train과 하늘 있는 이미지,scoped,34435,1,mv,"{""mv"": 1}","{""scoped_weak_v3_clean_tags3_20260502:mv"": 1}",webdav://13730b09/발송4/범선/작품 쫑/후시/장소/던전안 작은방/nfb05_215.psd,34435_nfb05_215.psd,발송4/범선/작품 쫑/후시/장소/던전안 작은방/nfb05_215.psd,webdav:/13730b09/발송4/범선/작품 쫑/후시/장소/던전안 작은방,/Users/saintiron/Projects/Imagine/thumbnails/34435_nfb05_215_thumb.png,psd,,,unknown,,[],background,unknown,unknown,unknown,,,,0,manual_review,"assisted_prefill; scope=bg:none; matched_terms=-; missing_terms=train,하늘",webdav:/13730b09/발송4/범선/작품 쫑/후시/장소/던전안 작은방,visual:precision-q0006:34435,diverse_rank=1; source_count=1; visual_group=visual:precision-q0006:34435,,,,repair_required,missing_caption_and_tags,excluded,repair_required
precision-q0006,bg에서 train과 하늘 있는 이미지,scoped,42100,1,vv,"{""vv"": 1}","{""scoped_weak_v3_clean_tags3_20260502:vv"": 1}",webdav://13730b09/예비/크랑베르무/장소/놀이터 공원/grb06_009_R.psd,42100_grb06_009_R.psd,예비/크랑베르무/장소/놀이터 공원/grb06_009_R.psd,webdav:/13730b09/예비/크랑베르무/장소/놀이터 공원,/Users/saintiron/Projects/Imagine/thumbnails/42100_grb06_009_R_thumb.png,psd,,,"A moody, animated landscape featuring a railway bridge crossing over a valley under a dark, cloudy sky.",어둡고 구름 낀 하늘 아래 계곡을 가로지르는 철도교가 있는 분위기 있는 애니메이션풍 풍경입니다.,"[""anime"", ""landscape"", ""railway bridge"", ""cloudy sky"", ""green hills"", ""overhead wires"", ""fence"", ""scenery"", ""atmospheric""]",,,,,,,,2,manual_review,assisted_prefill; scope=bg:none; matched_terms=하늘; missing_terms=train,webdav:/13730b09/예비/크랑베르무/장소/놀이터 공원,visual:precision-q0006:42100,diverse_rank=2; source_count=2; visual_group=visual:precision-q0006:42100,,,,ok,,active,
precision-q0006,bg에서 train과 하늘 있는 이미지,scoped,51090,1,"triaxis,vv","{""triaxis"": 1, ""vv"": 9}","{""current_on_v3_clean_20260502:triaxis"": 1, ""scope_exact_segments_20260503:triaxis"": 1, ""scope_exact_segments_v2_20260503:triaxis"": 1, ""scope_exact_segments_v3_20260503:triaxis"": 1, ""scope_hint_hard_small_20260502:triaxis"": 1, ""scoped_weak_v3_clean_tags3_20260502:triaxis"": 1, ""scoped_weak_v3_clean_tags3_20260502:vv"": 9}",webdav://13730b09/발송/범선/기절용사와 암살공주/#09/bg/kya09_102B.psd,51090_kya09_102B.psd,발송/범선/기절용사와 암살공주/#09/bg/kya09_102B.psd,webdav:/13730b09/발송/범선/기절용사와 암살공주/#09/bg,/Users/saintiron/Projects/Imagine/thumbnails/51090_kya09_102B_thumb.png,psd,,,Sky background with wireframe overlay and cloud details,구름 디테일과 와이어프레임 오버레이가 있는 하늘 배경입니다.,"[""sky"", ""clouds"", ""wireframe"", ""blue"", ""digital art"", ""background"", ""perspective lines""]",background,,,,,,,2,manual_review,assisted_prefill; scope=bg:exact; matched_terms=하늘; missing_terms=train,webdav:/13730b09/발송/범선/기절용사와 암살공주/#09/bg,visual:precision-q0006:51090,diverse_rank=3; source_count=1; visual_group=visual:precision-q0006:51090,,,,ok,,active,
precision-q0006,bg에서 train과 하늘 있는 이미지,scoped,56947,1,"fts,triaxis,vv","{""fts"": 1, ""triaxis"": 18, ""vv"": 11}","{""current_on_v3_clean_20260502:triaxis"": 18, ""scope_exact_segments_20260503:triaxis"": 18, ""scope_exact_segments_v2_20260503:triaxis"": 18, ""scope_exact_segments_v3_20260503:triaxis"": 18, ""scope_hint_hard_small_20260502:triaxis"": 18, ""scoped_weak_v3_clean_tags3_20260502:fts"": 1, ""scoped_weak_v3_clean_tags3_20260502:triaxis"": 18, ""scoped_weak_v3_clean_tags3_20260502:vv"": 11}",webdav://13730b09/발송/외주 회사/빔 studio/귀인환등초/bg/KGS_01_336.psd,56947_KGS_01_336.psd,발송/외주 회사/빔 studio/귀인환등초/bg/KGS_01_336.psd,bg,/Users/saintiron/Projects/Imagine/thumbnails/56947_KGS_01_336_thumb.png,psd,2339,1653,A serene sky with fluffy clouds and a thatched roof corner.,폭신한 구름이 있는 차분한 하늘과 초가지붕 모서리가 보입니다.,"[""sky"", ""clouds"", ""thatched roof"", ""grass"", ""blue sky"", ""white clouds"", ""rural"", ""peaceful""]",background,,,,,,,2,manual_review,assisted_prefill; scope=bg:exact; matched_terms=하늘; missing_terms=train,bg,visual:precision-q0006:56947,diverse_rank=4; source_count=1; visual_group=visual:precision-q0006:56947,,,,ok,,active,
precision-q0006,bg에서 train과 하늘 있는 이미지,scoped,42103,2,vv,"{""vv"": 2}","{""scoped_weak_v3_clean_tags3_20260502:vv"": 2}",webdav://13730b09/예비/크랑베르무/장소/놀이터 공원/grb06_011_R.psd,42103_grb06_011_R.psd,예비/크랑베르무/장소/놀이터 공원/grb06_011_R.psd,webdav:/13730b09/예비/크랑베르무/장소/놀이터 공원,/Users/saintiron/Projects/Imagine/thumbnails/42103_grb06_011_R_thumb.png,psd,,,"A moody, overcast sky looms over a concrete railway bridge featuring overhead power lines and metal railings.",흐리고 무거운 하늘이 전선과 금속 난간이 있는 콘크리트 철도교 위로 드리워져 있습니다.,"[""train"", ""bridge"", ""overhead wires"", ""overcast"", ""storm"", ""railway"", ""sky"", ""structure"", ""grey"", ""atmospheric""]",,,,,,,,2,manual_review,"assisted_prefill; scope=bg:none; matched_terms=train,하늘; missing_terms=-",webdav:/13730b09/예비/크랑베르무/장소/놀이터 공원,visual:precision-q0006:42103,diverse_rank=5; source_count=2; visual_group=visual:precision-q0006:42103,,,,ok,,active,
precision-q0006,bg에서 train과 하늘 있는 이미지,scoped,48575,2,"mv,triaxis","{""mv"": 2, ""triaxis"": 20}","{""current_on_v3_clean_20260502:triaxis"": 20, ""scope_exact_segments_20260503:triaxis"": 20, ""scope_exact_segments_v2_20260503:triaxis"": 20, ""scope_exact_segments_v3_20260503:triaxis"": 20, ""scope_hint_hard_small_20260502:triaxis"": 20, ""scoped_weak_v3_clean_tags3_20260502:mv"": 2, ""scoped_weak_v3_clean_tags3_20260502:triaxis"": 20}",webdav://13730b09/발송/외주 회사/뱅가드/24/#02/bg/VS8_02_288_GENZU.psd,48575_VS8_02_288_GENZU.psd,발송/외주 회사/뱅가드/24/#02/bg/VS8_02_288_GENZU.psd,발송/외주 회사/뱅가드/24/#02/bg,/Users/saintiron/Projects/Imagine/thumbnails/48575_VS8_02_288_GENZU_thumb.png,psd,,,Anime character with starry background and text overlay,별이 있는 배경과 텍스트 오버레이가 있는 애니메이션 캐릭터입니다.,"[""anime"", ""starry sky"", ""character portrait"", ""blue tones"", ""digital art"", ""VS8"", ""288"", ""GENZU""]",illustration,,,,,,,1,manual_review,assisted_prefill; scope=bg:exact; matched_terms=하늘; missing_terms=train,발송/외주 회사/뱅가드/24/#02/bg,visual:precision-q0006:48575,diverse_rank=6; source_count=1; visual_group=visual:precision-q0006:48575,,,,ok,,excluded,duplicate_item_over_cap
precision-q0006,bg에서 train과 하늘 있는 이미지,scoped,60571,2,fts,"{""fts"": 2}","{""scoped_weak_v3_clean_tags3_20260502:fts"": 2}",webdav://13730b09/예비/마법과고교의 우등생/#09/210730/MKY#09_251.psd,60571_MKY#09_251.psd,예비/마법과고교의 우등생/#09/210730/MKY#09_251.psd,210730,/Users/saintiron/Projects/Imagine/thumbnails/60571_MKY#09_251_thumb.png,psd,3536,1240,,,,,,,,,,,0,manual_review,"assisted_prefill; scope=bg:none; matched_terms=-; missing_terms=train,하늘",210730,visual:precision-q0006:60571,diverse_rank=7; source_count=1; visual_group=visual:precision-q0006:60571,,,,repair_required,missing_caption_and_tags,excluded,repair_required
precision-q0006,bg에서 train과 하늘 있는 이미지,scoped,32314,3,vv,"{""vv"": 3}","{""scoped_weak_v3_clean_tags3_20260502:vv"": 3}",webdav://13730b09/발송4/범선/종말투어링/#07/bg/syt07_018.psd,32314_syt07_018.psd,발송4/범선/종말투어링/#07/bg/syt07_018.psd,발송4/범선/종말투어링/#07/bg,/Users/saintiron/Projects/Imagine/thumbnails/32314_syt07_018_thumb.png,psd,,,"A serene bridge overlooks a vast blue sky with fluffy clouds, suggesting a tranquil, sunny day.","차분한 다리가 폭신한 구름이 있는 넓은 푸른 하늘을 내려다보며, 평온하고 맑은 낮 분위기를 줍니다.","[""bridge"", ""sky"", ""clouds"", ""anime"", ""outdoor"", ""summer"", ""peaceful"", ""modern architecture""]",background,outdoor,,,,,,2,manual_review,assisted_prefill; scope=bg:exact; matched_terms=하늘; missing_terms=train,발송4/범선/종말투어링/#07/bg,visual:precision-q0006:32314,diverse_rank=8; source_count=1; visual_group=visual:precision-q0006:32314,,,,ok,,active,
precision-q0006,bg에서 train과 하늘 있는 이미지,scoped,32554,3,"triaxis,vv","{""triaxis"": 3, ""vv"": 15}","{""current_on_v3_clean_20260502:triaxis"": 3, ""scope_exact_segments_20260503:triaxis"": 3, ""scope_exact_segments_v2_20260503:triaxis"": 3, ""scope_exact_segments_v3_20260503:triaxis"": 3, ""scope_hint_hard_small_20260502:triaxis"": 3, ""scoped_weak_v3_clean_tags3_20260502:triaxis"": 3, ""scoped_weak_v3_clean_tags3_20260502:vv"": 15}",webdav://13730b09/발송4/범선/종말투어링/#01/bg/syt01_292_306_310_BG2.psd,32554_syt01_292_306_310_BG2.psd,발송4/범선/종말투어링/#01/bg/syt01_292_306_310_BG2.psd,발송4/범선/종말투어링/#01/bg,/Users/saintiron/Projects/Imagine/thumbnails/32554_syt01_292_306_310_BG2_thumb.png,psd,,,A serene mountain landscape under a vast blue sky with airplane contrails.,비행기 비행운이 있는 넓은 푸른 하늘 아래 차분한 산 풍경입니다.,"[""mountain"", ""sky"", ""contrails"", ""green_forest"", ""blue_sky"", ""anime_style"", ""outdoor"", ""peaceful""]",background,outdoor,,,,,,2,manual_review,assisted_prefill; scope=bg:exact; matched_terms=하늘; missing_terms=train,발송4/범선/종말투어링/#01/bg,visual:precision-q0006:32554,diverse_rank=9; source_count=1; visual_group=visual:precision-q0006:32554,,,,ok,,active,
precision-q0006,bg에서 train과 하늘 있는 이미지,scoped,33291,3,mv,"{""mv"": 3}","{""scoped_weak_v3_clean_tags3_20260502:mv"": 3}","webdav://13730b09/발송4/범선/작품 쫑/후시/장소/숲,자연/nfb08_192.psd",33291_nfb08_192.psd,"발송4/범선/작품 쫑/후시/장소/숲,자연/nfb08_192.psd","webdav:/13730b09/발송4/범선/작품 쫑/후시/장소/숲,자연",/Users/saintiron/Projects/Imagine/thumbnails/33291_nfb08_192_thumb.png,psd,,,Anime character sketch with sky background and Japanese text overlay.,하늘 배경 위에 애니메이션 캐릭터 스케치와 일본어 텍스트 오버레이가 있습니다.,"[""anime"", ""portrait"", ""sketch"", ""sky"", ""japanese_text"", ""character_design""]",illustration,,,,,,,2,manual_review,assisted_prefill; scope=bg:none; matched_terms=하늘; missing_terms=train,"webdav:/13730b09/발송4/범선/작품 쫑/후시/장소/숲,자연",visual:precision-q0006:33291,diverse_rank=10; source_count=1; visual_group=visual:precision-q0006:33291,,,,ok,,excluded,duplicate_item_over_cap
precision-q0007,#3에서 하늘과 밤 있는 이미지,scoped,30788,1,"mv,triaxis","{""mv"": 9, ""triaxis"": 1}","{""current_on_v3_clean_20260502:triaxis"": 20, ""scope_hint_hard_small_20260502:triaxis"": 1, ""scoped_weak_v3_clean_tags3_20260502:mv"": 9, ""scoped_weak_v3_clean_tags3_20260502:triaxis"": 20}",webdav://13730b09/발송작품/작품/세일러문/#33/1/291.psd,291.psd,발송작품/작품/세일러문/#33/1/291.psd,발송작품/작품/세일러문/#33/1,/Users/saintiron/Projects/Imagine/thumbnails/291_thumb.png,psd,1782,1268,"A dark, stormy sky with swirling blue clouds under a night sky.",밤하늘 아래 푸른 구름이 소용돌이치는 어둡고 폭풍우 치는 하늘입니다.,[],background,celestial,,,2,weak,precision_keyword_scoped_v2,2,manual_review,"assisted_prefill; scope=#3:substring; matched_terms=하늘,밤; missing_terms=-",발송작품/작품/세일러문/#33/1,visual:precision-q0007:30788,diverse_rank=1; source_count=2; visual_group=visual:precision-q0007:30788,,,,metadata_partial,missing_tags,active,
precision-q0007,#3에서 하늘과 밤 있는 이미지,scoped,30791,1,"mv,triaxis","{""mv"": 1, ""triaxis"": 4}","{""scope_hint_hard_small_20260502:triaxis"": 4, ""scoped_weak_v3_clean_tags3_20260502:mv"": 1}",webdav://13730b09/발송작품/작품/세일러문/#33/1/299_301_313_311_318_324_326.psd,299_301_313_311_318_324_326.psd,발송작품/작품/세일러문/#33/1/299_301_313_311_318_324_326.psd,발송작품/작품/세일러문/#33/1,/Users/saintiron/Projects/Imagine/thumbnails/299_301_313_311_318_324_326_thumb.png,psd,2588,1198,"Dark, stormy night sky with swirling clouds.",소용돌이치는 구름이 있는 어둡고 폭풍우 치는 밤하늘입니다.,[],background,celestial,,,2,weak,precision_keyword_scoped_v2,2,manual_review,"assisted_prefill; scope=#3:substring; matched_terms=하늘,밤; missing_terms=-",발송작품/작품/세일러문/#33/1,visual:precision-q0007:30791,diverse_rank=2; source_count=2; visual_group=visual:precision-q0007:30791,,,,metadata_partial,missing_tags,active,
precision-q0007,#3에서 하늘과 밤 있는 이미지,scoped,40887,1,triaxis,"{""triaxis"": 1}","{""current_on_v3_clean_20260502:triaxis"": 1, ""scoped_weak_v3_clean_tags3_20260502:triaxis"": 1}",webdav://13730b09/예비/크랑베르무/장소/전투/1/grb01_195.psd,40887_grb01_195.psd,예비/크랑베르무/장소/전투/1/grb01_195.psd,webdav:/13730b09/예비/크랑베르무/장소/전투/1,/Users/saintiron/Projects/Imagine/thumbnails/40887_grb01_195_thumb.png,psd,,,"A serene anime-style night sky filled with stars and soft clouds, transitioning from deep blue to pink hues.",별과 부드러운 구름으로 가득하고 짙은 파랑에서 분홍빛으로 이어지는 차분한 애니메이션풍 밤하늘입니다.,"[""night sky"", ""anime"", ""stars"", ""clouds"", ""serene"", ""pink gradient"", ""deep blue""]",background,sky,night,clear,,,,2,manual_review,"assisted_prefill; scope=#3:none; matched_terms=하늘,밤; missing_terms=-",webdav:/13730b09/예비/크랑베르무/장소/전투/1,visual:precision-q0007:40887,diverse_rank=3; source_count=1; visual_group=visual:precision-q0007:40887,,,,ok,,active,
precision-q0007,#3에서 하늘과 밤 있는 이미지,scoped,41385,1,vv,"{""vv"": 1}","{""scoped_weak_v3_clean_tags3_20260502:vv"": 1}",webdav://13730b09/예비/크랑베르무/장소/신게츠의집/grb06_217.psd,41385_grb06_217.psd,예비/크랑베르무/장소/신게츠의집/grb06_217.psd,webdav:/13730b09/예비/크랑베르무/장소/신게츠의집,/Users/saintiron/Projects/Imagine/thumbnails/41385_grb06_217_thumb.png,psd,,,"Two figures sit on a balcony under a vast starry night sky, with distant mountains silhouetted below.","넓은 별빛 밤하늘 아래 발코니에 두 인물이 앉아 있고, 아래에는 먼 산의 실루엣이 보입니다.","[""anime"", ""night"", ""stars"", ""balcony"", ""mountains"", ""serene"", ""contemplative"", ""two figures"", ""starry sky""]",illustration,,,,,,,2,manual_review,"assisted_prefill; scope=#3:none; matched_terms=하늘,밤; missing_terms=-",webdav:/13730b09/예비/크랑베르무/장소/신게츠의집,visual:precision-q0007:41385,diverse_rank=4; source_count=1; visual_group=visual:precision-q0007:41385,,,,ok,,active,
precision-q0007,#3에서 하늘과 밤 있는 이미지,scoped,52159,1,fts,"{""fts"": 1}","{""scoped_weak_v3_clean_tags3_20260502:fts"": 1}",webdav://13730b09/발송/범선/기절용사와 암살공주/장소/이미지/kya04_075.psd,52159_kya04_075.psd,발송/범선/기절용사와 암살공주/장소/이미지/kya04_075.psd,webdav:/13730b09/발송/범선/기절용사와 암살공주/장소/이미지,/Users/saintiron/Projects/Imagine/thumbnails/52159_kya04_075_thumb.png,psd,,,Anime-style illustration with pastel colors and sparkling effects,파스텔 색감과 반짝이는 효과가 있는 애니메이션풍 일러스트입니다.,"[""anime"", ""pastel"", ""sparkles"", ""bubbles"", ""characters""]",illustration,,,,,,,1,manual_review,"assisted_prefill; scope=#3:none; matched_terms=-; missing_terms=하늘,밤",webdav:/13730b09/발송/범선/기절용사와 암살공주/장소/이미지,visual:precision-q0007:52159,diverse_rank=5; source_count=2; visual_group=visual:precision-q0007:52159,,,,ok,,excluded,duplicate_item_over_cap
precision-q0007,#3에서 하늘과 밤 있는 이미지,scoped,57676,1,triaxis,"{""triaxis"": 1}","{""scope_exact_segments_20260503:triaxis"": 1, ""scope_exact_segments_v2_20260503:triaxis"": 1, ""scope_exact_segments_v3_20260503:triaxis"": 1, ""scope_hint_hard_small_20260502:triaxis"": 14}",webdav://13730b09/예비/작품2/대마도학원35시험 소대/제작회사BG/#3/AT03_252.psd,57676_AT03_252.psd,예비/작품2/대마도학원35시험 소대/제작회사BG/#3/AT03_252.psd,#3,/Users/saintiron/Projects/Imagine/thumbnails/57676_AT03_252_thumb.png,psd,1677,2075,A dark castle under a starry night sky with glowing windows.,빛나는 창문이 있는 어두운 성이 별이 가득한 밤하늘 아래에 있습니다.,"[""castle"", ""night"", ""stars"", ""clouds"", ""towers"", ""glow"", ""architecture""]",illustration,,,,2,weak,precision_keyword_scoped_v2,1,manual_review,"assisted_prefill; scope=#3:exact; matched_terms=하늘,밤; missing_terms=-",#3,visual:precision-q0007:57676,diverse_rank=6; source_count=1; visual_group=visual:precision-q0007:57676,,,,ok,,active,
precision-q0007,#3에서 하늘과 밤 있는 이미지,scoped,29532,2,"triaxis,vv","{""triaxis"": 2, ""vv"": 19}","{""scope_hint_hard_small_20260502:triaxis"": 2, ""scoped_weak_v3_clean_tags3_20260502:vv"": 19}",webdav://13730b09/발송작품/작품/세일러문/#30/1/226.psd,29532_226.psd,발송작품/작품/세일러문/#30/1/226.psd,발송작품/작품/세일러문/#30/1,/Users/saintiron/Projects/Imagine/thumbnails/29532_226_thumb.png,psd,,,"A starry night sky overlooks a sprawling cityscape from a high vantage point, with a curved architectural edge framing the view.","높은 시점에서 넓게 펼쳐진 도시 풍경이 별이 가득한 밤하늘 아래 보이며, 곡선형 건축 가장자리가 장면을 감싸고 있습니다.","[""night"", ""city"", ""stars"", ""anime"", ""urban"", ""sky"", ""modern"", ""peaceful"", ""deep_depth""]",background,urban,,,2,weak,precision_keyword_scoped_v2,2,manual_review,"assisted_prefill; scope=#3:substring; matched_terms=하늘,밤; missing_terms=-",발송작품/작품/세일러문/#30/1,visual:precision-q0007:29532,diverse_rank=7; source_count=1; visual_group=visual:precision-q0007:29532,,,,ok,,active,
precision-q0007,#3에서 하늘과 밤 있는 이미지,scoped,42009,2,vv,"{""vv"": 2}","{""scoped_weak_v3_clean_tags3_20260502:vv"": 2}",webdav://13730b09/예비/크랑베르무/장소/마을/grb11_110_112.psd,42009_grb11_110_112.psd,예비/크랑베르무/장소/마을/grb11_110_112.psd,webdav:/13730b09/예비/크랑베르무/장소/마을,/Users/saintiron/Projects/Imagine/thumbnails/42009_grb11_110_112_thumb.png,psd,,,"A serene night scene featuring a starry blue sky above silhouetted buildings, a glowing streetlamp, and windows emitting soft light.","실루엣 건물 위 별이 있는 푸른 밤하늘, 빛나는 가로등, 부드러운 빛을 내는 창문이 있는 차분한 밤 장면입니다.","[""night sky"", ""stars"", ""streetlamp"", ""urban"", ""twilight"", ""blue hue"", ""silhouette"", ""architecture"", ""gloom"", ""peaceful""]",,,,,,,,1,manual_review,"assisted_prefill; scope=#3:none; matched_terms=하늘,밤; missing_terms=-",webdav:/13730b09/예비/크랑베르무/장소/마을,visual:precision-q0007:42009,diverse_rank=8; source_count=1; visual_group=visual:precision-q0007:42009,,,,ok,,active,
precision-q0007,#3에서 하늘과 밤 있는 이미지,scoped,48575,2,mv,"{""mv"": 2}","{""scoped_weak_v3_clean_tags3_20260502:mv"": 2}",webdav://13730b09/발송/외주 회사/뱅가드/24/#02/bg/VS8_02_288_GENZU.psd,48575_VS8_02_288_GENZU.psd,발송/외주 회사/뱅가드/24/#02/bg/VS8_02_288_GENZU.psd,발송/외주 회사/뱅가드/24/#02/bg,/Users/saintiron/Projects/Imagine/thumbnails/48575_VS8_02_288_GENZU_thumb.png,psd,,,Anime character with starry background and text overlay,별이 있는 배경과 텍스트 오버레이가 있는 애니메이션 캐릭터입니다.,"[""anime"", ""starry sky"", ""character portrait"", ""blue tones"", ""digital art"", ""VS8"", ""288"", ""GENZU""]",illustration,,,,,,,1,manual_review,"assisted_prefill; scope=#3:none; matched_terms=하늘,밤; missing_terms=-",발송/외주 회사/뱅가드/24/#02/bg,visual:precision-q0007:48575,diverse_rank=9; source_count=1; visual_group=visual:precision-q0007:48575,,,,ok,,excluded,duplicate_item_over_cap
precision-q0007,#3에서 하늘과 밤 있는 이미지,scoped,52175,2,fts,"{""fts"": 2}","{""scoped_weak_v3_clean_tags3_20260502:fts"": 2}",webdav://13730b09/발송/범선/기절용사와 암살공주/장소/이미지/kya03_324.psd,52175_kya03_324.psd,발송/범선/기절용사와 암살공주/장소/이미지/kya03_324.psd,webdav:/13730b09/발송/범선/기절용사와 암살공주/장소/이미지,/Users/saintiron/Projects/Imagine/thumbnails/52175_kya03_324_thumb.png,psd,,,Anime-style characters in pastel colors with bubbles and sparkles.,파스텔 색감의 애니메이션풍 캐릭터들이 버블과 반짝임 효과와 함께 보입니다.,"[""anime"", ""pastel"", ""bubbles"", ""sparkles"", ""characters""]",illustration,,,,,,,1,manual_review,"assisted_prefill; scope=#3:none; matched_terms=-; missing_terms=하늘,밤",webdav:/13730b09/발송/범선/기절용사와 암살공주/장소/이미지,visual:precision-q0007:52175,diverse_rank=10; source_count=2; visual_group=visual:precision-q0007:52175,,,,ok,,excluded,duplicate_item_over_cap
precision-q0008,#01에서 교실과 캐릭터 있는 이미지,scoped,33291,1,mv,"{""mv"": 1}","{""scoped_weak_v3_clean_tags3_20260502:mv"": 1}","webdav://13730b09/발송4/범선/작품 쫑/후시/장소/숲,자연/nfb08_192.psd",33291_nfb08_192.psd,"발송4/범선/작품 쫑/후시/장소/숲,자연/nfb08_192.psd","webdav:/13730b09/발송4/범선/작품 쫑/후시/장소/숲,자연",/Users/saintiron/Projects/Imagine/thumbnails/33291_nfb08_192_thumb.png,psd,,,Anime character sketch with sky background and Japanese text overlay.,하늘 배경 위에 애니메이션 캐릭터 스케치와 일본어 텍스트 오버레이가 있습니다.,"[""anime"", ""portrait"", ""sketch"", ""sky"", ""japanese_text"", ""character_design""]",illustration,,,,,,,2,manual_review,"assisted_prefill; scope=#01:none; matched_terms=-; missing_terms=교실,캐릭터","webdav:/13730b09/발송4/범선/작품 쫑/후시/장소/숲,자연",visual:precision-q0008:33291,diverse_rank=1; source_count=1; visual_group=visual:precision-q0008:33291,,,,ok,,excluded,non_background_query
precision-q0008,#01에서 교실과 캐릭터 있는 이미지,scoped,48151,1,vv,"{""vv"": 1}","{""scoped_weak_v3_clean_tags3_20260502:vv"": 1}",webdav://13730b09/발송/외주 회사/뱅가드/26/#04/bg/VS10_04_132_GENZU.psd,48151_VS10_04_132_GENZU.psd,발송/외주 회사/뱅가드/26/#04/bg/VS10_04_132_GENZU.psd,발송/외주 회사/뱅가드/26/#04/bg,/Users/saintiron/Projects/Imagine/thumbnails/48151_VS10_04_132_GENZU_thumb.png,psd,,,Anime classroom scene with students and desks under fluorescent lights.,형광등 아래 학생들과 책상이 있는 애니메이션 교실 장면입니다.,"[""classroom"", ""anime"", ""students"", ""desks"", ""blackboard"", ""windows"", ""fluorescent lights"", ""school""]",background,,,,,,,2,manual_review,"assisted_prefill; scope=#01:none; matched_terms=-; missing_terms=교실,캐릭터",발송/외주 회사/뱅가드/26/#04/bg,visual:precision-q0008:48151,diverse_rank=2; source_count=1; visual_group=visual:precision-q0008:48151,,,,ok,,excluded,non_background_query
precision-q0008,#01에서 교실과 캐릭터 있는 이미지,scoped,48817,1,triaxis,"{""triaxis"": 1}","{""current_on_v3_clean_20260502:triaxis"": 1, ""scope_exact_segments_20260503:triaxis"": 1, ""scope_exact_segments_v2_20260503:triaxis"": 1, ""scope_exact_segments_v3_20260503:triaxis"": 1, ""scope_hint_hard_small_20260502:triaxis"": 1, ""scoped_weak_v3_clean_tags3_20260502:triaxis"": 1}",webdav://13730b09/발송/외주 회사/뱅가드/24/#01/bg/VS8_01_080_GENZU.psd,48817_VS8_01_080_GENZU.psd,발송/외주 회사/뱅가드/24/#01/bg/VS8_01_080_GENZU.psd,발송/외주 회사/뱅가드/24/#01/bg,/Users/saintiron/Projects/Imagine/thumbnails/48817_VS8_01_080_GENZU_thumb.png,psd,,,Anime scene with characters and colorful balloons in a classroom.,교실 안에 캐릭터들과 알록달록한 풍선이 있는 애니메이션 장면입니다.,"[""anime"", ""classroom"", ""balloons"", ""characters"", ""chalkboard"", ""poster"", ""window"", ""desk""]",illustration,,,,2,weak,precision_keyword_scoped_v2,2,manual_review,"assisted_prefill; scope=#01:exact; matched_terms=-; missing_terms=교실,캐릭터",발송/외주 회사/뱅가드/24/#01/bg,visual:precision-q0008:48817,diverse_rank=3; source_count=3; visual_group=visual:precision-q0008:48817,,,,ok,,excluded,non_background_query
precision-q0008,#01에서 교실과 캐릭터 있는 이미지,scoped,60635,1,fts,"{""fts"": 1}","{""scoped_weak_v3_clean_tags3_20260502:fts"": 1}",webdav://13730b09/예비/마법과고교의 우등생/#09/210730/MKY#09_046_R.psd,60635_MKY#09_046_R.psd,예비/마법과고교의 우등생/#09/210730/MKY#09_046_R.psd,210730,/Users/saintiron/Projects/Imagine/thumbnails/60635_MKY#09_046_R_thumb.png,psd,1741,1233,,,,,,,,,,,0,manual_review,"assisted_prefill; scope=#01:none; matched_terms=-; missing_terms=교실,캐릭터",210730,visual:precision-q0008:60635,diverse_rank=4; source_count=1; visual_group=visual:precision-q0008:60635,,,,repair_required,missing_caption_and_tags,excluded,repair_required
precision-q0008,#01에서 교실과 캐릭터 있는 이미지,scoped,39259,2,vv,"{""vv"": 2}","{""scoped_weak_v3_clean_tags3_20260502:vv"": 2}",webdav://13730b09/예비/크랑베르무/장소/학교/grb08_124.psd,39259_grb08_124.psd,예비/크랑베르무/장소/학교/grb08_124.psd,webdav:/13730b09/예비/크랑베르무/장소/학교,/Users/saintiron/Projects/Imagine/thumbnails/39259_grb08_124_thumb.png,psd,,,"Anime classroom scene with layered character sketches and a chalkboard, rendered in cool tones with soft lighting.","겹쳐진 캐릭터 스케치와 칠판이 있는 애니메이션 교실 장면이며, 차가운 색조와 부드러운 조명으로 표현되어 있습니다.","[""anime"", ""classroom"", ""group_shot"", ""sketch"", ""chalkboard"", ""school"", ""layered_art"", ""cool_palette""]",illustration,,,,,,,2,manual_review,"assisted_prefill; scope=#01:none; matched_terms=-; missing_terms=교실,캐릭터",webdav:/13730b09/예비/크랑베르무/장소/학교,visual:precision-q0008:39259,diverse_rank=5; source_count=1; visual_group=visual:precision-q0008:39259,,,,ok,,excluded,non_background_query
precision-q0008,#01에서 교실과 캐릭터 있는 이미지,scoped,40654,2,mv,"{""mv"": 2}","{""scoped_weak_v3_clean_tags3_20260502:mv"": 2}",webdav://13730b09/예비/크랑베르무/장소/전투/2/grb04_033.psd,40654_grb04_033.psd,예비/크랑베르무/장소/전투/2/grb04_033.psd,webdav:/13730b09/예비/크랑베르무/장소/전투/2,/Users/saintiron/Projects/Imagine/thumbnails/40654_grb04_033_thumb.png,psd,,,unknown,,[],character,,,,,,,0,manual_review,"assisted_prefill; scope=#01:none; matched_terms=-; missing_terms=교실,캐릭터",webdav:/13730b09/예비/크랑베르무/장소/전투/2,visual:precision-q0008:40654,diverse_rank=6; source_count=1; visual_group=visual:precision-q0008:40654,,,,repair_required,missing_caption_and_tags,excluded,repair_required
precision-q0008,#01에서 교실과 캐릭터 있는 이미지,scoped,48934,2,triaxis,"{""triaxis"": 2}","{""current_on_v3_clean_20260502:triaxis"": 2, ""scope_exact_segments_20260503:triaxis"": 2, ""scope_exact_segments_v2_20260503:triaxis"": 2, ""scope_exact_segments_v3_20260503:triaxis"": 2, ""scope_hint_hard_small_20260502:triaxis"": 2, ""scoped_weak_v3_clean_tags3_20260502:triaxis"": 2}",webdav://13730b09/발송/외주 회사/뱅가드/24/#01/bg/VS8_01_073_076_156_GENZU.psd,48934_VS8_01_073_076_156_GENZU.psd,발송/외주 회사/뱅가드/24/#01/bg/VS8_01_073_076_156_GENZU.psd,발송/외주 회사/뱅가드/24/#01/bg,/Users/saintiron/Projects/Imagine/thumbnails/48934_VS8_01_073_076_156_GENZU_thumb.png,psd,,,Anime scene showing characters in a classroom with festive decorations.,축제 장식이 있는 교실 안의 캐릭터들을 보여주는 애니메이션 장면입니다.,"[""anime"", ""classroom"", ""festive"", ""characters"", ""decorations"", ""school"", ""balloons"", ""poster""]",illustration,,,,2,weak,precision_keyword_scoped_v2,2,manual_review,"assisted_prefill; scope=#01:exact; matched_terms=-; missing_terms=교실,캐릭터",발송/외주 회사/뱅가드/24/#01/bg,visual:precision-q0008:48934,diverse_rank=7; source_count=3; visual_group=visual:precision-q0008:48934,,,,ok,,excluded,non_background_query
precision-q0008,#01에서 교실과 캐릭터 있는 이미지,scoped,52159,2,fts,"{""fts"": 2}","{""scoped_weak_v3_clean_tags3_20260502:fts"": 2}",webdav://13730b09/발송/범선/기절용사와 암살공주/장소/이미지/kya04_075.psd,52159_kya04_075.psd,발송/범선/기절용사와 암살공주/장소/이미지/kya04_075.psd,webdav:/13730b09/발송/범선/기절용사와 암살공주/장소/이미지,/Users/saintiron/Projects/Imagine/thumbnails/52159_kya04_075_thumb.png,psd,,,Anime-style illustration with pastel colors and sparkling effects,파스텔 색감과 반짝이는 효과가 있는 애니메이션풍 일러스트입니다.,"[""anime"", ""pastel"", ""sparkles"", ""bubbles"", ""characters""]",illustration,,,,,,,1,manual_review,"assisted_prefill; scope=#01:none; matched_terms=-; missing_terms=교실,캐릭터",webdav:/13730b09/발송/범선/기절용사와 암살공주/장소/이미지,visual:precision-q0008:52159,diverse_rank=8; source_count=1; visual_group=visual:precision-q0008:52159,,,,ok,,excluded,non_background_query
precision-q0008,#01에서 교실과 캐릭터 있는 이미지,scoped,41167,3,mv,"{""mv"": 3}","{""scoped_weak_v3_clean_tags3_20260502:mv"": 3}",webdav://13730b09/예비/크랑베르무/장소/안나의집/grb06_236.psd,41167_grb06_236.psd,예비/크랑베르무/장소/안나의집/grb06_236.psd,webdav:/13730b09/예비/크랑베르무/장소/안나의집,/Users/saintiron/Projects/Imagine/thumbnails/41167_grb06_236_thumb.png,psd,,,unknown,,[],character,,,,,,,0,manual_review,"assisted_prefill; scope=#01:none; matched_terms=-; missing_terms=교실,캐릭터",webdav:/13730b09/예비/크랑베르무/장소/안나의집,visual:precision-q0008:41167,diverse_rank=9; source_count=1; visual_group=visual:precision-q0008:41167,,,,repair_required,missing_caption_and_tags,excluded,repair_required
precision-q0008,#01에서 교실과 캐릭터 있는 이미지,scoped,48933,3,triaxis,"{""triaxis"": 3}","{""current_on_v3_clean_20260502:triaxis"": 3, ""scope_exact_segments_20260503:triaxis"": 3, ""scope_exact_segments_v2_20260503:triaxis"": 3, ""scope_exact_segments_v3_20260503:triaxis"": 3, ""scope_hint_hard_small_20260502:triaxis"": 3, ""scoped_weak_v3_clean_tags3_20260502:triaxis"": 3}",webdav://13730b09/발송/외주 회사/뱅가드/24/#01/bg/VS8_01_071_GENZU.psd,48933_VS8_01_071_GENZU.psd,발송/외주 회사/뱅가드/24/#01/bg/VS8_01_071_GENZU.psd,발송/외주 회사/뱅가드/24/#01/bg,/Users/saintiron/Projects/Imagine/thumbnails/48933_VS8_01_071_GENZU_thumb.png,psd,,,Anime scene with characters in a classroom setting.,교실 배경에 캐릭터들이 있는 애니메이션 장면입니다.,"[""anime"", ""classroom"", ""characters"", ""school"", ""blue"", ""white"", ""window"", ""desk""]",illustration,,,,2,weak,precision_keyword_scoped_v2,2,manual_review,"assisted_prefill; scope=#01:exact; matched_terms=-; missing_terms=교실,캐릭터",발송/외주 회사/뱅가드/24/#01/bg,visual:precision-q0008:48933,diverse_rank=10; source_count=3; visual_group=visual:precision-q0008:48933,,,,ok,,excluded,non_background_query
precision-q0009,#01에서 밤과 캐릭터 있는 이미지,scoped,29969,1,vv,"{""vv"": 1}","{""scoped_weak_v3_clean_tags3_20260502:vv"": 1}",webdav://13730b09/발송/범선/작품 쫑/다윈즈게임/장소/도시 낮/dwg01_226.psd,dwg01_226.psd,발송/범선/작품 쫑/다윈즈게임/장소/도시 낮/dwg01_226.psd,발송/범선/작품 쫑/다윈즈게임/장소/도시 낮,/Users/saintiron/Projects/Imagine/thumbnails/dwg01_226_thumb.png,psd,2032,1232,A sketch-style anthropomorphic character standing in a hallway.,복도에 서 있는 의인화 캐릭터의 스케치풍 그림입니다.,"[""anthropomorphic"", ""sketch"", ""cool_color_palette"", ""child"", ""neutral_emotion"", ""standing_pose""]",character,,,,,,,0,manual_review,"assisted_prefill; scope=#01:none; matched_terms=-; missing_terms=밤,캐릭터",발송/범선/작품 쫑/다윈즈게임/장소/도시 낮,visual:precision-q0009:29969,diverse_rank=1; source_count=1; visual_group=visual:precision-q0009:29969,,,,ok,,excluded,non_background_query
precision-q0009,#01에서 밤과 캐릭터 있는 이미지,scoped,33291,1,mv,"{""mv"": 1}","{""scoped_weak_v3_clean_tags3_20260502:mv"": 1}","webdav://13730b09/발송4/범선/작품 쫑/후시/장소/숲,자연/nfb08_192.psd",33291_nfb08_192.psd,"발송4/범선/작품 쫑/후시/장소/숲,자연/nfb08_192.psd","webdav:/13730b09/발송4/범선/작품 쫑/후시/장소/숲,자연",/Users/saintiron/Projects/Imagine/thumbnails/33291_nfb08_192_thumb.png,psd,,,Anime character sketch with sky background and Japanese text overlay.,하늘 배경 위에 애니메이션 캐릭터 스케치와 일본어 텍스트 오버레이가 있습니다.,"[""anime"", ""portrait"", ""sketch"", ""sky"", ""japanese_text"", ""character_design""]",illustration,,,,,,,2,manual_review,"assisted_prefill; scope=#01:none; matched_terms=-; missing_terms=밤,캐릭터","webdav:/13730b09/발송4/범선/작품 쫑/후시/장소/숲,자연",visual:precision-q0009:33291,diverse_rank=2; source_count=2; visual_group=visual:precision-q0009:33291,,,,ok,,excluded,non_background_query
precision-q0009,#01에서 밤과 캐릭터 있는 이미지,scoped,48395,1,triaxis,"{""triaxis"": 1}","{""current_on_v3_clean_20260502:triaxis"": 1, ""scope_exact_segments_20260503:triaxis"": 1, ""scope_exact_segments_v2_20260503:triaxis"": 1, ""scope_exact_segments_v3_20260503:triaxis"": 1, ""scope_hint_hard_small_20260502:triaxis"": 1, ""scoped_weak_v3_clean_tags3_20260502:triaxis"": 1}",webdav://13730b09/발송/외주 회사/뱅가드/26/#01/bg/VS10_01_209_GENZU_우선.psd,48395_VS10_01_209_GENZU_우선.psd,발송/외주 회사/뱅가드/26/#01/bg/VS10_01_209_GENZU_우선.psd,발송/외주 회사/뱅가드/26/#01/bg,/Users/saintiron/Projects/Imagine/thumbnails/48395_VS10_01_209_GENZU_우선_thumb.png,psd,,,"A dark, moody scene with five anime characters under a night sky.",밤하늘 아래 다섯 명의 애니메이션 캐릭터가 있는 어둡고 분위기 있는 장면입니다.,"[""anime"", ""night"", ""mystery"", ""group"", ""silhouette"", ""drama"", ""fantasy"", ""emotional""]",illustration,,,,2,weak,precision_keyword_scoped_v2,2,manual_review,assisted_prefill; scope=#01:exact; matched_terms=밤; missing_terms=캐릭터,발송/외주 회사/뱅가드/26/#01/bg,visual:precision-q0009:48395,diverse_rank=3; source_count=1; visual_group=visual:precision-q0009:48395,,,,ok,,excluded,non_background_query
precision-q0009,#01에서 밤과 캐릭터 있는 이미지,scoped,60635,1,fts,"{""fts"": 1}","{""scoped_weak_v3_clean_tags3_20260502:fts"": 1}",webdav://13730b09/예비/마법과고교의 우등생/#09/210730/MKY#09_046_R.psd,60635_MKY#09_046_R.psd,예비/마법과고교의 우등생/#09/210730/MKY#09_046_R.psd,210730,/Users/saintiron/Projects/Imagine/thumbnails/60635_MKY#09_046_R_thumb.png,psd,1741,1233,,,,,,,,,,,0,manual_review,"assisted_prefill; scope=#01:none; matched_terms=-; missing_terms=밤,캐릭터",210730,visual:precision-q0009:60635,diverse_rank=4; source_count=1; visual_group=visual:precision-q0009:60635,,,,repair_required,missing_caption_and_tags,excluded,repair_required
precision-q0009,#01에서 밤과 캐릭터 있는 이미지,scoped,48575,2,mv,"{""mv"": 2}","{""scoped_weak_v3_clean_tags3_20260502:mv"": 2}",webdav://13730b09/발송/외주 회사/뱅가드/24/#02/bg/VS8_02_288_GENZU.psd,48575_VS8_02_288_GENZU.psd,발송/외주 회사/뱅가드/24/#02/bg/VS8_02_288_GENZU.psd,발송/외주 회사/뱅가드/24/#02/bg,/Users/saintiron/Projects/Imagine/thumbnails/48575_VS8_02_288_GENZU_thumb.png,psd,,,Anime character with starry background and text overlay,별이 있는 배경과 텍스트 오버레이가 있는 애니메이션 캐릭터입니다.,"[""anime"", ""starry sky"", ""character portrait"", ""blue tones"", ""digital art"", ""VS8"", ""288"", ""GENZU""]",illustration,,,,,,,1,manual_review,assisted_prefill; scope=#01:none; matched_terms=밤; missing_terms=캐릭터,발송/외주 회사/뱅가드/24/#02/bg,visual:precision-q0009:48575,diverse_rank=5; source_count=1; visual_group=visual:precision-q0009:48575,,,,ok,,excluded,non_background_query
precision-q0009,#01에서 밤과 캐릭터 있는 이미지,scoped,49995,2,triaxis,"{""triaxis"": 2}","{""current_on_v3_clean_20260502:triaxis"": 2, ""scope_exact_segments_20260503:triaxis"": 2, ""scope_exact_segments_v2_20260503:triaxis"": 2, ""scope_exact_segments_v3_20260503:triaxis"": 2, ""scope_hint_hard_small_20260502:triaxis"": 2, ""scoped_weak_v3_clean_tags3_20260502:triaxis"": 2}",webdav://13730b09/발송/외주 회사/뱅가드/25/#01/bg/VS9_01_220_GENZU.psd,49995_VS9_01_220_GENZU.psd,발송/외주 회사/뱅가드/25/#01/bg/VS9_01_220_GENZU.psd,발송/외주 회사/뱅가드/25/#01/bg,/Users/saintiron/Projects/Imagine/thumbnails/49995_VS9_01_220_GENZU_thumb.png,psd,,,Three characters sit on a balcony under a starry night sky.,별이 가득한 밤하늘 아래 발코니에 세 캐릭터가 앉아 있습니다.,"[""anime"", ""night"", ""stars"", ""balcony"", ""characters"", ""silhouette"", ""mountains"", ""blue""]",illustration,,,,2,weak,precision_keyword_scoped_v2,2,manual_review,assisted_prefill; scope=#01:exact; matched_terms=밤; missing_terms=캐릭터,발송/외주 회사/뱅가드/25/#01/bg,visual:precision-q0009:49995,diverse_rank=6; source_count=2; visual_group=visual:precision-q0009:49995,,,,ok,,excluded,non_background_query
precision-q0009,#01에서 밤과 캐릭터 있는 이미지,scoped,52159,2,fts,"{""fts"": 2}","{""scoped_weak_v3_clean_tags3_20260502:fts"": 2}",webdav://13730b09/발송/범선/기절용사와 암살공주/장소/이미지/kya04_075.psd,52159_kya04_075.psd,발송/범선/기절용사와 암살공주/장소/이미지/kya04_075.psd,webdav:/13730b09/발송/범선/기절용사와 암살공주/장소/이미지,/Users/saintiron/Projects/Imagine/thumbnails/52159_kya04_075_thumb.png,psd,,,Anime-style illustration with pastel colors and sparkling effects,파스텔 색감과 반짝이는 효과가 있는 애니메이션풍 일러스트입니다.,"[""anime"", ""pastel"", ""sparkles"", ""bubbles"", ""characters""]",illustration,,,,,,,1,manual_review,"assisted_prefill; scope=#01:none; matched_terms=-; missing_terms=밤,캐릭터",webdav:/13730b09/발송/범선/기절용사와 암살공주/장소/이미지,visual:precision-q0009:52159,diverse_rank=7; source_count=1; visual_group=visual:precision-q0009:52159,,,,ok,,excluded,non_background_query
precision-q0009,#01에서 밤과 캐릭터 있는 이미지,scoped,58221,2,vv,"{""vv"": 2}","{""scoped_weak_v3_clean_tags3_20260502:vv"": 2}",webdav://13730b09/예비/작품2/대마도학원35시험 소대/제작회사BG/#1/TM#01_156.psd,58221_TM#01_156.psd,예비/작품2/대마도학원35시험 소대/제작회사BG/#1/TM#01_156.psd,#1,/Users/saintiron/Projects/Imagine/thumbnails/58221_TM#01_156_thumb.png,psd,1906,1183,Blurry cartoon character face on wall with circular decorations and dark background.,어두운 배경과 원형 장식이 있는 벽에 흐릿한 만화 캐릭터 얼굴이 보입니다.,"[""cartoon"", ""wall"", ""circles"", ""dark"", ""blurry"", ""character"", ""interior""]",background,,,,,,,2,manual_review,assisted_prefill; scope=#01:substring; matched_terms=밤; missing_terms=캐릭터,#1,visual:precision-q0009:58221,diverse_rank=8; source_count=1; visual_group=visual:precision-q0009:58221,,,,ok,,excluded,non_background_query
precision-q0009,#01에서 밤과 캐릭터 있는 이미지,scoped,33247,3,mv,"{""mv"": 3}","{""scoped_weak_v3_clean_tags3_20260502:mv"": 3}","webdav://13730b09/발송4/범선/작품 쫑/후시/장소/숲,자연/nfb03_167.psd",33247_nfb03_167.psd,"발송4/범선/작품 쫑/후시/장소/숲,자연/nfb03_167.psd","webdav:/13730b09/발송4/범선/작품 쫑/후시/장소/숲,자연",/Users/saintiron/Projects/Imagine/thumbnails/33247_nfb03_167_thumb.png,psd,,,Anime character sketch overlay on forest background,숲 배경 위에 애니메이션 캐릭터 스케치가 겹쳐져 있습니다.,[],character,,,,,,,2,manual_review,"assisted_prefill; scope=#01:none; matched_terms=-; missing_terms=밤,캐릭터","webdav:/13730b09/발송4/범선/작품 쫑/후시/장소/숲,자연",visual:precision-q0009:33247,diverse_rank=9; source_count=2; visual_group=visual:precision-q0009:33247,,,,metadata_partial,missing_tags,excluded,non_background_query
precision-q0009,#01에서 밤과 캐릭터 있는 이미지,scoped,49910,3,triaxis,"{""triaxis"": 3}","{""current_on_v3_clean_20260502:triaxis"": 3, ""scope_exact_segments_20260503:triaxis"": 3, ""scope_exact_segments_v2_20260503:triaxis"": 3, ""scope_exact_segments_v3_20260503:triaxis"": 3, ""scope_hint_hard_small_20260502:triaxis"": 3, ""scoped_weak_v3_clean_tags3_20260502:triaxis"": 3}",webdav://13730b09/발송/외주 회사/뱅가드/25/#01/bg/VS9_01_155_GENZU.psd,49910_VS9_01_155_GENZU.psd,발송/외주 회사/뱅가드/25/#01/bg/VS9_01_155_GENZU.psd,발송/외주 회사/뱅가드/25/#01/bg,/Users/saintiron/Projects/Imagine/thumbnails/49910_VS9_01_155_GENZU_thumb.png,psd,,,Anime scene with three characters in a modern room at sunset.,석양 무렵 현대적인 방 안에 세 캐릭터가 있는 애니메이션 장면입니다.,"[""anime"", ""sunset"", ""modern room"", ""characters"", ""line art"", ""digital art"", ""VS9"", ""155""]",illustration,,,,,,,1,manual_review,"assisted_prefill; scope=#01:exact; matched_terms=-; missing_terms=밤,캐릭터",발송/외주 회사/뱅가드/25/#01/bg,visual:precision-q0009:49910,diverse_rank=10; source_count=2; visual_group=visual:precision-q0009:49910,,,,ok,,excluded,non_background_query
precision-q0010,#3에서 창문과 주방 있는 이미지,scoped,31185,1,"triaxis,vv","{""triaxis"": 11, ""vv"": 1}","{""current_on_v3_clean_20260502:triaxis"": 11, ""scoped_weak_v3_clean_tags3_20260502:triaxis"": 11, ""scoped_weak_v3_clean_tags3_20260502:vv"": 1}",/Users/saintiron/imageDB/마캬베리즈무/실내소품/199_bg_ha05.psd,199_bg_ha05.psd,199_bg_ha05.psd,실내소품,/Users/saintiron/Projects/Imagine/thumbnails/199_bg_ha05_thumb.png,psd,1719,1196,A kitchen corner with shelves of jars and a window with a rolled-up blind.,병들이 놓인 선반과 말아 올린 블라인드가 있는 창문이 있는 주방 구석입니다.,"[""shelves"", ""jars"", ""window"", ""blind"", ""kitchen"", ""bottles"", ""wooden frame"", ""light""]",background,,,,,,,2,manual_review,"assisted_prefill; scope=#3:none; matched_terms=창문,주방; missing_terms=-",실내소품,visual:precision-q0010:31185,diverse_rank=1; source_count=3; visual_group=visual:precision-q0010:31185,,,,ok,,active,
precision-q0010,#3에서 창문과 주방 있는 이미지,scoped,31355,1,mv,"{""mv"": 1}","{""scoped_weak_v3_clean_tags3_20260502:mv"": 1}",/Users/saintiron/imageDB/마캬베리즈무/실내소품/dor.psd,dor.psd,dor.psd,실내소품,/Users/saintiron/Projects/Imagine/thumbnails/dor_thumb.png,psd,2595,1584,A brown wooden picture frame with a white background.,흰 배경이 있는 갈색 나무 액자입니다.,"[""frame"", ""wood"", ""brown"", ""rectangular"", ""picture frame"", ""interior decor"", ""ornate"", ""classic""]",item,,,,,,,0,manual_review,"assisted_prefill; scope=#3:none; matched_terms=-; missing_terms=창문,주방",실내소품,visual:precision-q0010:31355,diverse_rank=2; source_count=3; visual_group=visual:precision-q0010:31355,,,,ok,,active,
precision-q0010,#3에서 창문과 주방 있는 이미지,scoped,41783,1,triaxis,"{""triaxis"": 1}","{""current_on_v3_clean_20260502:triaxis"": 1, ""scoped_weak_v3_clean_tags3_20260502:triaxis"": 1}",webdav://13730b09/예비/크랑베르무/장소/만게츠의 절/grb06_136.psd,41783_grb06_136.psd,예비/크랑베르무/장소/만게츠의 절/grb06_136.psd,webdav:/13730b09/예비/크랑베르무/장소/만게츠의 절,/Users/saintiron/Projects/Imagine/thumbnails/41783_grb06_136_thumb.png,psd,,,"A modern kitchen interior with stainless steel refrigerator, wooden cabinets, and a teal-framed window.","스테인리스 냉장고, 나무 수납장, 청록색 프레임 창문이 있는 현대적인 주방 내부입니다.","[""kitchen"", ""modern"", ""anime"", ""interior"", ""refrigerator"", ""wooden cabinets"", ""teal window""]",background,interior,day,clear,,,,2,manual_review,"assisted_prefill; scope=#3:none; matched_terms=창문,주방; missing_terms=-",webdav:/13730b09/예비/크랑베르무/장소/만게츠의 절,visual:precision-q0010:41783,diverse_rank=3; source_count=1; visual_group=visual:precision-q0010:41783,,,,ok,,active,
precision-q0010,#3에서 창문과 주방 있는 이미지,scoped,52159,1,fts,"{""fts"": 1}","{""scoped_weak_v3_clean_tags3_20260502:fts"": 1}",webdav://13730b09/발송/범선/기절용사와 암살공주/장소/이미지/kya04_075.psd,52159_kya04_075.psd,발송/범선/기절용사와 암살공주/장소/이미지/kya04_075.psd,webdav:/13730b09/발송/범선/기절용사와 암살공주/장소/이미지,/Users/saintiron/Projects/Imagine/thumbnails/52159_kya04_075_thumb.png,psd,,,Anime-style illustration with pastel colors and sparkling effects,파스텔 색감과 반짝이는 효과가 있는 애니메이션풍 일러스트입니다.,"[""anime"", ""pastel"", ""sparkles"", ""bubbles"", ""characters""]",illustration,,,,,,,1,manual_review,"assisted_prefill; scope=#3:none; matched_terms=-; missing_terms=창문,주방",webdav:/13730b09/발송/범선/기절용사와 암살공주/장소/이미지,visual:precision-q0010:52159,diverse_rank=4; source_count=2; visual_group=visual:precision-q0010:52159,,,,ok,,excluded,duplicate_item_over_cap
precision-q0010,#3에서 창문과 주방 있는 이미지,scoped,57736,1,triaxis,"{""triaxis"": 1}","{""scope_exact_segments_20260503:triaxis"": 1, ""scope_exact_segments_v2_20260503:triaxis"": 1, ""scope_exact_segments_v3_20260503:triaxis"": 1, ""scope_hint_hard_small_20260502:triaxis"": 1}",webdav://13730b09/예비/작품2/대마도학원35시험 소대/제작회사BG/#3/AT03_200.psd,57736_AT03_200.psd,예비/작품2/대마도학원35시험 소대/제작회사BG/#3/AT03_200.psd,#3,/Users/saintiron/Projects/Imagine/thumbnails/57736_AT03_200_thumb.png,psd,1680,1350,Anime character sketch overlaid on a kitchen scene with cabinets and window.,수납장과 창문이 있는 주방 장면 위에 애니메이션 캐릭터 스케치가 겹쳐져 있습니다.,"[""anime character"", ""kitchen"", ""cabinets"", ""window"", ""sketch"", ""overlay"", ""towel""]",illustration,,,,,,,2,manual_review,"assisted_prefill; scope=#3:exact; matched_terms=창문,주방; missing_terms=-",#3,visual:precision-q0010:57736,diverse_rank=5; source_count=2; visual_group=visual:precision-q0010:57736,,,,ok,,active,
precision-q0010,#3에서 창문과 주방 있는 이미지,scoped,31132,2,"triaxis,vv","{""triaxis"": 2, ""vv"": 11}","{""current_on_v3_clean_20260502:triaxis"": 2, ""scoped_weak_v3_clean_tags3_20260502:triaxis"": 2, ""scoped_weak_v3_clean_tags3_20260502:vv"": 11}",/Users/saintiron/imageDB/마캬베리즈무/실내소품/102_km05.psd,102_km05.psd,102_km05.psd,실내소품,/Users/saintiron/Projects/Imagine/thumbnails/102_km05_thumb.png,psd,1810,1191,"A clean, modern kitchen with stainless steel counters and red walls.",스테인리스 조리대와 붉은 벽이 있는 깔끔하고 현대적인 주방입니다.,"[""kitchen"", ""stainless steel"", ""countertop"", ""sink"", ""cabinets"", ""window"", ""utensils"", ""pot""]",background,,,,,,,2,manual_review,"assisted_prefill; scope=#3:none; matched_terms=창문,주방; missing_terms=-",실내소품,visual:precision-q0010:31132,diverse_rank=6; source_count=3; visual_group=visual:precision-q0010:31132,,,,ok,,active,
precision-q0010,#3에서 창문과 주방 있는 이미지,scoped,52175,2,fts,"{""fts"": 2}","{""scoped_weak_v3_clean_tags3_20260502:fts"": 2}",webdav://13730b09/발송/범선/기절용사와 암살공주/장소/이미지/kya03_324.psd,52175_kya03_324.psd,발송/범선/기절용사와 암살공주/장소/이미지/kya03_324.psd,webdav:/13730b09/발송/범선/기절용사와 암살공주/장소/이미지,/Users/saintiron/Projects/Imagine/thumbnails/52175_kya03_324_thumb.png,psd,,,Anime-style characters in pastel colors with bubbles and sparkles.,파스텔 색감의 애니메이션풍 캐릭터들이 버블과 반짝임 효과와 함께 보입니다.,"[""anime"", ""pastel"", ""bubbles"", ""sparkles"", ""characters""]",illustration,,,,,,,1,manual_review,"assisted_prefill; scope=#3:none; matched_terms=-; missing_terms=창문,주방",webdav:/13730b09/발송/범선/기절용사와 암살공주/장소/이미지,visual:precision-q0010:52175,diverse_rank=7; source_count=2; visual_group=visual:precision-q0010:52175,,,,ok,,excluded,duplicate_item_over_cap
precision-q0010,#3에서 창문과 주방 있는 이미지,scoped,57690,2,triaxis,"{""triaxis"": 2}","{""scope_exact_segments_20260503:triaxis"": 2, ""scope_exact_segments_v2_20260503:triaxis"": 2, ""scope_exact_segments_v3_20260503:triaxis"": 2, ""scope_hint_hard_small_20260502:triaxis"": 2}",webdav://13730b09/예비/작품2/대마도학원35시험 소대/제작회사BG/#3/AT03_134_R.psd,57690_AT03_134_R.psd,예비/작품2/대마도학원35시험 소대/제작회사BG/#3/AT03_134_R.psd,#3,/Users/saintiron/Projects/Imagine/thumbnails/57690_AT03_134_R_thumb.png,psd,2338,1653,"A room with a red sofa, fan, and windows showing daylight.","붉은 소파, 선풍기, 낮빛이 보이는 창문이 있는 방입니다.","[""sofa"", ""fan"", ""windows"", ""plant"", ""wall"", ""chair"", ""desk"", ""indoor""]",background,,,,,,,2,manual_review,assisted_prefill; scope=#3:exact; matched_terms=창문; missing_terms=주방,#3,visual:precision-q0010:57690,diverse_rank=8; source_count=2; visual_group=visual:precision-q0010:57690,,,,ok,,active,
precision-q0010,#3에서 창문과 주방 있는 이미지,scoped,58157,2,mv,"{""mv"": 2}","{""scoped_weak_v3_clean_tags3_20260502:mv"": 2}",webdav://13730b09/예비/작품2/대마도학원35시험 소대/제작회사BG/#1/TM#01_078.psd,58157_TM#01_078.psd,예비/작품2/대마도학원35시험 소대/제작회사BG/#1/TM#01_078.psd,#1,/Users/saintiron/Projects/Imagine/thumbnails/58157_TM#01_078_thumb.png,psd,1667,1678,Open wooden door reveals bright windows with sky and clouds outside.,열린 나무문 너머로 하늘과 구름이 보이는 밝은 창문들이 드러납니다.,"[""door"", ""window"", ""sky"", ""clouds"", ""wood"", ""frame"", ""interior"", ""exterior""]",illustration,,,,,,,2,manual_review,assisted_prefill; scope=#3:none; matched_terms=창문; missing_terms=주방,#1,visual:precision-q0010:58157,diverse_rank=9; source_count=1; visual_group=visual:precision-q0010:58157,,,,ok,,active,
precision-q0010,#3에서 창문과 주방 있는 이미지,scoped,41054,3,vv,"{""vv"": 3}","{""scoped_weak_v3_clean_tags3_20260502:vv"": 3}",webdav://13730b09/예비/크랑베르무/장소/안나의집/grb02_117.psd,41054_grb02_117.psd,예비/크랑베르무/장소/안나의집/grb02_117.psd,webdav:/13730b09/예비/크랑베르무/장소/안나의집,/Users/saintiron/Projects/Imagine/thumbnails/41054_grb02_117_thumb.png,psd,,,"A room with a white cabinet, green plant, and open door.","흰 수납장, 초록 식물, 열린 문이 있는 방입니다.","[""interior"", ""cabinet"", ""plant"", ""door"", ""furniture"", ""room"", ""design"", ""decor""]",illustration,,,,,,,2,manual_review,assisted_prefill; scope=#3:none; matched_terms=주방; missing_terms=창문,webdav:/13730b09/예비/크랑베르무/장소/안나의집,visual:precision-q0010:41054,diverse_rank=10; source_count=1; visual_group=visual:precision-q0010:41054,,,,ok,,active,
precision-q0011,크랑베르무에서 숲과 밤 있는 이미지,scoped,40011,1,triaxis,"{""triaxis"": 1}","{""current_on_v3_clean_20260502:triaxis"": 1, ""scope_exact_segments_20260503:triaxis"": 1, ""scope_exact_segments_v2_20260503:triaxis"": 1, ""scope_exact_segments_v3_20260503:triaxis"": 1, ""scope_hint_hard_small_20260502:triaxis"": 1, ""scoped_weak_v3_clean_tags3_20260502:triaxis"": 1}",webdav://13730b09/예비/크랑베르무/장소/전투/5/grb09_252.psd,40011_grb09_252.psd,예비/크랑베르무/장소/전투/5/grb09_252.psd,webdav:/13730b09/예비/크랑베르무/장소/전투/5,/Users/saintiron/Projects/Imagine/thumbnails/40011_grb09_252_thumb.png,psd,,,A mysterious night view of a forested valley with a starry sky above.,별이 가득한 하늘 아래 숲이 우거진 계곡의 신비로운 밤 풍경입니다.,"[""night"", ""forest"", ""starlit"", ""mysterious"", ""anime"", ""deep blue"", ""teal""]",background,Dungeons,night,clear,2,weak,precision_keyword_scoped_v2,2,manual_review,"assisted_prefill; scope=크랑베르무:exact; matched_terms=숲,밤; missing_terms=-",webdav:/13730b09/예비/크랑베르무/장소/전투/5,visual:precision-q0011:40011,diverse_rank=1; source_count=1; visual_group=visual:precision-q0011:40011,,,,ok,,active,
precision-q0011,크랑베르무에서 숲과 밤 있는 이미지,scoped,52106,1,mv,"{""mv"": 1}","{""scoped_weak_v3_clean_tags3_20260502:mv"": 1}",webdav://13730b09/발송/범선/기절용사와 암살공주/장소/잡것들/kya01_016 copy.psd,52106_kya01_016 copy.psd,발송/범선/기절용사와 암살공주/장소/잡것들/kya01_016 copy.psd,webdav:/13730b09/발송/범선/기절용사와 암살공주/장소/잡것들,/Users/saintiron/Projects/Imagine/thumbnails/52106_kya01_016 copy_thumb.png,psd,,,Dark forest and mountainous landscape with a glowing castle at night.,밤에 빛나는 성이 있는 어두운 숲과 산악 풍경입니다.,"[""forest"", ""mountains"", ""castle"", ""night"", ""cliff""]",background,,,,,,,2,manual_review,"assisted_prefill; scope=크랑베르무:none; matched_terms=숲,밤; missing_terms=-",webdav:/13730b09/발송/범선/기절용사와 암살공주/장소/잡것들,visual:precision-q0011:52106,diverse_rank=2; source_count=1; visual_group=visual:precision-q0011:52106,,,,ok,,active,
precision-q0011,크랑베르무에서 숲과 밤 있는 이미지,scoped,52159,1,fts,"{""fts"": 1}","{""scoped_weak_v3_clean_tags3_20260502:fts"": 1}",webdav://13730b09/발송/범선/기절용사와 암살공주/장소/이미지/kya04_075.psd,52159_kya04_075.psd,발송/범선/기절용사와 암살공주/장소/이미지/kya04_075.psd,webdav:/13730b09/발송/범선/기절용사와 암살공주/장소/이미지,/Users/saintiron/Projects/Imagine/thumbnails/52159_kya04_075_thumb.png,psd,,,Anime-style illustration with pastel colors and sparkling effects,파스텔 색감과 반짝이는 효과가 있는 애니메이션풍 일러스트입니다.,"[""anime"", ""pastel"", ""sparkles"", ""bubbles"", ""characters""]",illustration,,,,,,,2,manual_review,"assisted_prefill; scope=크랑베르무:none; matched_terms=-; missing_terms=숲,밤",webdav:/13730b09/발송/범선/기절용사와 암살공주/장소/이미지,visual:precision-q0011:52159,diverse_rank=3; source_count=2; visual_group=visual:precision-q0011:52159,,,,ok,,excluded,duplicate_item_over_cap
precision-q0011,크랑베르무에서 숲과 밤 있는 이미지,scoped,57913,1,vv,"{""vv"": 1}","{""scoped_weak_v3_clean_tags3_20260502:vv"": 1}",webdav://13730b09/예비/작품2/대마도학원35시험 소대/제작회사BG/#2/TM#02_152.psd,57913_TM#02_152.psd,예비/작품2/대마도학원35시험 소대/제작회사BG/#2/TM#02_152.psd,#2,/Users/saintiron/Projects/Imagine/thumbnails/57913_TM#02_152_thumb.png,psd,3969,1186,Dark forest scene with dense trees under dim lighting,희미한 조명 아래 빽빽한 나무가 있는 어두운 숲 장면입니다.,"[""forest"", ""trees"", ""dark"", ""night"", ""nature"", ""leaves"", ""shadows"", ""atmospheric""]",background,,,,,,,2,manual_review,"assisted_prefill; scope=크랑베르무:none; matched_terms=숲,밤; missing_terms=-",#2,visual:precision-q0011:57913,diverse_rank=4; source_count=1; visual_group=visual:precision-q0011:57913,,,,ok,,active,
precision-q0011,크랑베르무에서 숲과 밤 있는 이미지,scoped,33247,2,mv,"{""mv"": 2}","{""scoped_weak_v3_clean_tags3_20260502:mv"": 2}","webdav://13730b09/발송4/범선/작품 쫑/후시/장소/숲,자연/nfb03_167.psd",33247_nfb03_167.psd,"발송4/범선/작품 쫑/후시/장소/숲,자연/nfb03_167.psd","webdav:/13730b09/발송4/범선/작품 쫑/후시/장소/숲,자연",/Users/saintiron/Projects/Imagine/thumbnails/33247_nfb03_167_thumb.png,psd,,,Anime character sketch overlay on forest background,숲 배경 위에 애니메이션 캐릭터 스케치가 겹쳐져 있습니다.,[],character,,,,,,,2,manual_review,assisted_prefill; scope=크랑베르무:none; matched_terms=숲; missing_terms=밤,"webdav:/13730b09/발송4/범선/작품 쫑/후시/장소/숲,자연",visual:precision-q0011:33247,diverse_rank=5; source_count=1; visual_group=visual:precision-q0011:33247,,,,metadata_partial,missing_tags,active,
precision-q0011,크랑베르무에서 숲과 밤 있는 이미지,scoped,40880,2,"triaxis,vv","{""triaxis"": 2, ""vv"": 13}","{""current_on_v3_clean_20260502:triaxis"": 2, ""scope_exact_segments_20260503:triaxis"": 2, ""scope_exact_segments_v2_20260503:triaxis"": 2, ""scope_exact_segments_v3_20260503:triaxis"": 2, ""scope_hint_hard_small_20260502:triaxis"": 2, ""scoped_weak_v3_clean_tags3_20260502:triaxis"": 2, ""scoped_weak_v3_clean_tags3_20260502:vv"": 13}",webdav://13730b09/예비/크랑베르무/장소/전투/1/grb01_185.psd,40880_grb01_185.psd,예비/크랑베르무/장소/전투/1/grb01_185.psd,webdav:/13730b09/예비/크랑베르무/장소/전투/1,/Users/saintiron/Projects/Imagine/thumbnails/40880_grb01_185_thumb.png,psd,,,"A mysterious forest at night with dense trees and dim lighting, evoking a sense of depth and mystery.","빽빽한 나무와 희미한 조명이 있는 밤의 신비로운 숲으로, 깊이감과 미스터리한 분위기를 줍니다.","[""forest"", ""night"", ""mysterious"", ""anime"", ""dark"", ""deep""]",background,Dungeons,night,clear,2,weak,precision_keyword_scoped_v2,2,manual_review,"assisted_prefill; scope=크랑베르무:exact; matched_terms=숲,밤; missing_terms=-",webdav:/13730b09/예비/크랑베르무/장소/전투/1,visual:precision-q0011:40880,diverse_rank=6; source_count=1; visual_group=visual:precision-q0011:40880,,,,ok,,active,
precision-q0011,크랑베르무에서 숲과 밤 있는 이미지,scoped,46687,2,vv,"{""vv"": 2}","{""scoped_weak_v3_clean_tags3_20260502:vv"": 2}",webdav://13730b09/발송작품/작품/Fate/BG.참고/fn18_003_s1.psd,46687_fn18_003_s1.psd,발송작품/작품/Fate/BG.참고/fn18_003_s1.psd,webdav:/13730b09/발송작품/작품/Fate/BG.참고,/Users/saintiron/Projects/Imagine/thumbnails/46687_fn18_003_s1_thumb.png,psd,,,A dark forest scene under a cloudy night sky.,구름 낀 밤하늘 아래의 어두운 숲 장면입니다.,"[""forest"", ""night"", ""clouds"", ""trees"", ""dark"", ""blue"", ""landscape"", ""scenery""]",background,,,,,,,2,manual_review,"assisted_prefill; scope=크랑베르무:none; matched_terms=숲,밤; missing_terms=-",webdav:/13730b09/발송작품/작품/Fate/BG.참고,visual:precision-q0011:46687,diverse_rank=7; source_count=2; visual_group=visual:precision-q0011:46687,,,,ok,,active,
precision-q0011,크랑베르무에서 숲과 밤 있는 이미지,scoped,52175,2,fts,"{""fts"": 2}","{""scoped_weak_v3_clean_tags3_20260502:fts"": 2}",webdav://13730b09/발송/범선/기절용사와 암살공주/장소/이미지/kya03_324.psd,52175_kya03_324.psd,발송/범선/기절용사와 암살공주/장소/이미지/kya03_324.psd,webdav:/13730b09/발송/범선/기절용사와 암살공주/장소/이미지,/Users/saintiron/Projects/Imagine/thumbnails/52175_kya03_324_thumb.png,psd,,,Anime-style characters in pastel colors with bubbles and sparkles.,파스텔 색감의 애니메이션풍 캐릭터들이 버블과 반짝임 효과와 함께 보입니다.,"[""anime"", ""pastel"", ""bubbles"", ""sparkles"", ""characters""]",illustration,,,,,,,2,manual_review,"assisted_prefill; scope=크랑베르무:none; matched_terms=-; missing_terms=숲,밤",webdav:/13730b09/발송/범선/기절용사와 암살공주/장소/이미지,visual:precision-q0011:52175,diverse_rank=8; source_count=2; visual_group=visual:precision-q0011:52175,,,,ok,,excluded,duplicate_item_over_cap
precision-q0011,크랑베르무에서 숲과 밤 있는 이미지,scoped,41135,3,triaxis,"{""triaxis"": 3}","{""current_on_v3_clean_20260502:triaxis"": 3, ""scope_exact_segments_20260503:triaxis"": 3, ""scope_exact_segments_v2_20260503:triaxis"": 3, ""scope_exact_segments_v3_20260503:triaxis"": 3, ""scope_hint_hard_small_20260502:triaxis"": 3, ""scoped_weak_v3_clean_tags3_20260502:triaxis"": 3}",webdav://13730b09/예비/크랑베르무/장소/안나의집/grb06_156.psd,41135_grb06_156.psd,예비/크랑베르무/장소/안나의집/grb06_156.psd,webdav:/13730b09/예비/크랑베르무/장소/안나의집,/Users/saintiron/Projects/Imagine/thumbnails/41135_grb06_156_thumb.png,psd,,,"Nighttime forest scene with starry sky and distant mountains, viewed through two vertical poles.","별이 보이는 하늘과 먼 산이 있는 밤의 숲 장면이며, 두 개의 수직 기둥 사이로 바라본 구도입니다.","[""night"", ""forest"", ""mountains"", ""stars"", ""anime"", ""serene"", ""outdoor""]",background,Outdoor,Night,Clear,2,weak,precision_keyword_scoped_v2,2,manual_review,"assisted_prefill; scope=크랑베르무:exact; matched_terms=숲,밤; missing_terms=-",webdav:/13730b09/예비/크랑베르무/장소/안나의집,visual:precision-q0011:41135,diverse_rank=9; source_count=1; visual_group=visual:precision-q0011:41135,,,,ok,,active,
precision-q0011,크랑베르무에서 숲과 밤 있는 이미지,scoped,46705,3,vv,"{""vv"": 3}","{""scoped_weak_v3_clean_tags3_20260502:vv"": 3}",webdav://13730b09/발송작품/작품/Fate/BG.참고/fn18_065_s1.psd,46705_fn18_065_s1.psd,발송작품/작품/Fate/BG.참고/fn18_065_s1.psd,webdav:/13730b09/발송작품/작품/Fate/BG.참고,/Users/saintiron/Projects/Imagine/thumbnails/46705_fn18_065_s1_thumb.png,psd,,,"A dark, moody forest scene under a stormy blue night sky.",폭풍우 치는 푸른 밤하늘 아래 어둡고 분위기 있는 숲 장면입니다.,"[""forest"", ""night"", ""storm"", ""blue"", ""trees"", ""dark"", ""sky"", ""moody""]",background,,,,,,,,,"assisted_prefill; scope=크랑베르무:none; matched_terms=숲,밤; missing_terms=-",webdav:/13730b09/발송작품/작품/Fate/BG.참고,visual:precision-q0011:46705,diverse_rank=10; source_count=2; visual_group=visual:precision-q0011:46705,,,,ok,,active,
precision-q0012,#2에서 발코니과 창문 있는 이미지,scoped,33291,1,mv,"{""mv"": 1}","{""scoped_weak_v3_clean_tags3_20260502:mv"": 1}","webdav://13730b09/발송4/범선/작품 쫑/후시/장소/숲,자연/nfb08_192.psd",33291_nfb08_192.psd,"발송4/범선/작품 쫑/후시/장소/숲,자연/nfb08_192.psd","webdav:/13730b09/발송4/범선/작품 쫑/후시/장소/숲,자연",/Users/saintiron/Projects/Imagine/thumbnails/33291_nfb08_192_thumb.png,psd,,,Anime character sketch with sky background and Japanese text overlay.,하늘 배경 위에 애니메이션 캐릭터 스케치와 일본어 텍스트 오버레이가 있습니다.,"[""anime"", ""portrait"", ""sketch"", ""sky"", ""japanese_text"", ""character_design""]",illustration,,,,,,,,,"assisted_prefill; scope=#2:none; matched_terms=-; missing_terms=발코니,창문","webdav:/13730b09/발송4/범선/작품 쫑/후시/장소/숲,자연",visual:precision-q0012:33291,diverse_rank=1; source_count=3; visual_group=visual:precision-q0012:33291,,,,ok,,excluded,duplicate_item_over_cap
precision-q0012,#2에서 발코니과 창문 있는 이미지,scoped,41244,1,vv,"{""vv"": 1}","{""scoped_weak_v3_clean_tags3_20260502:vv"": 1}",webdav://13730b09/예비/크랑베르무/장소/실내들/grb09_025.psd,41244_grb09_025.psd,예비/크랑베르무/장소/실내들/grb09_025.psd,webdav:/13730b09/예비/크랑베르무/장소/실내들,/Users/saintiron/Projects/Imagine/thumbnails/41244_grb09_025_thumb.png,psd,,,"A serene view through a wooden-framed window, showcasing vibrant purple flowers blooming outside in a soft, misty garden.",나무 프레임 창문을 통해 부드러운 안개 낀 정원 밖에 선명한 보라색 꽃이 피어 있는 차분한 풍경이 보입니다.,"[""anime"", ""window"", ""purple flowers"", ""garden"", ""serene"", ""tranquil"", ""soft lighting"", ""wooden frame"", ""illustration""]",illustration,,,,,,,,,assisted_prefill; scope=#2:none; matched_terms=창문; missing_terms=발코니,webdav:/13730b09/예비/크랑베르무/장소/실내들,visual:precision-q0012:41244,diverse_rank=2; source_count=2; visual_group=visual:precision-q0012:41244,,,,ok,,active,
precision-q0012,#2에서 발코니과 창문 있는 이미지,scoped,57352,1,fts,"{""fts"": 1}","{""scoped_weak_v3_clean_tags3_20260502:fts"": 1}",webdav://13730b09/예비/작품2/대마도학원35시험 소대/택처/창문.psd,57352_창문.psd,예비/작품2/대마도학원35시험 소대/택처/창문.psd,택처,/Users/saintiron/Projects/Imagine/thumbnails/57352_창문_thumb.png,psd,1701,1701,A four-pane window frame with a modern design.,현대적인 디자인의 네 칸 창문 프레임입니다.,"[""window"", ""frame"", ""pane"", ""modern"", ""gray"", ""rectangular"", ""interior""]",item,,,,,,,,,assisted_prefill; scope=#2:none; matched_terms=창문; missing_terms=발코니,택처,visual:precision-q0012:57352,diverse_rank=3; source_count=1; visual_group=visual:precision-q0012:57352,,,,ok,,excluded,duplicate_item_over_cap
precision-q0012,#2에서 발코니과 창문 있는 이미지,scoped,57840,1,triaxis,"{""triaxis"": 1}","{""current_on_v3_clean_20260502:triaxis"": 1, ""scope_exact_segments_20260503:triaxis"": 1, ""scope_exact_segments_v2_20260503:triaxis"": 1, ""scope_exact_segments_v3_20260503:triaxis"": 1, ""scope_hint_hard_small_20260502:triaxis"": 1, ""scoped_weak_v3_clean_tags3_20260502:triaxis"": 1}",webdav://13730b09/예비/작품2/대마도학원35시험 소대/제작회사BG/#2/TM#02_049.psd,57840_TM#02_049.psd,예비/작품2/대마도학원35시험 소대/제작회사BG/#2/TM#02_049.psd,#2,/Users/saintiron/Projects/Imagine/thumbnails/57840_TM#02_049_thumb.png,psd,1668,1852,Sketch of a character standing on a balcony with architectural details.,건축 디테일이 있는 발코니에 서 있는 캐릭터의 스케치입니다.,"[""balcony"", ""character"", ""sketch"", ""door"", ""window"", ""railing"", ""architecture""]",illustration,,,,2,weak,precision_keyword_scoped_v2,,,assisted_prefill; scope=#2:exact; matched_terms=창문; missing_terms=발코니,#2,visual:precision-q0012:57840,diverse_rank=4; source_count=2; visual_group=visual:precision-q0012:57840,,,,ok,,active,
precision-q0012,#2에서 발코니과 창문 있는 이미지,scoped,33221,2,mv,"{""mv"": 2}","{""scoped_weak_v3_clean_tags3_20260502:mv"": 2}","webdav://13730b09/발송4/범선/작품 쫑/후시/장소/숲,자연/nfb03_136.psd",33221_nfb03_136.psd,"발송4/범선/작품 쫑/후시/장소/숲,자연/nfb03_136.psd","webdav:/13730b09/발송4/범선/작품 쫑/후시/장소/숲,자연",/Users/saintiron/Projects/Imagine/thumbnails/33221_nfb03_136_thumb.png,psd,,,Anime-style character sketch overlayed on forest background,숲 배경 위에 애니메이션풍 캐릭터 스케치가 겹쳐져 있습니다.,"[""anime"", ""character sketch"", ""forest"", ""transparent overlay"", ""imagine_worker_yogxs3e7""]",character,,,,,,,,,"assisted_prefill; scope=#2:none; matched_terms=-; missing_terms=발코니,창문","webdav:/13730b09/발송4/범선/작품 쫑/후시/장소/숲,자연",visual:precision-q0012:33221,diverse_rank=5; source_count=3; visual_group=visual:precision-q0012:33221,,,,ok,,active,
precision-q0012,#2에서 발코니과 창문 있는 이미지,scoped,41242,2,vv,"{""vv"": 2}","{""scoped_weak_v3_clean_tags3_20260502:vv"": 2}",webdav://13730b09/예비/크랑베르무/장소/실내들/grb09_021_027.psd,41242_grb09_021_027.psd,예비/크랑베르무/장소/실내들/grb09_021_027.psd,webdav:/13730b09/예비/크랑베르무/장소/실내들,/Users/saintiron/Projects/Imagine/thumbnails/41242_grb09_021_027_thumb.png,psd,,,"A traditional Japanese window with pink curtains, overlooking a misty autumn landscape.",분홍 커튼이 달린 전통적인 일본식 창문 너머로 안개 낀 가을 풍경이 보입니다.,"[""window"", ""curtains"", ""traditional_japanese"", ""autumn"", ""dusk"", ""anime"", ""serene""]",background,Interior,Dusk,Overcast,,,,,,assisted_prefill; scope=#2:none; matched_terms=창문; missing_terms=발코니,webdav:/13730b09/예비/크랑베르무/장소/실내들,visual:precision-q0012:41242,diverse_rank=6; source_count=2; visual_group=visual:precision-q0012:41242,,,,ok,,active,
precision-q0012,#2에서 발코니과 창문 있는 이미지,scoped,57927,2,triaxis,"{""triaxis"": 2}","{""current_on_v3_clean_20260502:triaxis"": 2, ""scope_exact_segments_20260503:triaxis"": 2, ""scope_exact_segments_v2_20260503:triaxis"": 2, ""scope_exact_segments_v3_20260503:triaxis"": 2, ""scope_hint_hard_small_20260502:triaxis"": 2, ""scoped_weak_v3_clean_tags3_20260502:triaxis"": 2}",webdav://13730b09/예비/작품2/대마도학원35시험 소대/제작회사BG/#2/TM#02_171.psd,57927_TM#02_171.psd,예비/작품2/대마도학원35시험 소대/제작회사BG/#2/TM#02_171.psd,#2,/Users/saintiron/Projects/Imagine/thumbnails/57927_TM#02_171_thumb.png,psd,1704,1173,Dark building facade with windows and trees at night.,밤에 창문과 나무가 있는 어두운 건물 외벽입니다.,"[""building"", ""windows"", ""trees"", ""night"", ""architecture""]",background,,,,,,,,,assisted_prefill; scope=#2:exact; matched_terms=창문; missing_terms=발코니,#2,visual:precision-q0012:57927,diverse_rank=7; source_count=2; visual_group=visual:precision-q0012:57927,,,,ok,,active,
precision-q0012,#2에서 발코니과 창문 있는 이미지,scoped,29551,3,vv,"{""vv"": 3}","{""scoped_weak_v3_clean_tags3_20260502:vv"": 3}",webdav://13730b09/발송작품/작품/세일러문/#30/1/255.psd,29551_255.psd,발송작품/작품/세일러문/#30/1/255.psd,발송작품/작품/세일러문/#30/1,/Users/saintiron/Projects/Imagine/thumbnails/29551_255_thumb.png,psd,,,"A serene view through a modern sliding glass window, bathed in golden sunlight filtering through green trees outside.",현대적인 미닫이 유리창을 통해 바깥 초록 나무 사이로 들어오는 황금빛 햇살에 잠긴 차분한 풍경이 보입니다.,"[""window"", ""golden_hour"", ""trees"", ""peaceful"", ""anime"", ""pastel"", ""modern_architecture""]",background,indoor,,,,,,,,assisted_prefill; scope=#2:none; matched_terms=창문; missing_terms=발코니,발송작품/작품/세일러문/#30/1,visual:precision-q0012:29551,diverse_rank=8; source_count=1; visual_group=visual:precision-q0012:29551,,,,ok,,active,
precision-q0012,#2에서 발코니과 창문 있는 이미지,scoped,33247,3,mv,"{""mv"": 3}","{""scoped_weak_v3_clean_tags3_20260502:mv"": 3}","webdav://13730b09/발송4/범선/작품 쫑/후시/장소/숲,자연/nfb03_167.psd",33247_nfb03_167.psd,"발송4/범선/작품 쫑/후시/장소/숲,자연/nfb03_167.psd","webdav:/13730b09/발송4/범선/작품 쫑/후시/장소/숲,자연",/Users/saintiron/Projects/Imagine/thumbnails/33247_nfb03_167_thumb.png,psd,,,Anime character sketch overlay on forest background,숲 배경 위에 애니메이션 캐릭터 스케치가 겹쳐져 있습니다.,[],character,,,,,,,,,"assisted_prefill; scope=#2:none; matched_terms=-; missing_terms=발코니,창문","webdav:/13730b09/발송4/범선/작품 쫑/후시/장소/숲,자연",visual:precision-q0012:33247,diverse_rank=9; source_count=3; visual_group=visual:precision-q0012:33247,,,,metadata_partial,missing_tags,excluded,duplicate_item_over_cap
precision-q0012,#2에서 발코니과 창문 있는 이미지,scoped,52159,3,fts,"{""fts"": 3}","{""scoped_weak_v3_clean_tags3_20260502:fts"": 3}",webdav://13730b09/발송/범선/기절용사와 암살공주/장소/이미지/kya04_075.psd,52159_kya04_075.psd,발송/범선/기절용사와 암살공주/장소/이미지/kya04_075.psd,webdav:/13730b09/발송/범선/기절용사와 암살공주/장소/이미지,/Users/saintiron/Projects/Imagine/thumbnails/52159_kya04_075_thumb.png,psd,,,Anime-style illustration with pastel colors and sparkling effects,파스텔 색감과 반짝이는 효과가 있는 애니메이션풍 일러스트입니다.,"[""anime"", ""pastel"", ""sparkles"", ""bubbles"", ""characters""]",illustration,,,,,,,,,"assisted_prefill; scope=#2:none; matched_terms=-; missing_terms=발코니,창문",webdav:/13730b09/발송/범선/기절용사와 암살공주/장소/이미지,visual:precision-q0012:52159,diverse_rank=10; source_count=1; visual_group=visual:precision-q0012:52159,,,,ok,,excluded,duplicate_item_over_cap
precision-q0013,크랑베르무에서 하늘과 pillar 있는 이미지,scoped,40702,1,"triaxis,vv","{""triaxis"": 1, ""vv"": 1}","{""current_on_v3_clean_20260502:triaxis"": 1, ""scope_exact_segments_20260503:triaxis"": 1, ""scope_exact_segments_v2_20260503:triaxis"": 1, ""scope_exact_segments_v3_20260503:triaxis"": 1, ""scope_hint_hard_small_20260502:triaxis"": 1, ""scoped_weak_v3_clean_tags3_20260502:triaxis"": 1, ""scoped_weak_v3_clean_tags3_20260502:vv"": 1}",webdav://13730b09/예비/크랑베르무/장소/전투/2/grb03_206_208.psd,40702_grb03_206_208.psd,예비/크랑베르무/장소/전투/2/grb03_206_208.psd,webdav:/13730b09/예비/크랑베르무/장소/전투/2,/Users/saintiron/Projects/Imagine/thumbnails/40702_grb03_206_208_thumb.png,psd,,,A lone ancient stone pillar stands against a vibrant cosmic sky filled with swirling auroras and stars.,소용돌이치는 오로라와 별로 가득한 선명한 우주 하늘을 배경으로 외로운 고대 돌기둥 하나가 서 있습니다.,"[""ancient pillar"", ""cosmic sky"", ""aurora"", ""anime art"", ""mystical landscape"", ""starry night"", ""fantasy"", ""imagine_dl_32akipl4""]",illustration,,,,2,weak,precision_keyword_scoped_v2,,,"assisted_prefill; scope=크랑베르무:exact; matched_terms=하늘,pillar; missing_terms=-",webdav:/13730b09/예비/크랑베르무/장소/전투/2,visual:precision-q0013:40702,diverse_rank=1; source_count=3; visual_group=visual:precision-q0013:40702,,,,ok,,active,
precision-q0013,크랑베르무에서 하늘과 pillar 있는 이미지,scoped,51354,1,mv,"{""mv"": 1}","{""scoped_weak_v3_clean_tags3_20260502:mv"": 1}",webdav://13730b09/발송/범선/기절용사와 암살공주/#08/bg/kya08_030_e.psd,51354_kya08_030_e.psd,발송/범선/기절용사와 암살공주/#08/bg/kya08_030_e.psd,webdav:/13730b09/발송/범선/기절용사와 암살공주/#08/bg,/Users/saintiron/Projects/Imagine/thumbnails/51354_kya08_030_e_thumb.png,psd,,,Five vertical pillars against a bright blue sky with clouds.,구름이 있는 밝은 푸른 하늘을 배경으로 다섯 개의 수직 기둥이 보입니다.,"[""pillars"", ""sky"", ""clouds"", ""architecture"", ""balcony"", ""blue"", ""white""]",background,,,,,,,,,"assisted_prefill; scope=크랑베르무:none; matched_terms=하늘,pillar; missing_terms=-",webdav:/13730b09/발송/범선/기절용사와 암살공주/#08/bg,visual:precision-q0013:51354,diverse_rank=2; source_count=2; visual_group=visual:precision-q0013:51354,,,,ok,,active,
precision-q0013,크랑베르무에서 하늘과 pillar 있는 이미지,scoped,52159,1,fts,"{""fts"": 1}","{""scoped_weak_v3_clean_tags3_20260502:fts"": 1}",webdav://13730b09/발송/범선/기절용사와 암살공주/장소/이미지/kya04_075.psd,52159_kya04_075.psd,발송/범선/기절용사와 암살공주/장소/이미지/kya04_075.psd,webdav:/13730b09/발송/범선/기절용사와 암살공주/장소/이미지,/Users/saintiron/Projects/Imagine/thumbnails/52159_kya04_075_thumb.png,psd,,,Anime-style illustration with pastel colors and sparkling effects,파스텔 색감과 반짝이는 효과가 있는 애니메이션풍 일러스트입니다.,"[""anime"", ""pastel"", ""sparkles"", ""bubbles"", ""characters""]",illustration,,,,,,,,,"assisted_prefill; scope=크랑베르무:none; matched_terms=-; missing_terms=하늘,pillar",webdav:/13730b09/발송/범선/기절용사와 암살공주/장소/이미지,visual:precision-q0013:52159,diverse_rank=3; source_count=3; visual_group=visual:precision-q0013:52159,,,,ok,,excluded,duplicate_item_over_cap
precision-q0013,크랑베르무에서 하늘과 pillar 있는 이미지,scoped,40614,2,"triaxis,vv","{""triaxis"": 2, ""vv"": 20}","{""current_on_v3_clean_20260502:triaxis"": 2, ""scope_exact_segments_20260503:triaxis"": 2, ""scope_exact_segments_v2_20260503:triaxis"": 2, ""scope_exact_segments_v3_20260503:triaxis"": 2, ""scope_hint_hard_small_20260502:triaxis"": 2, ""scoped_weak_v3_clean_tags3_20260502:triaxis"": 2, ""scoped_weak_v3_clean_tags3_20260502:vv"": 20}",webdav://13730b09/예비/크랑베르무/장소/전투/2/grb03_304.psd,40614_grb03_304.psd,예비/크랑베르무/장소/전투/2/grb03_304.psd,webdav:/13730b09/예비/크랑베르무/장소/전투/2,/Users/saintiron/Projects/Imagine/thumbnails/40614_grb03_304_thumb.png,psd,,,"Ancient stone pillars stand against a starry, nebula-filled sky with vibrant cosmic colors.",선명한 우주 색감의 별과 성운이 가득한 하늘을 배경으로 고대 돌기둥들이 서 있습니다.,"[""fantasy"", ""night"", ""ancient ruins"", ""anime"", ""starry sky"", ""nebula"", ""mysterious"", ""stone pillars"", ""cosmic colors""]",background,fantasy,night,clear,2,weak,precision_keyword_scoped_v2,,,"assisted_prefill; scope=크랑베르무:exact; matched_terms=하늘,pillar; missing_terms=-",webdav:/13730b09/예비/크랑베르무/장소/전투/2,visual:precision-q0013:40614,diverse_rank=4; source_count=3; visual_group=visual:precision-q0013:40614,,,,ok,,active,
precision-q0013,크랑베르무에서 하늘과 pillar 있는 이미지,scoped,51482,2,vv,"{""vv"": 2}","{""scoped_weak_v3_clean_tags3_20260502:vv"": 2}",webdav://13730b09/발송/범선/기절용사와 암살공주/#08/bg/kya08_021_e.psd,51482_kya08_021_e.psd,발송/범선/기절용사와 암살공주/#08/bg/kya08_021_e.psd,webdav:/13730b09/발송/범선/기절용사와 암살공주/#08/bg,/Users/saintiron/Projects/Imagine/thumbnails/51482_kya08_021_e_thumb.png,psd,,,A white archway against a bright blue sky with scattered clouds.,흩어진 구름이 있는 밝은 푸른 하늘을 배경으로 흰 아치형 구조물이 보입니다.,"[""archway"", ""sky"", ""clouds"", ""architecture"", ""blue"", ""white"", ""pillars""]",background,,,,,,,,,"assisted_prefill; scope=크랑베르무:none; matched_terms=하늘,pillar; missing_terms=-",webdav:/13730b09/발송/범선/기절용사와 암살공주/#08/bg,visual:precision-q0013:51482,diverse_rank=5; source_count=2; visual_group=visual:precision-q0013:51482,,,,ok,,active,
precision-q0013,크랑베르무에서 하늘과 pillar 있는 이미지,scoped,52175,2,fts,"{""fts"": 2}","{""scoped_weak_v3_clean_tags3_20260502:fts"": 2}",webdav://13730b09/발송/범선/기절용사와 암살공주/장소/이미지/kya03_324.psd,52175_kya03_324.psd,발송/범선/기절용사와 암살공주/장소/이미지/kya03_324.psd,webdav:/13730b09/발송/범선/기절용사와 암살공주/장소/이미지,/Users/saintiron/Projects/Imagine/thumbnails/52175_kya03_324_thumb.png,psd,,,Anime-style characters in pastel colors with bubbles and sparkles.,파스텔 색감의 애니메이션풍 캐릭터들이 버블과 반짝임 효과와 함께 보입니다.,"[""anime"", ""pastel"", ""bubbles"", ""sparkles"", ""characters""]",illustration,,,,,,,,,"assisted_prefill; scope=크랑베르무:none; matched_terms=-; missing_terms=하늘,pillar",webdav:/13730b09/발송/범선/기절용사와 암살공주/장소/이미지,visual:precision-q0013:52175,diverse_rank=6; source_count=3; visual_group=visual:precision-q0013:52175,,,,ok,,excluded,duplicate_item_over_cap
precision-q0013,크랑베르무에서 하늘과 pillar 있는 이미지,scoped,53398,2,mv,"{""mv"": 2}","{""scoped_weak_v3_clean_tags3_20260502:mv"": 2}",webdav://13730b09/발송/범선/기절용사와 암살공주/#06/bg/kya06_144.psd,53398_kya06_144.psd,발송/범선/기절용사와 암살공주/#06/bg/kya06_144.psd,webdav:/13730b09/발송/범선/기절용사와 암살공주/#06/bg,/Users/saintiron/Projects/Imagine/thumbnails/53398_kya06_144_thumb.png,psd,,,A giant statue stands atop a grassy cliff under a blue sky.,푸른 하늘 아래 풀이 난 절벽 위에 거대한 조각상이 서 있습니다.,"[""statue"", ""cliff"", ""grass"", ""sky"", ""clouds""]",illustration,,,,,,,,,assisted_prefill; scope=크랑베르무:none; matched_terms=하늘; missing_terms=pillar,webdav:/13730b09/발송/범선/기절용사와 암살공주/#06/bg,visual:precision-q0013:53398,diverse_rank=7; source_count=1; visual_group=visual:precision-q0013:53398,,,,ok,,active,
precision-q0013,크랑베르무에서 하늘과 pillar 있는 이미지,scoped,40564,3,"triaxis,vv","{""triaxis"": 3, ""vv"": 19}","{""current_on_v3_clean_20260502:triaxis"": 3, ""scope_exact_segments_20260503:triaxis"": 3, ""scope_exact_segments_v2_20260503:triaxis"": 3, ""scope_exact_segments_v3_20260503:triaxis"": 3, ""scope_hint_hard_small_20260502:triaxis"": 3, ""scoped_weak_v3_clean_tags3_20260502:triaxis"": 3, ""scoped_weak_v3_clean_tags3_20260502:vv"": 19}",webdav://13730b09/예비/크랑베르무/장소/전투/2/grb03_258.psd,40564_grb03_258.psd,예비/크랑베르무/장소/전투/2/grb03_258.psd,webdav:/13730b09/예비/크랑베르무/장소/전투/2,/Users/saintiron/Projects/Imagine/thumbnails/40564_grb03_258_thumb.png,psd,,,Ancient stone pillars overlook a cosmic sky filled with auroras and stars.,고대 돌기둥들이 오로라와 별로 가득한 우주 하늘을 내려다보고 있습니다.,"[""fantasy"", ""night"", ""classical architecture"", ""aurora"", ""anime"", ""mystical"", ""starry sky""]",background,fantasy,night,clear,2,weak,precision_keyword_scoped_v2,,,"assisted_prefill; scope=크랑베르무:exact; matched_terms=하늘,pillar; missing_terms=-",webdav:/13730b09/예비/크랑베르무/장소/전투/2,visual:precision-q0013:40564,diverse_rank=8; source_count=3; visual_group=visual:precision-q0013:40564,,,,ok,,active,
precision-q0013,크랑베르무에서 하늘과 pillar 있는 이미지,scoped,52181,3,fts,"{""fts"": 3}","{""scoped_weak_v3_clean_tags3_20260502:fts"": 3}",webdav://13730b09/발송/범선/기절용사와 암살공주/장소/이미지/kya02_249.psd,52181_kya02_249.psd,발송/범선/기절용사와 암살공주/장소/이미지/kya02_249.psd,webdav:/13730b09/발송/범선/기절용사와 암살공주/장소/이미지,/Users/saintiron/Projects/Imagine/thumbnails/52181_kya02_249_thumb.png,psd,,,Two figures emit blue lightning bolts against a black background.,검은 배경 앞에서 두 인물이 푸른 번개를 내뿜고 있습니다.,"[""lightning"", ""figures"", ""blue"", ""black"", ""energy""]",illustration,,,,,,,,,"assisted_prefill; scope=크랑베르무:none; matched_terms=-; missing_terms=하늘,pillar",webdav:/13730b09/발송/범선/기절용사와 암살공주/장소/이미지,visual:precision-q0013:52181,diverse_rank=9; source_count=3; visual_group=visual:precision-q0013:52181,,,,ok,,active,
precision-q0013,크랑베르무에서 하늘과 pillar 있는 이미지,scoped,60018,3,mv,"{""mv"": 3}","{""scoped_weak_v3_clean_tags3_20260502:mv"": 3}",webdav://13730b09/예비/마법과고교의 우등생/#13/BG/mky13_230.psd,60018_mky13_230.psd,예비/마법과고교의 우등생/#13/BG/mky13_230.psd,BG,/Users/saintiron/Projects/Imagine/thumbnails/60018_mky13_230_thumb.png,psd,1854,1271,A lone figure stands on a balcony overlooking a starry night cityscape.,별이 가득한 밤의 도시 풍경을 내려다보는 발코니에 외로운 인물이 서 있습니다.,"[""balcony"", ""night"", ""cityscape"", ""figure"", ""stars"", ""railing"", ""mountains""]",illustration,,,,,,,,,assisted_prefill; scope=크랑베르무:none; matched_terms=하늘; missing_terms=pillar,BG,visual:precision-q0013:60018,diverse_rank=10; source_count=1; visual_group=visual:precision-q0013:60018,,,,ok,,active,
precision-q0014,작품 쫑에서 검과 armor 있는 이미지,scoped,33505,1,"fts,triaxis","{""fts"": 8, ""triaxis"": 1}","{""current_on_v3_clean_20260502:triaxis"": 1, ""scope_exact_segments_20260503:triaxis"": 1, ""scope_exact_segments_v2_20260503:triaxis"": 1, ""scope_exact_segments_v3_20260503:triaxis"": 1, ""scope_hint_hard_small_20260502:triaxis"": 1, ""scoped_weak_v3_clean_tags3_20260502:fts"": 8, ""scoped_weak_v3_clean_tags3_20260502:triaxis"": 1}",webdav://13730b09/발송4/범선/작품 쫑/후시/장소/마을/nfb07_126.psd,33505_nfb07_126.psd,발송4/범선/작품 쫑/후시/장소/마을/nfb07_126.psd,webdav:/13730b09/발송4/범선/작품 쫑/후시/장소/마을,/Users/saintiron/Projects/Imagine/thumbnails/33505_nfb07_126_thumb.png,psd,,,"Anime-style illustration of armored characters in a dimly lit stone room, with one character holding a sword and another in a defensive stance.","어두운 돌방 안의 갑옷 입은 캐릭터들을 그린 애니메이션풍 일러스트이며, 한 캐릭터는 검을 들고 다른 캐릭터는 방어 자세를 취하고 있습니다.","[""anime"", ""medieval"", ""action"", ""dramatic"", ""sword"", ""armor"", ""stone room"", ""warrior"", ""illustration""]",illustration,,,,2,weak,precision_keyword_scoped_v2,,,assisted_prefill; scope=작품 쫑:exact; matched_terms=armor; missing_terms=검,webdav:/13730b09/발송4/범선/작품 쫑/후시/장소/마을,visual:precision-q0014:33505,diverse_rank=1; source_count=1; visual_group=visual:precision-q0014:33505,,,,ok,,excluded,non_background_query
precision-q0014,작품 쫑에서 검과 armor 있는 이미지,scoped,46404,1,fts,"{""fts"": 1}","{""scoped_weak_v3_clean_tags3_20260502:fts"": 1}",webdav://13730b09/발송작품/작품/Fate/sozai/monooki_sozai_8.psd,46404_monooki_sozai_8.psd,발송작품/작품/Fate/sozai/monooki_sozai_8.psd,webdav:/13730b09/발송작품/작품/Fate/sozai,/Users/saintiron/Projects/Imagine/thumbnails/46404_monooki_sozai_8_thumb.png,psd,,,"A collection of medieval furniture, armor, and barrels in a 2D asset layout.","2D 에셋 배치 안에 중세풍 가구, 갑옷, 통들이 모여 있습니다.","[""medieval"", ""furniture"", ""barrels"", ""armor"", ""assets"", ""wood"", ""dark"", ""props""]",item,,,,,,,,,assisted_prefill; scope=작품 쫑:none; matched_terms=armor; missing_terms=검,webdav:/13730b09/발송작품/작품/Fate/sozai,visual:precision-q0014:46404,diverse_rank=2; source_count=1; visual_group=visual:precision-q0014:46404,,,,ok,,excluded,non_background_query
precision-q0014,작품 쫑에서 검과 armor 있는 이미지,scoped,50984,1,vv,"{""vv"": 1}","{""scoped_weak_v3_clean_tags3_20260502:vv"": 1}",webdav://13730b09/발송/범선/기절용사와 암살공주/#10/bg/kya10_019.psd,50984_kya10_019.psd,발송/범선/기절용사와 암살공주/#10/bg/kya10_019.psd,webdav:/13730b09/발송/범선/기절용사와 암살공주/#10/bg,/Users/saintiron/Projects/Imagine/thumbnails/50984_kya10_019_thumb.png,psd,,,Three framed portraits of armored figures hang on a dimly lit wall.,갑옷 입은 인물들의 액자 초상화 세 점이 어두운 벽에 걸려 있습니다.,"[""portraits"", ""armor"", ""frames"", ""wall"", ""darkness"", ""gold"", ""red""]",illustration,,,,,,,,,assisted_prefill; scope=작품 쫑:none; matched_terms=armor; missing_terms=검,webdav:/13730b09/발송/범선/기절용사와 암살공주/#10/bg,visual:precision-q0014:50984,diverse_rank=3; source_count=1; visual_group=visual:precision-q0014:50984,,,,ok,,excluded,non_background_query
precision-q0014,작품 쫑에서 검과 armor 있는 이미지,scoped,51249,1,mv,"{""mv"": 1}","{""scoped_weak_v3_clean_tags3_20260502:mv"": 1}",webdav://13730b09/발송/범선/기절용사와 암살공주/#09/bg/kya09_032.psd,51249_kya09_032.psd,발송/범선/기절용사와 암살공주/#09/bg/kya09_032.psd,webdav:/13730b09/발송/범선/기절용사와 암살공주/#09/bg,/Users/saintiron/Projects/Imagine/thumbnails/51249_kya09_032_thumb.png,psd,,,Anime-style character with armor and sword in a bright outdoor setting,밝은 야외 배경에 갑옷과 검을 든 애니메이션풍 캐릭터가 있습니다.,"[""anime"", ""character"", ""armor"", ""sword"", ""sky"", ""mountains"", ""buildings""]",illustration,,,,,,,,,assisted_prefill; scope=작품 쫑:none; matched_terms=armor; missing_terms=검,webdav:/13730b09/발송/범선/기절용사와 암살공주/#09/bg,visual:precision-q0014:51249,diverse_rank=4; source_count=1; visual_group=visual:precision-q0014:51249,,,,ok,,excluded,non_background_query
precision-q0014,작품 쫑에서 검과 armor 있는 이미지,scoped,33655,2,mv,"{""mv"": 2}","{""scoped_weak_v3_clean_tags3_20260502:mv"": 2}",webdav://13730b09/발송4/범선/작품 쫑/후시/장소/마법창고/nfb11_179.psd,33655_nfb11_179.psd,발송4/범선/작품 쫑/후시/장소/마법창고/nfb11_179.psd,webdav:/13730b09/발송4/범선/작품 쫑/후시/장소/마법창고,/Users/saintiron/Projects/Imagine/thumbnails/33655_nfb11_179_thumb.png,psd,,,unknown,,[],character,,,,,,,,,"assisted_prefill; scope=작품 쫑:exact; matched_terms=-; missing_terms=검,armor",webdav:/13730b09/발송4/범선/작품 쫑/후시/장소/마법창고,visual:precision-q0014:33655,diverse_rank=5; source_count=1; visual_group=visual:precision-q0014:33655,,,,repair_required,missing_caption_and_tags,excluded,repair_required
precision-q0014,작품 쫑에서 검과 armor 있는 이미지,scoped,33822,2,"triaxis,vv","{""triaxis"": 10, ""vv"": 2}","{""current_on_v3_clean_20260502:triaxis"": 10, ""scope_exact_segments_20260503:triaxis"": 10, ""scope_exact_segments_v2_20260503:triaxis"": 10, ""scope_exact_segments_v3_20260503:triaxis"": 10, ""scope_hint_hard_small_20260502:triaxis"": 10, ""scoped_weak_v3_clean_tags3_20260502:triaxis"": 10, ""scoped_weak_v3_clean_tags3_20260502:vv"": 2}",webdav://13730b09/발송4/범선/작품 쫑/후시/장소/로네느의집/nfb12_226.psd,33822_nfb12_226.psd,발송4/범선/작품 쫑/후시/장소/로네느의집/nfb12_226.psd,webdav:/13730b09/발송4/범선/작품 쫑/후시/장소/로네느의집,/Users/saintiron/Projects/Imagine/thumbnails/33822_nfb12_226_thumb.png,psd,,,"A sketch-style illustration of a wooden cross and a sword, rendered in translucent layers against a dark background, evoking a solemn or sacred atmosphere.","어두운 배경 위에 반투명 레이어로 표현된 나무 십자가와 검의 스케치풍 일러스트이며, 엄숙하거나 성스러운 분위기를 줍니다.","[""still_life"", ""sketch"", ""monochrome"", ""mysterious"", ""cross"", ""sword"", ""translucent_layers"", ""illustration""]",illustration,,,,2,weak,precision_keyword_scoped_v2,,,"assisted_prefill; scope=작품 쫑:exact; matched_terms=-; missing_terms=검,armor",webdav:/13730b09/발송4/범선/작품 쫑/후시/장소/로네느의집,visual:precision-q0014:33822,diverse_rank=6; source_count=1; visual_group=visual:precision-q0014:33822,,,,ok,,excluded,non_background_query
precision-q0014,작품 쫑에서 검과 armor 있는 이미지,scoped,35247,2,triaxis,"{""triaxis"": 2}","{""current_on_v3_clean_20260502:triaxis"": 2, ""scope_exact_segments_20260503:triaxis"": 2, ""scope_exact_segments_v2_20260503:triaxis"": 2, ""scope_exact_segments_v3_20260503:triaxis"": 2, ""scope_hint_hard_small_20260502:triaxis"": 2, ""scoped_weak_v3_clean_tags3_20260502:triaxis"": 2}",webdav://13730b09/발송4/범선/작품 쫑/후시/장소/고아원 지하실/nfb09_075.psd,35247_nfb09_075.psd,발송4/범선/작품 쫑/후시/장소/고아원 지하실/nfb09_075.psd,webdav:/13730b09/발송4/범선/작품 쫑/후시/장소/고아원 지하실,/Users/saintiron/Projects/Imagine/thumbnails/35247_nfb09_075_thumb.png,psd,,,"A sketch-style sword lying on a stone floor, with a hand gripping the hilt.",돌바닥 위에 놓인 스케치풍 검과 손잡이를 쥔 손이 보입니다.,"[""sword"", ""sketch"", ""stone_floor"", ""hand_gripping"", ""weapon"", ""anime_style""]",item,,,,2,weak,precision_keyword_scoped_v2,,,"assisted_prefill; scope=작품 쫑:exact; matched_terms=-; missing_terms=검,armor",webdav:/13730b09/발송4/범선/작품 쫑/후시/장소/고아원 지하실,visual:precision-q0014:35247,diverse_rank=7; source_count=1; visual_group=visual:precision-q0014:35247,,,,ok,,excluded,non_background_query
precision-q0014,작품 쫑에서 검과 armor 있는 이미지,scoped,46756,2,fts,"{""fts"": 2}","{""scoped_weak_v3_clean_tags3_20260502:fts"": 2}",webdav://13730b09/발송작품/작품/Fate/BG.참고/FN19_203_s1.psd,46756_FN19_203_s1.psd,발송작품/작품/Fate/BG.참고/FN19_203_s1.psd,webdav:/13730b09/발송작품/작품/Fate/BG.참고,/Users/saintiron/Projects/Imagine/thumbnails/46756_FN19_203_s1_thumb.png,psd,,,A knight in armor observes ghostly figures in a dimly lit room.,어두운 방 안에서 갑옷 입은 기사가 유령 같은 인물들을 바라보고 있습니다.,"[""ghost"", ""knight"", ""armor"", ""ghostly"", ""dimly lit"", ""room"", ""medieval"", ""fantasy""]",illustration,,,,,,,,,assisted_prefill; scope=작품 쫑:none; matched_terms=armor; missing_terms=검,webdav:/13730b09/발송작품/작품/Fate/BG.참고,visual:precision-q0014:46756,diverse_rank=8; source_count=1; visual_group=visual:precision-q0014:46756,,,,ok,,excluded,non_background_query
precision-q0014,작품 쫑에서 검과 armor 있는 이미지,scoped,31350,3,vv,"{""vv"": 3}","{""scoped_weak_v3_clean_tags3_20260502:vv"": 3}",/Users/saintiron/imageDB/마캬베리즈무/실내소품/d.psd,d.psd,d.psd,실내소품,/Users/saintiron/Projects/Imagine/thumbnails/d_thumb.png,psd,3012,1835,"A medieval armory with armor, weapons, and robes displayed on wooden walls.","나무 벽에 갑옷, 무기, 로브가 전시된 중세풍 무기고입니다.","[""armor"", ""swords"", ""shields"", ""robe"", ""chest"", ""rug"", ""boots"", ""crossbow""]",background,,,,,,,,,assisted_prefill; scope=작품 쫑:none; matched_terms=armor; missing_terms=검,실내소품,visual:precision-q0014:31350,diverse_rank=9; source_count=1; visual_group=visual:precision-q0014:31350,,,,ok,,excluded,non_background_query
precision-q0014,작품 쫑에서 검과 armor 있는 이미지,scoped,33000,3,triaxis,"{""triaxis"": 3}","{""current_on_v3_clean_20260502:triaxis"": 3, ""scope_exact_segments_20260503:triaxis"": 3, ""scope_exact_segments_v2_20260503:triaxis"": 3, ""scope_exact_segments_v3_20260503:triaxis"": 3, ""scope_hint_hard_small_20260502:triaxis"": 3, ""scoped_weak_v3_clean_tags3_20260502:triaxis"": 3}",webdav://13730b09/발송4/범선/작품 쫑/후시/장소/호수/nfb08_273.psd,33000_nfb08_273.psd,발송4/범선/작품 쫑/후시/장소/호수/nfb08_273.psd,webdav:/13730b09/발송4/범선/작품 쫑/후시/장소/호수,/Users/saintiron/Projects/Imagine/thumbnails/33000_nfb08_273_thumb.png,psd,,,"A sketch-style illustration of a hooded figure holding a sword, set against a blue, blurred background.",푸르고 흐릿한 배경 앞에 검을 든 후드 쓴 인물을 그린 스케치풍 일러스트입니다.,"[""sketch"", ""hooded"", ""sword"", ""blue_background"", ""fantasy"", ""character_sheet""]",character,,,,2,weak,precision_keyword_scoped_v2,,,"assisted_prefill; scope=작품 쫑:exact; matched_terms=-; missing_terms=검,armor",webdav:/13730b09/발송4/범선/작품 쫑/후시/장소/호수,visual:precision-q0014:33000,diverse_rank=10; source_count=1; visual_group=visual:precision-q0014:33000,,,,ok,,excluded,non_background_query
precision-q0015,안나의집에서 커튼과 창문 있는 이미지,scoped,31186,1,"mv,triaxis","{""mv"": 4, ""triaxis"": 1}","{""current_on_v3_clean_20260502:triaxis"": 1, ""scoped_weak_v3_clean_tags3_20260502:mv"": 4, ""scoped_weak_v3_clean_tags3_20260502:triaxis"": 1}",/Users/saintiron/imageDB/마캬베리즈무/실내소품/1_2_5.psd,1_2_5.psd,1_2_5.psd,실내소품,/Users/saintiron/Projects/Imagine/thumbnails/1_2_5_thumb.png,psd,7780,5921,"A collection of interior design elements including curtains, plants, and furniture.","커튼, 식물, 가구를 포함한 실내 디자인 요소 모음입니다.","[""curtains"", ""plants"", ""door"", ""window"", ""furniture"", ""wall art"", ""railing"", ""vases""]",item,,,,,,,,,"assisted_prefill; scope=안나의집:none; matched_terms=커튼,창문; missing_terms=-",실내소품,visual:precision-q0015:31186,diverse_rank=1; source_count=3; visual_group=visual:precision-q0015:31186,,,,ok,,active,
precision-q0015,안나의집에서 커튼과 창문 있는 이미지,scoped,41173,1,triaxis,"{""triaxis"": 1}","{""current_on_v3_clean_20260502:triaxis"": 2, ""scope_exact_segments_20260503:triaxis"": 1, ""scope_exact_segments_v2_20260503:triaxis"": 1, ""scope_exact_segments_v3_20260503:triaxis"": 1, ""scope_hint_hard_small_20260502:triaxis"": 1, ""scoped_weak_v3_clean_tags3_20260502:triaxis"": 2}",webdav://13730b09/예비/크랑베르무/장소/안나의집/grb06_244.psd,41173_grb06_244.psd,예비/크랑베르무/장소/안나의집/grb06_244.psd,webdav:/13730b09/예비/크랑베르무/장소/안나의집,/Users/saintiron/Projects/Imagine/thumbnails/41173_grb06_244_thumb.png,psd,,,"A serene interior with blue curtains, wooden window frames, and framed artwork on beige walls.","파란 커튼, 나무 창틀, 베이지색 벽의 액자 그림이 있는 차분한 실내입니다.","[""Interior"", ""Anime"", ""Blue Curtains"", ""Wooden Windows"", ""Framed Artwork"", ""Beige Walls"", ""Natural Lighting""]",background,Interior,Day,Clear,2,weak,precision_keyword_scoped_v2,,,"assisted_prefill; scope=안나의집:exact; matched_terms=커튼,창문; missing_terms=-",webdav:/13730b09/예비/크랑베르무/장소/안나의집,visual:precision-q0015:41173,diverse_rank=2; source_count=3; visual_group=visual:precision-q0015:41173,,,,ok,,active,
precision-q0015,안나의집에서 커튼과 창문 있는 이미지,scoped,41242,1,vv,"{""vv"": 1}","{""scoped_weak_v3_clean_tags3_20260502:vv"": 1}",webdav://13730b09/예비/크랑베르무/장소/실내들/grb09_021_027.psd,41242_grb09_021_027.psd,예비/크랑베르무/장소/실내들/grb09_021_027.psd,webdav:/13730b09/예비/크랑베르무/장소/실내들,/Users/saintiron/Projects/Imagine/thumbnails/41242_grb09_021_027_thumb.png,psd,,,"A traditional Japanese window with pink curtains, overlooking a misty autumn landscape.",분홍 커튼이 달린 전통적인 일본식 창문 너머로 안개 낀 가을 풍경이 보입니다.,"[""window"", ""curtains"", ""traditional_japanese"", ""autumn"", ""dusk"", ""anime"", ""serene""]",background,Interior,Dusk,Overcast,,,,,,"assisted_prefill; scope=안나의집:none; matched_terms=커튼,창문; missing_terms=-",webdav:/13730b09/예비/크랑베르무/장소/실내들,visual:precision-q0015:41242,diverse_rank=3; source_count=1; visual_group=visual:precision-q0015:41242,,,,ok,,excluded,duplicate_item_over_cap
precision-q0015,안나의집에서 커튼과 창문 있는 이미지,scoped,52545,1,"mv,triaxis","{""mv"": 1, ""triaxis"": 14}","{""current_on_v3_clean_20260502:triaxis"": 14, ""scoped_weak_v3_clean_tags3_20260502:mv"": 1, ""scoped_weak_v3_clean_tags3_20260502:triaxis"": 14}",webdav://13730b09/발송/범선/기절용사와 암살공주/장소/호텔실내/kya05_059.psd,52545_kya05_059.psd,발송/범선/기절용사와 암살공주/장소/호텔실내/kya05_059.psd,webdav:/13730b09/발송/범선/기절용사와 암살공주/장소/호텔실내,/Users/saintiron/Projects/Imagine/thumbnails/52545_kya05_059_thumb.png,psd,,,A window with light green curtains and wooden frames in a room.,방 안에 연두색 커튼과 나무 프레임이 있는 창문이 있습니다.,"[""window"", ""curtains"", ""wood"", ""wall"", ""door"", ""light"", ""frame"", ""handle""]",background,,,,,,,,,"assisted_prefill; scope=안나의집:none; matched_terms=커튼,창문; missing_terms=-",webdav:/13730b09/발송/범선/기절용사와 암살공주/장소/호텔실내,visual:precision-q0015:52545,diverse_rank=4; source_count=1; visual_group=visual:precision-q0015:52545,,,,ok,,active,
precision-q0015,안나의집에서 커튼과 창문 있는 이미지,scoped,57352,1,fts,"{""fts"": 1}","{""scoped_weak_v3_clean_tags3_20260502:fts"": 1}",webdav://13730b09/예비/작품2/대마도학원35시험 소대/택처/창문.psd,57352_창문.psd,예비/작품2/대마도학원35시험 소대/택처/창문.psd,택처,/Users/saintiron/Projects/Imagine/thumbnails/57352_창문_thumb.png,psd,1701,1701,A four-pane window frame with a modern design.,현대적인 디자인의 네 칸 창문 프레임입니다.,"[""window"", ""frame"", ""pane"", ""modern"", ""gray"", ""rectangular"", ""interior""]",item,,,,,,,,,assisted_prefill; scope=안나의집:none; matched_terms=창문; missing_terms=커튼,택처,visual:precision-q0015:57352,diverse_rank=5; source_count=1; visual_group=visual:precision-q0015:57352,,,,ok,,excluded,duplicate_item_over_cap
precision-q0015,안나의집에서 커튼과 창문 있는 이미지,scoped,41072,2,triaxis,"{""triaxis"": 2}","{""current_on_v3_clean_20260502:triaxis"": 8, ""scope_exact_segments_20260503:triaxis"": 2, ""scope_exact_segments_v2_20260503:triaxis"": 2, ""scope_exact_segments_v3_20260503:triaxis"": 2, ""scope_hint_hard_small_20260502:triaxis"": 2, ""scoped_weak_v3_clean_tags3_20260502:triaxis"": 8}",webdav://13730b09/예비/크랑베르무/장소/안나의집/grb06_079.psd,41072_grb06_079.psd,예비/크랑베르무/장소/안나의집/grb06_079.psd,webdav:/13730b09/예비/크랑베르무/장소/안나의집,/Users/saintiron/Projects/Imagine/thumbnails/41072_grb06_079_thumb.png,psd,,,"A dimly lit classic dining room with a window, curtains, and furniture casting shadows.","창문, 커튼, 그림자를 드리우는 가구가 있는 어두운 고전적인 식당입니다.","[""Interior"", ""Dining room"", ""Classic"", ""Anime"", ""Overcast"", ""Mysterious"", ""Red carpet"", ""Blue curtains"", ""Wooden furniture""]",background,Interior,Day,Overcast,2,weak,precision_keyword_scoped_v2,,,"assisted_prefill; scope=안나의집:exact; matched_terms=커튼,창문; missing_terms=-",webdav:/13730b09/예비/크랑베르무/장소/안나의집,visual:precision-q0015:41072,diverse_rank=6; source_count=3; visual_group=visual:precision-q0015:41072,,,,ok,,active,
precision-q0015,안나의집에서 커튼과 창문 있는 이미지,scoped,41073,2,"triaxis,vv","{""triaxis"": 5, ""vv"": 2}","{""current_on_v3_clean_20260502:triaxis"": 18, ""scope_exact_segments_20260503:triaxis"": 5, ""scope_exact_segments_v2_20260503:triaxis"": 5, ""scope_exact_segments_v3_20260503:triaxis"": 5, ""scope_hint_hard_small_20260502:triaxis"": 5, ""scoped_weak_v3_clean_tags3_20260502:triaxis"": 18, ""scoped_weak_v3_clean_tags3_20260502:vv"": 2}",webdav://13730b09/예비/크랑베르무/장소/안나의집/grb06_080.psd,41073_grb06_080.psd,예비/크랑베르무/장소/안나의집/grb06_080.psd,webdav:/13730b09/예비/크랑베르무/장소/안나의집,/Users/saintiron/Projects/Imagine/thumbnails/41073_grb06_080_thumb.png,psd,,,"A blue curtain partially obscures a window with wooden frames, revealing a cloudy sky outside.","파란 커튼이 나무 프레임 창문을 부분적으로 가리고 있으며, 밖으로 구름 낀 하늘이 보입니다.","[""anime"", ""curtain"", ""window"", ""cloudy sky"", ""blue"", ""mysterious""]",illustration,,,,2,weak,precision_keyword_scoped_v2,,,"assisted_prefill; scope=안나의집:exact; matched_terms=커튼,창문; missing_terms=-",webdav:/13730b09/예비/크랑베르무/장소/안나의집,visual:precision-q0015:41073,diverse_rank=7; source_count=3; visual_group=visual:precision-q0015:41073,,,,ok,,active,
precision-q0015,안나의집에서 커튼과 창문 있는 이미지,scoped,60117,2,mv,"{""mv"": 2}","{""scoped_weak_v3_clean_tags3_20260502:mv"": 2}",webdav://13730b09/예비/마법과고교의 우등생/#13/BG/mky13_265.psd,60117_mky13_265.psd,예비/마법과고교의 우등생/#13/BG/mky13_265.psd,BG,/Users/saintiron/Projects/Imagine/thumbnails/60117_mky13_265_thumb.png,psd,5497,1342,Anime-style scene with characters in a warmly lit room and balcony,따뜻한 조명이 있는 방과 발코니 안에 캐릭터들이 있는 애니메이션풍 장면입니다.,"[""anime"", ""characters"", ""balcony"", ""curtains"", ""columns"", ""window"", ""warm lighting""]",illustration,,,,,,,,,"assisted_prefill; scope=안나의집:none; matched_terms=커튼,창문; missing_terms=-",BG,visual:precision-q0015:60117,diverse_rank=8; source_count=1; visual_group=visual:precision-q0015:60117,,,,ok,,active,
precision-q0015,안나의집에서 커튼과 창문 있는 이미지,scoped,31083,3,vv,"{""vv"": 3}","{""scoped_weak_v3_clean_tags3_20260502:vv"": 3}",/Users/saintiron/imageDB/마캬베리즈무/실내소품/001_R_hg04.psd,001_R_hg04.psd,001_R_hg04.psd,실내소품,/Users/saintiron/Projects/Imagine/thumbnails/001_R_hg04_thumb.png,psd,2025,1311,A bright window with pink curtains and a view of green trees outside.,분홍 커튼이 달린 밝은 창문 너머로 초록 나무가 보입니다.,"[""window"", ""curtains"", ""trees"", ""sky"", ""wooden frame"", ""tassels"", ""indoor"", ""daytime""]",background,,,,,,,,,"assisted_prefill; scope=안나의집:none; matched_terms=커튼,창문; missing_terms=-",실내소품,visual:precision-q0015:31083,diverse_rank=9; source_count=3; visual_group=visual:precision-q0015:31083,,,,ok,,active,
precision-q0015,안나의집에서 커튼과 창문 있는 이미지,scoped,31477,3,triaxis,"{""triaxis"": 3}","{""current_on_v3_clean_20260502:triaxis"": 3, ""scoped_weak_v3_clean_tags3_20260502:triaxis"": 3}",/Users/saintiron/imageDB/마캬베리즈무/실내소품/NM#02_017.psd,NM#02_017.psd,NM#02_017.psd,실내소품,/Users/saintiron/Projects/Imagine/thumbnails/NM#02_017_thumb.png,psd,1685,1191,Green curtain partially covering a window in a room interior,방 내부에서 초록 커튼이 창문을 부분적으로 가리고 있습니다.,"[""curtain"", ""window"", ""wall"", ""interior"", ""green"", ""light"", ""room""]",background,,,,,,,,,"assisted_prefill; scope=안나의집:none; matched_terms=커튼,창문; missing_terms=-",실내소품,visual:precision-q0015:31477,diverse_rank=10; source_count=3; visual_group=visual:precision-q0015:31477,,,,ok,,active,
precision-q0016,작품 쫑에서 밤과 벽 있는 이미지,scoped,34761,1,triaxis,"{""triaxis"": 1}","{""current_on_v3_clean_20260502:triaxis"": 1, ""scope_exact_segments_20260503:triaxis"": 1, ""scope_exact_segments_v2_20260503:triaxis"": 1, ""scope_exact_segments_v3_20260503:triaxis"": 1, ""scope_hint_hard_small_20260502:triaxis"": 1, ""scoped_weak_v3_clean_tags3_20260502:triaxis"": 1}",webdav://13730b09/발송4/범선/작품 쫑/후시/장소/대장간 정뭔/nfb08_017_BG1.psd,34761_nfb08_017_BG1.psd,발송4/범선/작품 쫑/후시/장소/대장간 정뭔/nfb08_017_BG1.psd,webdav:/13730b09/발송4/범선/작품 쫑/후시/장소/대장간 정뭔,/Users/saintiron/Projects/Imagine/thumbnails/34761_nfb08_017_BG1_thumb.png,psd,,,"A dimly lit medieval urban alleyway with stone walls and a wooden door, bathed in twilight shadows.",돌벽과 나무문이 있는 어두운 중세풍 도시 골목이 해질녘 그림자에 잠겨 있습니다.,"[""urban"", ""night"", ""medieval"", ""anime"", ""stone_walls"", ""wooden_door"", ""dim_lighting"", ""melancholic""]",background,urban,,,,,,,,assisted_prefill; scope=작품 쫑:exact; matched_terms=밤; missing_terms=벽,webdav:/13730b09/발송4/범선/작품 쫑/후시/장소/대장간 정뭔,visual:precision-q0016:34761,diverse_rank=1; source_count=2; visual_group=visual:precision-q0016:34761,,,,ok,,active,
precision-q0016,작품 쫑에서 밤과 벽 있는 이미지,scoped,38091,1,vv,"{""vv"": 1}","{""scoped_weak_v3_clean_tags3_20260502:vv"": 1}",webdav://13730b09/발송작품/작품/켄신/켄신-153.jpg,38091_켄신-153.jpg,발송작품/작품/켄신/켄신-153.jpg,webdav:/13730b09/발송작품/작품/켄신,/Users/saintiron/Projects/Imagine/thumbnails/38091_켄신-153_thumb.png,jpg,,,"A serene twilight scene in a traditional Japanese garden with tall trees and a stone wall, bathed in cool blue and green hues.","높은 나무와 돌담이 있는 전통 일본 정원의 차분한 해질녘 장면이며, 차가운 파랑과 초록 색조에 잠겨 있습니다.","[""anime"", ""traditional_japanese"", ""twilight"", ""garden"", ""stone_wall"", ""trees"", ""ethereal"", ""cool_palette""]",background,rural,,,,,,,,"assisted_prefill; scope=작품 쫑:none; matched_terms=-; missing_terms=밤,벽",webdav:/13730b09/발송작품/작품/켄신,visual:precision-q0016:38091,diverse_rank=2; source_count=3; visual_group=visual:precision-q0016:38091,,,,ok,,active,
precision-q0016,작품 쫑에서 밤과 벽 있는 이미지,scoped,52159,1,fts,"{""fts"": 1}","{""scoped_weak_v3_clean_tags3_20260502:fts"": 1}",webdav://13730b09/발송/범선/기절용사와 암살공주/장소/이미지/kya04_075.psd,52159_kya04_075.psd,발송/범선/기절용사와 암살공주/장소/이미지/kya04_075.psd,webdav:/13730b09/발송/범선/기절용사와 암살공주/장소/이미지,/Users/saintiron/Projects/Imagine/thumbnails/52159_kya04_075_thumb.png,psd,,,Anime-style illustration with pastel colors and sparkling effects,파스텔 색감과 반짝이는 효과가 있는 애니메이션풍 일러스트입니다.,"[""anime"", ""pastel"", ""sparkles"", ""bubbles"", ""characters""]",illustration,,,,,,,,,"assisted_prefill; scope=작품 쫑:none; matched_terms=-; missing_terms=밤,벽",webdav:/13730b09/발송/범선/기절용사와 암살공주/장소/이미지,visual:precision-q0016:52159,diverse_rank=3; source_count=2; visual_group=visual:precision-q0016:52159,,,,ok,,excluded,duplicate_item_over_cap
precision-q0016,작품 쫑에서 밤과 벽 있는 이미지,scoped,58085,1,mv,"{""mv"": 1}","{""scoped_weak_v3_clean_tags3_20260502:mv"": 1}",webdav://13730b09/예비/작품2/대마도학원35시험 소대/제작회사BG/#2/TM#02_354.psd,58085_TM#02_354.psd,예비/작품2/대마도학원35시험 소대/제작회사BG/#2/TM#02_354.psd,#2,/Users/saintiron/Projects/Imagine/thumbnails/58085_TM#02_354_thumb.png,psd,2325,1642,Nighttime cityscape with illuminated buildings and dark sky,빛나는 건물들과 어두운 하늘이 있는 밤의 도시 풍경입니다.,"[""cityscape"", ""night"", ""buildings"", ""lights"", ""sky"", ""urban"", ""darkness""]",background,,,,,,,,,assisted_prefill; scope=작품 쫑:none; matched_terms=밤; missing_terms=벽,#2,visual:precision-q0016:58085,diverse_rank=4; source_count=1; visual_group=visual:precision-q0016:58085,,,,ok,,active,
precision-q0016,작품 쫑에서 밤과 벽 있는 이미지,scoped,30779,2,mv,"{""mv"": 2}","{""scoped_weak_v3_clean_tags3_20260502:mv"": 2}",webdav://13730b09/발송작품/작품/세일러문/#33/1/262_263_267_278_310_284_290_295.psd,262_263_267_278_310_284_290_295.psd,발송작품/작품/세일러문/#33/1/262_263_267_278_310_284_290_295.psd,발송작품/작품/세일러문/#33/1,/Users/saintiron/Projects/Imagine/thumbnails/262_263_267_278_310_284_290_295_thumb.png,psd,3603,2808,"A dark, stormy night sky filled with swirling clouds.",소용돌이치는 구름으로 가득한 어둡고 폭풍우 치는 밤하늘입니다.,[],background,celestial,,,,,,,,assisted_prefill; scope=작품 쫑:none; matched_terms=밤; missing_terms=벽,발송작품/작품/세일러문/#33/1,visual:precision-q0016:30779,diverse_rank=5; source_count=1; visual_group=visual:precision-q0016:30779,,,,metadata_partial,missing_tags,active,
precision-q0016,작품 쫑에서 밤과 벽 있는 이미지,scoped,33204,2,triaxis,"{""triaxis"": 2}","{""current_on_v3_clean_20260502:triaxis"": 2, ""scope_exact_segments_20260503:triaxis"": 2, ""scope_exact_segments_v2_20260503:triaxis"": 2, ""scope_exact_segments_v3_20260503:triaxis"": 2, ""scope_hint_hard_small_20260502:triaxis"": 2, ""scoped_weak_v3_clean_tags3_20260502:triaxis"": 2}",webdav://13730b09/발송4/범선/작품 쫑/후시/장소/실내들/nfb11_107.psd,33204_nfb11_107.psd,발송4/범선/작품 쫑/후시/장소/실내들/nfb11_107.psd,webdav:/13730b09/발송4/범선/작품 쫑/후시/장소/실내들,/Users/saintiron/Projects/Imagine/thumbnails/33204_nfb11_107_thumb.png,psd,,,Two glowing lanterns illuminate a rustic brick wall at night.,밤에 두 개의 빛나는 등불이 소박한 벽돌 벽을 비추고 있습니다.,"[""Dungeons"", ""Night"", ""Lanterns"", ""Brick wall"", ""Warm lighting"", ""Anime style""]",background,Dungeons,Night,Clear,,,,,,assisted_prefill; scope=작품 쫑:exact; matched_terms=밤; missing_terms=벽,webdav:/13730b09/발송4/범선/작품 쫑/후시/장소/실내들,visual:precision-q0016:33204,diverse_rank=6; source_count=1; visual_group=visual:precision-q0016:33204,,,,ok,,active,
precision-q0016,작품 쫑에서 밤과 벽 있는 이미지,scoped,37960,2,vv,"{""vv"": 2}","{""scoped_weak_v3_clean_tags3_20260502:vv"": 2}",webdav://13730b09/발송작품/작품/켄신/외부-008.jpg,37960_외부-008.jpg,발송작품/작품/켄신/외부-008.jpg,webdav:/13730b09/발송작품/작품/켄신,/Users/saintiron/Projects/Imagine/thumbnails/37960_외부-008_thumb.png,jpg,,,"A painterly depiction of a wooden walkway leading into shadow, bordered by a vibrant bush with red berries against a deep teal background.",짙은 청록색 배경 앞에서 붉은 열매가 달린 선명한 덤불을 따라 그림자 속으로 이어지는 나무 통로를 회화적으로 묘사한 장면입니다.,"[""landscape"", ""painterly"", ""wooden_path"", ""bush_with_berry"", ""teal_background"", ""serene_mood"", ""imagine_dl_f6_vs3x6""]",illustration,,,,,,,,,"assisted_prefill; scope=작품 쫑:none; matched_terms=-; missing_terms=밤,벽",webdav:/13730b09/발송작품/작품/켄신,visual:precision-q0016:37960,diverse_rank=7; source_count=3; visual_group=visual:precision-q0016:37960,,,,ok,,active,
precision-q0016,작품 쫑에서 밤과 벽 있는 이미지,scoped,52175,2,fts,"{""fts"": 2}","{""scoped_weak_v3_clean_tags3_20260502:fts"": 2}",webdav://13730b09/발송/범선/기절용사와 암살공주/장소/이미지/kya03_324.psd,52175_kya03_324.psd,발송/범선/기절용사와 암살공주/장소/이미지/kya03_324.psd,webdav:/13730b09/발송/범선/기절용사와 암살공주/장소/이미지,/Users/saintiron/Projects/Imagine/thumbnails/52175_kya03_324_thumb.png,psd,,,Anime-style characters in pastel colors with bubbles and sparkles.,파스텔 색감의 애니메이션풍 캐릭터들이 버블과 반짝임 효과와 함께 보입니다.,"[""anime"", ""pastel"", ""bubbles"", ""sparkles"", ""characters""]",illustration,,,,,,,,,"assisted_prefill; scope=작품 쫑:none; matched_terms=-; missing_terms=밤,벽",webdav:/13730b09/발송/범선/기절용사와 암살공주/장소/이미지,visual:precision-q0016:52175,diverse_rank=8; source_count=2; visual_group=visual:precision-q0016:52175,,,,ok,,excluded,duplicate_item_over_cap
precision-q0016,작품 쫑에서 밤과 벽 있는 이미지,scoped,34821,3,triaxis,"{""triaxis"": 3}","{""current_on_v3_clean_20260502:triaxis"": 3, ""scope_exact_segments_20260503:triaxis"": 3, ""scope_exact_segments_v2_20260503:triaxis"": 3, ""scope_exact_segments_v3_20260503:triaxis"": 3, ""scope_hint_hard_small_20260502:triaxis"": 3, ""scoped_weak_v3_clean_tags3_20260502:triaxis"": 3}",webdav://13730b09/발송4/범선/작품 쫑/후시/장소/대장간 정뭔/nfb08_088.psd,34821_nfb08_088.psd,발송4/범선/작품 쫑/후시/장소/대장간 정뭔/nfb08_088.psd,webdav:/13730b09/발송4/범선/작품 쫑/후시/장소/대장간 정뭔,/Users/saintiron/Projects/Imagine/thumbnails/34821_nfb08_088_thumb.png,psd,,,"A dimly lit urban alleyway with graffiti-covered walls and a window, evoking a moody, atmospheric night scene.","그래피티로 덮인 벽과 창문이 있는 어두운 도시 골목으로, 분위기 있는 밤 장면을 떠올리게 합니다.","[""urban"", ""graffiti"", ""twilight"", ""anime"", ""melancholic"", ""alleyway"", ""window"", ""modern_architecture""]",background,urban,,,2,weak,precision_keyword_scoped_v2,,,assisted_prefill; scope=작품 쫑:exact; matched_terms=밤; missing_terms=벽,webdav:/13730b09/발송4/범선/작품 쫑/후시/장소/대장간 정뭔,visual:precision-q0016:34821,diverse_rank=9; source_count=2; visual_group=visual:precision-q0016:34821,,,,ok,,active,
precision-q0016,작품 쫑에서 밤과 벽 있는 이미지,scoped,38066,3,vv,"{""vv"": 3}","{""scoped_weak_v3_clean_tags3_20260502:vv"": 3}",webdav://13730b09/발송작품/작품/켄신/켄신-122.jpg,38066_켄신-122.jpg,발송작품/작품/켄신/켄신-122.jpg,webdav:/13730b09/발송작품/작품/켄신,/Users/saintiron/Projects/Imagine/thumbnails/38066_켄신-122_thumb.png,jpg,,,A tranquil rural scene featuring a traditional Japanese tiled roof and stone wall under a clear blue sky.,맑은 푸른 하늘 아래 전통 일본식 기와지붕과 돌담이 있는 고요한 시골 장면입니다.,"[""traditional_japanese"", ""rural"", ""painterly"", ""stone_wall"", ""tiled_roof"", ""peaceful"", ""cool_color_palette""]",background,rural,,,,,,,,"assisted_prefill; scope=작품 쫑:none; matched_terms=-; missing_terms=밤,벽",webdav:/13730b09/발송작품/작품/켄신,visual:precision-q0016:38066,diverse_rank=10; source_count=3; visual_group=visual:precision-q0016:38066,,,,ok,,active,
precision-q0017,늪지대에서 숲과 fog 있는 이미지,scoped,33247,1,mv,"{""mv"": 1}","{""scoped_weak_v3_clean_tags3_20260502:mv"": 1}","webdav://13730b09/발송4/범선/작품 쫑/후시/장소/숲,자연/nfb03_167.psd",33247_nfb03_167.psd,"발송4/범선/작품 쫑/후시/장소/숲,자연/nfb03_167.psd","webdav:/13730b09/발송4/범선/작품 쫑/후시/장소/숲,자연",/Users/saintiron/Projects/Imagine/thumbnails/33247_nfb03_167_thumb.png,psd,,,Anime character sketch overlay on forest background,숲 배경 위에 애니메이션 캐릭터 스케치가 겹쳐져 있습니다.,[],character,,,,,,,,,assisted_prefill; scope=늪지대:none; matched_terms=숲; missing_terms=fog,"webdav:/13730b09/발송4/범선/작품 쫑/후시/장소/숲,자연",visual:precision-q0017:33247,diverse_rank=1; source_count=1; visual_group=visual:precision-q0017:33247,,,,metadata_partial,missing_tags,excluded,duplicate_item_over_cap
precision-q0017,늪지대에서 숲과 fog 있는 이미지,scoped,34898,1,"triaxis,vv","{""triaxis"": 2, ""vv"": 1}","{""current_on_v3_clean_20260502:triaxis"": 2, ""scope_exact_segments_20260503:triaxis"": 2, ""scope_exact_segments_v2_20260503:triaxis"": 2, ""scope_exact_segments_v3_20260503:triaxis"": 2, ""scope_hint_hard_small_20260502:triaxis"": 2, ""scoped_weak_v3_clean_tags3_20260502:triaxis"": 2, ""scoped_weak_v3_clean_tags3_20260502:vv"": 1}",webdav://13730b09/발송4/범선/작품 쫑/후시/장소/늪지대/nfb09_152.psd,34898_nfb09_152.psd,발송4/범선/작품 쫑/후시/장소/늪지대/nfb09_152.psd,webdav:/13730b09/발송4/범선/작품 쫑/후시/장소/늪지대,/Users/saintiron/Projects/Imagine/thumbnails/34898_nfb09_152_thumb.png,psd,,,"A misty, eerie forest path shrouded in fog, with gnarled trees and muted earth tones evoking a sense of solitude and mystery.","안개에 싸인 으스스한 숲길이며, 뒤틀린 나무와 탁한 흙빛 색조가 고독함과 신비감을 줍니다.","[""forest"", ""fog"", ""mysterious"", ""anime"", ""melancholic"", ""twilight"", ""path"", ""trees"", ""mist""]",background,fantasy,,,2,weak,precision_keyword_scoped_v2,,,"assisted_prefill; scope=늪지대:exact; matched_terms=숲,fog; missing_terms=-",webdav:/13730b09/발송4/범선/작품 쫑/후시/장소/늪지대,visual:precision-q0017:34898,diverse_rank=2; source_count=3; visual_group=visual:precision-q0017:34898,,,,ok,,active,
precision-q0017,늪지대에서 숲과 fog 있는 이미지,scoped,34907,1,"triaxis,vv","{""triaxis"": 1, ""vv"": 12}","{""current_on_v3_clean_20260502:triaxis"": 1, ""scope_exact_segments_20260503:triaxis"": 1, ""scope_exact_segments_v2_20260503:triaxis"": 1, ""scope_exact_segments_v3_20260503:triaxis"": 1, ""scope_hint_hard_small_20260502:triaxis"": 1, ""scoped_weak_v3_clean_tags3_20260502:triaxis"": 1, ""scoped_weak_v3_clean_tags3_20260502:vv"": 12}",webdav://13730b09/발송4/범선/작품 쫑/후시/장소/늪지대/nfb09_162.psd,34907_nfb09_162.psd,발송4/범선/작품 쫑/후시/장소/늪지대/nfb09_162.psd,webdav:/13730b09/발송4/범선/작품 쫑/후시/장소/늪지대,/Users/saintiron/Projects/Imagine/thumbnails/34907_nfb09_162_thumb.png,psd,,,"A haunting forest of bare, twisted trees shrouded in thick fog under a gloomy, overcast sky.",음산하고 흐린 하늘 아래 짙은 안개에 싸인 앙상하고 뒤틀린 나무들의 으스스한 숲입니다.,"[""fantasy"", ""forest"", ""foggy"", ""melancholic"", ""anime"", ""twilight"", ""winter"", ""bare_trees"", ""dark_forest""]",background,fantasy,,,2,weak,precision_keyword_scoped_v2,,,"assisted_prefill; scope=늪지대:exact; matched_terms=숲,fog; missing_terms=-",webdav:/13730b09/발송4/범선/작품 쫑/후시/장소/늪지대,visual:precision-q0017:34907,diverse_rank=3; source_count=3; visual_group=visual:precision-q0017:34907,,,,ok,,active,
precision-q0017,늪지대에서 숲과 fog 있는 이미지,scoped,52159,1,fts,"{""fts"": 1}","{""scoped_weak_v3_clean_tags3_20260502:fts"": 1}",webdav://13730b09/발송/범선/기절용사와 암살공주/장소/이미지/kya04_075.psd,52159_kya04_075.psd,발송/범선/기절용사와 암살공주/장소/이미지/kya04_075.psd,webdav:/13730b09/발송/범선/기절용사와 암살공주/장소/이미지,/Users/saintiron/Projects/Imagine/thumbnails/52159_kya04_075_thumb.png,psd,,,Anime-style illustration with pastel colors and sparkling effects,파스텔 색감과 반짝이는 효과가 있는 애니메이션풍 일러스트입니다.,"[""anime"", ""pastel"", ""sparkles"", ""bubbles"", ""characters""]",illustration,,,,,,,,,"assisted_prefill; scope=늪지대:none; matched_terms=-; missing_terms=숲,fog",webdav:/13730b09/발송/범선/기절용사와 암살공주/장소/이미지,visual:precision-q0017:52159,diverse_rank=4; source_count=3; visual_group=visual:precision-q0017:52159,,,,ok,,excluded,duplicate_item_over_cap
precision-q0017,늪지대에서 숲과 fog 있는 이미지,scoped,34892,2,"triaxis,vv","{""triaxis"": 12, ""vv"": 2}","{""current_on_v3_clean_20260502:triaxis"": 17, ""scope_exact_segments_20260503:triaxis"": 12, ""scope_exact_segments_v2_20260503:triaxis"": 12, ""scope_exact_segments_v3_20260503:triaxis"": 12, ""scope_hint_hard_small_20260502:triaxis"": 12, ""scoped_weak_v3_clean_tags3_20260502:triaxis"": 17, ""scoped_weak_v3_clean_tags3_20260502:vv"": 2}",webdav://13730b09/발송4/범선/작품 쫑/후시/장소/늪지대/nfb09_146.psd,34892_nfb09_146.psd,발송4/범선/작품 쫑/후시/장소/늪지대/nfb09_146.psd,webdav:/13730b09/발송4/범선/작품 쫑/후시/장소/늪지대,/Users/saintiron/Projects/Imagine/thumbnails/34892_nfb09_146_thumb.png,psd,,,"A misty, desolate valley with bare trees and crumbling stone structures under a gloomy sky.",음산한 하늘 아래 앙상한 나무와 무너져 가는 돌 구조물이 있는 안개 낀 황량한 계곡입니다.,"[""fantasy"", ""valley"", ""fog"", ""autumn"", ""melancholic"", ""painterly"", ""twilight""]",background,fantasy,,,,,,,,"assisted_prefill; scope=늪지대:exact; matched_terms=숲,fog; missing_terms=-",webdav:/13730b09/발송4/범선/작품 쫑/후시/장소/늪지대,visual:precision-q0017:34892,diverse_rank=5; source_count=3; visual_group=visual:precision-q0017:34892,,,,ok,,active,
precision-q0017,늪지대에서 숲과 fog 있는 이미지,scoped,39372,2,mv,"{""mv"": 2}","{""scoped_weak_v3_clean_tags3_20260502:mv"": 2}",webdav://13730b09/예비/크랑베르무/장소/켐핑장/grb11_147.psd,39372_grb11_147.psd,예비/크랑베르무/장소/켐핑장/grb11_147.psd,webdav:/13730b09/예비/크랑베르무/장소/켐핑장,/Users/saintiron/Projects/Imagine/thumbnails/39372_grb11_147_thumb.png,psd,,,"A split-screen image showing a lush green forest and ocean landscape on the left, and a futuristic observation deck with a wireframe humanoid figure on the right.","왼쪽에는 울창한 초록 숲과 바다 풍경이, 오른쪽에는 와이어프레임 인간형 인물이 있는 미래적인 전망대가 보이는 분할 화면 이미지입니다.","[""forest"", ""ocean"", ""landscape"", ""observation deck"", ""wireframe"", ""futuristic"", ""nature"", ""digital art"", ""anime style"", ""character model""]",,,,,,,,,,assisted_prefill; scope=늪지대:none; matched_terms=숲; missing_terms=fog,webdav:/13730b09/예비/크랑베르무/장소/켐핑장,visual:precision-q0017:39372,diverse_rank=6; source_count=1; visual_group=visual:precision-q0017:39372,,,,ok,,active,
precision-q0017,늪지대에서 숲과 fog 있는 이미지,scoped,52175,2,fts,"{""fts"": 2}","{""scoped_weak_v3_clean_tags3_20260502:fts"": 2}",webdav://13730b09/발송/범선/기절용사와 암살공주/장소/이미지/kya03_324.psd,52175_kya03_324.psd,발송/범선/기절용사와 암살공주/장소/이미지/kya03_324.psd,webdav:/13730b09/발송/범선/기절용사와 암살공주/장소/이미지,/Users/saintiron/Projects/Imagine/thumbnails/52175_kya03_324_thumb.png,psd,,,Anime-style characters in pastel colors with bubbles and sparkles.,파스텔 색감의 애니메이션풍 캐릭터들이 버블과 반짝임 효과와 함께 보입니다.,"[""anime"", ""pastel"", ""bubbles"", ""sparkles"", ""characters""]",illustration,,,,,,,,,"assisted_prefill; scope=늪지대:none; matched_terms=-; missing_terms=숲,fog",webdav:/13730b09/발송/범선/기절용사와 암살공주/장소/이미지,visual:precision-q0017:52175,diverse_rank=7; source_count=3; visual_group=visual:precision-q0017:52175,,,,ok,,excluded,duplicate_item_over_cap
precision-q0017,늪지대에서 숲과 fog 있는 이미지,scoped,50496,3,mv,"{""mv"": 3}","{""scoped_weak_v3_clean_tags3_20260502:mv"": 3}",webdav://13730b09/발송/범선/기절용사와 암살공주/#12/bg/kya12_237.psd,50496_kya12_237.psd,발송/범선/기절용사와 암살공주/#12/bg/kya12_237.psd,webdav:/13730b09/발송/범선/기절용사와 암살공주/#12/bg,/Users/saintiron/Projects/Imagine/thumbnails/50496_kya12_237_thumb.png,psd,,,Lush green forest with distant mountains under a bright sky,밝은 하늘 아래 먼 산이 보이는 울창한 초록 숲입니다.,"[""forest"", ""trees"", ""mountains"", ""sky"", ""nature"", ""greenery"", ""landscape"", ""foliage""]",background,,,,,,,,,assisted_prefill; scope=늪지대:none; matched_terms=숲; missing_terms=fog,webdav:/13730b09/발송/범선/기절용사와 암살공주/#12/bg,visual:precision-q0017:50496,diverse_rank=8; source_count=1; visual_group=visual:precision-q0017:50496,,,,ok,,active,
precision-q0017,늪지대에서 숲과 fog 있는 이미지,scoped,52181,3,fts,"{""fts"": 3}","{""scoped_weak_v3_clean_tags3_20260502:fts"": 3}",webdav://13730b09/발송/범선/기절용사와 암살공주/장소/이미지/kya02_249.psd,52181_kya02_249.psd,발송/범선/기절용사와 암살공주/장소/이미지/kya02_249.psd,webdav:/13730b09/발송/범선/기절용사와 암살공주/장소/이미지,/Users/saintiron/Projects/Imagine/thumbnails/52181_kya02_249_thumb.png,psd,,,Two figures emit blue lightning bolts against a black background.,검은 배경 앞에서 두 인물이 푸른 번개를 내뿜고 있습니다.,"[""lightning"", ""figures"", ""blue"", ""black"", ""energy""]",illustration,,,,,,,,,"assisted_prefill; scope=늪지대:none; matched_terms=-; missing_terms=숲,fog",webdav:/13730b09/발송/범선/기절용사와 암살공주/장소/이미지,visual:precision-q0017:52181,diverse_rank=9; source_count=3; visual_group=visual:precision-q0017:52181,,,,ok,,excluded,duplicate_item_over_cap
precision-q0017,늪지대에서 숲과 fog 있는 이미지,scoped,53177,4,mv,"{""mv"": 4}","{""scoped_weak_v3_clean_tags3_20260502:mv"": 4}",webdav://13730b09/발송/범선/기절용사와 암살공주/장소/숲/kya03_216.psd,53177_kya03_216.psd,발송/범선/기절용사와 암살공주/장소/숲/kya03_216.psd,webdav:/13730b09/발송/범선/기절용사와 암살공주/장소/숲,/Users/saintiron/Projects/Imagine/thumbnails/53177_kya03_216_thumb.png,psd,,,A dense forest scene with tall trees and lush green foliage.,높은 나무와 무성한 초록 잎이 있는 빽빽한 숲 장면입니다.,"[""forest"", ""trees"", ""foliage"", ""nature"", ""greenery""]",background,,,,,,,,,assisted_prefill; scope=늪지대:none; matched_terms=숲; missing_terms=fog,webdav:/13730b09/발송/범선/기절용사와 암살공주/장소/숲,visual:precision-q0017:53177,diverse_rank=10; source_count=1; visual_group=visual:precision-q0017:53177,,,,ok,,active,
precision-q0018,#08에서 하늘과 캐릭터 있는 이미지,scoped,48575,1,mv,"{""mv"": 1}","{""scoped_weak_v3_clean_tags3_20260502:mv"": 1}",webdav://13730b09/발송/외주 회사/뱅가드/24/#02/bg/VS8_02_288_GENZU.psd,48575_VS8_02_288_GENZU.psd,발송/외주 회사/뱅가드/24/#02/bg/VS8_02_288_GENZU.psd,발송/외주 회사/뱅가드/24/#02/bg,/Users/saintiron/Projects/Imagine/thumbnails/48575_VS8_02_288_GENZU_thumb.png,psd,,,Anime character with starry background and text overlay,별이 있는 배경과 텍스트 오버레이가 있는 애니메이션 캐릭터입니다.,"[""anime"", ""starry sky"", ""character portrait"", ""blue tones"", ""digital art"", ""VS8"", ""288"", ""GENZU""]",illustration,,,,,,,,,assisted_prefill; scope=#08:none; matched_terms=하늘; missing_terms=캐릭터,발송/외주 회사/뱅가드/24/#02/bg,visual:precision-q0018:48575,diverse_rank=1; source_count=3; visual_group=visual:precision-q0018:48575,,,,ok,,excluded,non_background_query
precision-q0018,#08에서 하늘과 캐릭터 있는 이미지,scoped,49011,1,vv,"{""vv"": 1}","{""scoped_weak_v3_clean_tags3_20260502:vv"": 1}",webdav://13730b09/발송/외주 회사/뱅가드/24/#03/bg/VS8_03_202_GENZU.psd,49011_VS8_03_202_GENZU.psd,발송/외주 회사/뱅가드/24/#03/bg/VS8_03_202_GENZU.psd,발송/외주 회사/뱅가드/24/#03/bg,/Users/saintiron/Projects/Imagine/thumbnails/49011_VS8_03_202_GENZU_thumb.png,psd,,,A sketch of a winged figure against a blue sky with clouds.,구름이 있는 푸른 하늘을 배경으로 날개 달린 인물의 스케치가 보입니다.,"[""anime"", ""sky"", ""clouds"", ""sketch"", ""fantasy"", ""angel"", ""blue"", ""white""]",illustration,,,,,,,,,assisted_prefill; scope=#08:none; matched_terms=하늘; missing_terms=캐릭터,발송/외주 회사/뱅가드/24/#03/bg,visual:precision-q0018:49011,diverse_rank=2; source_count=2; visual_group=visual:precision-q0018:49011,,,,ok,,excluded,non_background_query
precision-q0018,#08에서 하늘과 캐릭터 있는 이미지,scoped,49386,1,triaxis,"{""triaxis"": 1}","{""current_on_v3_clean_20260502:triaxis"": 1, ""scope_exact_segments_20260503:triaxis"": 1, ""scope_exact_segments_v2_20260503:triaxis"": 1, ""scope_exact_segments_v3_20260503:triaxis"": 1, ""scope_hint_hard_small_20260502:triaxis"": 1, ""scoped_weak_v3_clean_tags3_20260502:triaxis"": 1}",webdav://13730b09/발송/외주 회사/뱅가드/25/#08/bg/VS9_08_199_GENZU.psd,49386_VS9_08_199_GENZU.psd,발송/외주 회사/뱅가드/25/#08/bg/VS9_08_199_GENZU.psd,발송/외주 회사/뱅가드/25/#08/bg,/Users/saintiron/Projects/Imagine/thumbnails/49386_VS9_08_199_GENZU_thumb.png,psd,,,Anime character with starry sky background and sketch lines,별이 있는 하늘 배경과 스케치 선이 있는 애니메이션 캐릭터입니다.,"[""anime"", ""starry sky"", ""character"", ""sketch"", ""portrait"", ""blue"", ""space"", ""digital art""]",illustration,,,,2,weak,precision_keyword_scoped_v2,,,assisted_prefill; scope=#08:exact; matched_terms=하늘; missing_terms=캐릭터,발송/외주 회사/뱅가드/25/#08/bg,visual:precision-q0018:49386,diverse_rank=3; source_count=1; visual_group=visual:precision-q0018:49386,,,,ok,,excluded,non_background_query
precision-q0018,#08에서 하늘과 캐릭터 있는 이미지,scoped,60635,1,fts,"{""fts"": 1}","{""scoped_weak_v3_clean_tags3_20260502:fts"": 1}",webdav://13730b09/예비/마법과고교의 우등생/#09/210730/MKY#09_046_R.psd,60635_MKY#09_046_R.psd,예비/마법과고교의 우등생/#09/210730/MKY#09_046_R.psd,210730,/Users/saintiron/Projects/Imagine/thumbnails/60635_MKY#09_046_R_thumb.png,psd,1741,1233,,,,,,,,,,,,,"assisted_prefill; scope=#08:none; matched_terms=-; missing_terms=하늘,캐릭터",210730,visual:precision-q0018:60635,diverse_rank=4; source_count=1; visual_group=visual:precision-q0018:60635,,,,repair_required,missing_caption_and_tags,excluded,repair_required
precision-q0018,#08에서 하늘과 캐릭터 있는 이미지,scoped,48561,2,mv,"{""mv"": 2}","{""scoped_weak_v3_clean_tags3_20260502:mv"": 2}",webdav://13730b09/발송/외주 회사/뱅가드/24/#02/bg/VS8_02_250_GENZU.psd,48561_VS8_02_250_GENZU.psd,발송/외주 회사/뱅가드/24/#02/bg/VS8_02_250_GENZU.psd,발송/외주 회사/뱅가드/24/#02/bg,/Users/saintiron/Projects/Imagine/thumbnails/48561_VS8_02_250_GENZU_thumb.png,psd,,,Anime character with starry sky background and text overlay,별이 있는 하늘 배경과 텍스트 오버레이가 있는 애니메이션 캐릭터입니다.,"[""anime"", ""starry sky"", ""character portrait"", ""blue tones"", ""digital art"", ""VS8"", ""Genzu"", ""space""]",illustration,,,,,,,,,assisted_prefill; scope=#08:none; matched_terms=하늘; missing_terms=캐릭터,발송/외주 회사/뱅가드/24/#02/bg,visual:precision-q0018:48561,diverse_rank=5; source_count=3; visual_group=visual:precision-q0018:48561,,,,ok,,excluded,non_background_query
precision-q0018,#08에서 하늘과 캐릭터 있는 이미지,scoped,49046,2,"mv,vv","{""mv"": 8, ""vv"": 2}","{""scoped_weak_v3_clean_tags3_20260502:mv"": 8, ""scoped_weak_v3_clean_tags3_20260502:vv"": 2}",webdav://13730b09/발송/외주 회사/뱅가드/24/#03/bg/VS8_03_299_GENZU.psd,49046_VS8_03_299_GENZU.psd,발송/외주 회사/뱅가드/24/#03/bg/VS8_03_299_GENZU.psd,발송/외주 회사/뱅가드/24/#03/bg,/Users/saintiron/Projects/Imagine/thumbnails/49046_VS8_03_299_GENZU_thumb.png,psd,,,Anime character sketch overlaying a blue sky with clouds.,구름이 있는 푸른 하늘 위에 애니메이션 캐릭터 스케치가 겹쳐져 있습니다.,"[""anime"", ""sky"", ""clouds"", ""sketch"", ""blue"", ""character"", ""lineart"", ""overlay""]",background,,,,,,,,,assisted_prefill; scope=#08:none; matched_terms=하늘; missing_terms=캐릭터,발송/외주 회사/뱅가드/24/#03/bg,visual:precision-q0018:49046,diverse_rank=6; source_count=2; visual_group=visual:precision-q0018:49046,,,,ok,,excluded,non_background_query
precision-q0018,#08에서 하늘과 캐릭터 있는 이미지,scoped,51349,2,triaxis,"{""triaxis"": 2}","{""current_on_v3_clean_20260502:triaxis"": 2, ""scope_exact_segments_20260503:triaxis"": 2, ""scope_exact_segments_v2_20260503:triaxis"": 2, ""scope_exact_segments_v3_20260503:triaxis"": 2, ""scope_hint_hard_small_20260502:triaxis"": 2, ""scoped_weak_v3_clean_tags3_20260502:triaxis"": 2}",webdav://13730b09/발송/범선/기절용사와 암살공주/#08/bg/kya08_018_e.psd,51349_kya08_018_e.psd,발송/범선/기절용사와 암살공주/#08/bg/kya08_018_e.psd,webdav:/13730b09/발송/범선/기절용사와 암살공주/#08/bg,/Users/saintiron/Projects/Imagine/thumbnails/51349_kya08_018_e_thumb.png,psd,,,Sketch of a character's face against a blue sky with clouds,구름이 있는 푸른 하늘을 배경으로 한 캐릭터 얼굴의 스케치입니다.,"[""sketch"", ""face"", ""sky"", ""clouds"", ""blue""]",illustration,,,,2,weak,precision_keyword_scoped_v2,,,assisted_prefill; scope=#08:exact; matched_terms=하늘; missing_terms=캐릭터,webdav:/13730b09/발송/범선/기절용사와 암살공주/#08/bg,visual:precision-q0018:51349,diverse_rank=7; source_count=1; visual_group=visual:precision-q0018:51349,,,,ok,,excluded,non_background_query
precision-q0018,#08에서 하늘과 캐릭터 있는 이미지,scoped,52159,2,fts,"{""fts"": 2}","{""scoped_weak_v3_clean_tags3_20260502:fts"": 2}",webdav://13730b09/발송/범선/기절용사와 암살공주/장소/이미지/kya04_075.psd,52159_kya04_075.psd,발송/범선/기절용사와 암살공주/장소/이미지/kya04_075.psd,webdav:/13730b09/발송/범선/기절용사와 암살공주/장소/이미지,/Users/saintiron/Projects/Imagine/thumbnails/52159_kya04_075_thumb.png,psd,,,Anime-style illustration with pastel colors and sparkling effects,파스텔 색감과 반짝이는 효과가 있는 애니메이션풍 일러스트입니다.,"[""anime"", ""pastel"", ""sparkles"", ""bubbles"", ""characters""]",illustration,,,,,,,,,"assisted_prefill; scope=#08:none; matched_terms=-; missing_terms=하늘,캐릭터",webdav:/13730b09/발송/범선/기절용사와 암살공주/장소/이미지,visual:precision-q0018:52159,diverse_rank=8; source_count=1; visual_group=visual:precision-q0018:52159,,,,ok,,excluded,non_background_query
precision-q0018,#08에서 하늘과 캐릭터 있는 이미지,scoped,48559,3,mv,"{""mv"": 3}","{""scoped_weak_v3_clean_tags3_20260502:mv"": 3}",webdav://13730b09/발송/외주 회사/뱅가드/24/#02/bg/VS8_02_237_GENZU.psd,48559_VS8_02_237_GENZU.psd,발송/외주 회사/뱅가드/24/#02/bg/VS8_02_237_GENZU.psd,발송/외주 회사/뱅가드/24/#02/bg,/Users/saintiron/Projects/Imagine/thumbnails/48559_VS8_02_237_GENZU_thumb.png,psd,,,Anime character with starry background and text overlay.,별이 있는 배경과 텍스트 오버레이가 있는 애니메이션 캐릭터입니다.,"[""anime"", ""starry sky"", ""portrait"", ""blue"", ""space"", ""character"", ""overlay"", ""VS8""]",illustration,,,,,,,,,assisted_prefill; scope=#08:none; matched_terms=하늘; missing_terms=캐릭터,발송/외주 회사/뱅가드/24/#02/bg,visual:precision-q0018:48559,diverse_rank=9; source_count=3; visual_group=visual:precision-q0018:48559,,,,ok,,excluded,non_background_query
precision-q0018,#08에서 하늘과 캐릭터 있는 이미지,scoped,49892,3,vv,"{""vv"": 3}","{""scoped_weak_v3_clean_tags3_20260502:vv"": 3}",webdav://13730b09/발송/외주 회사/뱅가드/25/#01/bg/VS9_01_280_GENZU.psd,49892_VS9_01_280_GENZU.psd,발송/외주 회사/뱅가드/25/#01/bg/VS9_01_280_GENZU.psd,발송/외주 회사/뱅가드/25/#01/bg,/Users/saintiron/Projects/Imagine/thumbnails/49892_VS9_01_280_GENZU_thumb.png,psd,,,A translucent anime character stands against a bright blue sky with clouds.,구름이 있는 밝은 푸른 하늘을 배경으로 반투명한 애니메이션 캐릭터가 서 있습니다.,"[""anime"", ""sky"", ""clouds"", ""translucent"", ""character"", ""blue"", ""white"", ""lineart""]",illustration,,,,,,,,,assisted_prefill; scope=#08:none; matched_terms=하늘; missing_terms=캐릭터,발송/외주 회사/뱅가드/25/#01/bg,visual:precision-q0018:49892,diverse_rank=10; source_count=1; visual_group=visual:precision-q0018:49892,,,,ok,,excluded,non_background_query
precision-q0019,#05에서 하늘과 캐릭터 있는 이미지,scoped,33291,1,mv,"{""mv"": 1}","{""scoped_weak_v3_clean_tags3_20260502:mv"": 1}","webdav://13730b09/발송4/범선/작품 쫑/후시/장소/숲,자연/nfb08_192.psd",33291_nfb08_192.psd,"발송4/범선/작품 쫑/후시/장소/숲,자연/nfb08_192.psd","webdav:/13730b09/발송4/범선/작품 쫑/후시/장소/숲,자연",/Users/saintiron/Projects/Imagine/thumbnails/33291_nfb08_192_thumb.png,psd,,,Anime character sketch with sky background and Japanese text overlay.,하늘 배경 위에 애니메이션 캐릭터 스케치와 일본어 텍스트 오버레이가 있습니다.,"[""anime"", ""portrait"", ""sketch"", ""sky"", ""japanese_text"", ""character_design""]",illustration,,,,,,,,,assisted_prefill; scope=#05:none; matched_terms=하늘; missing_terms=캐릭터,"webdav:/13730b09/발송4/범선/작품 쫑/후시/장소/숲,자연",visual:precision-q0019:33291,diverse_rank=1; source_count=1; visual_group=visual:precision-q0019:33291,,,,ok,,excluded,non_background_query
precision-q0019,#05에서 하늘과 캐릭터 있는 이미지,scoped,47907,1,"triaxis,vv","{""triaxis"": 2, ""vv"": 1}","{""current_on_v3_clean_20260502:triaxis"": 2, ""scope_exact_segments_20260503:triaxis"": 2, ""scope_exact_segments_v2_20260503:triaxis"": 2, ""scope_exact_segments_v3_20260503:triaxis"": 2, ""scope_hint_hard_small_20260502:triaxis"": 2, ""scoped_weak_v3_clean_tags3_20260502:triaxis"": 2, ""scoped_weak_v3_clean_tags3_20260502:vv"": 1}",webdav://13730b09/발송/외주 회사/뱅가드/26/#05/bg/VS10_05_060_GENZU_yokoku.psd,47907_VS10_05_060_GENZU_yokoku.psd,발송/외주 회사/뱅가드/26/#05/bg/VS10_05_060_GENZU_yokoku.psd,발송/외주 회사/뱅가드/26/#05/bg,/Users/saintiron/Projects/Imagine/thumbnails/47907_VS10_05_060_GENZU_yokoku_thumb.png,psd,,,Anime character stands against a sunset sky with Korean text annotations.,"석양 하늘을 배경으로 애니메이션 캐릭터가 서 있고, 한국어 주석 텍스트가 있습니다.","[""anime"", ""sunset"", ""sky"", ""character"", ""illustration"", ""digital art"", ""Korean text"", ""trees""]",illustration,,,,2,weak,precision_keyword_scoped_v2,,,assisted_prefill; scope=#05:exact; matched_terms=하늘; missing_terms=캐릭터,발송/외주 회사/뱅가드/26/#05/bg,visual:precision-q0019:47907,diverse_rank=2; source_count=2; visual_group=visual:precision-q0019:47907,,,,ok,,excluded,non_background_query
precision-q0019,#05에서 하늘과 캐릭터 있는 이미지,scoped,47980,1,triaxis,"{""triaxis"": 1}","{""current_on_v3_clean_20260502:triaxis"": 1, ""scope_exact_segments_20260503:triaxis"": 1, ""scope_exact_segments_v2_20260503:triaxis"": 1, ""scope_exact_segments_v3_20260503:triaxis"": 1, ""scope_hint_hard_small_20260502:triaxis"": 1, ""scoped_weak_v3_clean_tags3_20260502:triaxis"": 1}",webdav://13730b09/발송/외주 회사/뱅가드/26/#05/bg/VS10_05_325_GENZU.psd,47980_VS10_05_325_GENZU.psd,발송/외주 회사/뱅가드/26/#05/bg/VS10_05_325_GENZU.psd,발송/외주 회사/뱅가드/26/#05/bg,/Users/saintiron/Projects/Imagine/thumbnails/47980_VS10_05_325_GENZU_thumb.png,psd,,,Anime-style character portrait against a dark cloudy sky.,어둡고 구름 낀 하늘을 배경으로 한 애니메이션풍 캐릭터 초상입니다.,"[""anime"", ""portrait"", ""sky"", ""clouds"", ""dark"", ""lineart"", ""character"", ""blue""]",background,,,,2,weak,precision_keyword_scoped_v2,,,assisted_prefill; scope=#05:exact; matched_terms=하늘; missing_terms=캐릭터,발송/외주 회사/뱅가드/26/#05/bg,visual:precision-q0019:47980,diverse_rank=3; source_count=2; visual_group=visual:precision-q0019:47980,,,,ok,,excluded,non_background_query
precision-q0019,#05에서 하늘과 캐릭터 있는 이미지,scoped,60635,1,fts,"{""fts"": 1}","{""scoped_weak_v3_clean_tags3_20260502:fts"": 1}",webdav://13730b09/예비/마법과고교의 우등생/#09/210730/MKY#09_046_R.psd,60635_MKY#09_046_R.psd,예비/마법과고교의 우등생/#09/210730/MKY#09_046_R.psd,210730,/Users/saintiron/Projects/Imagine/thumbnails/60635_MKY#09_046_R_thumb.png,psd,1741,1233,,,,,,,,,,,,,"assisted_prefill; scope=#05:none; matched_terms=-; missing_terms=하늘,캐릭터",210730,visual:precision-q0019:60635,diverse_rank=4; source_count=1; visual_group=visual:precision-q0019:60635,,,,repair_required,missing_caption_and_tags,excluded,repair_required
precision-q0019,#05에서 하늘과 캐릭터 있는 이미지,scoped,48561,2,mv,"{""mv"": 2}","{""scoped_weak_v3_clean_tags3_20260502:mv"": 2}",webdav://13730b09/발송/외주 회사/뱅가드/24/#02/bg/VS8_02_250_GENZU.psd,48561_VS8_02_250_GENZU.psd,발송/외주 회사/뱅가드/24/#02/bg/VS8_02_250_GENZU.psd,발송/외주 회사/뱅가드/24/#02/bg,/Users/saintiron/Projects/Imagine/thumbnails/48561_VS8_02_250_GENZU_thumb.png,psd,,,Anime character with starry sky background and text overlay,별이 있는 하늘 배경과 텍스트 오버레이가 있는 애니메이션 캐릭터입니다.,"[""anime"", ""starry sky"", ""character portrait"", ""blue tones"", ""digital art"", ""VS8"", ""Genzu"", ""space""]",illustration,,,,,,,,,assisted_prefill; scope=#05:none; matched_terms=하늘; missing_terms=캐릭터,발송/외주 회사/뱅가드/24/#02/bg,visual:precision-q0019:48561,diverse_rank=5; source_count=3; visual_group=visual:precision-q0019:48561,,,,ok,,excluded,non_background_query
precision-q0019,#05에서 하늘과 캐릭터 있는 이미지,scoped,52159,2,fts,"{""fts"": 2}","{""scoped_weak_v3_clean_tags3_20260502:fts"": 2}",webdav://13730b09/발송/범선/기절용사와 암살공주/장소/이미지/kya04_075.psd,52159_kya04_075.psd,발송/범선/기절용사와 암살공주/장소/이미지/kya04_075.psd,webdav:/13730b09/발송/범선/기절용사와 암살공주/장소/이미지,/Users/saintiron/Projects/Imagine/thumbnails/52159_kya04_075_thumb.png,psd,,,Anime-style illustration with pastel colors and sparkling effects,파스텔 색감과 반짝이는 효과가 있는 애니메이션풍 일러스트입니다.,"[""anime"", ""pastel"", ""sparkles"", ""bubbles"", ""characters""]",illustration,,,,,,,,,"assisted_prefill; scope=#05:none; matched_terms=-; missing_terms=하늘,캐릭터",webdav:/13730b09/발송/범선/기절용사와 암살공주/장소/이미지,visual:precision-q0019:52159,diverse_rank=6; source_count=2; visual_group=visual:precision-q0019:52159,,,,ok,,excluded,non_background_query
precision-q0019,#05에서 하늘과 캐릭터 있는 이미지,scoped,48575,3,mv,"{""mv"": 3}","{""scoped_weak_v3_clean_tags3_20260502:mv"": 3}",webdav://13730b09/발송/외주 회사/뱅가드/24/#02/bg/VS8_02_288_GENZU.psd,48575_VS8_02_288_GENZU.psd,발송/외주 회사/뱅가드/24/#02/bg/VS8_02_288_GENZU.psd,발송/외주 회사/뱅가드/24/#02/bg,/Users/saintiron/Projects/Imagine/thumbnails/48575_VS8_02_288_GENZU_thumb.png,psd,,,Anime character with starry background and text overlay,별이 있는 배경과 텍스트 오버레이가 있는 애니메이션 캐릭터입니다.,"[""anime"", ""starry sky"", ""character portrait"", ""blue tones"", ""digital art"", ""VS8"", ""288"", ""GENZU""]",illustration,,,,,,,,,assisted_prefill; scope=#05:none; matched_terms=하늘; missing_terms=캐릭터,발송/외주 회사/뱅가드/24/#02/bg,visual:precision-q0019:48575,diverse_rank=7; source_count=3; visual_group=visual:precision-q0019:48575,,,,ok,,excluded,non_background_query
precision-q0019,#05에서 하늘과 캐릭터 있는 이미지,scoped,49011,3,vv,"{""vv"": 3}","{""scoped_weak_v3_clean_tags3_20260502:vv"": 3}",webdav://13730b09/발송/외주 회사/뱅가드/24/#03/bg/VS8_03_202_GENZU.psd,49011_VS8_03_202_GENZU.psd,발송/외주 회사/뱅가드/24/#03/bg/VS8_03_202_GENZU.psd,발송/외주 회사/뱅가드/24/#03/bg,/Users/saintiron/Projects/Imagine/thumbnails/49011_VS8_03_202_GENZU_thumb.png,psd,,,A sketch of a winged figure against a blue sky with clouds.,구름이 있는 푸른 하늘을 배경으로 날개 달린 인물의 스케치가 보입니다.,"[""anime"", ""sky"", ""clouds"", ""sketch"", ""fantasy"", ""angel"", ""blue"", ""white""]",illustration,,,,,,,,,assisted_prefill; scope=#05:none; matched_terms=하늘; missing_terms=캐릭터,발송/외주 회사/뱅가드/24/#03/bg,visual:precision-q0019:49011,diverse_rank=8; source_count=1; visual_group=visual:precision-q0019:49011,,,,ok,,excluded,non_background_query
precision-q0019,#05에서 하늘과 캐릭터 있는 이미지,scoped,52175,3,fts,"{""fts"": 3}","{""scoped_weak_v3_clean_tags3_20260502:fts"": 3}",webdav://13730b09/발송/범선/기절용사와 암살공주/장소/이미지/kya03_324.psd,52175_kya03_324.psd,발송/범선/기절용사와 암살공주/장소/이미지/kya03_324.psd,webdav:/13730b09/발송/범선/기절용사와 암살공주/장소/이미지,/Users/saintiron/Projects/Imagine/thumbnails/52175_kya03_324_thumb.png,psd,,,Anime-style characters in pastel colors with bubbles and sparkles.,파스텔 색감의 애니메이션풍 캐릭터들이 버블과 반짝임 효과와 함께 보입니다.,"[""anime"", ""pastel"", ""bubbles"", ""sparkles"", ""characters""]",illustration,,,,,,,,,"assisted_prefill; scope=#05:none; matched_terms=-; missing_terms=하늘,캐릭터",webdav:/13730b09/발송/범선/기절용사와 암살공주/장소/이미지,visual:precision-q0019:52175,diverse_rank=9; source_count=2; visual_group=visual:precision-q0019:52175,,,,ok,,excluded,non_background_query
precision-q0019,#05에서 하늘과 캐릭터 있는 이미지,scoped,48559,4,mv,"{""mv"": 4}","{""scoped_weak_v3_clean_tags3_20260502:mv"": 4}",webdav://13730b09/발송/외주 회사/뱅가드/24/#02/bg/VS8_02_237_GENZU.psd,48559_VS8_02_237_GENZU.psd,발송/외주 회사/뱅가드/24/#02/bg/VS8_02_237_GENZU.psd,발송/외주 회사/뱅가드/24/#02/bg,/Users/saintiron/Projects/Imagine/thumbnails/48559_VS8_02_237_GENZU_thumb.png,psd,,,Anime character with starry background and text overlay.,별이 있는 배경과 텍스트 오버레이가 있는 애니메이션 캐릭터입니다.,"[""anime"", ""starry sky"", ""portrait"", ""blue"", ""space"", ""character"", ""overlay"", ""VS8""]",illustration,,,,,,,,,assisted_prefill; scope=#05:none; matched_terms=하늘; missing_terms=캐릭터,발송/외주 회사/뱅가드/24/#02/bg,visual:precision-q0019:48559,diverse_rank=10; source_count=3; visual_group=visual:precision-q0019:48559,,,,ok,,excluded,non_background_query
precision-q0020,#02에서 밤과 숲 있는 이미지,scoped,33247,1,mv,"{""mv"": 1}","{""scoped_weak_v3_clean_tags3_20260502:mv"": 1}","webdav://13730b09/발송4/범선/작품 쫑/후시/장소/숲,자연/nfb03_167.psd",33247_nfb03_167.psd,"발송4/범선/작품 쫑/후시/장소/숲,자연/nfb03_167.psd","webdav:/13730b09/발송4/범선/작품 쫑/후시/장소/숲,자연",/Users/saintiron/Projects/Imagine/thumbnails/33247_nfb03_167_thumb.png,psd,,,Anime character sketch overlay on forest background,숲 배경 위에 애니메이션 캐릭터 스케치가 겹쳐져 있습니다.,[],character,,,,,,,,,assisted_prefill; scope=#02:none; matched_terms=숲; missing_terms=밤,"webdav:/13730b09/발송4/범선/작품 쫑/후시/장소/숲,자연",visual:precision-q0020:33247,diverse_rank=1; source_count=2; visual_group=visual:precision-q0020:33247,,,,metadata_partial,missing_tags,excluded,duplicate_query_intent_over_cap
precision-q0020,#02에서 밤과 숲 있는 이미지,scoped,38802,1,vv,"{""vv"": 1}","{""scoped_weak_v3_clean_tags3_20260502:vv"": 1}",webdav://13730b09/발송/범선/사카모토/bg/SD_19_208_210_genzu_b.psd,38802_SD_19_208_210_genzu_b.psd,발송/범선/사카모토/bg/SD_19_208_210_genzu_b.psd,webdav:/13730b09/발송/범선/사카모토/bg,/Users/saintiron/Projects/Imagine/thumbnails/38802_SD_19_208_210_genzu_b_thumb.png,psd,,,A misty forest at twilight with tall trees and a faint silhouette of a figure in the distance.,"해질녘 안개 낀 숲에 높은 나무들이 있고, 멀리 희미한 인물 실루엣이 보입니다.","[""forest"", ""twilight"", ""fog"", ""anime"", ""melancholic"", ""trees"", ""silhouette""]",background,rural,,,,,,,,assisted_prefill; scope=#02:none; matched_terms=숲; missing_terms=밤,webdav:/13730b09/발송/범선/사카모토/bg,visual:precision-q0020:38802,diverse_rank=2; source_count=1; visual_group=visual:precision-q0020:38802,,,,ok,,excluded,duplicate_query_intent_over_cap
precision-q0020,#02에서 밤과 숲 있는 이미지,scoped,48250,1,triaxis,"{""triaxis"": 1}","{""scope_exact_segments_20260503:triaxis"": 1, ""scope_exact_segments_v2_20260503:triaxis"": 1, ""scope_exact_segments_v3_20260503:triaxis"": 1}",webdav://13730b09/발송/외주 회사/뱅가드/26/#02/bg/VS10_02_019_GENZU.psd,48250_VS10_02_019_GENZU.psd,발송/외주 회사/뱅가드/26/#02/bg/VS10_02_019_GENZU.psd,발송/외주 회사/뱅가드/26/#02/bg,/Users/saintiron/Projects/Imagine/thumbnails/48250_VS10_02_019_GENZU_thumb.png,psd,,,"Two anime characters stand in a dark, forested area.",어두운 숲 지역에 두 명의 애니메이션 캐릭터가 서 있습니다.,"[""anime"", ""dark"", ""forest"", ""mystery"", ""night"", ""silhouette"", ""character"", ""atmospheric""]",illustration,,,,2,weak,precision_keyword_scoped_v2,,,"assisted_prefill; scope=#02:exact; matched_terms=밤,숲; missing_terms=-",발송/외주 회사/뱅가드/26/#02/bg,visual:precision-q0020:48250,diverse_rank=3; source_count=2; visual_group=visual:precision-q0020:48250,,,,ok,,excluded,duplicate_query_intent_over_cap
precision-q0020,#02에서 밤과 숲 있는 이미지,scoped,52159,1,fts,"{""fts"": 1}","{""scoped_weak_v3_clean_tags3_20260502:fts"": 1}",webdav://13730b09/발송/범선/기절용사와 암살공주/장소/이미지/kya04_075.psd,52159_kya04_075.psd,발송/범선/기절용사와 암살공주/장소/이미지/kya04_075.psd,webdav:/13730b09/발송/범선/기절용사와 암살공주/장소/이미지,/Users/saintiron/Projects/Imagine/thumbnails/52159_kya04_075_thumb.png,psd,,,Anime-style illustration with pastel colors and sparkling effects,파스텔 색감과 반짝이는 효과가 있는 애니메이션풍 일러스트입니다.,"[""anime"", ""pastel"", ""sparkles"", ""bubbles"", ""characters""]",illustration,,,,,,,,,"assisted_prefill; scope=#02:none; matched_terms=-; missing_terms=밤,숲",webdav:/13730b09/발송/범선/기절용사와 암살공주/장소/이미지,visual:precision-q0020:52159,diverse_rank=4; source_count=2; visual_group=visual:precision-q0020:52159,,,,ok,,excluded,duplicate_query_intent_over_cap
precision-q0020,#02에서 밤과 숲 있는 이미지,scoped,57909,1,triaxis,"{""triaxis"": 1}","{""current_on_v3_clean_20260502:triaxis"": 1, ""scope_hint_hard_small_20260502:triaxis"": 1, ""scoped_weak_v3_clean_tags3_20260502:triaxis"": 1}",webdav://13730b09/예비/작품2/대마도학원35시험 소대/제작회사BG/#2/TM#02_148.psd,57909_TM#02_148.psd,예비/작품2/대마도학원35시험 소대/제작회사BG/#2/TM#02_148.psd,#2,/Users/saintiron/Projects/Imagine/thumbnails/57909_TM#02_148_thumb.png,psd,11024,1647,Dark forest scene with dense trees under dim lighting.,희미한 조명 아래 빽빽한 나무가 있는 어두운 숲 장면입니다.,"[""forest"", ""trees"", ""dark"", ""night"", ""nature"", ""silhouette"", ""dense"", ""shadows""]",background,,,,2,weak,precision_keyword_scoped_v2,,,"assisted_prefill; scope=#02:substring; matched_terms=밤,숲; missing_terms=-",#2,visual:precision-q0020:57909,diverse_rank=5; source_count=2; visual_group=visual:precision-q0020:57909,,,,ok,,excluded,duplicate_query_intent_over_cap
precision-q0020,#02에서 밤과 숲 있는 이미지,scoped,46687,2,vv,"{""vv"": 2}","{""scoped_weak_v3_clean_tags3_20260502:vv"": 2}",webdav://13730b09/발송작품/작품/Fate/BG.참고/fn18_003_s1.psd,46687_fn18_003_s1.psd,발송작품/작품/Fate/BG.참고/fn18_003_s1.psd,webdav:/13730b09/발송작품/작품/Fate/BG.참고,/Users/saintiron/Projects/Imagine/thumbnails/46687_fn18_003_s1_thumb.png,psd,,,A dark forest scene under a cloudy night sky.,구름 낀 밤하늘 아래의 어두운 숲 장면입니다.,"[""forest"", ""night"", ""clouds"", ""trees"", ""dark"", ""blue"", ""landscape"", ""scenery""]",background,,,,,,,,,"assisted_prefill; scope=#02:none; matched_terms=밤,숲; missing_terms=-",webdav:/13730b09/발송작품/작품/Fate/BG.참고,visual:precision-q0020:46687,diverse_rank=6; source_count=1; visual_group=visual:precision-q0020:46687,,,,ok,,excluded,duplicate_query_intent_over_cap
precision-q0020,#02에서 밤과 숲 있는 이미지,scoped,48284,2,triaxis,"{""triaxis"": 2}","{""scope_exact_segments_20260503:triaxis"": 2, ""scope_exact_segments_v2_20260503:triaxis"": 2, ""scope_exact_segments_v3_20260503:triaxis"": 2}",webdav://13730b09/발송/외주 회사/뱅가드/26/#02/bg/VS10_02_297_GENZU.psd,48284_VS10_02_297_GENZU.psd,발송/외주 회사/뱅가드/26/#02/bg/VS10_02_297_GENZU.psd,발송/외주 회사/뱅가드/26/#02/bg,/Users/saintiron/Projects/Imagine/thumbnails/48284_VS10_02_297_GENZU_thumb.png,psd,,,"A ghostly figure stands in a dark, forested area.",어두운 숲 지역에 유령 같은 인물이 서 있습니다.,"[""ghost"", ""forest"", ""dark"", ""anime"", ""mystery"", ""night"", ""spirit"", ""shadow""]",illustration,,,,2,weak,precision_keyword_scoped_v2,,,"assisted_prefill; scope=#02:exact; matched_terms=밤,숲; missing_terms=-",발송/외주 회사/뱅가드/26/#02/bg,visual:precision-q0020:48284,diverse_rank=7; source_count=2; visual_group=visual:precision-q0020:48284,,,,ok,,excluded,duplicate_query_intent_over_cap
precision-q0020,#02에서 밤과 숲 있는 이미지,scoped,52175,2,fts,"{""fts"": 2}","{""scoped_weak_v3_clean_tags3_20260502:fts"": 2}",webdav://13730b09/발송/범선/기절용사와 암살공주/장소/이미지/kya03_324.psd,52175_kya03_324.psd,발송/범선/기절용사와 암살공주/장소/이미지/kya03_324.psd,webdav:/13730b09/발송/범선/기절용사와 암살공주/장소/이미지,/Users/saintiron/Projects/Imagine/thumbnails/52175_kya03_324_thumb.png,psd,,,Anime-style characters in pastel colors with bubbles and sparkles.,파스텔 색감의 애니메이션풍 캐릭터들이 버블과 반짝임 효과와 함께 보입니다.,"[""anime"", ""pastel"", ""bubbles"", ""sparkles"", ""characters""]",illustration,,,,,,,,,"assisted_prefill; scope=#02:none; matched_terms=-; missing_terms=밤,숲",webdav:/13730b09/발송/범선/기절용사와 암살공주/장소/이미지,visual:precision-q0020:52175,diverse_rank=8; source_count=2; visual_group=visual:precision-q0020:52175,,,,ok,,excluded,duplicate_query_intent_over_cap
precision-q0020,#02에서 밤과 숲 있는 이미지,scoped,58025,2,triaxis,"{""triaxis"": 2}","{""current_on_v3_clean_20260502:triaxis"": 2, ""scope_hint_hard_small_20260502:triaxis"": 2, ""scoped_weak_v3_clean_tags3_20260502:triaxis"": 2}",webdav://13730b09/예비/작품2/대마도학원35시험 소대/제작회사BG/#2/TM#02_277.psd,58025_TM#02_277.psd,예비/작품2/대마도학원35시험 소대/제작회사BG/#2/TM#02_277.psd,#2,/Users/saintiron/Projects/Imagine/thumbnails/58025_TM#02_277_thumb.png,psd,6754,1186,Dark forest scene with silhouetted trees and cloudy night sky,실루엣 나무와 구름 낀 밤하늘이 있는 어두운 숲 장면입니다.,"[""forest"", ""trees"", ""night"", ""clouds"", ""silhouette"", ""dark"", ""sky""]",background,,,,2,weak,precision_keyword_scoped_v2,,,"assisted_prefill; scope=#02:substring; matched_terms=밤,숲; missing_terms=-",#2,visual:precision-q0020:58025,diverse_rank=9; source_count=2; visual_group=visual:precision-q0020:58025,,,,ok,,excluded,duplicate_query_intent_over_cap
precision-q0020,#02에서 밤과 숲 있는 이미지,scoped,33358,3,vv,"{""vv"": 3}","{""scoped_weak_v3_clean_tags3_20260502:vv"": 3}","webdav://13730b09/발송4/범선/작품 쫑/후시/장소/숲,자연/nfb12_091.psd",33358_nfb12_091.psd,"발송4/범선/작품 쫑/후시/장소/숲,자연/nfb12_091.psd","webdav:/13730b09/발송4/범선/작품 쫑/후시/장소/숲,자연",/Users/saintiron/Projects/Imagine/thumbnails/33358_nfb12_091_thumb.png,psd,,,"A mysterious forest at night under a clear sky, bathed in moonlight with deep blue tones and autumnal hues.","맑은 하늘 아래 달빛과 짙은 푸른 색조, 가을빛에 잠긴 신비로운 밤의 숲입니다.","[""forest"", ""night"", ""moonlight"", ""anime"", ""blue"", ""autumn"", ""mysterious""]",background,Forest,Night,Clear,,,,,,"assisted_prefill; scope=#02:none; matched_terms=밤,숲; missing_terms=-","webdav:/13730b09/발송4/범선/작품 쫑/후시/장소/숲,자연",visual:precision-q0020:33358,diverse_rank=10; source_count=2; visual_group=visual:precision-q0020:33358,,,,ok,,excluded,duplicate_query_intent_over_cap
precision-q0021,#12에서 다리과 하늘 있는 이미지,scoped,32315,1,vv,"{""vv"": 1}","{""scoped_weak_v3_clean_tags3_20260502:vv"": 1}",webdav://13730b09/발송4/범선/종말투어링/#07/bg/syt07_019.psd,32315_syt07_019.psd,발송4/범선/종말투어링/#07/bg/syt07_019.psd,발송4/범선/종말투어링/#07/bg,/Users/saintiron/Projects/Imagine/thumbnails/32315_syt07_019_thumb.png,psd,,,"A serene anime-style urban landscape featuring a bridge spanning a wide river under a bright blue sky with fluffy clouds, surrounded by lush greenery and distant cityscape.","폭신한 구름이 있는 밝은 푸른 하늘 아래 넓은 강을 가로지르는 다리가 있고, 울창한 녹지와 먼 도시 풍경으로 둘러싸인 차분한 애니메이션풍 도시 풍경입니다.","[""anime"", ""bridge"", ""river"", ""cityscape"", ""summer"", ""peaceful"", ""urban"", ""blue sky"", ""green trees"", ""clouds"", ""modern architecture""]",background,urban,,,,,,,,assisted_prefill; scope=#12:none; matched_terms=하늘; missing_terms=다리,발송4/범선/종말투어링/#07/bg,visual:precision-q0021:32315,diverse_rank=1; source_count=1; visual_group=visual:precision-q0021:32315,,,,ok,,active,
precision-q0021,#12에서 다리과 하늘 있는 이미지,scoped,33291,1,mv,"{""mv"": 1}","{""scoped_weak_v3_clean_tags3_20260502:mv"": 1}","webdav://13730b09/발송4/범선/작품 쫑/후시/장소/숲,자연/nfb08_192.psd",33291_nfb08_192.psd,"발송4/범선/작품 쫑/후시/장소/숲,자연/nfb08_192.psd","webdav:/13730b09/발송4/범선/작품 쫑/후시/장소/숲,자연",/Users/saintiron/Projects/Imagine/thumbnails/33291_nfb08_192_thumb.png,psd,,,Anime character sketch with sky background and Japanese text overlay.,하늘 배경 위에 애니메이션 캐릭터 스케치와 일본어 텍스트 오버레이가 있습니다.,"[""anime"", ""portrait"", ""sketch"", ""sky"", ""japanese_text"", ""character_design""]",illustration,,,,,,,,,assisted_prefill; scope=#12:none; matched_terms=하늘; missing_terms=다리,"webdav:/13730b09/발송4/범선/작품 쫑/후시/장소/숲,자연",visual:precision-q0021:33291,diverse_rank=2; source_count=1; visual_group=visual:precision-q0021:33291,,,,ok,,excluded,duplicate_item_over_cap
precision-q0021,#12에서 다리과 하늘 있는 이미지,scoped,49077,1,triaxis,"{""triaxis"": 1}","{""current_on_v3_clean_20260502:triaxis"": 1, ""scope_exact_segments_20260503:triaxis"": 1, ""scope_exact_segments_v2_20260503:triaxis"": 1, ""scope_exact_segments_v3_20260503:triaxis"": 1, ""scope_hint_hard_small_20260502:triaxis"": 1, ""scoped_weak_v3_clean_tags3_20260502:triaxis"": 1}",webdav://13730b09/발송/외주 회사/뱅가드/25/#12/bg/VS9_12_308_GENZU.psd,49077_VS9_12_308_GENZU.psd,발송/외주 회사/뱅가드/25/#12/bg/VS9_12_308_GENZU.psd,발송/외주 회사/뱅가드/25/#12/bg,/Users/saintiron/Projects/Imagine/thumbnails/49077_VS9_12_308_GENZU_thumb.png,psd,,,Floating futuristic structures drift among fluffy clouds in a bright blue sky.,밝은 푸른 하늘의 폭신한 구름 사이로 미래적인 구조물들이 떠다닙니다.,"[""sci-fi"", ""sky"", ""clouds"", ""futuristic"", ""floating"", ""space"", ""blue"", ""white""]",background,,,,,,,,,assisted_prefill; scope=#12:exact; matched_terms=하늘; missing_terms=다리,발송/외주 회사/뱅가드/25/#12/bg,visual:precision-q0021:49077,diverse_rank=3; source_count=2; visual_group=visual:precision-q0021:49077,,,,ok,,active,
precision-q0021,#12에서 다리과 하늘 있는 이미지,scoped,38012,2,vv,"{""vv"": 2}","{""scoped_weak_v3_clean_tags3_20260502:vv"": 2}",webdav://13730b09/발송작품/작품/켄신/켄신-038.jpg,38012_켄신-038.jpg,발송작품/작품/켄신/켄신-038.jpg,webdav:/13730b09/발송작품/작품/켄신,/Users/saintiron/Projects/Imagine/thumbnails/38012_켄신-038_thumb.png,jpg,,,"A serene autumn landscape with a wooden bridge over a calm river, under a vast blue sky with soft clouds.",부드러운 구름이 있는 넓은 푸른 하늘 아래 잔잔한 강 위 나무다리가 있는 차분한 가을 풍경입니다.,"[""rural"", ""autumn"", ""bridge"", ""river"", ""sky"", ""anime"", ""peaceful"", ""traditional_architecture""]",background,rural,,,,,,,,assisted_prefill; scope=#12:none; matched_terms=하늘; missing_terms=다리,webdav:/13730b09/발송작품/작품/켄신,visual:precision-q0021:38012,diverse_rank=4; source_count=1; visual_group=visual:precision-q0021:38012,,,,ok,,active,
precision-q0021,#12에서 다리과 하늘 있는 이미지,scoped,48575,2,mv,"{""mv"": 2}","{""scoped_weak_v3_clean_tags3_20260502:mv"": 2}",webdav://13730b09/발송/외주 회사/뱅가드/24/#02/bg/VS8_02_288_GENZU.psd,48575_VS8_02_288_GENZU.psd,발송/외주 회사/뱅가드/24/#02/bg/VS8_02_288_GENZU.psd,발송/외주 회사/뱅가드/24/#02/bg,/Users/saintiron/Projects/Imagine/thumbnails/48575_VS8_02_288_GENZU_thumb.png,psd,,,Anime character with starry background and text overlay,별이 있는 배경과 텍스트 오버레이가 있는 애니메이션 캐릭터입니다.,"[""anime"", ""starry sky"", ""character portrait"", ""blue tones"", ""digital art"", ""VS8"", ""288"", ""GENZU""]",illustration,,,,,,,,,assisted_prefill; scope=#12:none; matched_terms=하늘; missing_terms=다리,발송/외주 회사/뱅가드/24/#02/bg,visual:precision-q0021:48575,diverse_rank=5; source_count=2; visual_group=visual:precision-q0021:48575,,,,ok,,excluded,duplicate_item_over_cap
precision-q0021,#12에서 다리과 하늘 있는 이미지,scoped,49107,2,triaxis,"{""triaxis"": 2}","{""current_on_v3_clean_20260502:triaxis"": 2, ""scope_exact_segments_20260503:triaxis"": 2, ""scope_exact_segments_v2_20260503:triaxis"": 2, ""scope_exact_segments_v3_20260503:triaxis"": 2, ""scope_hint_hard_small_20260502:triaxis"": 2, ""scoped_weak_v3_clean_tags3_20260502:triaxis"": 2}",webdav://13730b09/발송/외주 회사/뱅가드/25/#12/bg/VS9_12_417_GENZU.psd,49107_VS9_12_417_GENZU.psd,발송/외주 회사/뱅가드/25/#12/bg/VS9_12_417_GENZU.psd,발송/외주 회사/뱅가드/25/#12/bg,/Users/saintiron/Projects/Imagine/thumbnails/49107_VS9_12_417_GENZU_thumb.png,psd,,,A lone figure stands on a bridge under streetlights at night.,밤에 가로등 아래 다리 위에 외로운 인물이 서 있습니다.,"[""anime"", ""night"", ""bridge"", ""streetlights"", ""solitude"", ""urban"", ""water"", ""sky""]",illustration,,,,2,weak,precision_keyword_scoped_v2,,,assisted_prefill; scope=#12:exact; matched_terms=하늘; missing_terms=다리,발송/외주 회사/뱅가드/25/#12/bg,visual:precision-q0021:49107,diverse_rank=6; source_count=2; visual_group=visual:precision-q0021:49107,,,,ok,,active,
precision-q0021,#12에서 다리과 하늘 있는 이미지,scoped,60571,2,fts,"{""fts"": 2}","{""scoped_weak_v3_clean_tags3_20260502:fts"": 2}",webdav://13730b09/예비/마법과고교의 우등생/#09/210730/MKY#09_251.psd,60571_MKY#09_251.psd,예비/마법과고교의 우등생/#09/210730/MKY#09_251.psd,210730,/Users/saintiron/Projects/Imagine/thumbnails/60571_MKY#09_251_thumb.png,psd,3536,1240,,,,,,,,,,,,,"assisted_prefill; scope=#12:none; matched_terms=-; missing_terms=다리,하늘",210730,visual:precision-q0021:60571,diverse_rank=7; source_count=1; visual_group=visual:precision-q0021:60571,,,,repair_required,missing_caption_and_tags,excluded,repair_required
precision-q0021,#12에서 다리과 하늘 있는 이미지,scoped,48561,3,mv,"{""mv"": 3}","{""scoped_weak_v3_clean_tags3_20260502:mv"": 3}",webdav://13730b09/발송/외주 회사/뱅가드/24/#02/bg/VS8_02_250_GENZU.psd,48561_VS8_02_250_GENZU.psd,발송/외주 회사/뱅가드/24/#02/bg/VS8_02_250_GENZU.psd,발송/외주 회사/뱅가드/24/#02/bg,/Users/saintiron/Projects/Imagine/thumbnails/48561_VS8_02_250_GENZU_thumb.png,psd,,,Anime character with starry sky background and text overlay,별이 있는 하늘 배경과 텍스트 오버레이가 있는 애니메이션 캐릭터입니다.,"[""anime"", ""starry sky"", ""character portrait"", ""blue tones"", ""digital art"", ""VS8"", ""Genzu"", ""space""]",illustration,,,,,,,,,assisted_prefill; scope=#12:none; matched_terms=하늘; missing_terms=다리,발송/외주 회사/뱅가드/24/#02/bg,visual:precision-q0021:48561,diverse_rank=8; source_count=2; visual_group=visual:precision-q0021:48561,,,,ok,,active,
precision-q0021,#12에서 다리과 하늘 있는 이미지,scoped,60216,3,fts,"{""fts"": 3}","{""scoped_weak_v3_clean_tags3_20260502:fts"": 3}",webdav://13730b09/예비/마법과고교의 우등생/#11/bg/MKY11_180.psd,60216_MKY11_180.psd,예비/마법과고교의 우등생/#11/bg/MKY11_180.psd,bg,/Users/saintiron/Projects/Imagine/thumbnails/60216_MKY11_180_thumb.png,psd,1755,1241,Cracked earth texture with scattered rocks and sparse green grass.,갈라진 땅 질감 위에 흩어진 바위와 드문드문 난 초록 풀이 보입니다.,"[""dirt"", ""cracks"", ""rocks"", ""grass"", ""texture"", ""ground"", ""natural"", ""earth""]",texture,,,,,,,,,"assisted_prefill; scope=#12:none; matched_terms=-; missing_terms=다리,하늘",bg,visual:precision-q0021:60216,diverse_rank=9; source_count=1; visual_group=visual:precision-q0021:60216,,,,ok,,active,
precision-q0021,#12에서 다리과 하늘 있는 이미지,scoped,40654,4,mv,"{""mv"": 4}","{""scoped_weak_v3_clean_tags3_20260502:mv"": 4}",webdav://13730b09/예비/크랑베르무/장소/전투/2/grb04_033.psd,40654_grb04_033.psd,예비/크랑베르무/장소/전투/2/grb04_033.psd,webdav:/13730b09/예비/크랑베르무/장소/전투/2,/Users/saintiron/Projects/Imagine/thumbnails/40654_grb04_033_thumb.png,psd,,,unknown,,[],character,,,,,,,,,"assisted_prefill; scope=#12:none; matched_terms=-; missing_terms=다리,하늘",webdav:/13730b09/예비/크랑베르무/장소/전투/2,visual:precision-q0021:40654,diverse_rank=10; source_count=1; visual_group=visual:precision-q0021:40654,,,,repair_required,missing_caption_and_tags,excluded,repair_required
precision-q0022,bg에서 벽과 하늘 있는 이미지,scoped,46465,1,"mv,triaxis,vv","{""mv"": 1, ""triaxis"": 2, ""vv"": 1}","{""current_on_v3_clean_20260502:triaxis"": 2, ""scope_exact_segments_20260503:triaxis"": 11, ""scope_exact_segments_v2_20260503:triaxis"": 11, ""scope_exact_segments_v3_20260503:triaxis"": 11, ""scope_hint_hard_small_20260502:triaxis"": 2, ""scoped_weak_v3_clean_tags3_20260502:mv"": 1, ""scoped_weak_v3_clean_tags3_20260502:triaxis"": 2, ""scoped_weak_v3_clean_tags3_20260502:vv"": 1}",webdav://13730b09/발송작품/작품/Fate/sankouBG/fn16_042.psd,46465_fn16_042.psd,발송작품/작품/Fate/sankouBG/fn16_042.psd,webdav:/13730b09/발송작품/작품/Fate/sankouBG,/Users/saintiron/Projects/Imagine/thumbnails/46465_fn16_042_thumb.png,psd,,,A bright blue sky with clouds over a concrete wall and ground.,콘크리트 벽과 바닥 위로 구름이 있는 밝은 푸른 하늘이 보입니다.,"[""sky"", ""clouds"", ""wall"", ""concrete"", ""ground"", ""blue"", ""anime"", ""background""]",background,,,,2,weak,precision_keyword_scoped_v2,,,assisted_prefill; scope=bg:substring; matched_terms=하늘; missing_terms=벽,webdav:/13730b09/발송작품/작품/Fate/sankouBG,visual:precision-q0022:46465,diverse_rank=1; source_count=2; visual_group=visual:precision-q0022:46465,,,,ok,,active,
precision-q0022,bg에서 벽과 하늘 있는 이미지,scoped,56947,1,"fts,triaxis,vv","{""fts"": 1, ""triaxis"": 3, ""vv"": 16}","{""current_on_v3_clean_20260502:triaxis"": 4, ""scope_exact_segments_20260503:triaxis"": 3, ""scope_exact_segments_v2_20260503:triaxis"": 3, ""scope_exact_segments_v3_20260503:triaxis"": 3, ""scope_hint_hard_small_20260502:triaxis"": 4, ""scoped_weak_v3_clean_tags3_20260502:fts"": 1, ""scoped_weak_v3_clean_tags3_20260502:triaxis"": 4, ""scoped_weak_v3_clean_tags3_20260502:vv"": 16}",webdav://13730b09/발송/외주 회사/빔 studio/귀인환등초/bg/KGS_01_336.psd,56947_KGS_01_336.psd,발송/외주 회사/빔 studio/귀인환등초/bg/KGS_01_336.psd,bg,/Users/saintiron/Projects/Imagine/thumbnails/56947_KGS_01_336_thumb.png,psd,2339,1653,A serene sky with fluffy clouds and a thatched roof corner.,폭신한 구름이 있는 차분한 하늘과 초가지붕 모서리가 보입니다.,"[""sky"", ""clouds"", ""thatched roof"", ""grass"", ""blue sky"", ""white clouds"", ""rural"", ""peaceful""]",background,,,,,,,,,assisted_prefill; scope=bg:exact; matched_terms=하늘; missing_terms=벽,bg,visual:precision-q0022:56947,diverse_rank=2; source_count=2; visual_group=visual:precision-q0022:56947,,,,ok,,excluded,duplicate_item_over_cap
precision-q0022,bg에서 벽과 하늘 있는 이미지,scoped,34435,2,mv,"{""mv"": 2}","{""scoped_weak_v3_clean_tags3_20260502:mv"": 2}",webdav://13730b09/발송4/범선/작품 쫑/후시/장소/던전안 작은방/nfb05_215.psd,34435_nfb05_215.psd,발송4/범선/작품 쫑/후시/장소/던전안 작은방/nfb05_215.psd,webdav:/13730b09/발송4/범선/작품 쫑/후시/장소/던전안 작은방,/Users/saintiron/Projects/Imagine/thumbnails/34435_nfb05_215_thumb.png,psd,,,unknown,,[],background,unknown,unknown,unknown,,,,,,"assisted_prefill; scope=bg:none; matched_terms=-; missing_terms=벽,하늘",webdav:/13730b09/발송4/범선/작품 쫑/후시/장소/던전안 작은방,visual:precision-q0022:34435,diverse_rank=3; source_count=1; visual_group=visual:precision-q0022:34435,,,,repair_required,missing_caption_and_tags,excluded,repair_required
precision-q0022,bg에서 벽과 하늘 있는 이미지,scoped,60571,2,fts,"{""fts"": 2}","{""scoped_weak_v3_clean_tags3_20260502:fts"": 2}",webdav://13730b09/예비/마법과고교의 우등생/#09/210730/MKY#09_251.psd,60571_MKY#09_251.psd,예비/마법과고교의 우등생/#09/210730/MKY#09_251.psd,210730,/Users/saintiron/Projects/Imagine/thumbnails/60571_MKY#09_251_thumb.png,psd,3536,1240,,,,,,,,,,,,,"assisted_prefill; scope=bg:none; matched_terms=-; missing_terms=벽,하늘",210730,visual:precision-q0022:60571,diverse_rank=4; source_count=1; visual_group=visual:precision-q0022:60571,,,,repair_required,missing_caption_and_tags,excluded,repair_required
precision-q0022,bg에서 벽과 하늘 있는 이미지,scoped,46463,3,vv,"{""vv"": 3}","{""scoped_weak_v3_clean_tags3_20260502:vv"": 3}",webdav://13730b09/발송작품/작품/Fate/sankouBG/fn16_018.psd,46463_fn16_018.psd,발송작품/작품/Fate/sankouBG/fn16_018.psd,webdav:/13730b09/발송작품/작품/Fate/sankouBG,/Users/saintiron/Projects/Imagine/thumbnails/46463_fn16_018_thumb.png,psd,,,A bright blue sky with clouds over a stone wall and trees.,돌담과 나무 위로 구름이 있는 밝은 푸른 하늘이 보입니다.,"[""sky"", ""clouds"", ""wall"", ""trees"", ""anime"", ""blue"", ""day"", ""nature""]",illustration,,,,2,weak,precision_keyword_scoped_v2,,,assisted_prefill; scope=bg:substring; matched_terms=하늘; missing_terms=벽,webdav:/13730b09/발송작품/작품/Fate/sankouBG,visual:precision-q0022:46463,diverse_rank=5; source_count=2; visual_group=visual:precision-q0022:46463,,,,ok,,active,
precision-q0022,bg에서 벽과 하늘 있는 이미지,scoped,51354,3,"mv,triaxis","{""mv"": 3, ""triaxis"": 18}","{""scope_exact_segments_20260503:triaxis"": 18, ""scope_exact_segments_v2_20260503:triaxis"": 18, ""scope_exact_segments_v3_20260503:triaxis"": 18, ""scoped_weak_v3_clean_tags3_20260502:mv"": 3}",webdav://13730b09/발송/범선/기절용사와 암살공주/#08/bg/kya08_030_e.psd,51354_kya08_030_e.psd,발송/범선/기절용사와 암살공주/#08/bg/kya08_030_e.psd,webdav:/13730b09/발송/범선/기절용사와 암살공주/#08/bg,/Users/saintiron/Projects/Imagine/thumbnails/51354_kya08_030_e_thumb.png,psd,,,Five vertical pillars against a bright blue sky with clouds.,구름이 있는 밝은 푸른 하늘을 배경으로 다섯 개의 수직 기둥이 보입니다.,"[""pillars"", ""sky"", ""clouds"", ""architecture"", ""balcony"", ""blue"", ""white""]",background,,,,,,,,,assisted_prefill; scope=bg:exact; matched_terms=하늘; missing_terms=벽,webdav:/13730b09/발송/범선/기절용사와 암살공주/#08/bg,visual:precision-q0022:51354,diverse_rank=6; source_count=1; visual_group=visual:precision-q0022:51354,,,,ok,,excluded,duplicate_item_over_cap
precision-q0022,bg에서 벽과 하늘 있는 이미지,scoped,60216,3,fts,"{""fts"": 3}","{""scoped_weak_v3_clean_tags3_20260502:fts"": 3}",webdav://13730b09/예비/마법과고교의 우등생/#11/bg/MKY11_180.psd,60216_MKY11_180.psd,예비/마법과고교의 우등생/#11/bg/MKY11_180.psd,bg,/Users/saintiron/Projects/Imagine/thumbnails/60216_MKY11_180_thumb.png,psd,1755,1241,Cracked earth texture with scattered rocks and sparse green grass.,갈라진 땅 질감 위에 흩어진 바위와 드문드문 난 초록 풀이 보입니다.,"[""dirt"", ""cracks"", ""rocks"", ""grass"", ""texture"", ""ground"", ""natural"", ""earth""]",texture,,,,,,,,,"assisted_prefill; scope=bg:exact; matched_terms=-; missing_terms=벽,하늘",bg,visual:precision-q0022:60216,diverse_rank=7; source_count=2; visual_group=visual:precision-q0022:60216,,,,ok,,excluded,duplicate_item_over_cap
precision-q0022,bg에서 벽과 하늘 있는 이미지,scoped,30122,4,vv,"{""vv"": 4}","{""scoped_weak_v3_clean_tags3_20260502:vv"": 4}",webdav://13730b09/발송/범선/작품 쫑/다윈즈게임/장소/도시 낮/dwg02_310_BG3.psd,dwg02_310_BG3.psd,발송/범선/작품 쫑/다윈즈게임/장소/도시 낮/dwg02_310_BG3.psd,발송/범선/작품 쫑/다윈즈게임/장소/도시 낮,/Users/saintiron/Projects/Imagine/thumbnails/dwg02_310_BG3_thumb.png,psd,2325,1653,A modern building roof under a clear blue sky with soft clouds.,부드러운 구름이 있는 맑은 푸른 하늘 아래 현대적인 건물 지붕이 보입니다.,"[""urban"", ""modern_architecture"", ""anime"", ""blue_sky"", ""clouds"", ""roof"", ""clear_weather""]",background,urban,,,,,,,,assisted_prefill; scope=bg:substring; matched_terms=하늘; missing_terms=벽,발송/범선/작품 쫑/다윈즈게임/장소/도시 낮,visual:precision-q0022:30122,diverse_rank=8; source_count=1; visual_group=visual:precision-q0022:30122,,,,ok,,active,
precision-q0022,bg에서 벽과 하늘 있는 이미지,scoped,30763,4,"mv,triaxis","{""mv"": 4, ""triaxis"": 15}","{""current_on_v3_clean_20260502:triaxis"": 18, ""scope_exact_segments_20260503:triaxis"": 15, ""scope_exact_segments_v2_20260503:triaxis"": 15, ""scope_exact_segments_v3_20260503:triaxis"": 15, ""scope_hint_hard_small_20260502:triaxis"": 18, ""scoped_weak_v3_clean_tags3_20260502:mv"": 4, ""scoped_weak_v3_clean_tags3_20260502:triaxis"": 18}",webdav://13730b09/발송작품/작품/세일러문/#33/1/222_236_244_254.psd,222_236_244_254.psd,발송작품/작품/세일러문/#33/1/222_236_244_254.psd,발송작품/작품/세일러문/#33/1,/Users/saintiron/Projects/Imagine/thumbnails/222_236_244_254_thumb.png,psd,2214,2067,"A dark, stormy sky looms over a flat, shadowed horizon.",어둡고 폭풍우 치는 하늘이 평평하고 그늘진 지평선 위로 드리워져 있습니다.,[],background,outdoor,,,,,,,,assisted_prefill; scope=bg:none; matched_terms=하늘; missing_terms=벽,발송작품/작품/세일러문/#33/1,visual:precision-q0022:30763,diverse_rank=9; source_count=1; visual_group=visual:precision-q0022:30763,,,,metadata_partial,missing_tags,active,
precision-q0022,bg에서 벽과 하늘 있는 이미지,scoped,51074,4,triaxis,"{""triaxis"": 4}","{""current_on_v3_clean_20260502:triaxis"": 5, ""scope_exact_segments_20260503:triaxis"": 4, ""scope_exact_segments_v2_20260503:triaxis"": 4, ""scope_exact_segments_v3_20260503:triaxis"": 4, ""scope_hint_hard_small_20260502:triaxis"": 5, ""scoped_weak_v3_clean_tags3_20260502:triaxis"": 5}",webdav://13730b09/발송/범선/기절용사와 암살공주/#09/bg/kya09_301A_301B.psd,51074_kya09_301A_301B.psd,발송/범선/기절용사와 암살공주/#09/bg/kya09_301A_301B.psd,webdav:/13730b09/발송/범선/기절용사와 암살공주/#09/bg,/Users/saintiron/Projects/Imagine/thumbnails/51074_kya09_301A_301B_thumb.png,psd,,,Animated sky with fluffy clouds and faint architectural outlines,폭신한 구름과 희미한 건축 윤곽이 있는 애니메이션풍 하늘입니다.,"[""sky"", ""clouds"", ""blue"", ""white"", ""architecture"", ""animation"", ""daytime"", ""skyline""]",background,,,,,,,,,assisted_prefill; scope=bg:exact; matched_terms=하늘; missing_terms=벽,webdav:/13730b09/발송/범선/기절용사와 암살공주/#09/bg,visual:precision-q0022:51074,diverse_rank=10; source_count=1; visual_group=visual:precision-q0022:51074,,,,ok,,active,
precision-q0023,#07에서 하늘과 fence 있는 이미지,scoped,33291,1,mv,"{""mv"": 1}","{""scoped_weak_v3_clean_tags3_20260502:mv"": 1}","webdav://13730b09/발송4/범선/작품 쫑/후시/장소/숲,자연/nfb08_192.psd",33291_nfb08_192.psd,"발송4/범선/작품 쫑/후시/장소/숲,자연/nfb08_192.psd","webdav:/13730b09/발송4/범선/작품 쫑/후시/장소/숲,자연",/Users/saintiron/Projects/Imagine/thumbnails/33291_nfb08_192_thumb.png,psd,,,Anime character sketch with sky background and Japanese text overlay.,하늘 배경 위에 애니메이션 캐릭터 스케치와 일본어 텍스트 오버레이가 있습니다.,"[""anime"", ""portrait"", ""sketch"", ""sky"", ""japanese_text"", ""character_design""]",illustration,,,,,,,,,assisted_prefill; scope=#07:none; matched_terms=하늘; missing_terms=fence,"webdav:/13730b09/발송4/범선/작품 쫑/후시/장소/숲,자연",visual:precision-q0023:33291,diverse_rank=1; source_count=1; visual_group=visual:precision-q0023:33291,,,,ok,,excluded,duplicate_item_over_cap
precision-q0023,#07에서 하늘과 fence 있는 이미지,scoped,47816,1,"mv,triaxis","{""mv"": 14, ""triaxis"": 1}","{""current_on_v3_clean_20260502:triaxis"": 1, ""scope_exact_segments_20260503:triaxis"": 1, ""scope_exact_segments_v2_20260503:triaxis"": 1, ""scope_exact_segments_v3_20260503:triaxis"": 1, ""scope_hint_hard_small_20260502:triaxis"": 1, ""scoped_weak_v3_clean_tags3_20260502:mv"": 14, ""scoped_weak_v3_clean_tags3_20260502:triaxis"": 1}",webdav://13730b09/발송/외주 회사/뱅가드/26/#07/bg/VS10_07_c343_genzu_r.psd,47816_VS10_07_c343_genzu_r.psd,발송/외주 회사/뱅가드/26/#07/bg/VS10_07_c343_genzu_r.psd,발송/외주 회사/뱅가드/26/#07/bg,/Users/saintiron/Projects/Imagine/thumbnails/47816_VS10_07_c343_genzu_r_thumb.png,psd,,,A futuristic blue tower stands behind a green fence under a cloudy sky.,구름 낀 하늘 아래 초록 울타리 뒤에 미래적인 파란 탑이 서 있습니다.,"[""futuristic"", ""tower"", ""sky"", ""fence"", ""blue"", ""green"", ""clouds"", ""architecture""]",background,,,,2,weak,precision_keyword_scoped_v2,,,"assisted_prefill; scope=#07:exact; matched_terms=하늘,fence; missing_terms=-",발송/외주 회사/뱅가드/26/#07/bg,visual:precision-q0023:47816,diverse_rank=2; source_count=1; visual_group=visual:precision-q0023:47816,,,,ok,,active,
precision-q0023,#07에서 하늘과 fence 있는 이미지,scoped,48377,1,"mv,vv","{""mv"": 2, ""vv"": 1}","{""scoped_weak_v3_clean_tags3_20260502:mv"": 2, ""scoped_weak_v3_clean_tags3_20260502:vv"": 1}",webdav://13730b09/발송/외주 회사/뱅가드/26/#01/bg/VS10_01_073_GENZU.psd,48377_VS10_01_073_GENZU.psd,발송/외주 회사/뱅가드/26/#01/bg/VS10_01_073_GENZU.psd,발송/외주 회사/뱅가드/26/#01/bg,/Users/saintiron/Projects/Imagine/thumbnails/48377_VS10_01_073_GENZU_thumb.png,psd,,,A chain-link fence against a blue sky with clouds.,구름이 있는 푸른 하늘을 배경으로 체인 링크 울타리가 보입니다.,"[""fence"", ""sky"", ""clouds"", ""blue"", ""mesh"", ""outdoor"", ""day"", ""structure""]",illustration,,,,,,,,,"assisted_prefill; scope=#07:none; matched_terms=하늘,fence; missing_terms=-",발송/외주 회사/뱅가드/26/#01/bg,visual:precision-q0023:48377,diverse_rank=3; source_count=1; visual_group=visual:precision-q0023:48377,,,,ok,,active,
precision-q0023,#07에서 하늘과 fence 있는 이미지,scoped,52159,1,fts,"{""fts"": 1}","{""scoped_weak_v3_clean_tags3_20260502:fts"": 1}",webdav://13730b09/발송/범선/기절용사와 암살공주/장소/이미지/kya04_075.psd,52159_kya04_075.psd,발송/범선/기절용사와 암살공주/장소/이미지/kya04_075.psd,webdav:/13730b09/발송/범선/기절용사와 암살공주/장소/이미지,/Users/saintiron/Projects/Imagine/thumbnails/52159_kya04_075_thumb.png,psd,,,Anime-style illustration with pastel colors and sparkling effects,파스텔 색감과 반짝이는 효과가 있는 애니메이션풍 일러스트입니다.,"[""anime"", ""pastel"", ""sparkles"", ""bubbles"", ""characters""]",illustration,,,,,,,,,"assisted_prefill; scope=#07:none; matched_terms=-; missing_terms=하늘,fence",webdav:/13730b09/발송/범선/기절용사와 암살공주/장소/이미지,visual:precision-q0023:52159,diverse_rank=4; source_count=2; visual_group=visual:precision-q0023:52159,,,,ok,,excluded,duplicate_item_over_cap
precision-q0023,#07에서 하늘과 fence 있는 이미지,scoped,32367,2,triaxis,"{""triaxis"": 2}","{""current_on_v3_clean_20260502:triaxis"": 2, ""scope_exact_segments_20260503:triaxis"": 2, ""scope_exact_segments_v2_20260503:triaxis"": 2, ""scope_exact_segments_v3_20260503:triaxis"": 2, ""scope_hint_hard_small_20260502:triaxis"": 2, ""scoped_weak_v3_clean_tags3_20260502:triaxis"": 2}",webdav://13730b09/발송4/범선/종말투어링/#07/bg/syt07_072.psd,32367_syt07_072.psd,발송4/범선/종말투어링/#07/bg/syt07_072.psd,발송4/범선/종말투어링/#07/bg,/Users/saintiron/Projects/Imagine/thumbnails/32367_syt07_072_thumb.png,psd,,,"Two characters with pastel hair stand behind a chain-link fence, gazing at a scenic lake under a bright blue sky.",파스텔색 머리의 두 캐릭터가 체인 링크 울타리 뒤에 서서 밝은 푸른 하늘 아래 아름다운 호수를 바라보고 있습니다.,"[""anime"", ""anthropomorphic"", ""pastel_hair"", ""chain_link_fence"", ""lake_view"", ""contemplative"", ""teenager"", ""cool_palette""]",character,,,,2,weak,precision_keyword_scoped_v2,,,"assisted_prefill; scope=#07:exact; matched_terms=하늘,fence; missing_terms=-",발송4/범선/종말투어링/#07/bg,visual:precision-q0023:32367,diverse_rank=5; source_count=2; visual_group=visual:precision-q0023:32367,,,,ok,,active,
precision-q0023,#07에서 하늘과 fence 있는 이미지,scoped,39331,2,vv,"{""vv"": 2}","{""scoped_weak_v3_clean_tags3_20260502:vv"": 2}",webdav://13730b09/예비/크랑베르무/장소/학교/grb10_269.psd,39331_grb10_269.psd,예비/크랑베르무/장소/학교/grb10_269.psd,webdav:/13730b09/예비/크랑베르무/장소/학교,/Users/saintiron/Projects/Imagine/thumbnails/39331_grb10_269_thumb.png,psd,,,"A dark, stormy urban skyline viewed through a chain-link fence, evoking a sense of isolation and impending weather.","체인 링크 울타리 너머로 어둡고 폭풍우가 몰려오는 도시 스카이라인이 보이며, 고립감과 악천후가 다가오는 느낌을 줍니다.","[""urban"", ""storm"", ""twilight"", ""chain_link_fence"", ""anime"", ""melancholic"", ""dark"", ""cityscape""]",background,urban,,,,,,,,"assisted_prefill; scope=#07:none; matched_terms=하늘,fence; missing_terms=-",webdav:/13730b09/예비/크랑베르무/장소/학교,visual:precision-q0023:39331,diverse_rank=6; source_count=2; visual_group=visual:precision-q0023:39331,,,,ok,,active,
precision-q0023,#07에서 하늘과 fence 있는 이미지,scoped,52175,2,fts,"{""fts"": 2}","{""scoped_weak_v3_clean_tags3_20260502:fts"": 2}",webdav://13730b09/발송/범선/기절용사와 암살공주/장소/이미지/kya03_324.psd,52175_kya03_324.psd,발송/범선/기절용사와 암살공주/장소/이미지/kya03_324.psd,webdav:/13730b09/발송/범선/기절용사와 암살공주/장소/이미지,/Users/saintiron/Projects/Imagine/thumbnails/52175_kya03_324_thumb.png,psd,,,Anime-style characters in pastel colors with bubbles and sparkles.,파스텔 색감의 애니메이션풍 캐릭터들이 버블과 반짝임 효과와 함께 보입니다.,"[""anime"", ""pastel"", ""bubbles"", ""sparkles"", ""characters""]",illustration,,,,,,,,,"assisted_prefill; scope=#07:none; matched_terms=-; missing_terms=하늘,fence",webdav:/13730b09/발송/범선/기절용사와 암살공주/장소/이미지,visual:precision-q0023:52175,diverse_rank=7; source_count=2; visual_group=visual:precision-q0023:52175,,,,ok,,excluded,duplicate_item_over_cap
precision-q0023,#07에서 하늘과 fence 있는 이미지,scoped,32314,3,"triaxis,vv","{""triaxis"": 3, ""vv"": 9}","{""current_on_v3_clean_20260502:triaxis"": 3, ""scope_exact_segments_20260503:triaxis"": 3, ""scope_exact_segments_v2_20260503:triaxis"": 3, ""scope_exact_segments_v3_20260503:triaxis"": 3, ""scope_hint_hard_small_20260502:triaxis"": 3, ""scoped_weak_v3_clean_tags3_20260502:triaxis"": 3, ""scoped_weak_v3_clean_tags3_20260502:vv"": 9}",webdav://13730b09/발송4/범선/종말투어링/#07/bg/syt07_018.psd,32314_syt07_018.psd,발송4/범선/종말투어링/#07/bg/syt07_018.psd,발송4/범선/종말투어링/#07/bg,/Users/saintiron/Projects/Imagine/thumbnails/32314_syt07_018_thumb.png,psd,,,"A serene bridge overlooks a vast blue sky with fluffy clouds, suggesting a tranquil, sunny day.","차분한 다리가 폭신한 구름이 있는 넓은 푸른 하늘을 내려다보며, 평온하고 맑은 낮 분위기를 줍니다.","[""bridge"", ""sky"", ""clouds"", ""anime"", ""outdoor"", ""summer"", ""peaceful"", ""modern architecture""]",background,outdoor,,,,,,,,assisted_prefill; scope=#07:exact; matched_terms=하늘; missing_terms=fence,발송4/범선/종말투어링/#07/bg,visual:precision-q0023:32314,diverse_rank=8; source_count=2; visual_group=visual:precision-q0023:32314,,,,ok,,excluded,duplicate_item_over_cap
precision-q0023,#07에서 하늘과 fence 있는 이미지,scoped,39322,3,mv,"{""mv"": 3}","{""scoped_weak_v3_clean_tags3_20260502:mv"": 3}",webdav://13730b09/예비/크랑베르무/장소/학교/grb10_258_261.psd,39322_grb10_258_261.psd,예비/크랑베르무/장소/학교/grb10_258_261.psd,webdav:/13730b09/예비/크랑베르무/장소/학교,/Users/saintiron/Projects/Imagine/thumbnails/39322_grb10_258_261_thumb.png,psd,,,Anime character sketch overlay on a chain-link fence under a stormy sky,폭풍우 치는 하늘 아래 체인 링크 울타리 위에 애니메이션 캐릭터 스케치가 겹쳐져 있습니다.,"[""anime"", ""character_sheet"", ""sketch"", ""chain_link_fence"", ""stormy_sky"", ""transparent_overlay""]",character,,,,,,,,,"assisted_prefill; scope=#07:none; matched_terms=하늘,fence; missing_terms=-",webdav:/13730b09/예비/크랑베르무/장소/학교,visual:precision-q0023:39322,diverse_rank=9; source_count=2; visual_group=visual:precision-q0023:39322,,,,ok,,active,
precision-q0023,#07에서 하늘과 fence 있는 이미지,scoped,51089,3,vv,"{""vv"": 3}","{""scoped_weak_v3_clean_tags3_20260502:vv"": 3}",webdav://13730b09/발송/범선/기절용사와 암살공주/#09/bg/kya09_098.psd,51089_kya09_098.psd,발송/범선/기절용사와 암살공주/#09/bg/kya09_098.psd,webdav:/13730b09/발송/범선/기절용사와 암살공주/#09/bg,/Users/saintiron/Projects/Imagine/thumbnails/51089_kya09_098_thumb.png,psd,,,A wooden platform with a red and white cloth against a blue sky with clouds.,구름이 있는 푸른 하늘을 배경으로 붉고 흰 천이 걸린 나무 플랫폼이 보입니다.,"[""wooden platform"", ""cloth"", ""sky"", ""clouds"", ""blue sky"", ""red cloth"", ""white cloth""]",background,,,,,,,,,assisted_prefill; scope=#07:none; matched_terms=하늘; missing_terms=fence,webdav:/13730b09/발송/범선/기절용사와 암살공주/#09/bg,visual:precision-q0023:51089,diverse_rank=10; source_count=1; visual_group=visual:precision-q0023:51089,,,,ok,,active,
precision-q0024,크랑베르무에서 밤과 달 있는 이미지,scoped,40777,1,mv,"{""mv"": 1}","{""scoped_weak_v3_clean_tags3_20260502:mv"": 1}",webdav://13730b09/예비/크랑베르무/장소/전투/1/grb01_079.psd,40777_grb01_079.psd,예비/크랑베르무/장소/전투/1/grb01_079.psd,webdav:/13730b09/예비/크랑베르무/장소/전투/1,/Users/saintiron/Projects/Imagine/thumbnails/40777_grb01_079_thumb.png,psd,,,"A mysterious cityscape at night, glowing with ethereal blue light over a shattered foreground.",부서진 전경 위로 신비로운 푸른빛이 빛나는 밤의 도시 풍경입니다.,"[""night"", ""blue"", ""glowing"", ""shattered"", ""mysterious"", ""anime"", ""European architecture""]",background,Cities,night,clear,,,,,,assisted_prefill; scope=크랑베르무:exact; matched_terms=밤; missing_terms=달,webdav:/13730b09/예비/크랑베르무/장소/전투/1,visual:precision-q0024:40777,diverse_rank=1; source_count=3; visual_group=visual:precision-q0024:40777,,,,ok,,excluded,duplicate_query_intent_over_cap
precision-q0024,크랑베르무에서 밤과 달 있는 이미지,scoped,41970,1,"triaxis,vv","{""triaxis"": 1, ""vv"": 1}","{""current_on_v3_clean_20260502:triaxis"": 1, ""scope_exact_segments_20260503:triaxis"": 1, ""scope_exact_segments_v2_20260503:triaxis"": 1, ""scope_exact_segments_v3_20260503:triaxis"": 1, ""scope_hint_hard_small_20260502:triaxis"": 1, ""scoped_weak_v3_clean_tags3_20260502:triaxis"": 1, ""scoped_weak_v3_clean_tags3_20260502:vv"": 1}",webdav://13730b09/예비/크랑베르무/장소/마을/grb09_095_101.psd,41970_grb09_095_101.psd,예비/크랑베르무/장소/마을/grb09_095_101.psd,webdav:/13730b09/예비/크랑베르무/장소/마을,/Users/saintiron/Projects/Imagine/thumbnails/41970_grb09_095_101_thumb.png,psd,,,A crescent moon shines above glowing street lamps in a starry night sky.,별이 있는 밤하늘에서 초승달이 빛나는 가로등 위에 떠 있습니다.,"[""moon"", ""night"", ""street lamp"", ""stars"", ""sky"", ""blue"", ""yellow"", ""anime""]",background,,,,,,,,,assisted_prefill; scope=크랑베르무:exact; matched_terms=밤; missing_terms=달,webdav:/13730b09/예비/크랑베르무/장소/마을,visual:precision-q0024:41970,diverse_rank=2; source_count=1; visual_group=visual:precision-q0024:41970,,,,ok,,excluded,duplicate_query_intent_over_cap
precision-q0024,크랑베르무에서 밤과 달 있는 이미지,scoped,52159,1,fts,"{""fts"": 1}","{""scoped_weak_v3_clean_tags3_20260502:fts"": 1}",webdav://13730b09/발송/범선/기절용사와 암살공주/장소/이미지/kya04_075.psd,52159_kya04_075.psd,발송/범선/기절용사와 암살공주/장소/이미지/kya04_075.psd,webdav:/13730b09/발송/범선/기절용사와 암살공주/장소/이미지,/Users/saintiron/Projects/Imagine/thumbnails/52159_kya04_075_thumb.png,psd,,,Anime-style illustration with pastel colors and sparkling effects,파스텔 색감과 반짝이는 효과가 있는 애니메이션풍 일러스트입니다.,"[""anime"", ""pastel"", ""sparkles"", ""bubbles"", ""characters""]",illustration,,,,,,,,,"assisted_prefill; scope=크랑베르무:none; matched_terms=-; missing_terms=밤,달",webdav:/13730b09/발송/범선/기절용사와 암살공주/장소/이미지,visual:precision-q0024:52159,diverse_rank=3; source_count=3; visual_group=visual:precision-q0024:52159,,,,ok,,excluded,duplicate_query_intent_over_cap
precision-q0024,크랑베르무에서 밤과 달 있는 이미지,scoped,40908,2,triaxis,"{""triaxis"": 2}","{""current_on_v3_clean_20260502:triaxis"": 2, ""scope_exact_segments_20260503:triaxis"": 2, ""scope_exact_segments_v2_20260503:triaxis"": 2, ""scope_exact_segments_v3_20260503:triaxis"": 2, ""scope_hint_hard_small_20260502:triaxis"": 2, ""scoped_weak_v3_clean_tags3_20260502:triaxis"": 2}",webdav://13730b09/예비/크랑베르무/장소/전투/1/grb01_226.psd,40908_grb01_226.psd,예비/크랑베르무/장소/전투/1/grb01_226.psd,webdav:/13730b09/예비/크랑베르무/장소/전투/1,/Users/saintiron/Projects/Imagine/thumbnails/40908_grb01_226_thumb.png,psd,,,A tranquil night scene of a desert canyon under a bright moon and star-filled sky.,밝은 달과 별이 가득한 하늘 아래 사막 협곡의 고요한 밤 장면입니다.,"[""night"", ""desert"", ""canyon"", ""moon"", ""stars"", ""serene"", ""digital art"", ""illustration"", ""landscape"", ""mysterious""]",illustration,,,,2,weak,precision_keyword_scoped_v2,,,assisted_prefill; scope=크랑베르무:exact; matched_terms=밤; missing_terms=달,webdav:/13730b09/예비/크랑베르무/장소/전투/1,visual:precision-q0024:40908,diverse_rank=4; source_count=3; visual_group=visual:precision-q0024:40908,,,,ok,,excluded,duplicate_query_intent_over_cap
precision-q0024,크랑베르무에서 밤과 달 있는 이미지,scoped,40936,2,"triaxis,vv","{""triaxis"": 3, ""vv"": 2}","{""current_on_v3_clean_20260502:triaxis"": 3, ""scope_exact_segments_20260503:triaxis"": 3, ""scope_exact_segments_v2_20260503:triaxis"": 3, ""scope_exact_segments_v3_20260503:triaxis"": 3, ""scope_hint_hard_small_20260502:triaxis"": 3, ""scoped_weak_v3_clean_tags3_20260502:triaxis"": 3, ""scoped_weak_v3_clean_tags3_20260502:vv"": 2}",webdav://13730b09/예비/크랑베르무/장소/전투/1/grb01_257.psd,40936_grb01_257.psd,예비/크랑베르무/장소/전투/1/grb01_257.psd,webdav:/13730b09/예비/크랑베르무/장소/전투/1,/Users/saintiron/Projects/Imagine/thumbnails/40936_grb01_257_thumb.png,psd,,,"A full moon glows in a starry, colorful night sky.",별이 가득한 다채로운 밤하늘에 보름달이 빛나고 있습니다.,"[""moon"", ""stars"", ""night sky"", ""purple"", ""blue"", ""pink"", ""clouds"", ""glow""]",illustration,,,,,,,,,assisted_prefill; scope=크랑베르무:exact; matched_terms=밤; missing_terms=달,webdav:/13730b09/예비/크랑베르무/장소/전투/1,visual:precision-q0024:40936,diverse_rank=5; source_count=3; visual_group=visual:precision-q0024:40936,,,,ok,,excluded,duplicate_query_intent_over_cap
precision-q0024,크랑베르무에서 밤과 달 있는 이미지,scoped,46447,2,mv,"{""mv"": 2}","{""scoped_weak_v3_clean_tags3_20260502:mv"": 2}",webdav://13730b09/발송작품/작품/Fate/sankouBG/fn03_112_BG.psd,46447_fn03_112_BG.psd,발송작품/작품/Fate/sankouBG/fn03_112_BG.psd,webdav:/13730b09/발송작품/작품/Fate/sankouBG,/Users/saintiron/Projects/Imagine/thumbnails/46447_fn03_112_BG_thumb.png,psd,,,A bridge at night with a city skyline in the background.,배경에 도시 스카이라인이 보이는 밤의 다리입니다.,"[""bridge"", ""night"", ""cityscape"", ""skyline"", ""urban"", ""architecture"", ""blue"", ""orange""]",illustration,,,,,,,,,assisted_prefill; scope=크랑베르무:none; matched_terms=밤; missing_terms=달,webdav:/13730b09/발송작품/작품/Fate/sankouBG,visual:precision-q0024:46447,diverse_rank=6; source_count=1; visual_group=visual:precision-q0024:46447,,,,ok,,excluded,duplicate_query_intent_over_cap
precision-q0024,크랑베르무에서 밤과 달 있는 이미지,scoped,52175,2,fts,"{""fts"": 2}","{""scoped_weak_v3_clean_tags3_20260502:fts"": 2}",webdav://13730b09/발송/범선/기절용사와 암살공주/장소/이미지/kya03_324.psd,52175_kya03_324.psd,발송/범선/기절용사와 암살공주/장소/이미지/kya03_324.psd,webdav:/13730b09/발송/범선/기절용사와 암살공주/장소/이미지,/Users/saintiron/Projects/Imagine/thumbnails/52175_kya03_324_thumb.png,psd,,,Anime-style characters in pastel colors with bubbles and sparkles.,파스텔 색감의 애니메이션풍 캐릭터들이 버블과 반짝임 효과와 함께 보입니다.,"[""anime"", ""pastel"", ""bubbles"", ""sparkles"", ""characters""]",illustration,,,,,,,,,"assisted_prefill; scope=크랑베르무:none; matched_terms=-; missing_terms=밤,달",webdav:/13730b09/발송/범선/기절용사와 암살공주/장소/이미지,visual:precision-q0024:52175,diverse_rank=7; source_count=3; visual_group=visual:precision-q0024:52175,,,,ok,,excluded,duplicate_query_intent_over_cap
precision-q0024,크랑베르무에서 밤과 달 있는 이미지,scoped,30779,3,mv,"{""mv"": 3}","{""scoped_weak_v3_clean_tags3_20260502:mv"": 3}",webdav://13730b09/발송작품/작품/세일러문/#33/1/262_263_267_278_310_284_290_295.psd,262_263_267_278_310_284_290_295.psd,발송작품/작품/세일러문/#33/1/262_263_267_278_310_284_290_295.psd,발송작품/작품/세일러문/#33/1,/Users/saintiron/Projects/Imagine/thumbnails/262_263_267_278_310_284_290_295_thumb.png,psd,3603,2808,"A dark, stormy night sky filled with swirling clouds.",소용돌이치는 구름으로 가득한 어둡고 폭풍우 치는 밤하늘입니다.,[],background,celestial,,,,,,,,assisted_prefill; scope=크랑베르무:none; matched_terms=밤; missing_terms=달,발송작품/작품/세일러문/#33/1,visual:precision-q0024:30779,diverse_rank=8; source_count=1; visual_group=visual:precision-q0024:30779,,,,metadata_partial,missing_tags,excluded,duplicate_query_intent_over_cap
precision-q0024,크랑베르무에서 밤과 달 있는 이미지,scoped,51318,3,vv,"{""vv"": 3}","{""scoped_weak_v3_clean_tags3_20260502:vv"": 3}",webdav://13730b09/발송/범선/기절용사와 암살공주/#08/bg/kya08_248_e_BGonly.psd,51318_kya08_248_e_BGonly.psd,발송/범선/기절용사와 암살공주/#08/bg/kya08_248_e_BGonly.psd,webdav:/13730b09/발송/범선/기절용사와 암살공주/#08/bg,/Users/saintiron/Projects/Imagine/thumbnails/51318_kya08_248_e_BGonly_thumb.png,psd,,,"A magical night scene with a castle, festive lights, and a glowing moon.","성과 축제 조명, 빛나는 달이 있는 마법적인 밤 장면입니다.","[""castle"", ""moon"", ""night"", ""festive lights"", ""buildings"", ""stars"", ""clouds"", ""village""]",background,,,,,,,,,assisted_prefill; scope=크랑베르무:none; matched_terms=밤; missing_terms=달,webdav:/13730b09/발송/범선/기절용사와 암살공주/#08/bg,visual:precision-q0024:51318,diverse_rank=9; source_count=1; visual_group=visual:precision-q0024:51318,,,,ok,,excluded,duplicate_query_intent_over_cap
precision-q0024,크랑베르무에서 밤과 달 있는 이미지,scoped,52181,3,fts,"{""fts"": 3}","{""scoped_weak_v3_clean_tags3_20260502:fts"": 3}",webdav://13730b09/발송/범선/기절용사와 암살공주/장소/이미지/kya02_249.psd,52181_kya02_249.psd,발송/범선/기절용사와 암살공주/장소/이미지/kya02_249.psd,webdav:/13730b09/발송/범선/기절용사와 암살공주/장소/이미지,/Users/saintiron/Projects/Imagine/thumbnails/52181_kya02_249_thumb.png,psd,,,Two figures emit blue lightning bolts against a black background.,검은 배경 앞에서 두 인물이 푸른 번개를 내뿜고 있습니다.,"[""lightning"", ""figures"", ""blue"", ""black"", ""energy""]",illustration,,,,,,,,,"assisted_prefill; scope=크랑베르무:none; matched_terms=-; missing_terms=밤,달",webdav:/13730b09/발송/범선/기절용사와 암살공주/장소/이미지,visual:precision-q0024:52181,diverse_rank=10; source_count=3; visual_group=visual:precision-q0024:52181,,,,ok,,excluded,duplicate_query_intent_over_cap
precision-q0025,작품 쫑에서 창문과 책장 있는 이미지,scoped,34371,1,triaxis,"{""triaxis"": 1}","{""current_on_v3_clean_20260502:triaxis"": 1, ""scope_exact_segments_20260503:triaxis"": 1, ""scope_exact_segments_v2_20260503:triaxis"": 1, ""scope_exact_segments_v3_20260503:triaxis"": 1, ""scope_hint_hard_small_20260502:triaxis"": 1, ""scoped_weak_v3_clean_tags3_20260502:triaxis"": 1}",webdav://13730b09/발송4/범선/작품 쫑/후시/장소/던전안 작은방/nfb05_146.psd,34371_nfb05_146.psd,발송4/범선/작품 쫑/후시/장소/던전안 작은방/nfb05_146.psd,webdav:/13730b09/발송4/범선/작품 쫑/후시/장소/던전안 작은방,/Users/saintiron/Projects/Imagine/thumbnails/34371_nfb05_146_thumb.png,psd,,,"A dimly lit bookshelf with cobwebs and ancient-looking books, set against stone walls.",돌벽 앞에 거미줄과 오래된 책들이 있는 어두운 책장이 있습니다.,"[""bookshelf"", ""cobwebs"", ""stone walls"", ""dim lighting"", ""mysterious"", ""anime style""]",background,Interior,Night,Unknown,,,,,,"assisted_prefill; scope=작품 쫑:exact; matched_terms=-; missing_terms=창문,책장",webdav:/13730b09/발송4/범선/작품 쫑/후시/장소/던전안 작은방,visual:precision-q0025:34371,diverse_rank=1; source_count=1; visual_group=visual:precision-q0025:34371,,,,ok,,active,
precision-q0025,작품 쫑에서 창문과 책장 있는 이미지,scoped,41709,1,vv,"{""vv"": 1}","{""scoped_weak_v3_clean_tags3_20260502:vv"": 1}",webdav://13730b09/예비/크랑베르무/장소/만게츠의집/grb04_263.psd,41709_grb04_263.psd,예비/크랑베르무/장소/만게츠의집/grb04_263.psd,webdav:/13730b09/예비/크랑베르무/장소/만게츠의집,/Users/saintiron/Projects/Imagine/thumbnails/41709_grb04_263_thumb.png,psd,,,"A cozy bookshelf with colorful books, a blue vase with yellow flowers, and a plush sheep figurine.","알록달록한 책, 노란 꽃이 꽂힌 파란 꽃병, 양 인형이 있는 아늑한 책장입니다.","[""bookshelf"", ""illustration"", ""cozy"", ""pastel"", ""decorative"", ""plush toy"", ""flowers"", ""books""]",illustration,,,,,,,,,"assisted_prefill; scope=작품 쫑:none; matched_terms=-; missing_terms=창문,책장",webdav:/13730b09/예비/크랑베르무/장소/만게츠의집,visual:precision-q0025:41709,diverse_rank=2; source_count=1; visual_group=visual:precision-q0025:41709,,,,ok,,active,
precision-q0025,작품 쫑에서 창문과 책장 있는 이미지,scoped,52159,1,fts,"{""fts"": 1}","{""scoped_weak_v3_clean_tags3_20260502:fts"": 1}",webdav://13730b09/발송/범선/기절용사와 암살공주/장소/이미지/kya04_075.psd,52159_kya04_075.psd,발송/범선/기절용사와 암살공주/장소/이미지/kya04_075.psd,webdav:/13730b09/발송/범선/기절용사와 암살공주/장소/이미지,/Users/saintiron/Projects/Imagine/thumbnails/52159_kya04_075_thumb.png,psd,,,Anime-style illustration with pastel colors and sparkling effects,파스텔 색감과 반짝이는 효과가 있는 애니메이션풍 일러스트입니다.,"[""anime"", ""pastel"", ""sparkles"", ""bubbles"", ""characters""]",illustration,,,,,,,,,"assisted_prefill; scope=작품 쫑:none; matched_terms=-; missing_terms=창문,책장",webdav:/13730b09/발송/범선/기절용사와 암살공주/장소/이미지,visual:precision-q0025:52159,diverse_rank=3; source_count=2; visual_group=visual:precision-q0025:52159,,,,ok,,excluded,duplicate_item_over_cap
precision-q0025,작품 쫑에서 창문과 책장 있는 이미지,scoped,58180,1,"mv,vv","{""mv"": 1, ""vv"": 20}","{""scoped_weak_v3_clean_tags3_20260502:mv"": 1, ""scoped_weak_v3_clean_tags3_20260502:vv"": 20}",webdav://13730b09/예비/작품2/대마도학원35시험 소대/제작회사BG/#1/TM#01_088.psd,58180_TM#01_088.psd,예비/작품2/대마도학원35시험 소대/제작회사BG/#1/TM#01_088.psd,#1,/Users/saintiron/Projects/Imagine/thumbnails/58180_TM#01_088_thumb.png,psd,1667,1194,"A room corner with a bookshelf, window, and wooden furniture.","책장, 창문, 나무 가구가 있는 방 구석입니다.","[""bookshelf"", ""window"", ""wall"", ""furniture"", ""plant"", ""bed"", ""shelves"", ""indoor""]",background,,,,,,,,,assisted_prefill; scope=작품 쫑:none; matched_terms=창문; missing_terms=책장,#1,visual:precision-q0025:58180,diverse_rank=4; source_count=1; visual_group=visual:precision-q0025:58180,,,,ok,,active,
precision-q0025,작품 쫑에서 창문과 책장 있는 이미지,scoped,31256,2,vv,"{""vv"": 2}","{""scoped_weak_v3_clean_tags3_20260502:vv"": 2}",/Users/saintiron/imageDB/마캬베리즈무/실내소품/AVG18_04-003_006.psd,AVG18_04-003_006.psd,AVG18_04-003_006.psd,실내소품,/Users/saintiron/Projects/Imagine/thumbnails/AVG18_04-003_006_thumb.png,psd,1841,1734,A dimly lit library with bookshelves and decorative wall panels.,책장과 장식 벽 패널이 있는 어두운 도서관입니다.,"[""library"", ""bookshelves"", ""books"", ""wall"", ""decorative panel"", ""window frame"", ""dark interior""]",background,,,,,,,,,assisted_prefill; scope=작품 쫑:none; matched_terms=창문; missing_terms=책장,실내소품,visual:precision-q0025:31256,diverse_rank=5; source_count=2; visual_group=visual:precision-q0025:31256,,,,ok,,active,
precision-q0025,작품 쫑에서 창문과 책장 있는 이미지,scoped,34237,2,"mv,triaxis","{""mv"": 13, ""triaxis"": 2}","{""current_on_v3_clean_20260502:triaxis"": 2, ""scope_exact_segments_20260503:triaxis"": 2, ""scope_exact_segments_v2_20260503:triaxis"": 2, ""scope_exact_segments_v3_20260503:triaxis"": 2, ""scope_hint_hard_small_20260502:triaxis"": 2, ""scoped_weak_v3_clean_tags3_20260502:mv"": 13, ""scoped_weak_v3_clean_tags3_20260502:triaxis"": 2}",webdav://13730b09/발송4/범선/작품 쫑/후시/장소/로네느의집/거실/nfb12_151.psd,34237_nfb12_151.psd,발송4/범선/작품 쫑/후시/장소/로네느의집/거실/nfb12_151.psd,webdav:/13730b09/발송4/범선/작품 쫑/후시/장소/로네느의집/거실,/Users/saintiron/Projects/Imagine/thumbnails/34237_nfb12_151_thumb.png,psd,,,"Anime-style illustration of a wooden bookshelf with books and a framed painting, overlaid with sketch lines and atmospheric elements.","책과 액자 그림이 있는 나무 책장을 그린 애니메이션풍 일러스트이며, 스케치 선과 분위기 요소가 겹쳐져 있습니다.","[""anime"", ""still_life"", ""bookshelf"", ""framed_painting"", ""sketch_overlay"", ""wooden_shelf"", ""atmospheric""]",illustration,,,,,,,,,"assisted_prefill; scope=작품 쫑:exact; matched_terms=-; missing_terms=창문,책장",webdav:/13730b09/발송4/범선/작품 쫑/후시/장소/로네느의집/거실,visual:precision-q0025:34237,diverse_rank=6; source_count=1; visual_group=visual:precision-q0025:34237,,,,ok,,active,
precision-q0025,작품 쫑에서 창문과 책장 있는 이미지,scoped,47992,2,mv,"{""mv"": 2}","{""scoped_weak_v3_clean_tags3_20260502:mv"": 2}",webdav://13730b09/발송/외주 회사/뱅가드/26/#05/bg/VS10_05_077_GENZU.psd,47992_VS10_05_077_GENZU.psd,발송/외주 회사/뱅가드/26/#05/bg/VS10_05_077_GENZU.psd,발송/외주 회사/뱅가드/26/#05/bg,/Users/saintiron/Projects/Imagine/thumbnails/47992_VS10_05_077_GENZU_thumb.png,psd,,,A dimly lit office with two figures at a desk.,책상 앞에 두 인물이 있는 어두운 사무실입니다.,"[""office"", ""desk"", ""night"", ""books"", ""window"", ""sofa"", ""chair"", ""lamp""]",illustration,,,,,,,,,assisted_prefill; scope=작품 쫑:none; matched_terms=창문; missing_terms=책장,발송/외주 회사/뱅가드/26/#05/bg,visual:precision-q0025:47992,diverse_rank=7; source_count=1; visual_group=visual:precision-q0025:47992,,,,ok,,active,
precision-q0025,작품 쫑에서 창문과 책장 있는 이미지,scoped,52175,2,fts,"{""fts"": 2}","{""scoped_weak_v3_clean_tags3_20260502:fts"": 2}",webdav://13730b09/발송/범선/기절용사와 암살공주/장소/이미지/kya03_324.psd,52175_kya03_324.psd,발송/범선/기절용사와 암살공주/장소/이미지/kya03_324.psd,webdav:/13730b09/발송/범선/기절용사와 암살공주/장소/이미지,/Users/saintiron/Projects/Imagine/thumbnails/52175_kya03_324_thumb.png,psd,,,Anime-style characters in pastel colors with bubbles and sparkles.,파스텔 색감의 애니메이션풍 캐릭터들이 버블과 반짝임 효과와 함께 보입니다.,"[""anime"", ""pastel"", ""bubbles"", ""sparkles"", ""characters""]",illustration,,,,,,,,,"assisted_prefill; scope=작품 쫑:none; matched_terms=-; missing_terms=창문,책장",webdav:/13730b09/발송/범선/기절용사와 암살공주/장소/이미지,visual:precision-q0025:52175,diverse_rank=8; source_count=2; visual_group=visual:precision-q0025:52175,,,,ok,,excluded,duplicate_item_over_cap
precision-q0025,작품 쫑에서 창문과 책장 있는 이미지,scoped,31472,3,"mv,vv","{""mv"": 3, ""vv"": 5}","{""scoped_weak_v3_clean_tags3_20260502:mv"": 3, ""scoped_weak_v3_clean_tags3_20260502:vv"": 5}",/Users/saintiron/imageDB/마캬베리즈무/실내소품/MM15_007.psd,MM15_007.psd,MM15_007.psd,실내소품,/Users/saintiron/Projects/Imagine/thumbnails/MM15_007_thumb.png,psd,2254,2059,"A cozy corner with wooden shelves, plants, and framed photos near a bright window.","밝은 창문 근처에 나무 선반, 식물, 액자 사진이 있는 아늑한 구석입니다.","[""shelves"", ""plants"", ""framed photos"", ""window"", ""wooden wall"", ""natural light"", ""indoor scene"", ""decor""]",background,,,,,,,,,assisted_prefill; scope=작품 쫑:none; matched_terms=창문; missing_terms=책장,실내소품,visual:precision-q0025:31472,diverse_rank=9; source_count=2; visual_group=visual:precision-q0025:31472,,,,ok,,active,
precision-q0025,작품 쫑에서 창문과 책장 있는 이미지,scoped,35416,3,triaxis,"{""triaxis"": 3}","{""current_on_v3_clean_20260502:triaxis"": 3, ""scope_exact_segments_20260503:triaxis"": 3, ""scope_exact_segments_v2_20260503:triaxis"": 3, ""scope_exact_segments_v3_20260503:triaxis"": 3, ""scope_hint_hard_small_20260502:triaxis"": 3, ""scoped_weak_v3_clean_tags3_20260502:triaxis"": 3}",webdav://13730b09/발송4/범선/작품 쫑/후시/보도/ロレーヌの家_書斎1_昼(窓光源).psd,35416_ロレーヌの家_書斎1_昼(窓光源).psd,발송4/범선/작품 쫑/후시/보도/ロレーヌの家_書斎1_昼(窓光源).psd,webdav:/13730b09/발송4/범선/작품 쫑/후시/보도,/Users/saintiron/Projects/Imagine/thumbnails/35416_ロレーヌの家_書斎1_昼(窓光源)_thumb.png,psd,,,"A cozy, cluttered study room with wooden beams, bookshelves overflowing with books, and a window illuminating a white armchair. Dried herbs hang from the ceiling, and a basket sits on the floor, suggesting a magical or scholarly atmosphere.","나무 들보, 책으로 가득 찬 책장, 흰 안락의자를 비추는 창문이 있는 아늑하고 어수선한 서재입니다. 천장에는 말린 허브가 걸려 있고 바닥에는 바구니가 있어 마법적이거나 학구적인 분위기를 줍니다.","[""study"", ""bookshelf"", ""wooden_cabin"", ""window_light"", ""whimsical"", ""cluttered"", ""herbs"", ""armchair"", ""3d_render""]",background,indoor,,,2,weak,precision_keyword_scoped_v2,,,assisted_prefill; scope=작품 쫑:exact; matched_terms=창문; missing_terms=책장,webdav:/13730b09/발송4/범선/작품 쫑/후시/보도,visual:precision-q0025:35416,diverse_rank=10; source_count=1; visual_group=visual:precision-q0025:35416,,,,ok,,active,
precision-q0026,BG에서 fence과 하늘 있는 이미지,scoped,48377,1,"mv,triaxis,vv","{""mv"": 2, ""triaxis"": 1, ""vv"": 1}","{""current_on_v3_clean_20260502:triaxis"": 1, ""scope_exact_segments_20260503:triaxis"": 1, ""scope_exact_segments_v2_20260503:triaxis"": 1, ""scope_exact_segments_v3_20260503:triaxis"": 1, ""scope_hint_hard_small_20260502:triaxis"": 1, ""scoped_weak_v3_clean_tags3_20260502:mv"": 2, ""scoped_weak_v3_clean_tags3_20260502:triaxis"": 1, ""scoped_weak_v3_clean_tags3_20260502:vv"": 1}",webdav://13730b09/발송/외주 회사/뱅가드/26/#01/bg/VS10_01_073_GENZU.psd,48377_VS10_01_073_GENZU.psd,발송/외주 회사/뱅가드/26/#01/bg/VS10_01_073_GENZU.psd,발송/외주 회사/뱅가드/26/#01/bg,/Users/saintiron/Projects/Imagine/thumbnails/48377_VS10_01_073_GENZU_thumb.png,psd,,,A chain-link fence against a blue sky with clouds.,구름이 있는 푸른 하늘을 배경으로 체인 링크 울타리가 보입니다.,"[""fence"", ""sky"", ""clouds"", ""blue"", ""mesh"", ""outdoor"", ""day"", ""structure""]",illustration,,,,2,weak,precision_keyword_scoped_v2,,,"assisted_prefill; scope=BG:exact; matched_terms=fence,하늘; missing_terms=-",발송/외주 회사/뱅가드/26/#01/bg,visual:precision-q0026:48377,diverse_rank=1; source_count=2; visual_group=visual:precision-q0026:48377,,,,ok,,excluded,duplicate_query_intent_over_cap
precision-q0026,BG에서 fence과 하늘 있는 이미지,scoped,56819,1,mv,"{""mv"": 1}","{""scoped_weak_v3_clean_tags3_20260502:mv"": 1}",webdav://13730b09/발송/외주 회사/빔 studio/나카무라/re/GNK_04_195_bg_take1_r.psd,56819_GNK_04_195_bg_take1_r.psd,발송/외주 회사/빔 studio/나카무라/re/GNK_04_195_bg_take1_r.psd,re,/Users/saintiron/Projects/Imagine/thumbnails/56819_GNK_04_195_bg_take1_r_thumb.png,psd,3366,1240,A concrete fence with vertical bars in front of a dense green forest.,빽빽한 초록 숲 앞에 수직 철창이 있는 콘크리트 울타리가 있습니다.,"[""fence"", ""concrete"", ""forest"", ""trees"", ""greenery"", ""barrier"", ""outdoors""]",background,,,,,,,,,assisted_prefill; scope=BG:substring; matched_terms=fence; missing_terms=하늘,re,visual:precision-q0026:56819,diverse_rank=2; source_count=1; visual_group=visual:precision-q0026:56819,,,,ok,,excluded,duplicate_query_intent_over_cap
precision-q0026,BG에서 fence과 하늘 있는 이미지,scoped,39331,2,vv,"{""vv"": 2}","{""scoped_weak_v3_clean_tags3_20260502:vv"": 2}",webdav://13730b09/예비/크랑베르무/장소/학교/grb10_269.psd,39331_grb10_269.psd,예비/크랑베르무/장소/학교/grb10_269.psd,webdav:/13730b09/예비/크랑베르무/장소/학교,/Users/saintiron/Projects/Imagine/thumbnails/39331_grb10_269_thumb.png,psd,,,"A dark, stormy urban skyline viewed through a chain-link fence, evoking a sense of isolation and impending weather.","체인 링크 울타리 너머로 어둡고 폭풍우가 몰려오는 도시 스카이라인이 보이며, 고립감과 악천후가 다가오는 느낌을 줍니다.","[""urban"", ""storm"", ""twilight"", ""chain_link_fence"", ""anime"", ""melancholic"", ""dark"", ""cityscape""]",background,urban,,,,,,,,"assisted_prefill; scope=BG:none; matched_terms=fence,하늘; missing_terms=-",webdav:/13730b09/예비/크랑베르무/장소/학교,visual:precision-q0026:39331,diverse_rank=3; source_count=1; visual_group=visual:precision-q0026:39331,,,,ok,,excluded,duplicate_query_intent_over_cap
precision-q0026,BG에서 fence과 하늘 있는 이미지,scoped,48428,2,"mv,triaxis,vv","{""mv"": 4, ""triaxis"": 2, ""vv"": 3}","{""current_on_v3_clean_20260502:triaxis"": 2, ""scope_exact_segments_20260503:triaxis"": 2, ""scope_exact_segments_v2_20260503:triaxis"": 2, ""scope_exact_segments_v3_20260503:triaxis"": 2, ""scope_hint_hard_small_20260502:triaxis"": 2, ""scoped_weak_v3_clean_tags3_20260502:mv"": 4, ""scoped_weak_v3_clean_tags3_20260502:triaxis"": 2, ""scoped_weak_v3_clean_tags3_20260502:vv"": 3}",webdav://13730b09/발송/외주 회사/뱅가드/26/#01/bg/VS10_01_064_GENZU.psd,48428_VS10_01_064_GENZU.psd,발송/외주 회사/뱅가드/26/#01/bg/VS10_01_064_GENZU.psd,발송/외주 회사/뱅가드/26/#01/bg,/Users/saintiron/Projects/Imagine/thumbnails/48428_VS10_01_064_GENZU_thumb.png,psd,,,A view of a blue sky with clouds through a fence.,울타리 너머로 구름이 있는 푸른 하늘이 보입니다.,"[""sky"", ""clouds"", ""fence"", ""blue"", ""architecture"", ""outdoor"", ""day"", ""perspective""]",photo,,,,2,weak,precision_keyword_scoped_v2,,,"assisted_prefill; scope=BG:exact; matched_terms=fence,하늘; missing_terms=-",발송/외주 회사/뱅가드/26/#01/bg,visual:precision-q0026:48428,diverse_rank=4; source_count=2; visual_group=visual:precision-q0026:48428,,,,ok,,excluded,duplicate_query_intent_over_cap
precision-q0026,BG에서 fence과 하늘 있는 이미지,scoped,60571,2,fts,"{""fts"": 2}","{""scoped_weak_v3_clean_tags3_20260502:fts"": 2}",webdav://13730b09/예비/마법과고교의 우등생/#09/210730/MKY#09_251.psd,60571_MKY#09_251.psd,예비/마법과고교의 우등생/#09/210730/MKY#09_251.psd,210730,/Users/saintiron/Projects/Imagine/thumbnails/60571_MKY#09_251_thumb.png,psd,3536,1240,,,,,,,,,,,,,"assisted_prefill; scope=BG:none; matched_terms=-; missing_terms=fence,하늘",210730,visual:precision-q0026:60571,diverse_rank=5; source_count=1; visual_group=visual:precision-q0026:60571,,,,repair_required,missing_caption_and_tags,excluded,repair_required
precision-q0026,BG에서 fence과 하늘 있는 이미지,scoped,32533,3,"triaxis,vv","{""triaxis"": 3, ""vv"": 6}","{""current_on_v3_clean_20260502:triaxis"": 3, ""scope_exact_segments_20260503:triaxis"": 3, ""scope_exact_segments_v2_20260503:triaxis"": 3, ""scope_exact_segments_v3_20260503:triaxis"": 3, ""scope_hint_hard_small_20260502:triaxis"": 3, ""scoped_weak_v3_clean_tags3_20260502:triaxis"": 3, ""scoped_weak_v3_clean_tags3_20260502:vv"": 6}",webdav://13730b09/발송4/범선/종말투어링/#03/bg/syt03_237.psd,32533_syt03_237.psd,발송4/범선/종말투어링/#03/bg/syt03_237.psd,발송4/범선/종말투어링/#03/bg,/Users/saintiron/Projects/Imagine/thumbnails/32533_syt03_237_thumb.png,psd,,,"A chain-link fence with a concrete barrier separates a grassy foreground from a bright blue sky, suggesting a quiet urban or suburban setting.","콘크리트 장벽이 있는 체인 링크 울타리가 풀밭 전경과 밝은 푸른 하늘을 가르며, 조용한 도시 또는 교외 분위기를 줍니다.","[""chain_link_fence"", ""concrete_barrier"", ""grass"", ""blue_sky"", ""anime_style"", ""urban_background"", ""summer"", ""peaceful""]",background,urban,,,2,weak,precision_keyword_scoped_v2,,,"assisted_prefill; scope=BG:exact; matched_terms=fence,하늘; missing_terms=-",발송4/범선/종말투어링/#03/bg,visual:precision-q0026:32533,diverse_rank=6; source_count=1; visual_group=visual:precision-q0026:32533,,,,ok,,excluded,duplicate_query_intent_over_cap
precision-q0026,BG에서 fence과 하늘 있는 이미지,scoped,57358,3,"mv,triaxis","{""mv"": 3, ""triaxis"": 11}","{""current_on_v3_clean_20260502:triaxis"": 11, ""scope_hint_hard_small_20260502:triaxis"": 11, ""scoped_weak_v3_clean_tags3_20260502:mv"": 3, ""scoped_weak_v3_clean_tags3_20260502:triaxis"": 11}",webdav://13730b09/예비/작품2/대마도학원35시험 소대/제작회사BG/건물/AT03_108BR.psd,57358_AT03_108BR.psd,예비/작품2/대마도학원35시험 소대/제작회사BG/건물/AT03_108BR.psd,건물,/Users/saintiron/Projects/Imagine/thumbnails/57358_AT03_108BR_thumb.png,psd,2338,1653,"A stone wall with a fence, trash bin, and city skyline in the background.","울타리, 쓰레기통, 배경의 도시 스카이라인이 있는 돌담입니다.","[""stone wall"", ""fence"", ""trash bin"", ""city skyline"", ""grass"", ""trees"", ""blue sky"", ""clouds""]",background,,,,2,weak,precision_keyword_scoped_v2,,,"assisted_prefill; scope=BG:substring; matched_terms=fence,하늘; missing_terms=-",건물,visual:precision-q0026:57358,diverse_rank=7; source_count=1; visual_group=visual:precision-q0026:57358,,,,ok,,excluded,duplicate_query_intent_over_cap
precision-q0026,BG에서 fence과 하늘 있는 이미지,scoped,60216,3,fts,"{""fts"": 3}","{""scoped_weak_v3_clean_tags3_20260502:fts"": 3}",webdav://13730b09/예비/마법과고교의 우등생/#11/bg/MKY11_180.psd,60216_MKY11_180.psd,예비/마법과고교의 우등생/#11/bg/MKY11_180.psd,bg,/Users/saintiron/Projects/Imagine/thumbnails/60216_MKY11_180_thumb.png,psd,1755,1241,Cracked earth texture with scattered rocks and sparse green grass.,갈라진 땅 질감 위에 흩어진 바위와 드문드문 난 초록 풀이 보입니다.,"[""dirt"", ""cracks"", ""rocks"", ""grass"", ""texture"", ""ground"", ""natural"", ""earth""]",texture,,,,,,,,,"assisted_prefill; scope=BG:exact; matched_terms=-; missing_terms=fence,하늘",bg,visual:precision-q0026:60216,diverse_rank=8; source_count=1; visual_group=visual:precision-q0026:60216,,,,ok,,excluded,duplicate_query_intent_over_cap
precision-q0026,BG에서 fence과 하늘 있는 이미지,scoped,31160,4,"triaxis,vv","{""triaxis"": 8, ""vv"": 4}","{""current_on_v3_clean_20260502:triaxis"": 8, ""scope_hint_hard_small_20260502:triaxis"": 8, ""scoped_weak_v3_clean_tags3_20260502:triaxis"": 8, ""scoped_weak_v3_clean_tags3_20260502:vv"": 4}",/Users/saintiron/imageDB/마캬베리즈무/실내소품/173_bg_ok08.psd,173_bg_ok08.psd,173_bg_ok08.psd,실내소품,/Users/saintiron/Projects/Imagine/thumbnails/173_bg_ok08_thumb.png,psd,2000,1350,A view through a metal mesh fence showing green trees and blue sky.,금속 망 울타리 너머로 초록 나무와 푸른 하늘이 보입니다.,"[""fence"", ""mesh"", ""trees"", ""sky"", ""outdoors"", ""nature"", ""green"", ""blue""]",background,,,,2,weak,precision_keyword_scoped_v2,,,"assisted_prefill; scope=BG:substring; matched_terms=fence,하늘; missing_terms=-",실내소품,visual:precision-q0026:31160,diverse_rank=9; source_count=1; visual_group=visual:precision-q0026:31160,,,,ok,,excluded,duplicate_query_intent_over_cap
precision-q0026,BG에서 fence과 하늘 있는 이미지,scoped,46686,4,"mv,triaxis","{""mv"": 15, ""triaxis"": 4}","{""current_on_v3_clean_20260502:triaxis"": 4, ""scope_hint_hard_small_20260502:triaxis"": 4, ""scoped_weak_v3_clean_tags3_20260502:mv"": 15, ""scoped_weak_v3_clean_tags3_20260502:triaxis"": 4}",webdav://13730b09/발송작품/작품/Fate/BG.참고/fn18_002_S1.psd,46686_fn18_002_S1.psd,발송작품/작품/Fate/BG.참고/fn18_002_S1.psd,webdav:/13730b09/발송작품/작품/Fate/BG.참고,/Users/saintiron/Projects/Imagine/thumbnails/46686_fn18_002_S1_thumb.png,psd,,,"A dark, moody night scene with trees and a fence under a cloudy sky.",구름 낀 하늘 아래 나무와 울타리가 있는 어둡고 분위기 있는 밤 장면입니다.,"[""night"", ""trees"", ""fence"", ""clouds"", ""dark"", ""moody"", ""landscape"", ""blue""]",background,,,,2,weak,precision_keyword_scoped_v2,,,"assisted_prefill; scope=BG:substring; matched_terms=fence,하늘; missing_terms=-",webdav:/13730b09/발송작품/작품/Fate/BG.참고,visual:precision-q0026:46686,diverse_rank=10; source_count=1; visual_group=visual:precision-q0026:46686,,,,ok,,excluded,duplicate_query_intent_over_cap
precision-q0027,#07에서 공원과 하늘 있는 이미지,scoped,30599,1,vv,"{""vv"": 1}","{""scoped_weak_v3_clean_tags3_20260502:vv"": 1}",webdav://13730b09/발송/범선/작품 쫑/다윈즈게임/장소/도시 낮/dwg11_310.psd,dwg11_310.psd,발송/범선/작품 쫑/다윈즈게임/장소/도시 낮/dwg11_310.psd,발송/범선/작품 쫑/다윈즈게임/장소/도시 낮,/Users/saintiron/Projects/Imagine/output/thumbnails/webdav_13730b09_dwg11_310_f55ac5306772_thumb.png,psd,1795,1252,A serene urban park with lush green trees and modern buildings under a bright blue sky with fluffy clouds.,폭신한 구름이 있는 밝은 푸른 하늘 아래 울창한 초록 나무와 현대적인 건물이 있는 차분한 도시 공원입니다.,"[""urban_park"", ""modern_city"", ""anime_background"", ""summer_day"", ""green_trees"", ""blue_sky"", ""cityscape""]",background,urban,,,,,,,,assisted_prefill; scope=#07:none; matched_terms=하늘; missing_terms=공원,발송/범선/작품 쫑/다윈즈게임/장소/도시 낮,visual:precision-q0027:30599,diverse_rank=1; source_count=1; visual_group=visual:precision-q0027:30599,,,,ok,,active,
precision-q0027,#07에서 공원과 하늘 있는 이미지,scoped,32399,1,triaxis,"{""triaxis"": 1}","{""current_on_v3_clean_20260502:triaxis"": 1, ""scope_exact_segments_20260503:triaxis"": 1, ""scope_exact_segments_v2_20260503:triaxis"": 1, ""scope_exact_segments_v3_20260503:triaxis"": 1, ""scope_hint_hard_small_20260502:triaxis"": 1, ""scoped_weak_v3_clean_tags3_20260502:triaxis"": 1}",webdav://13730b09/발송4/범선/종말투어링/#07/bg/syt07_100.psd,32399_syt07_100.psd,발송4/범선/종말투어링/#07/bg/syt07_100.psd,발송4/범선/종말투어링/#07/bg,/Users/saintiron/Projects/Imagine/thumbnails/32399_syt07_100_thumb.png,psd,,,A serene park with lush green trees and a central stone monument under a bright blue sky.,밝은 푸른 하늘 아래 울창한 초록 나무와 중앙의 돌 기념물이 있는 차분한 공원입니다.,"[""park"", ""trees"", ""monument"", ""anime"", ""summer"", ""peaceful"", ""outdoor"", ""green"", ""blue sky""]",background,outdoor,,,2,weak,precision_keyword_scoped_v2,,,assisted_prefill; scope=#07:exact; matched_terms=하늘; missing_terms=공원,발송4/범선/종말투어링/#07/bg,visual:precision-q0027:32399,diverse_rank=2; source_count=3; visual_group=visual:precision-q0027:32399,,,,ok,,active,
precision-q0027,#07에서 공원과 하늘 있는 이미지,scoped,33291,1,mv,"{""mv"": 1}","{""scoped_weak_v3_clean_tags3_20260502:mv"": 1}","webdav://13730b09/발송4/범선/작품 쫑/후시/장소/숲,자연/nfb08_192.psd",33291_nfb08_192.psd,"발송4/범선/작품 쫑/후시/장소/숲,자연/nfb08_192.psd","webdav:/13730b09/발송4/범선/작품 쫑/후시/장소/숲,자연",/Users/saintiron/Projects/Imagine/thumbnails/33291_nfb08_192_thumb.png,psd,,,Anime character sketch with sky background and Japanese text overlay.,하늘 배경 위에 애니메이션 캐릭터 스케치와 일본어 텍스트 오버레이가 있습니다.,"[""anime"", ""portrait"", ""sketch"", ""sky"", ""japanese_text"", ""character_design""]",illustration,,,,,,,,,assisted_prefill; scope=#07:none; matched_terms=하늘; missing_terms=공원,"webdav:/13730b09/발송4/범선/작품 쫑/후시/장소/숲,자연",visual:precision-q0027:33291,diverse_rank=3; source_count=1; visual_group=visual:precision-q0027:33291,,,,ok,,excluded,duplicate_item_over_cap
precision-q0027,#07에서 공원과 하늘 있는 이미지,scoped,56947,1,"fts,vv","{""fts"": 1, ""vv"": 17}","{""scoped_weak_v3_clean_tags3_20260502:fts"": 1, ""scoped_weak_v3_clean_tags3_20260502:vv"": 17}",webdav://13730b09/발송/외주 회사/빔 studio/귀인환등초/bg/KGS_01_336.psd,56947_KGS_01_336.psd,발송/외주 회사/빔 studio/귀인환등초/bg/KGS_01_336.psd,bg,/Users/saintiron/Projects/Imagine/thumbnails/56947_KGS_01_336_thumb.png,psd,2339,1653,A serene sky with fluffy clouds and a thatched roof corner.,폭신한 구름이 있는 차분한 하늘과 초가지붕 모서리가 보입니다.,"[""sky"", ""clouds"", ""thatched roof"", ""grass"", ""blue sky"", ""white clouds"", ""rural"", ""peaceful""]",background,,,,,,,,,assisted_prefill; scope=#07:none; matched_terms=하늘; missing_terms=공원,bg,visual:precision-q0027:56947,diverse_rank=4; source_count=1; visual_group=visual:precision-q0027:56947,,,,ok,,excluded,duplicate_item_over_cap
precision-q0027,#07에서 공원과 하늘 있는 이미지,scoped,32350,2,"triaxis,vv","{""triaxis"": 2, ""vv"": 20}","{""current_on_v3_clean_20260502:triaxis"": 2, ""scope_exact_segments_20260503:triaxis"": 2, ""scope_exact_segments_v2_20260503:triaxis"": 2, ""scope_exact_segments_v3_20260503:triaxis"": 2, ""scope_hint_hard_small_20260502:triaxis"": 2, ""scoped_weak_v3_clean_tags3_20260502:triaxis"": 2, ""scoped_weak_v3_clean_tags3_20260502:vv"": 20}",webdav://13730b09/발송4/범선/종말투어링/#07/bg/syt07_055.psd,32350_syt07_055.psd,발송4/범선/종말투어링/#07/bg/syt07_055.psd,발송4/범선/종말투어링/#07/bg,/Users/saintiron/Projects/Imagine/thumbnails/32350_syt07_055_thumb.png,psd,,,A serene autumn park with golden trees and scattered cherry blossoms under a bright blue sky.,밝은 푸른 하늘 아래 황금빛 나무와 흩어진 벚꽃이 있는 차분한 가을 공원입니다.,"[""park"", ""autumn"", ""cherry_blossom"", ""anime"", ""peaceful"", ""golden_hour"", ""trees"", ""grass"", ""sky""]",background,rural,,,2,weak,precision_keyword_scoped_v2,,,assisted_prefill; scope=#07:exact; matched_terms=하늘; missing_terms=공원,발송4/범선/종말투어링/#07/bg,visual:precision-q0027:32350,diverse_rank=5; source_count=3; visual_group=visual:precision-q0027:32350,,,,ok,,active,
precision-q0027,#07에서 공원과 하늘 있는 이미지,scoped,38778,2,mv,"{""mv"": 2}","{""scoped_weak_v3_clean_tags3_20260502:mv"": 2}",webdav://13730b09/발송/범선/사카모토/bg/SD_19_247_genzu_b.psd,38778_SD_19_247_genzu_b.psd,발송/범선/사카모토/bg/SD_19_247_genzu_b.psd,webdav:/13730b09/발송/범선/사카모토/bg,/Users/saintiron/Projects/Imagine/thumbnails/38778_SD_19_247_genzu_b_thumb.png,psd,,,"Anime action scene featuring two characters in a forest setting under a blue sky, with text indicating artist and year.","푸른 하늘 아래 숲 배경에서 두 캐릭터가 등장하는 애니메이션 액션 장면이며, 작가와 연도를 나타내는 텍스트가 있습니다.","[""anime"", ""action_scene"", ""forest"", ""sky"", ""character_art"", ""illustration"", ""lineart"", ""color_palette"", ""epic_mood"", ""text_in_image""]",illustration,,,,,,,,,assisted_prefill; scope=#07:none; matched_terms=하늘; missing_terms=공원,webdav:/13730b09/발송/범선/사카모토/bg,visual:precision-q0027:38778,diverse_rank=6; source_count=1; visual_group=visual:precision-q0027:38778,,,,ok,,active,
precision-q0027,#07에서 공원과 하늘 있는 이미지,scoped,60571,2,fts,"{""fts"": 2}","{""scoped_weak_v3_clean_tags3_20260502:fts"": 2}",webdav://13730b09/예비/마법과고교의 우등생/#09/210730/MKY#09_251.psd,60571_MKY#09_251.psd,예비/마법과고교의 우등생/#09/210730/MKY#09_251.psd,210730,/Users/saintiron/Projects/Imagine/thumbnails/60571_MKY#09_251_thumb.png,psd,3536,1240,,,,,,,,,,,,,"assisted_prefill; scope=#07:none; matched_terms=-; missing_terms=공원,하늘",210730,visual:precision-q0027:60571,diverse_rank=7; source_count=1; visual_group=visual:precision-q0027:60571,,,,repair_required,missing_caption_and_tags,excluded,repair_required
precision-q0027,#07에서 공원과 하늘 있는 이미지,scoped,32335,3,triaxis,"{""triaxis"": 3}","{""current_on_v3_clean_20260502:triaxis"": 3, ""scope_exact_segments_20260503:triaxis"": 3, ""scope_exact_segments_v2_20260503:triaxis"": 3, ""scope_exact_segments_v3_20260503:triaxis"": 3, ""scope_hint_hard_small_20260502:triaxis"": 3, ""scoped_weak_v3_clean_tags3_20260502:triaxis"": 3}",webdav://13730b09/발송4/범선/종말투어링/#07/bg/syt07_040.psd,32335_syt07_040.psd,발송4/범선/종말투어링/#07/bg/syt07_040.psd,발송4/범선/종말투어링/#07/bg,/Users/saintiron/Projects/Imagine/thumbnails/32335_syt07_040_thumb.png,psd,,,"A serene park scene with a futuristic metallic archway under a bright blue sky, surrounded by lush green trees and grass.","밝은 푸른 하늘 아래 미래적인 금속 아치형 구조물이 있고, 울창한 초록 나무와 잔디로 둘러싸인 차분한 공원 장면입니다.","[""anime"", ""park"", ""modern_architecture"", ""summer"", ""blue_sky"", ""green_trees"", ""peaceful"", ""outdoor"", ""clear_weather""]",background,outdoor,,,2,weak,precision_keyword_scoped_v2,,,assisted_prefill; scope=#07:exact; matched_terms=하늘; missing_terms=공원,발송4/범선/종말투어링/#07/bg,visual:precision-q0027:32335,diverse_rank=8; source_count=3; visual_group=visual:precision-q0027:32335,,,,ok,,active,
precision-q0027,#07에서 공원과 하늘 있는 이미지,scoped,48575,3,mv,"{""mv"": 3}","{""scoped_weak_v3_clean_tags3_20260502:mv"": 3}",webdav://13730b09/발송/외주 회사/뱅가드/24/#02/bg/VS8_02_288_GENZU.psd,48575_VS8_02_288_GENZU.psd,발송/외주 회사/뱅가드/24/#02/bg/VS8_02_288_GENZU.psd,발송/외주 회사/뱅가드/24/#02/bg,/Users/saintiron/Projects/Imagine/thumbnails/48575_VS8_02_288_GENZU_thumb.png,psd,,,Anime character with starry background and text overlay,별이 있는 배경과 텍스트 오버레이가 있는 애니메이션 캐릭터입니다.,"[""anime"", ""starry sky"", ""character portrait"", ""blue tones"", ""digital art"", ""VS8"", ""288"", ""GENZU""]",illustration,,,,,,,,,assisted_prefill; scope=#07:none; matched_terms=하늘; missing_terms=공원,발송/외주 회사/뱅가드/24/#02/bg,visual:precision-q0027:48575,diverse_rank=9; source_count=1; visual_group=visual:precision-q0027:48575,,,,ok,,excluded,duplicate_item_over_cap
precision-q0027,#07에서 공원과 하늘 있는 이미지,scoped,50389,3,vv,"{""vv"": 3}","{""scoped_weak_v3_clean_tags3_20260502:vv"": 3}",webdav://13730b09/발송/범선/기절용사와 암살공주/#12/bg/kya12_194.psd,50389_kya12_194.psd,발송/범선/기절용사와 암살공주/#12/bg/kya12_194.psd,webdav:/13730b09/발송/범선/기절용사와 암살공주/#12/bg,/Users/saintiron/Projects/Imagine/thumbnails/50389_kya12_194_thumb.png,psd,,,A serene forest path with lush green trees and a bright blue sky.,울창한 초록 나무와 밝은 푸른 하늘이 있는 차분한 숲길입니다.,"[""forest"", ""trees"", ""sky"", ""clouds"", ""nature"", ""path"", ""greenery"", ""daytime""]",background,,,,,,,,,assisted_prefill; scope=#07:none; matched_terms=하늘; missing_terms=공원,webdav:/13730b09/발송/범선/기절용사와 암살공주/#12/bg,visual:precision-q0027:50389,diverse_rank=10; source_count=1; visual_group=visual:precision-q0027:50389,,,,ok,,active,
precision-q0028,#09에서 바다과 하늘 있는 이미지,scoped,33132,1,vv,"{""vv"": 1}","{""scoped_weak_v3_clean_tags3_20260502:vv"": 1}",webdav://13730b09/발송4/범선/작품 쫑/후시/장소/잡것/nfb12_205_r.psd,33132_nfb12_205_r.psd,발송4/범선/작품 쫑/후시/장소/잡것/nfb12_205_r.psd,webdav:/13730b09/발송4/범선/작품 쫑/후시/장소/잡것,/Users/saintiron/Projects/Imagine/thumbnails/33132_nfb12_205_r_thumb.png,psd,,,"A serene ocean under a vast blue sky with fluffy clouds, evoking calm and openness.",폭신한 구름이 있는 넓은 푸른 하늘 아래 차분한 바다가 펼쳐져 있어 고요함과 개방감을 줍니다.,"[""ocean"", ""sky"", ""clouds"", ""anime"", ""peaceful"", ""blue"", ""horizon"", ""outdoor""]",background,outdoor,,,,,,,,assisted_prefill; scope=#09:none; matched_terms=하늘; missing_terms=바다,webdav:/13730b09/발송4/범선/작품 쫑/후시/장소/잡것,visual:precision-q0028:33132,diverse_rank=1; source_count=1; visual_group=visual:precision-q0028:33132,,,,ok,,active,
precision-q0028,#09에서 바다과 하늘 있는 이미지,scoped,33291,1,mv,"{""mv"": 1}","{""scoped_weak_v3_clean_tags3_20260502:mv"": 1}","webdav://13730b09/발송4/범선/작품 쫑/후시/장소/숲,자연/nfb08_192.psd",33291_nfb08_192.psd,"발송4/범선/작품 쫑/후시/장소/숲,자연/nfb08_192.psd","webdav:/13730b09/발송4/범선/작품 쫑/후시/장소/숲,자연",/Users/saintiron/Projects/Imagine/thumbnails/33291_nfb08_192_thumb.png,psd,,,Anime character sketch with sky background and Japanese text overlay.,하늘 배경 위에 애니메이션 캐릭터 스케치와 일본어 텍스트 오버레이가 있습니다.,"[""anime"", ""portrait"", ""sketch"", ""sky"", ""japanese_text"", ""character_design""]",illustration,,,,,,,,,assisted_prefill; scope=#09:none; matched_terms=하늘; missing_terms=바다,"webdav:/13730b09/발송4/범선/작품 쫑/후시/장소/숲,자연",visual:precision-q0028:33291,diverse_rank=2; source_count=1; visual_group=visual:precision-q0028:33291,,,,ok,,excluded,duplicate_item_over_cap
precision-q0028,#09에서 바다과 하늘 있는 이미지,scoped,56947,1,fts,"{""fts"": 1}","{""scoped_weak_v3_clean_tags3_20260502:fts"": 1}",webdav://13730b09/발송/외주 회사/빔 studio/귀인환등초/bg/KGS_01_336.psd,56947_KGS_01_336.psd,발송/외주 회사/빔 studio/귀인환등초/bg/KGS_01_336.psd,bg,/Users/saintiron/Projects/Imagine/thumbnails/56947_KGS_01_336_thumb.png,psd,2339,1653,A serene sky with fluffy clouds and a thatched roof corner.,폭신한 구름이 있는 차분한 하늘과 초가지붕 모서리가 보입니다.,"[""sky"", ""clouds"", ""thatched roof"", ""grass"", ""blue sky"", ""white clouds"", ""rural"", ""peaceful""]",background,,,,,,,,,assisted_prefill; scope=#09:none; matched_terms=하늘; missing_terms=바다,bg,visual:precision-q0028:56947,diverse_rank=3; source_count=2; visual_group=visual:precision-q0028:56947,,,,ok,,excluded,duplicate_item_over_cap
precision-q0028,#09에서 바다과 하늘 있는 이미지,scoped,41699,2,vv,"{""vv"": 2}","{""scoped_weak_v3_clean_tags3_20260502:vv"": 2}",webdav://13730b09/예비/크랑베르무/장소/만게츠의집/grb05_027_R.psd,41699_grb05_027_R.psd,예비/크랑베르무/장소/만게츠의집/grb05_027_R.psd,webdav:/13730b09/예비/크랑베르무/장소/만게츠의집,/Users/saintiron/Projects/Imagine/thumbnails/41699_grb05_027_R_thumb.png,psd,,,A serene coastal view from a modern building with a clear blue sky and distant hills.,맑은 푸른 하늘과 먼 언덕이 보이는 현대적인 건물에서 바라본 차분한 해안 풍경입니다.,"[""anime"", ""coastal"", ""modern architecture"", ""clear sky"", ""summer"", ""calm""]",background,background,day,clear,,,,,,assisted_prefill; scope=#09:none; matched_terms=하늘; missing_terms=바다,webdav:/13730b09/예비/크랑베르무/장소/만게츠의집,visual:precision-q0028:41699,diverse_rank=4; source_count=1; visual_group=visual:precision-q0028:41699,,,,ok,,active,
precision-q0028,#09에서 바다과 하늘 있는 이미지,scoped,48575,2,mv,"{""mv"": 2}","{""scoped_weak_v3_clean_tags3_20260502:mv"": 2}",webdav://13730b09/발송/외주 회사/뱅가드/24/#02/bg/VS8_02_288_GENZU.psd,48575_VS8_02_288_GENZU.psd,발송/외주 회사/뱅가드/24/#02/bg/VS8_02_288_GENZU.psd,발송/외주 회사/뱅가드/24/#02/bg,/Users/saintiron/Projects/Imagine/thumbnails/48575_VS8_02_288_GENZU_thumb.png,psd,,,Anime character with starry background and text overlay,별이 있는 배경과 텍스트 오버레이가 있는 애니메이션 캐릭터입니다.,"[""anime"", ""starry sky"", ""character portrait"", ""blue tones"", ""digital art"", ""VS8"", ""288"", ""GENZU""]",illustration,,,,,,,,,assisted_prefill; scope=#09:none; matched_terms=하늘; missing_terms=바다,발송/외주 회사/뱅가드/24/#02/bg,visual:precision-q0028:48575,diverse_rank=5; source_count=2; visual_group=visual:precision-q0028:48575,,,,ok,,excluded,duplicate_item_over_cap
precision-q0028,#09에서 바다과 하늘 있는 이미지,scoped,51098,2,"triaxis,vv","{""triaxis"": 2, ""vv"": 12}","{""current_on_v3_clean_20260502:triaxis"": 2, ""scope_exact_segments_20260503:triaxis"": 2, ""scope_exact_segments_v2_20260503:triaxis"": 2, ""scope_exact_segments_v3_20260503:triaxis"": 2, ""scope_hint_hard_small_20260502:triaxis"": 2, ""scoped_weak_v3_clean_tags3_20260502:triaxis"": 2, ""scoped_weak_v3_clean_tags3_20260502:vv"": 12}",webdav://13730b09/발송/범선/기절용사와 암살공주/#09/bg/kya09_167.psd,51098_kya09_167.psd,발송/범선/기절용사와 암살공주/#09/bg/kya09_167.psd,webdav:/13730b09/발송/범선/기절용사와 암살공주/#09/bg,/Users/saintiron/Projects/Imagine/thumbnails/51098_kya09_167_thumb.png,psd,,,Bright blue ocean under a cloudy sky with sparkling water.,구름 낀 하늘 아래 반짝이는 물결이 있는 밝고 푸른 바다입니다.,"[""ocean"", ""sky"", ""clouds"", ""water"", ""horizon"", ""sparkles"", ""blue"", ""nature""]",background,,,,2,weak,precision_keyword_scoped_v2,,,assisted_prefill; scope=#09:exact; matched_terms=하늘; missing_terms=바다,webdav:/13730b09/발송/범선/기절용사와 암살공주/#09/bg,visual:precision-q0028:51098,diverse_rank=6; source_count=2; visual_group=visual:precision-q0028:51098,,,,ok,,active,
precision-q0028,#09에서 바다과 하늘 있는 이미지,scoped,60571,2,fts,"{""fts"": 2}","{""scoped_weak_v3_clean_tags3_20260502:fts"": 2}",webdav://13730b09/예비/마법과고교의 우등생/#09/210730/MKY#09_251.psd,60571_MKY#09_251.psd,예비/마법과고교의 우등생/#09/210730/MKY#09_251.psd,210730,/Users/saintiron/Projects/Imagine/thumbnails/60571_MKY#09_251_thumb.png,psd,3536,1240,,,,,,,,,,,,,"assisted_prefill; scope=#09:exact; matched_terms=-; missing_terms=바다,하늘",210730,visual:precision-q0028:60571,diverse_rank=7; source_count=1; visual_group=visual:precision-q0028:60571,,,,repair_required,missing_caption_and_tags,excluded,repair_required
precision-q0028,#09에서 바다과 하늘 있는 이미지,scoped,48561,3,mv,"{""mv"": 3}","{""scoped_weak_v3_clean_tags3_20260502:mv"": 3}",webdav://13730b09/발송/외주 회사/뱅가드/24/#02/bg/VS8_02_250_GENZU.psd,48561_VS8_02_250_GENZU.psd,발송/외주 회사/뱅가드/24/#02/bg/VS8_02_250_GENZU.psd,발송/외주 회사/뱅가드/24/#02/bg,/Users/saintiron/Projects/Imagine/thumbnails/48561_VS8_02_250_GENZU_thumb.png,psd,,,Anime character with starry sky background and text overlay,별이 있는 하늘 배경과 텍스트 오버레이가 있는 애니메이션 캐릭터입니다.,"[""anime"", ""starry sky"", ""character portrait"", ""blue tones"", ""digital art"", ""VS8"", ""Genzu"", ""space""]",illustration,,,,,,,,,assisted_prefill; scope=#09:none; matched_terms=하늘; missing_terms=바다,발송/외주 회사/뱅가드/24/#02/bg,visual:precision-q0028:48561,diverse_rank=8; source_count=2; visual_group=visual:precision-q0028:48561,,,,ok,,excluded,duplicate_item_over_cap
precision-q0028,#09에서 바다과 하늘 있는 이미지,scoped,51238,3,triaxis,"{""triaxis"": 3}","{""current_on_v3_clean_20260502:triaxis"": 3, ""scope_exact_segments_20260503:triaxis"": 3, ""scope_exact_segments_v2_20260503:triaxis"": 3, ""scope_exact_segments_v3_20260503:triaxis"": 3, ""scope_hint_hard_small_20260502:triaxis"": 3, ""scoped_weak_v3_clean_tags3_20260502:triaxis"": 3}",webdav://13730b09/발송/범선/기절용사와 암살공주/#09/bg/kya09_245.psd,51238_kya09_245.psd,발송/범선/기절용사와 암살공주/#09/bg/kya09_245.psd,webdav:/13730b09/발송/범선/기절용사와 암살공주/#09/bg,/Users/saintiron/Projects/Imagine/thumbnails/51238_kya09_245_thumb.png,psd,,,"A serene beach scene with blue ocean, white clouds, and sandy shore.","푸른 바다, 흰 구름, 모래 해변이 있는 차분한 해변 장면입니다.","[""beach"", ""ocean"", ""sky"", ""clouds"", ""sand"", ""horizon"", ""nature"", ""seaside""]",background,,,,2,weak,precision_keyword_scoped_v2,,,assisted_prefill; scope=#09:exact; matched_terms=하늘; missing_terms=바다,webdav:/13730b09/발송/범선/기절용사와 암살공주/#09/bg,visual:precision-q0028:51238,diverse_rank=9; source_count=2; visual_group=visual:precision-q0028:51238,,,,ok,,active,
precision-q0028,#09에서 바다과 하늘 있는 이미지,scoped,60216,3,fts,"{""fts"": 3}","{""scoped_weak_v3_clean_tags3_20260502:fts"": 3}",webdav://13730b09/예비/마법과고교의 우등생/#11/bg/MKY11_180.psd,60216_MKY11_180.psd,예비/마법과고교의 우등생/#11/bg/MKY11_180.psd,bg,/Users/saintiron/Projects/Imagine/thumbnails/60216_MKY11_180_thumb.png,psd,1755,1241,Cracked earth texture with scattered rocks and sparse green grass.,갈라진 땅 질감 위에 흩어진 바위와 드문드문 난 초록 풀이 보입니다.,"[""dirt"", ""cracks"", ""rocks"", ""grass"", ""texture"", ""ground"", ""natural"", ""earth""]",texture,,,,,,,,,"assisted_prefill; scope=#09:none; matched_terms=-; missing_terms=바다,하늘",bg,visual:precision-q0028:60216,diverse_rank=10; source_count=2; visual_group=visual:precision-q0028:60216,,,,ok,,excluded,duplicate_item_over_cap
precision-q0029,#10에서 침대과 밤 있는 이미지,scoped,31633,1,triaxis,"{""triaxis"": 1}","{""current_on_v3_clean_20260502:triaxis"": 1, ""scope_exact_segments_20260503:triaxis"": 1, ""scope_exact_segments_v2_20260503:triaxis"": 1, ""scope_exact_segments_v3_20260503:triaxis"": 1, ""scope_hint_hard_small_20260502:triaxis"": 1, ""scoped_weak_v3_clean_tags3_20260502:triaxis"": 1}",/Users/saintiron/imageDB/마캬베리즈무/실내소품/UHQ GWA103-068.jpg,UHQ GWA103-068.jpg,UHQ GWA103-068.jpg,imageDB/마캬베리즈무/실내소품,/Users/saintiron/Projects/Imagine/thumbnails/UHQ GWA103-068_thumb.png,jpg,5626,3728,A dark leather bed with brown satin pillows and abstract wood-textured wall art above.,갈색 새틴 베개가 놓인 어두운 가죽 침대와 그 위의 추상적인 나무 질감 벽 장식입니다.,"[""bed"", ""pillows"", ""leather"", ""abstract art"", ""brown"", ""interior decor""]",item,,,,,,,,,assisted_prefill; scope=#10:none; matched_terms=밤; missing_terms=침대,imageDB/마캬베리즈무/실내소품,visual:precision-q0029:31633,diverse_rank=1; source_count=1; visual_group=visual:precision-q0029:31633,,,,ok,,active,
precision-q0029,#10에서 침대과 밤 있는 이미지,scoped,34435,1,mv,"{""mv"": 1}","{""scoped_weak_v3_clean_tags3_20260502:mv"": 1}",webdav://13730b09/발송4/범선/작품 쫑/후시/장소/던전안 작은방/nfb05_215.psd,34435_nfb05_215.psd,발송4/범선/작품 쫑/후시/장소/던전안 작은방/nfb05_215.psd,webdav:/13730b09/발송4/범선/작품 쫑/후시/장소/던전안 작은방,/Users/saintiron/Projects/Imagine/thumbnails/34435_nfb05_215_thumb.png,psd,,,unknown,,[],background,unknown,unknown,unknown,,,,,,"assisted_prefill; scope=#10:none; matched_terms=-; missing_terms=침대,밤",webdav:/13730b09/발송4/범선/작품 쫑/후시/장소/던전안 작은방,visual:precision-q0029:34435,diverse_rank=2; source_count=1; visual_group=visual:precision-q0029:34435,,,,repair_required,missing_caption_and_tags,excluded,repair_required
precision-q0029,#10에서 침대과 밤 있는 이미지,scoped,41761,1,vv,"{""vv"": 1}","{""scoped_weak_v3_clean_tags3_20260502:vv"": 1}",webdav://13730b09/예비/크랑베르무/장소/만게츠의 절/grb04_232.psd,41761_grb04_232.psd,예비/크랑베르무/장소/만게츠의 절/grb04_232.psd,webdav:/13730b09/예비/크랑베르무/장소/만게츠의 절,/Users/saintiron/Projects/Imagine/thumbnails/41761_grb04_232_thumb.png,psd,,,"A serene Japanese room at night, bathed in cool blue light, with a faint outline of a sleeping figure on the floor.","차가운 푸른빛에 잠긴 밤의 차분한 일본식 방이며, 바닥에는 잠자는 인물의 희미한 윤곽이 보입니다.","[""night"", ""Japanese"", ""blue"", ""anime"", ""sleeping"", ""quiet""]",background,Interior,Night,Clear,,,,,,assisted_prefill; scope=#10:none; matched_terms=밤; missing_terms=침대,webdav:/13730b09/예비/크랑베르무/장소/만게츠의 절,visual:precision-q0029:41761,diverse_rank=3; source_count=1; visual_group=visual:precision-q0029:41761,,,,ok,,active,
precision-q0029,#10에서 침대과 밤 있는 이미지,scoped,31110,2,triaxis,"{""triaxis"": 2}","{""current_on_v3_clean_20260502:triaxis"": 2, ""scope_exact_segments_20260503:triaxis"": 2, ""scope_exact_segments_v2_20260503:triaxis"": 2, ""scope_exact_segments_v3_20260503:triaxis"": 2, ""scope_hint_hard_small_20260502:triaxis"": 2, ""scoped_weak_v3_clean_tags3_20260502:triaxis"": 2}",/Users/saintiron/imageDB/마캬베리즈무/실내소품/046_bg_ha13.psd,046_bg_ha13.psd,046_bg_ha13.psd,실내소품,/Users/saintiron/Projects/Imagine/thumbnails/046_bg_ha13_thumb.png,psd,1676,1060,An ornate crystal chandelier hangs from a blue ceiling with decorative molding.,장식 몰딩이 있는 파란 천장에 화려한 크리스털 샹들리에가 걸려 있습니다.,"[""chandelier"", ""crystal"", ""ceiling"", ""molding"", ""ornate"", ""blue"", ""light fixture""]",item,,,,,,,,,"assisted_prefill; scope=#10:none; matched_terms=-; missing_terms=침대,밤",실내소품,visual:precision-q0029:31110,diverse_rank=4; source_count=1; visual_group=visual:precision-q0029:31110,,,,ok,,active,
precision-q0029,#10에서 침대과 밤 있는 이미지,scoped,41220,2,mv,"{""mv"": 2}","{""scoped_weak_v3_clean_tags3_20260502:mv"": 2}",webdav://13730b09/예비/크랑베르무/장소/안나의집/grb06_292.psd,41220_grb06_292.psd,예비/크랑베르무/장소/안나의집/grb06_292.psd,webdav:/13730b09/예비/크랑베르무/장소/안나의집,/Users/saintiron/Projects/Imagine/thumbnails/41220_grb06_292_thumb.png,psd,,,"A dimly lit bedroom with a large bed, wooden nightstand, and blue curtains.","큰 침대, 나무 협탁, 파란 커튼이 있는 어두운 침실입니다.","[""bedroom"", ""night"", ""classic"", ""cartoon"", ""dim lighting""]",background,bedroom,night,unknown,,,,,,assisted_prefill; scope=#10:none; matched_terms=밤; missing_terms=침대,webdav:/13730b09/예비/크랑베르무/장소/안나의집,visual:precision-q0029:41220,diverse_rank=5; source_count=1; visual_group=visual:precision-q0029:41220,,,,ok,,active,
precision-q0029,#10에서 침대과 밤 있는 이미지,scoped,41427,2,vv,"{""vv"": 2}","{""scoped_weak_v3_clean_tags3_20260502:vv"": 2}",webdav://13730b09/예비/크랑베르무/장소/신게츠의집/grb11_020_R.psd,41427_grb11_020_R.psd,예비/크랑베르무/장소/신게츠의집/grb11_020_R.psd,webdav:/13730b09/예비/크랑베르무/장소/신게츠의집,/Users/saintiron/Projects/Imagine/thumbnails/41427_grb11_020_R_thumb.png,psd,,,"A girl sits alone at her desk in a dark bedroom, illuminated by a cool blue light from a window, suggesting late-night study or quiet reflection.","어두운 침실에서 한 소녀가 책상에 홀로 앉아 있으며, 창문에서 들어오는 차가운 푸른빛에 비춰져 늦은 밤 공부나 조용한 사색을 떠올리게 합니다.","[""anime"", ""bedroom"", ""night"", ""blue lighting"", ""girl"", ""desk"", ""study"", ""mysterious"", ""contemplative"", ""illustration""]",illustration,,,,,,,,,assisted_prefill; scope=#10:none; matched_terms=밤; missing_terms=침대,webdav:/13730b09/예비/크랑베르무/장소/신게츠의집,visual:precision-q0029:41427,diverse_rank=6; source_count=1; visual_group=visual:precision-q0029:41427,,,,ok,,active,
precision-q0029,#10에서 침대과 밤 있는 이미지,scoped,35112,3,mv,"{""mv"": 3}","{""scoped_weak_v3_clean_tags3_20260502:mv"": 3}",webdav://13730b09/발송4/범선/작품 쫑/후시/장소/길드/nfb06_069.psd,35112_nfb06_069.psd,발송4/범선/작품 쫑/후시/장소/길드/nfb06_069.psd,webdav:/13730b09/발송4/범선/작품 쫑/후시/장소/길드,/Users/saintiron/Projects/Imagine/thumbnails/35112_nfb06_069_thumb.png,psd,,,"subject group_shot , art_style anime , color_palette warm , mood serene , has_text true , text_content ქმედი გამოცხადება და სახელმწიფო დამოწმება და სახელმწიფო დამოწმება და სახელმწიფო დამოწმება და სახელმწიფო დამოწმება და სახელმწიფო დამოწმება და სახელმწიფო დამოწმება და სახელმწიფო დამოწმება და სახელმწიფო დამოწმება და სახელმწიფო დამოწმება და სახელმწიფო დამოწმება და სახელმწიფო დამოწმება და სახელმწიფო დამოწმება და სახელმწიფო დამოწმება და სახელმწიფო დამოწმება და სახელმწიფო დამოწმება და სახელმწიფო დამოწ","단체 장면이며, 애니메이션풍 스타일과 따뜻한 색감, 차분한 분위기를 가진 이미지입니다. 텍스트가 포함되어 있습니다.",[],illustration,,,,,,,,,"assisted_prefill; scope=#10:none; matched_terms=-; missing_terms=침대,밤",webdav:/13730b09/발송4/범선/작품 쫑/후시/장소/길드,visual:precision-q0029:35112,diverse_rank=7; source_count=2; visual_group=visual:precision-q0029:35112,,,,metadata_partial,missing_tags,active,
precision-q0029,#10에서 침대과 밤 있는 이미지,scoped,35155,3,triaxis,"{""triaxis"": 3}","{""current_on_v3_clean_20260502:triaxis"": 3, ""scope_exact_segments_20260503:triaxis"": 3, ""scope_exact_segments_v2_20260503:triaxis"": 3, ""scope_exact_segments_v3_20260503:triaxis"": 3, ""scope_hint_hard_small_20260502:triaxis"": 3, ""scoped_weak_v3_clean_tags3_20260502:triaxis"": 3}",webdav://13730b09/발송4/범선/작품 쫑/후시/장소/길드/nfb07_199_203.psd,35155_nfb07_199_203.psd,발송4/범선/작품 쫑/후시/장소/길드/nfb07_199_203.psd,webdav:/13730b09/발송4/범선/작품 쫑/후시/장소/길드,/Users/saintiron/Projects/Imagine/thumbnails/35155_nfb07_199_203_thumb.png,psd,,,A wooden dresser with a glowing drawer in a warmly lit room.,따뜻한 조명이 있는 방 안에 빛나는 서랍이 있는 나무 서랍장이 있습니다.,"[""dresser"", ""wooden"", ""glow"", ""anime"", ""furniture"", ""drawer"", ""warm_light""]",item,,,,,,,,,"assisted_prefill; scope=#10:none; matched_terms=-; missing_terms=침대,밤",webdav:/13730b09/발송4/범선/작품 쫑/후시/장소/길드,visual:precision-q0029:35155,diverse_rank=8; source_count=2; visual_group=visual:precision-q0029:35155,,,,ok,,active,
precision-q0029,#10에서 침대과 밤 있는 이미지,scoped,41731,3,vv,"{""vv"": 3}","{""scoped_weak_v3_clean_tags3_20260502:vv"": 3}",webdav://13730b09/예비/크랑베르무/장소/만게츠의집/grb08_215_228.psd,41731_grb08_215_228.psd,예비/크랑베르무/장소/만게츠의집/grb08_215_228.psd,webdav:/13730b09/예비/크랑베르무/장소/만게츠의집,/Users/saintiron/Projects/Imagine/thumbnails/41731_grb08_215_228_thumb.png,psd,,,"A sleeping figure in a dimly lit bedroom, with yellow scribbles on the blanket and pillow, suggesting a child's drawing or doodle.","어두운 침실에서 잠자는 인물이 보이고, 담요와 베개에는 아이의 그림이나 낙서처럼 보이는 노란색 낙서가 있습니다.","[""anime"", ""bedroom"", ""sleeping"", ""night"", ""blue"", ""yellow"", ""doodle"", ""quiet"", ""dreamy""]",illustration,,,,,,,,,assisted_prefill; scope=#10:none; matched_terms=밤; missing_terms=침대,webdav:/13730b09/예비/크랑베르무/장소/만게츠의집,visual:precision-q0029:41731,diverse_rank=9; source_count=1; visual_group=visual:precision-q0029:41731,,,,ok,,active,
precision-q0029,#10에서 침대과 밤 있는 이미지,scoped,52181,3,fts,"{""fts"": 3}","{""scoped_weak_v3_clean_tags3_20260502:fts"": 3}",webdav://13730b09/발송/범선/기절용사와 암살공주/장소/이미지/kya02_249.psd,52181_kya02_249.psd,발송/범선/기절용사와 암살공주/장소/이미지/kya02_249.psd,webdav:/13730b09/발송/범선/기절용사와 암살공주/장소/이미지,/Users/saintiron/Projects/Imagine/thumbnails/52181_kya02_249_thumb.png,psd,,,Two figures emit blue lightning bolts against a black background.,검은 배경 앞에서 두 인물이 푸른 번개를 내뿜고 있습니다.,"[""lightning"", ""figures"", ""blue"", ""black"", ""energy""]",illustration,,,,,,,,,"assisted_prefill; scope=#10:none; matched_terms=-; missing_terms=침대,밤",webdav:/13730b09/발송/범선/기절용사와 암살공주/장소/이미지,visual:precision-q0029:52181,diverse_rank=10; source_count=1; visual_group=visual:precision-q0029:52181,,,,ok,,excluded,duplicate_item_over_cap
precision-q0030,AGM_01_001_013_030 3DBG에서 statue과 fountain 있는 이미지,scoped,28890,1,"fts,mv,triaxis","{""fts"": 4, ""mv"": 1, ""triaxis"": 4}","{""current_on_v3_clean_20260502:triaxis"": 4, ""scope_exact_segments_v2_20260503:triaxis"": 4, ""scope_exact_segments_v3_20260503:triaxis"": 4, ""scope_hint_hard_small_20260502:triaxis"": 4, ""scoped_weak_v3_clean_tags3_20260502:fts"": 4, ""scoped_weak_v3_clean_tags3_20260502:mv"": 1, ""scoped_weak_v3_clean_tags3_20260502:triaxis"": 4}",/Users/saintiron/imageDB/마캬베리즈무/장소/AGM_01_001_013_030 3DBG/koudou_kaidannozou.psd,koudou_kaidannozou.psd,koudou_kaidannozou.psd,AGM_01_001_013_030 3DBG,/Users/saintiron/Projects/Imagine/thumbnails/koudou_kaidannozou_thumb.png,psd,1500,1500,"Three concrete architectural elements including a pillar, block, and slab.","기둥, 블록, 판을 포함한 세 개의 콘크리트 건축 요소입니다.","[""concrete"", ""pillar"", ""block"", ""slab"", ""architectural"", ""stone"", ""texture"", ""gray""]",item,,,,,,,,,"assisted_prefill; scope=AGM_01_001_013_030 3DBG:exact; matched_terms=-; missing_terms=statue,fountain",AGM_01_001_013_030 3DBG,visual:precision-q0030:28890,diverse_rank=1; source_count=3; visual_group=visual:precision-q0030:28890,,,,ok,,active,
precision-q0030,AGM_01_001_013_030 3DBG에서 statue과 fountain 있는 이미지,scoped,28902,1,"fts,triaxis,vv","{""fts"": 1, ""triaxis"": 1, ""vv"": 5}","{""current_on_v3_clean_20260502:triaxis"": 1, ""scope_exact_segments_v2_20260503:triaxis"": 1, ""scope_exact_segments_v3_20260503:triaxis"": 1, ""scope_hint_hard_small_20260502:triaxis"": 1, ""scoped_weak_v3_clean_tags3_20260502:fts"": 1, ""scoped_weak_v3_clean_tags3_20260502:triaxis"": 1, ""scoped_weak_v3_clean_tags3_20260502:vv"": 5}",/Users/saintiron/imageDB/마캬베리즈무/장소/AGM_01_001_013_030 3DBG/nakaniwa_obujekkuto.psd,nakaniwa_obujekkuto.psd,nakaniwa_obujekkuto.psd,AGM_01_001_013_030 3DBG,/Users/saintiron/Projects/Imagine/thumbnails/nakaniwa_obujekkuto_thumb.png,psd,2000,2000,"Cross-section of a plaza with fountain, benches, clock, and statues.","분수, 벤치, 시계, 조각상이 있는 광장의 단면도입니다.","[""fountain"", ""clock"", ""benches"", ""statue"", ""street lamp"", ""plaza""]",illustration,,,,2,weak,precision_keyword_scoped_v2,,,"assisted_prefill; scope=AGM_01_001_013_030 3DBG:exact; matched_terms=statue,fountain; missing_terms=-",AGM_01_001_013_030 3DBG,visual:precision-q0030:28902,diverse_rank=2; source_count=3; visual_group=visual:precision-q0030:28902,,,,ok,,active,
precision-q0030,AGM_01_001_013_030 3DBG에서 statue과 fountain 있는 이미지,scoped,41118,1,"fts,vv","{""fts"": 13, ""vv"": 1}","{""scoped_weak_v3_clean_tags3_20260502:fts"": 13, ""scoped_weak_v3_clean_tags3_20260502:vv"": 1}",webdav://13730b09/예비/크랑베르무/장소/안나의집/grb08_141_BG5.psd,41118_grb08_141_BG5.psd,예비/크랑베르무/장소/안나의집/grb08_141_BG5.psd,webdav:/13730b09/예비/크랑베르무/장소/안나의집,/Users/saintiron/Projects/Imagine/thumbnails/41118_grb08_141_BG5_thumb.png,psd,,,Two anime characters sit by a fountain with mountains in the background.,배경에 산이 보이는 분수 옆에 두 명의 애니메이션 캐릭터가 앉아 있습니다.,"[""anime"", ""fountain"", ""mountains"", ""characters"", ""outdoor"", ""school"", ""day"", ""landscape""]",illustration,,,,,,,,,assisted_prefill; scope=AGM_01_001_013_030 3DBG:none; matched_terms=fountain; missing_terms=statue,webdav:/13730b09/예비/크랑베르무/장소/안나의집,visual:precision-q0030:41118,diverse_rank=3; source_count=1; visual_group=visual:precision-q0030:41118,,,,ok,,active,
precision-q0030,AGM_01_001_013_030 3DBG에서 statue과 fountain 있는 이미지,scoped,47908,1,"triaxis,vv","{""triaxis"": 1, ""vv"": 4}","{""scope_exact_segments_20260503:triaxis"": 1, ""scoped_weak_v3_clean_tags3_20260502:vv"": 4}",webdav://13730b09/발송/외주 회사/뱅가드/26/#05/bg/VS10_05_068_GENZU_yokoku.psd,47908_VS10_05_068_GENZU_yokoku.psd,발송/외주 회사/뱅가드/26/#05/bg/VS10_05_068_GENZU_yokoku.psd,발송/외주 회사/뱅가드/26/#05/bg,/Users/saintiron/Projects/Imagine/thumbnails/47908_VS10_05_068_GENZU_yokoku_thumb.png,psd,,,Three translucent figures observe a central fountain in a modern lobby.,현대적인 로비에서 세 명의 반투명 인물이 중앙 분수를 바라보고 있습니다.,"[""lobby"", ""fountain"", ""translucent"", ""figures"", ""modern"", ""architecture"", ""anime"", ""reflection""]",illustration,,,,,,,,,assisted_prefill; scope=AGM_01_001_013_030 3DBG:none; matched_terms=fountain; missing_terms=statue,발송/외주 회사/뱅가드/26/#05/bg,visual:precision-q0030:47908,diverse_rank=4; source_count=2; visual_group=visual:precision-q0030:47908,,,,ok,,active,
precision-q0030,AGM_01_001_013_030 3DBG에서 statue과 fountain 있는 이미지,scoped,28896,2,"fts,mv,triaxis","{""fts"": 3, ""mv"": 2, ""triaxis"": 18}","{""current_on_v3_clean_20260502:triaxis"": 18, ""scope_exact_segments_v2_20260503:triaxis"": 18, ""scope_exact_segments_v3_20260503:triaxis"": 18, ""scope_hint_hard_small_20260502:triaxis"": 18, ""scoped_weak_v3_clean_tags3_20260502:fts"": 3, ""scoped_weak_v3_clean_tags3_20260502:mv"": 2, ""scoped_weak_v3_clean_tags3_20260502:triaxis"": 18}",/Users/saintiron/imageDB/마캬베리즈무/장소/AGM_01_001_013_030 3DBG/koudou_watarirouka.psd,koudou_watarirouka.psd,koudou_watarirouka.psd,AGM_01_001_013_030 3DBG,/Users/saintiron/Projects/Imagine/thumbnails/koudou_watarirouka_thumb.png,psd,2500,1200,"A modern, metallic torii gate with a curved roof and multiple pillars.",곡선 지붕과 여러 기둥이 있는 현대적인 금속 도리이 문입니다.,"[""torii gate"", ""metal"", ""architecture"", ""roof"", ""pillars"", ""shrine"", ""japanese"", ""modern""]",item,,,,,,,,,"assisted_prefill; scope=AGM_01_001_013_030 3DBG:exact; matched_terms=-; missing_terms=statue,fountain",AGM_01_001_013_030 3DBG,visual:precision-q0030:28896,diverse_rank=5; source_count=3; visual_group=visual:precision-q0030:28896,,,,ok,,active,
precision-q0030,AGM_01_001_013_030 3DBG에서 statue과 fountain 있는 이미지,scoped,33101,2,vv,"{""vv"": 2}","{""scoped_weak_v3_clean_tags3_20260502:vv"": 2}",webdav://13730b09/발송4/범선/작품 쫑/후시/장소/잡것/nfb11_085.psd,33101_nfb11_085.psd,발송4/범선/작품 쫑/후시/장소/잡것/nfb11_085.psd,webdav:/13730b09/발송4/범선/작품 쫑/후시/장소/잡것,/Users/saintiron/Projects/Imagine/thumbnails/33101_nfb11_085_thumb.png,psd,,,"A serene garden fountain bathed in golden hour light, surrounded by manicured hedges and stone pathways.",잘 다듬어진 생울타리와 돌길로 둘러싸이고 골든아워 빛에 잠긴 차분한 정원 분수입니다.,"[""fountain"", ""garden"", ""golden_hour"", ""classical_architecture"", ""anime_style"", ""peaceful"", ""outdoor"", ""summer""]",background,outdoor,,,,,,,,assisted_prefill; scope=AGM_01_001_013_030 3DBG:none; matched_terms=fountain; missing_terms=statue,webdav:/13730b09/발송4/범선/작품 쫑/후시/장소/잡것,visual:precision-q0030:33101,diverse_rank=6; source_count=1; visual_group=visual:precision-q0030:33101,,,,ok,,active,
precision-q0030,AGM_01_001_013_030 3DBG에서 statue과 fountain 있는 이미지,scoped,47909,2,"triaxis,vv","{""triaxis"": 2, ""vv"": 18}","{""scope_exact_segments_20260503:triaxis"": 2, ""scoped_weak_v3_clean_tags3_20260502:vv"": 18}",webdav://13730b09/발송/외주 회사/뱅가드/26/#05/bg/VS10_05_069_GENZU_yokoku.psd,47909_VS10_05_069_GENZU_yokoku.psd,발송/외주 회사/뱅가드/26/#05/bg/VS10_05_069_GENZU_yokoku.psd,발송/외주 회사/뱅가드/26/#05/bg,/Users/saintiron/Projects/Imagine/thumbnails/47909_VS10_05_069_GENZU_yokoku_thumb.png,psd,,,Anime character sketch overlaid on a fountain scene.,분수 장면 위에 애니메이션 캐릭터 스케치가 겹쳐져 있습니다.,"[""anime"", ""sketch"", ""fountain"", ""character"", ""overlay"", ""lineart"", ""digital art"", ""illustration""]",illustration,,,,,,,,,assisted_prefill; scope=AGM_01_001_013_030 3DBG:none; matched_terms=fountain; missing_terms=statue,발송/외주 회사/뱅가드/26/#05/bg,visual:precision-q0030:47909,diverse_rank=7; source_count=2; visual_group=visual:precision-q0030:47909,,,,ok,,active,
precision-q0030,AGM_01_001_013_030 3DBG에서 statue과 fountain 있는 이미지,scoped,29988,3,"mv,vv","{""mv"": 3, ""vv"": 10}","{""scoped_weak_v3_clean_tags3_20260502:mv"": 3, ""scoped_weak_v3_clean_tags3_20260502:vv"": 10}",webdav://13730b09/발송/범선/작품 쫑/다윈즈게임/장소/도시 낮/dwg01_403.psd,dwg01_403.psd,발송/범선/작품 쫑/다윈즈게임/장소/도시 낮/dwg01_403.psd,발송/범선/작품 쫑/다윈즈게임/장소/도시 낮,/Users/saintiron/Projects/Imagine/thumbnails/dwg01_403_thumb.png,psd,1752,1551,Stone statue with greenery around it,주변에 초록 식물이 있는 돌 조각상입니다.,"[""statue"", ""stone"", ""greenery"", ""outdoor"", ""furniture""]",item,,,,,,,,,assisted_prefill; scope=AGM_01_001_013_030 3DBG:none; matched_terms=statue; missing_terms=fountain,발송/범선/작품 쫑/다윈즈게임/장소/도시 낮,visual:precision-q0030:29988,diverse_rank=8; source_count=1; visual_group=visual:precision-q0030:29988,,,,ok,,active,
precision-q0030,AGM_01_001_013_030 3DBG에서 statue과 fountain 있는 이미지,scoped,50808,3,triaxis,"{""triaxis"": 3}","{""scope_exact_segments_20260503:triaxis"": 3}",webdav://13730b09/발송/범선/기절용사와 암살공주/#10/bg/kya10_021.psd,50808_kya10_021.psd,발송/범선/기절용사와 암살공주/#10/bg/kya10_021.psd,webdav:/13730b09/발송/범선/기절용사와 암살공주/#10/bg,/Users/saintiron/Projects/Imagine/thumbnails/50808_kya10_021_thumb.png,psd,,,A translucent knight statue sits on a wooden box against a brick wall.,벽돌 벽 앞 나무 상자 위에 반투명한 기사 조각상이 앉아 있습니다.,"[""statue"", ""knight"", ""brick wall"", ""wooden box"", ""grass"", ""translucent"", ""stone""]",illustration,,,,,,,,,assisted_prefill; scope=AGM_01_001_013_030 3DBG:none; matched_terms=statue; missing_terms=fountain,webdav:/13730b09/발송/범선/기절용사와 암살공주/#10/bg,visual:precision-q0030:50808,diverse_rank=9; source_count=1; visual_group=visual:precision-q0030:50808,,,,ok,,active,
precision-q0030,AGM_01_001_013_030 3DBG에서 statue과 fountain 있는 이미지,scoped,40654,4,mv,"{""mv"": 4}","{""scoped_weak_v3_clean_tags3_20260502:mv"": 4}",webdav://13730b09/예비/크랑베르무/장소/전투/2/grb04_033.psd,40654_grb04_033.psd,예비/크랑베르무/장소/전투/2/grb04_033.psd,webdav:/13730b09/예비/크랑베르무/장소/전투/2,/Users/saintiron/Projects/Imagine/thumbnails/40654_grb04_033_thumb.png,psd,,,unknown,,[],character,,,,,,,,,"assisted_prefill; scope=AGM_01_001_013_030 3DBG:none; matched_terms=-; missing_terms=statue,fountain",webdav:/13730b09/예비/크랑베르무/장소/전투/2,visual:precision-q0030:40654,diverse_rank=10; source_count=1; visual_group=visual:precision-q0030:40654,,,,repair_required,missing_caption_and_tags,excluded,repair_required
